timestamp,bdm_prediction_mw,actual_demand_mw,cndc_forecast_total_mw,date,bdm_error_mw,cndc_error_mw,is_day_ahead_recursive
2026-04-17 00:00:00,1239.5059814453125,1260.91,1104.34,2026-04-17,-21.404018554687582,-156.57000000000016,True
2026-04-17 00:15:00,1221.53271484375,1234.49,1104.34,2026-04-17,-12.957285156250009,-130.1500000000001,True
2026-04-17 00:30:00,1202.5867919921875,1218.2199999999998,1104.34,2026-04-17,-15.6332080078123,-113.87999999999988,True
2026-04-17 00:45:00,1188.89404296875,1175.19,1104.34,2026-04-17,13.704042968749945,-70.85000000000014,True
2026-04-17 01:00:00,1162.0631103515625,1186.24,1056.77,2026-04-17,-24.17688964843751,-129.47000000000003,True
2026-04-17 01:15:00,1154.2451171875,1165.05,1056.77,2026-04-17,-10.804882812499955,-108.27999999999997,True
2026-04-17 01:30:00,1144.8033447265625,1153.79,1056.77,2026-04-17,-8.986655273437464,-97.01999999999998,True
2026-04-17 01:45:00,1140.5469970703125,1142.96,1056.77,2026-04-17,-2.4130029296875364,-86.19000000000005,True
2026-04-17 02:00:00,1129.5977783203125,1137.4,1024.9299999999998,2026-04-17,-7.802221679687591,-112.47000000000025,True
2026-04-17 02:15:00,1117.1251220703125,1120.23,1024.9299999999998,2026-04-17,-3.104877929687518,-95.30000000000018,True
2026-04-17 02:30:00,1115.6739501953125,1121.37,1024.9299999999998,2026-04-17,-5.696049804687391,-96.44000000000005,True
2026-04-17 02:45:00,1110.7232666015625,1114.34,1024.9299999999998,2026-04-17,-3.616733398437418,-89.41000000000008,True
2026-04-17 03:00:00,1095.343994140625,1111.81,1007.02,2026-04-17,-16.466005859374945,-104.78999999999996,True
2026-04-17 03:15:00,1088.5550537109375,1121.74,1007.02,2026-04-17,-33.18494628906251,-114.72000000000003,True
2026-04-17 03:30:00,1088.6162109375,1084.32,1007.02,2026-04-17,4.296210937500064,-77.29999999999995,True
2026-04-17 03:45:00,1085.505615234375,1096.91,1007.02,2026-04-17,-11.404384765625082,-89.8900000000001,True
2026-04-17 04:00:00,1085.5609130859375,1075.0,1020.91,2026-04-17,10.5609130859375,-54.09000000000003,True
2026-04-17 04:15:00,1095.4320068359375,1078.69,1020.91,2026-04-17,16.742006835937445,-57.780000000000086,True
2026-04-17 04:30:00,1092.882080078125,1098.79,1020.91,2026-04-17,-5.907919921874964,-77.88,True
2026-04-17 04:45:00,1098.05419921875,1101.6,1020.91,2026-04-17,-3.545800781249909,-80.68999999999994,True
2026-04-17 05:00:00,1131.651123046875,1125.16,1086.74,2026-04-17,6.491123046874918,-38.42000000000007,True
2026-04-17 05:15:00,1145.382080078125,1133.61,1086.74,2026-04-17,11.7720800781251,-46.86999999999989,True
2026-04-17 05:30:00,1164.8887939453125,1163.51,1086.74,2026-04-17,1.378793945312509,-76.76999999999998,True
2026-04-17 05:45:00,1185.53857421875,1187.2,1086.74,2026-04-17,-1.6614257812500455,-100.46000000000004,True
2026-04-17 06:00:00,1204.1705322265625,1208.66,1157.96,2026-04-17,-4.489467773437582,-50.700000000000045,True
2026-04-17 06:15:00,1227.5999755859375,1214.22,1157.96,2026-04-17,13.379975585937473,-56.25999999999999,True
2026-04-17 06:30:00,1243.7283935546875,1241.98,1157.96,2026-04-17,1.7483935546874818,-84.01999999999998,True
2026-04-17 06:45:00,1246.457763671875,1265.9699999999998,1157.96,2026-04-17,-19.5122363281248,-108.00999999999976,True
2026-04-17 07:00:00,1256.3358154296875,1261.22,1211.13,2026-04-17,-4.884184570312527,-50.08999999999992,True
2026-04-17 07:15:00,1266.7574462890625,1294.03,1211.13,2026-04-17,-27.272553710937473,-82.89999999999986,True
2026-04-17 07:30:00,1278.62255859375,1278.3000000000002,1211.13,2026-04-17,0.3225585937498181,-67.17000000000007,True
2026-04-17 07:45:00,1289.019287109375,1307.88,1211.13,2026-04-17,-18.86071289062511,-96.75,True
2026-04-17 08:00:00,1320.1160888671875,1338.83,1318.29,2026-04-17,-18.713911132812427,-20.539999999999964,True
2026-04-17 08:15:00,1341.747314453125,1368.4699999999998,1318.29,2026-04-17,-26.7226855468748,-50.179999999999836,True
2026-04-17 08:30:00,1371.561767578125,1416.27,1318.29,2026-04-17,-44.70823242187498,-97.98000000000002,True
2026-04-17 08:45:00,1375.0267333984375,1418.87,1318.29,2026-04-17,-43.84326660156239,-100.57999999999993,True
2026-04-17 09:00:00,1412.40576171875,1474.16,1365.98,2026-04-17,-61.75423828125008,-108.18000000000006,True
2026-04-17 09:15:00,1426.348388671875,1493.84,1365.98,2026-04-17,-67.49161132812492,-127.8599999999999,True
2026-04-17 09:30:00,1442.1781005859375,1506.43,1365.98,2026-04-17,-64.25189941406256,-140.45000000000005,True
2026-04-17 09:45:00,1444.6019287109375,1516.71,1365.98,2026-04-17,-72.10807128906254,-150.73000000000002,True
2026-04-17 10:00:00,1459.2811279296875,1500.71,1403.26,2026-04-17,-41.428872070312536,-97.45000000000005,True
2026-04-17 10:15:00,1468.3974609375,1521.0300000000002,1403.26,2026-04-17,-52.6325390625002,-117.77000000000021,True
2026-04-17 10:30:00,1475.292724609375,1551.48,1403.26,2026-04-17,-76.18727539062502,-148.22000000000003,True
2026-04-17 10:45:00,1482.5709228515625,1553.94,1403.26,2026-04-17,-71.36907714843755,-150.68000000000006,True
2026-04-17 11:00:00,1518.555419921875,1556.56,1421.2400000000002,2026-04-17,-38.004580078124945,-135.3199999999997,True
2026-04-17 11:15:00,1527.495361328125,1568.08,1421.2400000000002,2026-04-17,-40.58463867187493,-146.8399999999997,True
2026-04-17 11:30:00,1522.1436767578125,1579.77,1421.2400000000002,2026-04-17,-57.62632324218748,-158.52999999999975,True
2026-04-17 11:45:00,1514.0262451171875,1566.9599999999998,1421.2400000000002,2026-04-17,-52.93375488281231,-145.71999999999957,True
2026-04-17 12:00:00,1475.664794921875,1537.0200000000002,1393.44,2026-04-17,-61.35520507812521,-143.58000000000015,True
2026-04-17 12:15:00,1471.4222412109375,1106.33,1393.44,2026-04-17,365.0922412109376,287.1100000000001,True
2026-04-17 12:30:00,1474.357421875,1518.98,1393.44,2026-04-17,-44.62257812500002,-125.53999999999996,True
2026-04-17 12:45:00,1473.443359375,1549.35,1393.44,2026-04-17,-75.90664062499991,-155.90999999999985,True
2026-04-17 13:00:00,1485.62353515625,1533.3000000000002,1434.1799999999998,2026-04-17,-47.67646484375018,-99.12000000000035,True
2026-04-17 13:15:00,1491.714599609375,1560.77,1434.1799999999998,2026-04-17,-69.05540039062498,-126.59000000000015,True
2026-04-17 13:30:00,1501.72021484375,1597.94,1434.1799999999998,2026-04-17,-96.21978515625005,-163.76000000000022,True
2026-04-17 13:45:00,1508.8369140625,1602.0,1434.1799999999998,2026-04-17,-93.1630859375,-167.82000000000016,True
2026-04-17 14:00:00,1551.103271484375,1630.92,1477.79,2026-04-17,-79.81672851562507,-153.1300000000001,True
2026-04-17 14:15:00,1566.8563232421875,1634.84,1477.79,2026-04-17,-67.98367675781242,-157.04999999999995,True
2026-04-17 14:30:00,1564.660888671875,1646.81,1477.79,2026-04-17,-82.14911132812495,-169.01999999999998,True
2026-04-17 14:45:00,1570.4473876953125,1644.27,1477.79,2026-04-17,-73.82261230468748,-166.48000000000002,True
2026-04-17 15:00:00,1573.035400390625,1631.1699999999998,1470.8200000000002,2026-04-17,-58.134599609374845,-160.34999999999968,True
2026-04-17 15:15:00,1566.0482177734375,1650.51,1470.8200000000002,2026-04-17,-84.46178222656249,-179.68999999999983,True
2026-04-17 15:30:00,1561.6629638671875,1628.75,1470.8200000000002,2026-04-17,-67.0870361328125,-157.92999999999984,True
2026-04-17 15:45:00,1560.873779296875,1632.36,1470.8200000000002,2026-04-17,-71.4862207031249,-161.53999999999974,True
2026-04-17 16:00:00,1554.391357421875,1601.59,1443.01,2026-04-17,-47.19864257812492,-158.57999999999993,True
2026-04-17 16:15:00,1540.83349609375,1600.91,1443.01,2026-04-17,-60.07650390625008,-157.9000000000001,True
2026-04-17 16:30:00,1531.658447265625,1587.49,1443.01,2026-04-17,-55.83155273437501,-144.48000000000002,True
2026-04-17 16:45:00,1529.583740234375,1575.34,1443.01,2026-04-17,-45.75625976562492,-132.32999999999993,True
2026-04-17 17:00:00,1470.8822021484375,1549.7999999999995,1346.98,2026-04-17,-78.917797851562,-202.81999999999948,True
2026-04-17 17:15:00,1462.1341552734375,1526.23,1346.98,2026-04-17,-64.09584472656252,-179.25,True
2026-04-17 17:30:00,1448.6373291015625,1505.74,1346.98,2026-04-17,-57.10267089843751,-158.76,True
2026-04-17 17:45:00,1440.1680908203125,1501.17,1346.98,2026-04-17,-61.00190917968757,-154.19000000000005,True
2026-04-17 18:00:00,1475.744140625,1538.35,1508.92,2026-04-17,-62.60585937499991,-29.429999999999836,True
2026-04-17 18:15:00,1541.4276123046875,1625.5500000000002,1508.92,2026-04-17,-84.12238769531268,-116.63000000000011,True
2026-04-17 18:30:00,1590.867431640625,1676.76,1508.92,2026-04-17,-85.89256835937499,-167.83999999999992,True
2026-04-17 18:45:00,1594.8502197265625,1678.5,1508.92,2026-04-17,-83.6497802734375,-169.57999999999993,True
2026-04-17 19:00:00,1592.66162109375,1684.31,1508.04,2026-04-17,-91.64837890624995,-176.26999999999998,True
2026-04-17 19:15:00,1592.3074951171875,1680.05,1508.04,2026-04-17,-87.74250488281245,-172.01,True
2026-04-17 19:30:00,1593.2586669921875,1677.5,1508.04,2026-04-17,-84.2413330078125,-169.46000000000004,True
2026-04-17 19:45:00,1585.7591552734375,1663.76,1508.04,2026-04-17,-78.00084472656249,-155.72000000000003,True
2026-04-17 20:00:00,1554.8726806640625,1647.34,1465.96,2026-04-17,-92.46731933593742,-181.37999999999988,True
2026-04-17 20:15:00,1541.071533203125,1637.38,1465.96,2026-04-17,-96.30846679687511,-171.42000000000007,True
2026-04-17 20:30:00,1524.8494873046875,1621.3,1465.96,2026-04-17,-96.45051269531245,-155.33999999999992,True
2026-04-17 20:45:00,1516.8197021484375,1607.77,1465.96,2026-04-17,-90.95029785156248,-141.80999999999995,True
2026-04-17 21:00:00,1514.940185546875,1590.6999999999998,1382.45,2026-04-17,-75.75981445312482,-208.24999999999977,True
2026-04-17 21:15:00,1499.044189453125,1564.8,1382.45,2026-04-17,-65.75581054687495,-182.3499999999999,True
2026-04-17 21:30:00,1479.7452392578125,1542.54,1382.45,2026-04-17,-62.794760742187464,-160.08999999999992,True
2026-04-17 21:45:00,1453.9654541015625,1508.22,1382.45,2026-04-17,-54.25454589843753,-125.76999999999998,True
2026-04-17 22:00:00,1431.907958984375,1484.7,1265.84,2026-04-17,-52.792041015625045,-218.86000000000013,True
2026-04-17 22:15:00,1410.9866943359375,1452.54,1265.84,2026-04-17,-41.553305664062464,-186.70000000000005,True
2026-04-17 22:30:00,1376.1580810546875,1422.5700000000002,1265.84,2026-04-17,-46.411918945312664,-156.73000000000025,True
2026-04-17 22:45:00,1341.48828125,1380.7200000000005,1265.84,2026-04-17,-39.23171875000048,-114.88000000000056,True
2026-04-17 23:00:00,1320.8829345703125,1351.5,1170.12,2026-04-17,-30.6170654296875,-181.3800000000001,True
2026-04-17 23:15:00,1300.70849609375,1335.78,1170.12,2026-04-17,-35.07150390624997,-165.66000000000008,True
2026-04-17 23:30:00,1283.36767578125,1322.91,1170.12,2026-04-17,-39.54232421875008,-152.7900000000002,True
2026-04-18 00:00:00,1225.1448974609375,1267.85,1095.32,2026-04-18,-42.70510253906241,-172.52999999999997,True
2026-04-18 00:15:00,1198.46728515625,1251.17,1095.32,2026-04-18,-52.70271484375007,-155.85000000000014,True
2026-04-18 00:30:00,1185.840576171875,1227.92,1095.32,2026-04-18,-42.07942382812507,-132.60000000000014,True
2026-04-18 00:45:00,1174.7713623046875,1207.69,1095.32,2026-04-18,-32.918637695312555,-112.37000000000012,True
2026-04-18 01:00:00,1154.5126953125,1182.75,1046.1,2026-04-18,-28.2373046875,-136.6500000000001,True
2026-04-18 01:15:00,1140.3094482421875,1178.45,1046.1,2026-04-18,-38.140551757812545,-132.35000000000014,True
2026-04-18 01:30:00,1133.6939697265625,1163.36,1046.1,2026-04-18,-29.6660302734374,-117.25999999999999,True
2026-04-18 01:45:00,1131.8292236328125,1154.17,1046.1,2026-04-18,-22.340776367187573,-108.07000000000016,True
2026-04-18 02:00:00,1126.14453125,1151.38,1017.41,2026-04-18,-25.23546875000011,-133.97000000000014,True
2026-04-18 02:15:00,1117.0009765625,1138.33,1017.41,2026-04-18,-21.329023437499927,-120.91999999999996,True
2026-04-18 02:30:00,1112.5909423828125,1132.13,1017.41,2026-04-18,-19.53905761718761,-114.72000000000014,True
2026-04-18 02:45:00,1108.4515380859375,1126.81,1017.41,2026-04-18,-18.358461914062445,-109.39999999999998,True
2026-04-18 03:00:00,1091.3023681640625,1117.41,1001.37,2026-04-18,-26.107631835937582,-116.04000000000008,True
2026-04-18 03:15:00,1086.5086669921875,1113.77,1001.37,2026-04-18,-27.261333007812482,-112.39999999999998,True
2026-04-18 03:30:00,1088.548095703125,1104.28,1001.37,2026-04-18,-15.731904296874973,-102.90999999999997,True
2026-04-18 03:45:00,1084.28173828125,1102.96,1001.37,2026-04-18,-18.678261718750036,-101.59000000000003,True
2026-04-18 04:00:00,1087.903564453125,1092.9,1006.66,2026-04-18,-4.996435546875091,-86.24000000000012,True
2026-04-18 04:15:00,1084.7489013671875,1104.6,1006.66,2026-04-18,-19.85109863281241,-97.93999999999994,True
2026-04-18 04:30:00,1088.7255859375,1101.57,1006.66,2026-04-18,-12.844414062499936,-94.90999999999997,True
2026-04-18 04:45:00,1090.3997802734375,1109.15,1006.66,2026-04-18,-18.75021972656259,-102.49000000000012,True
2026-04-18 05:00:00,1107.113525390625,1112.9899999999998,1046.27,2026-04-18,-5.876474609374782,-66.7199999999998,True
2026-04-18 05:15:00,1106.3787841796875,1127.13,1046.27,2026-04-18,-20.75121582031261,-80.86000000000013,True
2026-04-18 05:30:00,1118.504638671875,1136.23,1046.27,2026-04-18,-17.725361328125018,-89.96000000000004,True
2026-04-18 05:45:00,1125.0728759765625,1140.61,1046.27,2026-04-18,-15.5371240234374,-94.33999999999992,True
2026-04-18 06:00:00,1097.103271484375,1148.68,1030.15,2026-04-18,-51.576728515625064,-118.52999999999997,True
2026-04-18 06:15:00,1101.485107421875,1119.89,1030.15,2026-04-18,-18.4048925781251,-89.74000000000001,True
2026-04-18 06:30:00,1101.8104248046875,1118.32,1030.15,2026-04-18,-16.509575195312436,-88.16999999999985,True
2026-04-18 06:45:00,1102.5238037109375,1121.64,1030.15,2026-04-18,-19.1161962890626,-91.49000000000001,True
2026-04-18 07:00:00,1189.1837158203125,1134.79,1131.0300000000002,2026-04-18,54.393715820312536,-3.7599999999997635,True
2026-04-18 07:15:00,1189.2791748046875,1186.6799999999998,1131.0300000000002,2026-04-18,2.5991748046876637,-55.649999999999636,True
2026-04-18 07:30:00,1213.6514892578125,1216.44,1131.0300000000002,2026-04-18,-2.7885107421875546,-85.40999999999985,True
2026-04-18 07:45:00,1225.43798828125,1242.56,1131.0300000000002,2026-04-18,-17.122011718749945,-111.52999999999975,True
2026-04-18 08:00:00,1266.0430908203125,1272.06,1248.27,2026-04-18,-6.016909179687445,-23.789999999999964,True
2026-04-18 08:15:00,1289.37646484375,1317.9299999999998,1248.27,2026-04-18,-28.553535156249836,-69.65999999999985,True
2026-04-18 08:30:00,1310.289794921875,1346.98,1248.27,2026-04-18,-36.69020507812502,-98.71000000000004,True
2026-04-18 08:45:00,1331.2412109375,1374.4499999999998,1248.27,2026-04-18,-43.20878906249982,-126.17999999999984,True
2026-04-18 09:00:00,1359.9212646484375,1401.08,1311.96,2026-04-18,-41.15873535156243,-89.11999999999989,True
2026-04-18 09:15:00,1374.9317626953125,1410.2600000000002,1311.96,2026-04-18,-35.32823730468772,-98.30000000000018,True
2026-04-18 09:30:00,1379.879150390625,1423.4499999999998,1311.96,2026-04-18,-43.57084960937482,-111.48999999999978,True
2026-04-18 09:45:00,1401.905517578125,1447.11,1311.96,2026-04-18,-45.2044824218749,-135.14999999999986,True
2026-04-18 10:00:00,1402.7611083984375,1457.38,1338.31,2026-04-18,-54.61889160156261,-119.07000000000016,True
2026-04-18 10:15:00,1425.6663818359375,1471.8000000000002,1338.31,2026-04-18,-46.13361816406268,-133.49000000000024,True
2026-04-18 10:30:00,1429.8055419921875,1485.7800000000002,1338.31,2026-04-18,-55.9744580078127,-147.47000000000025,True
2026-04-18 10:45:00,1436.87646484375,1486.54,1338.31,2026-04-18,-49.663535156249964,-148.23000000000002,True
2026-04-18 11:00:00,1466.4276123046875,1502.01,1347.99,2026-04-18,-35.58238769531249,-154.01999999999998,True
2026-04-18 11:15:00,1473.7559814453125,1505.83,1347.99,2026-04-18,-32.07401855468743,-157.83999999999992,True
2026-04-18 11:30:00,1471.081298828125,1493.34,1347.99,2026-04-18,-22.258701171874918,-145.3499999999999,True
2026-04-18 11:45:00,1462.2698974609375,1506.17,1347.99,2026-04-18,-43.90010253906257,-158.18000000000006,True
2026-04-18 12:00:00,1443.6378173828125,1482.88,1319.53,2026-04-18,-39.24218261718761,-163.35000000000014,True
2026-04-18 12:15:00,1429.6964111328125,1479.3,1319.53,2026-04-18,-49.603588867187455,-159.76999999999998,True
2026-04-18 12:30:00,1404.7193603515625,1476.96,1319.53,2026-04-18,-72.24063964843754,-157.43000000000006,True
2026-04-18 12:45:00,1431.982666015625,1459.73,1319.53,2026-04-18,-27.747333984375018,-140.20000000000005,True
2026-04-18 13:00:00,1438.203857421875,1481.19,1327.86,2026-04-18,-42.986142578125055,-153.33000000000015,True
2026-04-18 13:15:00,1439.71240234375,1481.75,1327.86,2026-04-18,-42.03759765625,-153.8900000000001,True
2026-04-18 13:30:00,1436.8936767578125,1484.37,1327.86,2026-04-18,-47.47632324218739,-156.51,True
2026-04-18 13:45:00,1443.1500244140625,1487.81,1327.86,2026-04-18,-44.659975585937445,-159.95000000000005,True
2026-04-18 14:00:00,1460.2867431640625,1499.2800000000002,1341.04,2026-04-18,-38.9932568359377,-158.24000000000024,True
2026-04-18 14:15:00,1473.6568603515625,1501.63,1341.04,2026-04-18,-27.97313964843761,-160.59000000000015,True
2026-04-18 14:30:00,1467.0736083984375,1507.9700000000005,1341.04,2026-04-18,-40.89639160156298,-166.93000000000052,True
2026-04-18 14:45:00,1460.0455322265625,1502.13,1341.04,2026-04-18,-42.08446777343761,-161.09000000000015,True
2026-04-18 15:00:00,1476.31005859375,1513.5,1340.05,2026-04-18,-37.18994140625,-173.45000000000005,True
2026-04-18 15:15:00,1470.185791015625,1515.79,1340.05,2026-04-18,-45.604208984374964,-175.74,True
2026-04-18 15:30:00,1449.21337890625,1515.64,1340.05,2026-04-18,-66.4266210937501,-175.59000000000015,True
2026-04-18 15:45:00,1445.568359375,1510.42,1340.05,2026-04-18,-64.85164062500007,-170.37000000000012,True
2026-04-18 16:00:00,1459.947509765625,1496.63,1325.59,2026-04-18,-36.68249023437511,-171.0400000000002,True
2026-04-18 16:15:00,1451.7373046875,1479.89,1325.59,2026-04-18,-28.1526953125001,-154.30000000000018,True
2026-04-18 16:30:00,1424.2371826171875,1476.65,1325.59,2026-04-18,-52.41281738281259,-151.06000000000017,True
2026-04-18 16:45:00,1407.106689453125,1459.38,1325.59,2026-04-18,-52.27331054687511,-133.7900000000002,True
2026-04-18 17:00:00,1363.1817626953125,1448.56,1278.66,2026-04-18,-85.37823730468745,-169.89999999999986,True
2026-04-18 17:15:00,1358.9686279296875,1434.03,1278.66,2026-04-18,-75.06137207031247,-155.3699999999999,True
2026-04-18 17:30:00,1353.0665283203125,1421.1,1278.66,2026-04-18,-68.03347167968741,-142.43999999999983,True
2026-04-18 17:45:00,1355.6756591796875,1425.89,1278.66,2026-04-18,-70.2143408203126,-147.23000000000002,True
2026-04-18 18:00:00,1434.4656982421875,1476.56,1458.64,2026-04-18,-42.094301757812445,-17.919999999999845,True
2026-04-18 18:15:00,1514.78515625,1561.48,1458.64,2026-04-18,-46.69484375000002,-102.83999999999992,True
2026-04-18 18:30:00,1536.431640625,1615.3199999999997,1458.64,2026-04-18,-78.88835937499971,-156.6799999999996,True
2026-04-18 18:45:00,1541.833984375,1628.66,1458.64,2026-04-18,-86.82601562500008,-170.01999999999998,True
2026-04-18 19:00:00,1549.962890625,1628.56,1466.0299999999995,2026-04-18,-78.59710937499995,-162.53000000000043,True
2026-04-18 19:15:00,1549.8985595703125,1616.89,1466.0299999999995,2026-04-18,-66.9914404296876,-150.86000000000058,True
2026-04-18 19:30:00,1547.5687255859375,1606.87,1466.0299999999995,2026-04-18,-59.30127441406239,-140.84000000000037,True
2026-04-18 19:45:00,1540.4775390625,1600.37,1466.0299999999995,2026-04-18,-59.89246093749989,-134.34000000000037,True
2026-04-18 20:00:00,1528.4935302734375,1593.42,1421.2799999999995,2026-04-18,-64.92646972656257,-172.14000000000055,True
2026-04-18 20:15:00,1511.1680908203125,1580.2400000000002,1421.2799999999995,2026-04-18,-69.07190917968774,-158.96000000000072,True
2026-04-18 20:30:00,1505.220458984375,1564.76,1421.2799999999995,2026-04-18,-59.53954101562499,-143.48000000000047,True
2026-04-18 20:45:00,1498.5950927734375,1553.5700000000002,1421.2799999999995,2026-04-18,-54.974907226562664,-132.29000000000065,True
2026-04-18 21:00:00,1451.2105712890625,1536.48,1343.98,2026-04-18,-85.26942871093752,-192.5,True
2026-04-18 21:15:00,1432.3685302734375,1511.59,1343.98,2026-04-18,-79.22146972656242,-167.6099999999999,True
2026-04-18 21:30:00,1415.5379638671875,1496.12,1343.98,2026-04-18,-80.58203613281239,-152.13999999999987,True
2026-04-18 21:45:00,1397.380615234375,1472.15,1343.98,2026-04-18,-74.76938476562509,-128.17000000000007,True
2026-04-18 22:00:00,1387.9168701171875,1439.27,1236.22,2026-04-18,-51.35312988281248,-203.04999999999995,True
2026-04-18 22:15:00,1366.881591796875,1408.6799999999998,1236.22,2026-04-18,-41.798408203124836,-172.4599999999998,True
2026-04-18 22:30:00,1337.8516845703125,1381.25,1236.22,2026-04-18,-43.3983154296875,-145.02999999999997,True
2026-04-18 22:45:00,1314.297119140625,1350.81,1236.22,2026-04-18,-36.512880859374945,-114.58999999999992,True
2026-04-18 23:00:00,1272.1922607421875,1318.8,1146.23,2026-04-18,-46.607739257812455,-172.56999999999994,True
2026-04-18 23:15:00,1261.5509033203125,1288.09,1146.23,2026-04-18,-26.539096679687418,-141.8599999999999,True
2026-04-19 00:00:00,1226.5887451171875,1214.99,1056.27,2026-04-19,11.598745117187491,-158.72000000000003,True
2026-04-19 00:15:00,1206.5804443359375,1190.91,1056.27,2026-04-19,15.670444335937418,-134.6400000000001,True
2026-04-19 00:30:00,1190.82666015625,1164.99,1056.27,2026-04-19,25.83666015624999,-108.72000000000003,True
2026-04-19 00:45:00,1169.679443359375,1145.12,1056.27,2026-04-19,24.55944335937511,-88.84999999999991,True
2026-04-19 01:00:00,1153.8304443359375,1120.87,1000.36,2026-04-19,32.96044433593761,-120.50999999999988,True
2026-04-19 01:15:00,1143.58837890625,1104.28,1000.36,2026-04-19,39.30837890625003,-103.91999999999996,True
2026-04-19 01:30:00,1132.1903076171875,1087.75,1000.36,2026-04-19,44.4403076171875,-87.38999999999999,True
2026-04-19 01:45:00,1124.1004638671875,1075.81,1000.36,2026-04-19,48.290463867187555,-75.44999999999993,True
2026-04-19 02:00:00,1107.1026611328125,1062.36,963.38,2026-04-19,44.7426611328126,-98.9799999999999,True
2026-04-19 02:15:00,1093.0284423828125,1049.5,963.38,2026-04-19,43.5284423828125,-86.12,True
2026-04-19 02:30:00,1090.2589111328125,1038.5300000000002,963.38,2026-04-19,51.7289111328123,-75.1500000000002,True
2026-04-19 02:45:00,1083.2452392578125,1030.37,963.38,2026-04-19,52.87523925781261,-66.9899999999999,True
2026-04-19 03:00:00,1056.418701171875,1024.15,936.9600000000002,2026-04-19,32.26870117187491,-87.18999999999994,True
2026-04-19 03:15:00,1054.2161865234375,1018.01,936.9600000000002,2026-04-19,36.20618652343751,-81.04999999999984,True
2026-04-19 03:30:00,1051.6976318359375,1010.72,936.9600000000002,2026-04-19,40.97763183593747,-73.75999999999988,True
2026-04-19 03:45:00,1051.443115234375,1000.11,936.9600000000002,2026-04-19,51.333115234374986,-63.149999999999864,True
2026-04-19 04:00:00,1047.984375,992.47,926.24,2026-04-19,55.51437499999997,-66.23000000000002,True
2026-04-19 04:15:00,1047.0997314453125,988.15,926.24,2026-04-19,58.94973144531252,-61.90999999999997,True
2026-04-19 04:30:00,1047.5479736328125,984.29,926.24,2026-04-19,63.257973632812536,-58.049999999999955,True
2026-04-19 04:45:00,1049.712890625,985.04,926.24,2026-04-19,64.67289062500004,-58.799999999999955,True
2026-04-19 05:00:00,1055.8284912109375,988.63,938.1,2026-04-19,67.1984912109375,-50.52999999999997,True
2026-04-19 05:15:00,1056.0484619140625,992.44,938.1,2026-04-19,63.608461914062445,-54.34000000000003,True
2026-04-19 05:30:00,1057.1259765625,995.25,938.1,2026-04-19,61.8759765625,-57.14999999999998,True
2026-04-19 05:45:00,1057.0345458984375,998.39,938.1,2026-04-19,58.644545898437514,-60.289999999999964,True
2026-04-19 06:00:00,1036.2005615234375,990.64,875.53,2026-04-19,45.560561523437514,-115.11000000000001,True
2026-04-19 06:15:00,1005.7590942382812,954.2,875.53,2026-04-19,51.559094238281205,-78.67000000000007,True
2026-04-19 06:30:00,992.2315063476562,924.38,875.53,2026-04-19,67.85150634765625,-48.85000000000002,True
2026-04-19 06:45:00,989.7412109375,921.62,875.53,2026-04-19,68.1212109375,-46.09000000000003,True
2026-04-19 07:00:00,1021.630126953125,931.07,937.54,2026-04-19,90.56012695312495,6.469999999999914,True
2026-04-19 07:15:00,1030.17626953125,944.68,937.54,2026-04-19,85.49626953125005,-7.139999999999986,True
2026-04-19 07:30:00,1037.411865234375,957.17,937.54,2026-04-19,80.24186523437504,-19.629999999999995,True
2026-04-19 07:45:00,1043.9013671875,971.46,937.54,2026-04-19,72.44136718749996,-33.92000000000007,True
2026-04-19 08:00:00,1076.7645263671875,992.5700000000002,1003.34,2026-04-19,84.19452636718734,10.769999999999868,True
2026-04-19 08:15:00,1091.9647216796875,1008.58,1003.34,2026-04-19,83.38472167968746,-5.240000000000009,True
2026-04-19 08:30:00,1103.2784423828125,1021.28,1003.34,2026-04-19,81.99844238281253,-17.93999999999994,True
2026-04-19 08:45:00,1120.3155517578125,1035.71,1003.34,2026-04-19,84.60555175781246,-32.370000000000005,True
2026-04-19 09:00:00,1153.5570068359375,1050.25,1070.54,2026-04-19,103.3070068359375,20.289999999999964,True
2026-04-19 09:15:00,1163.7164306640625,1069.48,1070.54,2026-04-19,94.23643066406248,1.0599999999999454,True
2026-04-19 09:30:00,1173.6671142578125,1080.5700000000002,1070.54,2026-04-19,93.09711425781234,-10.0300000000002,True
2026-04-19 09:45:00,1185.5028076171875,1085.4,1070.54,2026-04-19,100.10280761718741,-14.860000000000127,True
2026-04-19 10:00:00,1216.0240478515625,1102.42,1103.87,2026-04-19,113.60404785156243,1.449999999999818,True
2026-04-19 10:15:00,1223.4674072265625,1124.39,1103.87,2026-04-19,99.0774072265624,-20.52000000000021,True
2026-04-19 10:30:00,1232.30615234375,1129.04,1103.87,2026-04-19,103.26615234375004,-25.170000000000073,True
2026-04-19 10:45:00,1247.6722412109375,1135.48,1103.87,2026-04-19,112.19224121093748,-31.610000000000127,True
2026-04-19 11:00:00,1265.9595947265625,1150.76,1127.91,2026-04-19,115.19959472656251,-22.84999999999991,True
2026-04-19 11:15:00,1270.78369140625,1164.14,1127.91,2026-04-19,106.6436914062499,-36.23000000000002,True
2026-04-19 11:30:00,1266.068115234375,1169.81,1127.91,2026-04-19,96.25811523437505,-41.899999999999864,True
2026-04-19 11:45:00,1257.7877197265625,1178.38,1127.91,2026-04-19,79.40771972656239,-50.47000000000003,True
2026-04-19 12:00:00,1264.323486328125,1182.94,1119.23,2026-04-19,81.38348632812495,-63.710000000000036,True
2026-04-19 12:15:00,1257.7174072265625,1190.54,1119.23,2026-04-19,67.17740722656254,-71.30999999999995,True
2026-04-19 12:30:00,1259.24609375,1196.34,1119.23,2026-04-19,62.90609375000008,-77.1099999999999,True
2026-04-19 12:45:00,1254.1802978515625,1201.5099999999998,1119.23,2026-04-19,52.67029785156274,-82.27999999999975,True
2026-04-19 13:00:00,1237.1773681640625,1200.0500000000002,1129.71,2026-04-19,37.12736816406232,-70.34000000000015,True
2026-04-19 13:15:00,1265.077392578125,1205.0700000000002,1129.71,2026-04-19,60.007392578124836,-75.36000000000013,True
2026-04-19 13:30:00,1265.03173828125,1216.91,1129.71,2026-04-19,48.12173828124992,-87.20000000000005,True
2026-04-19 13:45:00,1267.855224609375,1218.36,1129.71,2026-04-19,49.4952246093751,-88.64999999999986,True
2026-04-19 14:00:00,1294.4376220703125,1231.5300000000002,1150.87,2026-04-19,62.9076220703123,-80.66000000000031,True
2026-04-19 14:15:00,1297.50146484375,1243.73,1150.87,2026-04-19,53.77146484374998,-92.86000000000013,True
2026-04-19 14:30:00,1295.48828125,1246.62,1150.87,2026-04-19,48.86828125000011,-95.75,True
2026-04-19 14:45:00,1294.47412109375,1261.89,1150.87,2026-04-19,32.5841210937499,-111.02000000000021,True
2026-04-19 15:00:00,1306.53125,1264.07,1165.44,2026-04-19,42.461250000000064,-98.62999999999988,True
2026-04-19 15:15:00,1307.405029296875,1268.32,1165.44,2026-04-19,39.085029296875064,-102.87999999999988,True
2026-04-19 15:30:00,1303.5042724609375,1266.29,1165.44,2026-04-19,37.214272460937536,-100.84999999999991,True
2026-04-19 15:45:00,1301.2259521484375,1275.31,1165.44,2026-04-19,25.915952148437555,-109.86999999999989,True
2026-04-19 16:00:00,1307.4146728515625,1279.82,1175.21,2026-04-19,27.594672851562564,-104.6099999999999,True
2026-04-19 16:15:00,1300.3990478515625,1282.16,1175.21,2026-04-19,18.239047851562418,-106.95000000000005,True
2026-04-19 16:30:00,1301.54833984375,1286.42,1175.21,2026-04-19,15.128339843749927,-111.21000000000004,True
2026-04-19 16:45:00,1297.63232421875,1290.15,1175.21,2026-04-19,7.482324218749909,-114.94000000000005,True
2026-04-19 17:00:00,1280.8314208984375,1295.66,1189.79,2026-04-19,-14.828579101562582,-105.87000000000012,True
2026-04-19 17:15:00,1283.5203857421875,1297.52,1189.79,2026-04-19,-13.999614257812482,-107.73000000000002,True
2026-04-19 17:30:00,1277.9365234375,1304.25,1189.79,2026-04-19,-26.3134765625,-114.46000000000004,True
2026-04-19 17:45:00,1290.205078125,1318.46,1189.79,2026-04-19,-28.254921875000036,-128.67000000000007,True
2026-04-19 18:00:00,1378.17041015625,1397.9499999999998,1399.7600000000002,2026-04-19,-19.779589843749818,1.8100000000004002,True
2026-04-19 18:15:00,1439.276123046875,1489.72,1399.7600000000002,2026-04-19,-50.44387695312503,-89.95999999999981,True
2026-04-19 18:30:00,1484.7862548828125,1550.17,1399.7600000000002,2026-04-19,-65.38374511718757,-150.40999999999985,True
2026-04-19 18:45:00,1498.4803466796875,1556.62,1399.7600000000002,2026-04-19,-58.13965332031239,-156.85999999999967,True
2026-04-19 19:00:00,1526.3070068359375,1558.46,1413.9900000000002,2026-04-19,-32.152993164062536,-144.4699999999998,True
2026-04-19 19:15:00,1524.184326171875,1560.9,1413.9900000000002,2026-04-19,-36.71567382812509,-146.90999999999985,True
2026-04-19 19:30:00,1526.5531005859375,1560.59,1413.9900000000002,2026-04-19,-34.03689941406242,-146.59999999999968,True
2026-04-19 19:45:00,1515.201171875,1555.21,1413.9900000000002,2026-04-19,-40.008828125000036,-141.2199999999998,True
2026-04-19 20:00:00,1504.13916015625,1550.69,1388.26,2026-04-19,-46.550839843750055,-162.43000000000006,True
2026-04-19 20:15:00,1500.45947265625,1541.59,1388.26,2026-04-19,-41.13052734374992,-153.32999999999993,True
2026-04-19 20:30:00,1492.5576171875,1534.88,1388.26,2026-04-19,-42.32238281250011,-146.62000000000012,True
2026-04-19 20:45:00,1485.769287109375,1527.8200000000002,1388.26,2026-04-19,-42.050712890625164,-139.56000000000017,True
2026-04-19 21:00:00,1478.1866455078125,1508.59,1316.47,2026-04-19,-30.403354492187418,-192.1199999999999,True
2026-04-19 21:15:00,1463.7530517578125,1495.33,1316.47,2026-04-19,-31.576948242187427,-178.8599999999999,True
2026-04-19 21:30:00,1442.346923828125,1471.91,1316.47,2026-04-19,-29.563076171875082,-155.44000000000005,True
2026-04-19 21:45:00,1417.1883544921875,1439.98,1316.47,2026-04-19,-22.791645507812518,-123.50999999999999,True
2026-04-19 22:00:00,1380.6162109375,1423.77,1202.39,2026-04-19,-43.15378906249998,-221.37999999999988,True
2026-04-19 22:15:00,1343.3721923828125,1390.23,1202.39,2026-04-19,-46.85780761718752,-187.83999999999992,True
2026-04-19 22:30:00,1307.0460205078125,1358.94,1202.39,2026-04-19,-51.893979492187555,-156.54999999999995,True
2026-04-19 22:45:00,1276.340576171875,1326.33,1202.39,2026-04-19,-49.98942382812493,-123.93999999999983,True
2026-04-19 23:00:00,1245.866943359375,1291.87,1086.02,2026-04-19,-46.00305664062489,-205.8499999999999,True
2026-04-19 23:15:00,1221.100830078125,1276.7,1086.02,2026-04-19,-55.599169921875045,-190.68000000000006,True
2026-04-19 23:30:00,1206.809814453125,1248.47,1086.02,2026-04-19,-41.66018554687503,-162.45000000000005,True
2026-04-20 00:00:00,1172.1529541015625,1202.95,1007.99,2026-04-20,-30.797045898437545,-194.96000000000004,True
2026-04-20 00:15:00,1143.6361083984375,1177.61,1007.99,2026-04-20,-33.9738916015624,-169.6199999999999,True
2026-04-20 00:30:00,1128.631103515625,1151.29,1007.99,2026-04-20,-22.658896484374964,-143.29999999999995,True
2026-04-20 00:45:00,1107.4609375,1131.72,1007.99,2026-04-20,-24.259062500000027,-123.73000000000002,True
2026-04-20 01:00:00,1097.3233642578125,1119.9700000000005,958.24,2026-04-20,-22.646635742187982,-161.73000000000047,True
2026-04-20 01:15:00,1090.0703125,1107.19,958.24,2026-04-20,-17.119687500000055,-148.95000000000005,True
2026-04-20 01:30:00,1076.98974609375,1096.34,958.24,2026-04-20,-19.350253906249918,-138.0999999999999,True
2026-04-20 01:45:00,1063.409912109375,1083.97,958.24,2026-04-20,-20.560087890625027,-125.73000000000002,True
2026-04-20 02:00:00,1047.995849609375,1083.1,929.18,2026-04-20,-35.10415039062491,-153.91999999999996,True
2026-04-20 02:15:00,1037.073974609375,1052.2800000000002,929.18,2026-04-20,-15.2060253906252,-123.10000000000025,True
2026-04-20 02:30:00,1030.711669921875,1043.32,929.18,2026-04-20,-12.608330078124936,-114.13999999999999,True
2026-04-20 02:45:00,1032.2501220703125,1041.47,929.18,2026-04-20,-9.219877929687527,-112.29000000000008,True
2026-04-20 03:00:00,1021.4285888671875,1040.13,917.42,2026-04-20,-18.70141113281261,-122.71000000000015,True
2026-04-20 03:15:00,1022.4459838867188,1030.13,917.42,2026-04-20,-7.684016113281359,-112.71000000000015,True
2026-04-20 03:30:00,1022.3615112304688,1022.05,917.42,2026-04-20,0.3115112304687955,-104.63,True
2026-04-20 03:45:00,1028.4298095703125,1015.41,917.42,2026-04-20,13.019809570312532,-97.99000000000001,True
2026-04-20 04:00:00,1026.934814453125,1030.19,932.81,2026-04-20,-3.2551855468750546,-97.38000000000011,True
2026-04-20 04:15:00,1025.2401123046875,1014.16,932.81,2026-04-20,11.080112304687532,-81.35000000000002,True
2026-04-20 04:30:00,1026.573974609375,1032.65,932.81,2026-04-20,-6.076025390625091,-99.84000000000015,True
2026-04-20 04:45:00,1032.9947509765625,1040.11,932.81,2026-04-20,-7.1152490234374,-107.29999999999995,True
2026-04-20 05:00:00,1058.6273193359375,1047.14,1016.81,2026-04-20,11.4873193359374,-30.330000000000155,True
2026-04-20 05:15:00,1069.6236572265625,1065.62,1016.81,2026-04-20,4.003657226562609,-48.809999999999945,True
2026-04-20 05:30:00,1077.51416015625,1092.08,1016.81,2026-04-20,-14.565839843749927,-75.26999999999998,True
2026-04-20 05:45:00,1098.1611328125,1108.81,1016.81,2026-04-20,-10.648867187499945,-92.0,True
2026-04-20 06:00:00,1168.2147216796875,1170.88,1130.91,2026-04-20,-2.665278320312609,-39.97000000000003,True
2026-04-20 06:15:00,1179.9232177734375,1213.93,1130.91,2026-04-20,-34.006782226562564,-83.01999999999998,True
2026-04-20 06:30:00,1186.954345703125,1238.46,1130.91,2026-04-20,-51.505654296875036,-107.54999999999995,True
2026-04-20 06:45:00,1206.282958984375,1252.15,1130.91,2026-04-20,-45.86704101562509,-121.24000000000001,True
2026-04-20 07:00:00,1185.119873046875,1273.67,1166.21,2026-04-20,-88.55012695312507,-107.46000000000004,True
2026-04-20 07:15:00,1189.8114013671875,1273.5300000000002,1166.21,2026-04-20,-83.7185986328127,-107.32000000000016,True
2026-04-20 07:30:00,1213.21875,1275.18,1166.21,2026-04-20,-61.961250000000064,-108.97000000000003,True
2026-04-20 07:45:00,1242.56298828125,1277.7800000000002,1166.21,2026-04-20,-35.2170117187502,-111.57000000000016,True
2026-04-20 08:00:00,1260.165771484375,1322.78,1285.35,2026-04-20,-62.61422851562497,-37.430000000000064,True
2026-04-20 08:15:00,1288.63525390625,1352.27,1285.35,2026-04-20,-63.63474609374998,-66.92000000000007,True
2026-04-20 08:30:00,1328.28759765625,1376.1,1285.35,2026-04-20,-47.81240234374991,-90.75,True
2026-04-20 08:45:00,1353.9996337890625,1392.87,1285.35,2026-04-20,-38.87036621093739,-107.51999999999998,True
2026-04-20 09:00:00,1415.1605224609375,1411.34,1354.67,2026-04-20,3.820522460937582,-56.669999999999845,True
2026-04-20 09:15:00,1431.4361572265625,1440.5499999999995,1354.67,2026-04-20,-9.113842773437,-85.87999999999943,True
2026-04-20 09:30:00,1444.2672119140625,1447.4,1354.67,2026-04-20,-3.132788085937591,-92.73000000000002,True
2026-04-20 09:45:00,1446.744384765625,1455.5300000000002,1354.67,2026-04-20,-8.7856152343752,-100.86000000000013,True
2026-04-20 10:00:00,1471.16357421875,1465.11,1409.83,2026-04-20,6.0535742187501,-55.27999999999997,True
2026-04-20 10:15:00,1487.1259765625,1477.6,1409.83,2026-04-20,9.525976562500091,-67.76999999999998,True
2026-04-20 10:30:00,1493.6513671875,1488.85,1409.83,2026-04-20,4.801367187500091,-79.01999999999998,True
2026-04-20 10:45:00,1502.8917236328125,1487.3000000000002,1409.83,2026-04-20,15.591723632812318,-77.47000000000025,True
2026-04-20 11:00:00,1526.0582275390625,1496.54,1440.4700000000005,2026-04-20,29.518227539062536,-56.06999999999948,True
2026-04-20 11:15:00,1529.314697265625,1506.37,1440.4700000000005,2026-04-20,22.94469726562511,-65.89999999999941,True
2026-04-20 11:30:00,1527.2376708984375,1511.53,1440.4700000000005,2026-04-20,15.707670898437527,-71.05999999999949,True
2026-04-20 11:45:00,1513.89453125,1491.16,1440.4700000000005,2026-04-20,22.734531249999918,-50.6899999999996,True
2026-04-20 12:00:00,1499.8724365234375,1476.2199999999998,1418.88,2026-04-20,23.6524365234377,-57.33999999999969,True
2026-04-20 12:15:00,1495.6229248046875,1446.48,1418.88,2026-04-20,49.14292480468748,-27.59999999999991,True
2026-04-20 12:30:00,1488.368896484375,1445.98,1418.88,2026-04-20,42.38889648437498,-27.09999999999991,True
2026-04-20 12:45:00,1496.255615234375,1454.0700000000002,1418.88,2026-04-20,42.185615234374836,-35.190000000000055,True
2026-04-20 13:00:00,1500.6585693359375,1460.03,1462.09,2026-04-20,40.62856933593753,2.0599999999999454,True
2026-04-20 13:15:00,1503.046875,1469.54,1462.09,2026-04-20,33.506875000000036,-7.4500000000000455,True
2026-04-20 13:30:00,1512.5130615234375,1485.79,1462.09,2026-04-20,26.723061523437536,-23.700000000000045,True
2026-04-20 13:45:00,1518.330078125,1482.95,1462.09,2026-04-20,35.380078124999955,-20.860000000000127,True
2026-04-20 14:00:00,1547.8060302734375,1503.05,1505.94,2026-04-20,44.756030273437545,2.8900000000001,True
2026-04-20 14:15:00,1555.226806640625,1505.71,1505.94,2026-04-20,49.516806640624964,0.2300000000000182,True
2026-04-20 14:30:00,1552.41796875,1517.91,1505.94,2026-04-20,34.50796874999992,-11.970000000000027,True
2026-04-20 14:45:00,1551.316650390625,1527.36,1505.94,2026-04-20,23.9566503906251,-21.419999999999845,True
2026-04-20 15:00:00,1550.5013427734375,1532.0800000000002,1502.19,2026-04-20,18.421342773437345,-29.8900000000001,True
2026-04-20 15:15:00,1547.4384765625,1525.34,1502.19,2026-04-20,22.098476562500082,-23.149999999999864,True
2026-04-20 15:30:00,1541.67724609375,1519.59,1502.19,2026-04-20,22.087246093750082,-17.399999999999864,True
2026-04-20 15:45:00,1534.766845703125,1523.52,1502.19,2026-04-20,11.246845703125018,-21.329999999999927,True
2026-04-20 16:00:00,1523.5494384765625,1503.4699999999998,1468.7000000000005,2026-04-20,20.0794384765627,-34.7699999999993,True
2026-04-20 16:15:00,1515.2381591796875,1498.23,1468.7000000000005,2026-04-20,17.008159179687482,-29.529999999999518,True
2026-04-20 16:30:00,1503.2508544921875,1486.18,1468.7000000000005,2026-04-20,17.070854492187436,-17.479999999999563,True
2026-04-20 16:45:00,1493.885986328125,1473.32,1468.7000000000005,2026-04-20,20.565986328125064,-4.619999999999436,True
2026-04-20 17:00:00,1429.5831298828125,1462.93,1382.77,2026-04-20,-33.346870117187564,-80.16000000000008,True
2026-04-20 17:15:00,1424.4515380859375,1458.4,1382.77,2026-04-20,-33.94846191406259,-75.63000000000011,True
2026-04-20 17:30:00,1415.1514892578125,1453.25,1382.77,2026-04-20,-38.0985107421875,-70.48000000000002,True
2026-04-20 17:45:00,1417.1807861328125,1466.59,1382.77,2026-04-20,-49.40921386718742,-83.81999999999994,True
2026-04-20 18:00:00,1482.1783447265625,1532.8000000000002,1545.73,2026-04-20,-50.62165527343768,12.929999999999836,True
2026-04-20 18:15:00,1541.1749267578125,1599.6,1545.73,2026-04-20,-58.42507324218741,-53.86999999999989,True
2026-04-20 18:30:00,1561.501220703125,1636.68,1545.73,2026-04-20,-75.17877929687506,-90.95000000000005,True
2026-04-20 18:45:00,1561.3372802734375,1640.65,1545.73,2026-04-20,-79.31271972656259,-94.92000000000007,True
2026-04-20 19:00:00,1563.8592529296875,1642.42,1549.9299999999998,2026-04-20,-78.56074707031257,-92.49000000000024,True
2026-04-20 19:15:00,1567.6533203125,1633.2399999999998,1549.9299999999998,2026-04-20,-65.58667968749978,-83.30999999999995,True
2026-04-20 19:30:00,1565.64501953125,1630.6,1549.9299999999998,2026-04-20,-64.95498046874991,-80.67000000000007,True
2026-04-20 19:45:00,1560.5689697265625,1622.22,1549.9299999999998,2026-04-20,-61.65103027343753,-72.29000000000019,True
2026-04-20 20:00:00,1549.9150390625,1609.33,1509.2300000000002,2026-04-20,-59.41496093749993,-100.09999999999968,True
2026-04-20 20:15:00,1539.6942138671875,1608.6999999999998,1509.2300000000002,2026-04-20,-69.00578613281232,-99.46999999999957,True
2026-04-20 20:30:00,1523.82861328125,1604.64,1509.2300000000002,2026-04-20,-80.8113867187501,-95.40999999999985,True
2026-04-20 20:45:00,1510.0712890625,1577.72,1509.2300000000002,2026-04-20,-67.64871093750003,-68.48999999999978,True
2026-04-20 21:00:00,1522.20947265625,1550.0,1419.6799999999998,2026-04-20,-27.79052734375,-130.32000000000016,True
2026-04-20 21:15:00,1516.671630859375,1534.66,1419.6799999999998,2026-04-20,-17.988369140625082,-114.98000000000025,True
2026-04-20 21:30:00,1502.832763671875,1508.9,1419.6799999999998,2026-04-20,-6.067236328125091,-89.22000000000025,True
2026-04-20 21:45:00,1482.4053955078125,1481.48,1419.6799999999998,2026-04-20,0.9253955078124818,-61.80000000000018,True
2026-04-20 22:00:00,1429.7559814453125,1476.52,1298.29,2026-04-20,-46.76401855468748,-178.23000000000002,True
2026-04-20 22:15:00,1391.6480712890625,1418.69,1298.29,2026-04-20,-27.041928710937555,-120.40000000000009,True
2026-04-20 22:30:00,1372.8597412109375,1387.85,1298.29,2026-04-20,-14.990258789062409,-89.55999999999995,True
2026-04-20 22:45:00,1349.388671875,1367.97,1298.29,2026-04-20,-18.581328125000027,-69.68000000000006,True
2026-04-20 23:00:00,1338.129150390625,1340.7,1199.25,2026-04-20,-2.5708496093750455,-141.45000000000005,True
2026-04-20 23:15:00,1301.450927734375,1321.06,1199.25,2026-04-20,-19.609072265624945,-121.80999999999995,True
2026-04-20 23:30:00,1278.6451416015625,1301.6,1199.25,2026-04-20,-22.95485839843741,-102.34999999999991,True
2026-04-21 00:00:00,1254.390380859375,1258.6999999999998,1107.87,2026-04-21,-4.309619140624818,-150.82999999999993,True
2026-04-21 00:15:00,1194.8486328125,1228.52,1107.87,2026-04-21,-33.67136718749998,-120.65000000000009,True
2026-04-21 00:30:00,1179.2706298828125,1219.84,1107.87,2026-04-21,-40.56937011718742,-111.97000000000003,True
2026-04-21 00:45:00,1163.076416015625,1190.67,1107.87,2026-04-21,-27.593583984375073,-82.80000000000018,True
2026-04-21 01:00:00,1146.4002685546875,1177.87,1064.08,2026-04-21,-31.46973144531239,-113.78999999999996,True
2026-04-21 01:15:00,1138.081298828125,1169.15,1064.08,2026-04-21,-31.06870117187509,-105.07000000000016,True
2026-04-21 01:30:00,1130.9371337890625,1155.91,1064.08,2026-04-21,-24.972866210937582,-91.83000000000015,True
2026-04-21 01:45:00,1122.8182373046875,1136.19,1064.08,2026-04-21,-13.371762695312555,-72.11000000000013,True
2026-04-21 02:00:00,1098.9462890625,1140.0,1036.67,2026-04-21,-41.0537109375,-103.32999999999993,True
2026-04-21 02:15:00,1090.0577392578125,1144.3200000000002,1036.67,2026-04-21,-54.262260742187664,-107.65000000000009,True
2026-04-21 02:30:00,1089.9595947265625,1130.5700000000002,1036.67,2026-04-21,-40.610405273437664,-93.90000000000009,True
2026-04-21 02:45:00,1085.9437255859375,1129.67,1036.67,2026-04-21,-43.72627441406257,-93.0,True
2026-04-21 03:00:00,1083.6396484375,1121.86,1025.88,2026-04-21,-38.2203515624999,-95.97999999999979,True
2026-04-21 03:15:00,1079.51123046875,1121.76,1025.88,2026-04-21,-42.24876953124999,-95.87999999999988,True
2026-04-21 03:30:00,1080.696533203125,1106.93,1025.88,2026-04-21,-26.233466796875064,-81.04999999999995,True
2026-04-21 03:45:00,1082.5255126953125,1099.54,1025.88,2026-04-21,-17.014487304687464,-73.65999999999985,True
2026-04-21 04:00:00,1081.4195556640625,1104.0700000000002,1034.73,2026-04-21,-22.650444335937664,-69.34000000000015,True
2026-04-21 04:15:00,1082.02099609375,1122.84,1034.73,2026-04-21,-40.81900390624992,-88.1099999999999,True
2026-04-21 04:30:00,1083.0816650390625,1120.15,1034.73,2026-04-21,-37.06833496093759,-85.42000000000007,True
2026-04-21 04:45:00,1091.0435791015625,1129.94,1034.73,2026-04-21,-38.896420898437555,-95.21000000000004,True
2026-04-21 05:00:00,1115.1240234375,1129.91,1090.62,2026-04-21,-14.785976562500082,-39.29000000000019,True
2026-04-21 05:15:00,1129.9207763671875,1166.53,1090.62,2026-04-21,-36.60922363281247,-75.91000000000008,True
2026-04-21 05:30:00,1143.7503662109375,1178.99,1090.62,2026-04-21,-35.23963378906251,-88.37000000000012,True
2026-04-21 05:45:00,1149.383056640625,1204.11,1090.62,2026-04-21,-54.7269433593749,-113.49000000000001,True
2026-04-21 06:00:00,1186.6583251953125,1249.62,1160.91,2026-04-21,-62.96167480468739,-88.70999999999981,True
2026-04-21 06:15:00,1224.2615966796875,1244.76,1160.91,2026-04-21,-20.49840332031249,-83.84999999999991,True
2026-04-21 06:30:00,1234.7508544921875,1250.7800000000002,1160.91,2026-04-21,-16.0291455078127,-89.87000000000012,True
2026-04-21 06:45:00,1233.5172119140625,1285.71,1160.91,2026-04-21,-52.192788085937536,-124.79999999999995,True
2026-04-21 07:00:00,1259.231689453125,1290.9,1225.1,2026-04-21,-31.66831054687509,-65.80000000000018,True
2026-04-21 07:15:00,1279.4329833984375,1320.97,1225.1,2026-04-21,-41.53701660156253,-95.87000000000012,True
2026-04-21 07:30:00,1291.581298828125,1310.18,1225.1,2026-04-21,-18.598701171875064,-85.08000000000015,True
2026-04-21 07:45:00,1293.8583984375,1338.02,1225.1,2026-04-21,-44.16160156249998,-112.92000000000007,True
2026-04-21 08:00:00,1340.708251953125,1361.59,1336.42,2026-04-21,-20.881748046874918,-25.169999999999845,True
2026-04-21 08:15:00,1364.7830810546875,1404.35,1336.42,2026-04-21,-39.56691894531241,-67.92999999999984,True
2026-04-21 08:30:00,1385.583251953125,1440.9,1336.42,2026-04-21,-55.31674804687509,-104.48000000000002,True
2026-04-21 08:45:00,1394.3232421875,1475.92,1336.42,2026-04-21,-81.59675781250007,-139.5,True
2026-04-21 09:00:00,1433.896484375,1492.76,1392.65,2026-04-21,-58.86351562499999,-100.1099999999999,True
2026-04-21 09:15:00,1455.713134765625,1488.99,1392.65,2026-04-21,-33.27686523437501,-96.33999999999992,True
2026-04-21 09:30:00,1465.94677734375,1526.26,1392.65,2026-04-21,-60.31322265624999,-133.6099999999999,True
2026-04-21 09:45:00,1472.5771484375,1533.88,1392.65,2026-04-21,-61.30285156250011,-141.23000000000002,True
2026-04-21 10:00:00,1477.406982421875,1551.58,1423.48,2026-04-21,-74.17301757812493,-128.0999999999999,True
2026-04-21 10:15:00,1492.0189208984375,1562.83,1423.48,2026-04-21,-70.81107910156243,-139.3499999999999,True
2026-04-21 10:30:00,1500.275390625,1566.66,1423.48,2026-04-21,-66.38460937500008,-143.18000000000006,True
2026-04-21 10:45:00,1517.1214599609375,1579.37,1423.48,2026-04-21,-62.24854003906239,-155.88999999999987,True
2026-04-21 11:00:00,1514.056640625,1575.7,1419.51,2026-04-21,-61.643359375000045,-156.19000000000005,True
2026-04-21 11:15:00,1510.0845947265625,1583.41,1419.51,2026-04-21,-73.32540527343758,-163.9000000000001,True
2026-04-21 11:30:00,1512.6993408203125,1605.0000000000002,1419.51,2026-04-21,-92.30065917968773,-185.49000000000024,True
2026-04-21 11:45:00,1503.5909423828125,1558.32,1419.51,2026-04-21,-54.729057617187436,-138.80999999999995,True
2026-04-21 12:00:00,1469.48486328125,1548.62,1388.24,2026-04-21,-79.13513671874989,-160.37999999999988,True
2026-04-21 12:15:00,1475.405517578125,1547.75,1388.24,2026-04-21,-72.344482421875,-159.51,True
2026-04-21 12:30:00,1475.038330078125,1549.69,1388.24,2026-04-21,-74.65166992187505,-161.45000000000005,True
2026-04-21 12:45:00,1479.1368408203125,1538.2600000000002,1388.24,2026-04-21,-59.12315917968772,-150.0200000000002,True
2026-04-21 13:00:00,1490.085205078125,1558.94,1437.89,2026-04-21,-68.85479492187505,-121.04999999999995,True
2026-04-21 13:15:00,1496.369873046875,1575.7600000000002,1437.89,2026-04-21,-79.39012695312522,-137.87000000000012,True
2026-04-21 13:30:00,1504.1943359375,1598.14,1437.89,2026-04-21,-93.9456640625001,-160.25,True
2026-04-21 13:45:00,1510.6705322265625,1616.64,1437.89,2026-04-21,-105.9694677734376,-178.75,True
2026-04-21 14:00:00,1548.0220947265625,1625.32,1485.95,2026-04-21,-77.29790527343744,-139.3699999999999,True
2026-04-21 14:15:00,1557.5098876953125,1649.54,1485.95,2026-04-21,-92.03011230468746,-163.58999999999992,True
2026-04-21 14:30:00,1566.027099609375,1639.57,1485.95,2026-04-21,-73.54290039062494,-153.6199999999999,True
2026-04-21 14:45:00,1570.9097900390625,1642.8200000000002,1485.95,2026-04-21,-71.91020996093766,-156.87000000000012,True
2026-04-21 15:00:00,1578.4442138671875,1651.4199999999998,1482.75,2026-04-21,-72.97578613281235,-168.66999999999985,True
2026-04-21 15:15:00,1573.4127197265625,1648.9,1482.75,2026-04-21,-75.48728027343759,-166.1500000000001,True
2026-04-21 15:30:00,1572.1939697265625,1651.14,1482.75,2026-04-21,-78.9460302734376,-168.3900000000001,True
2026-04-21 15:45:00,1569.5089111328125,1640.2199999999998,1482.75,2026-04-21,-70.7110888671873,-157.4699999999998,True
2026-04-21 16:00:00,1550.5367431640625,1611.37,1451.93,2026-04-21,-60.83325683593739,-159.43999999999983,True
2026-04-21 16:15:00,1541.03857421875,1604.88,1451.93,2026-04-21,-63.84142578125011,-152.95000000000005,True
2026-04-21 16:30:00,1524.9244384765625,1594.5,1451.93,2026-04-21,-69.5755615234375,-142.56999999999994,True
2026-04-21 16:45:00,1518.3604736328125,1579.0100000000002,1451.93,2026-04-21,-60.64952636718772,-127.08000000000015,True
2026-04-21 17:00:00,1477.6585693359375,1560.78,1371.75,2026-04-21,-83.12143066406247,-189.02999999999997,True
2026-04-21 17:15:00,1463.759521484375,1544.56,1371.75,2026-04-21,-80.80047851562495,-172.80999999999995,True
2026-04-21 17:30:00,1461.52099609375,1526.8200000000002,1371.75,2026-04-21,-65.29900390625016,-155.07000000000016,True
2026-04-21 17:45:00,1455.6632080078125,1529.34,1371.75,2026-04-21,-73.67679199218742,-157.58999999999992,True
2026-04-21 18:00:00,1512.131103515625,1599.91,1547.31,2026-04-21,-87.77889648437508,-52.600000000000136,True
2026-04-21 18:15:00,1574.9127197265625,1671.9,1547.31,2026-04-21,-96.98728027343759,-124.59000000000015,True
2026-04-21 18:30:00,1614.2928466796875,1702.86,1547.31,2026-04-21,-88.5671533203124,-155.54999999999995,True
2026-04-21 18:45:00,1618.7806396484375,1702.95,1547.31,2026-04-21,-84.16936035156255,-155.6400000000001,True
2026-04-21 19:00:00,1610.34130859375,1701.27,1549.34,2026-04-21,-90.92869140624998,-151.93000000000006,True
2026-04-21 19:15:00,1611.5736083984375,1695.84,1549.34,2026-04-21,-84.26639160156242,-146.5,True
2026-04-21 19:30:00,1614.8382568359375,1687.58,1549.34,2026-04-21,-72.74174316406243,-138.24,True
2026-04-21 19:45:00,1611.2215576171875,1684.05,1549.34,2026-04-21,-72.82844238281245,-134.71000000000004,True
2026-04-21 20:00:00,1585.62890625,1666.64,1505.0300000000002,2026-04-21,-81.0110937500001,-161.6099999999999,True
2026-04-21 20:15:00,1571.915283203125,1655.27,1505.0300000000002,2026-04-21,-83.35471679687498,-150.23999999999978,True
2026-04-21 20:30:00,1555.1265869140625,1643.95,1505.0300000000002,2026-04-21,-88.82341308593755,-138.91999999999985,True
2026-04-21 20:45:00,1534.8594970703125,1631.56,1505.0300000000002,2026-04-21,-96.70050292968745,-126.52999999999975,True
2026-04-21 21:00:00,1525.785400390625,1606.22,1411.75,2026-04-21,-80.43459960937503,-194.47000000000003,True
2026-04-21 21:15:00,1512.28271484375,1589.38,1411.75,2026-04-21,-77.09728515625011,-177.6300000000001,True
2026-04-21 21:30:00,1503.995849609375,1553.89,1411.75,2026-04-21,-49.8941503906251,-142.1400000000001,True
2026-04-21 21:45:00,1479.3450927734375,1513.02,1411.75,2026-04-21,-33.67490722656248,-101.26999999999998,True
2026-04-21 22:00:00,1458.3470458984375,1484.3000000000002,1293.96,2026-04-21,-25.952954101562682,-190.34000000000015,True
2026-04-21 22:15:00,1427.0726318359375,1451.19,1293.96,2026-04-21,-24.117368164062555,-157.23000000000002,True
2026-04-21 22:30:00,1398.849853515625,1415.45,1293.96,2026-04-21,-16.600146484375045,-121.49000000000001,True
2026-04-21 22:45:00,1365.9376220703125,1367.31,1293.96,2026-04-21,-1.3723779296874454,-73.34999999999991,True
2026-04-21 23:00:00,1348.00341796875,1355.78,1207.21,2026-04-21,-7.776582031249973,-148.56999999999994,True
2026-04-21 23:15:00,1318.1673583984375,1329.53,1207.21,2026-04-21,-11.362641601562473,-122.31999999999994,True
2026-04-21 23:30:00,1304.9317626953125,1307.58,1207.21,2026-04-21,-2.6482373046874272,-100.36999999999989,True
2026-04-22 00:00:00,1247.2630615234375,1268.72,1127.99,2026-04-22,-21.456938476562527,-140.73000000000002,True
2026-04-22 00:15:00,1229.3231201171875,1243.0700000000002,1127.99,2026-04-22,-13.746879882812664,-115.08000000000015,True
2026-04-22 00:30:00,1216.1121826171875,1227.45,1127.99,2026-04-22,-11.337817382812545,-99.46000000000004,True
2026-04-22 00:45:00,1203.7105712890625,1191.11,1127.99,2026-04-22,12.6005712890626,-63.11999999999989,True
2026-04-22 01:00:00,1180.566650390625,1185.83,1068.45,2026-04-22,-5.263349609374927,-117.37999999999988,True
2026-04-22 01:15:00,1174.361328125,1192.62,1068.45,2026-04-22,-18.25867187499989,-124.16999999999985,True
2026-04-22 01:30:00,1162.04296875,1184.25,1068.45,2026-04-22,-22.20703125,-115.79999999999995,True
2026-04-22 01:45:00,1154.163818359375,1152.18,1068.45,2026-04-22,1.9838183593749363,-83.73000000000002,True
2026-04-22 02:00:00,1145.9007568359375,1137.14,1037.06,2026-04-22,8.7607568359374,-100.08000000000015,True
2026-04-22 02:15:00,1141.6256103515625,1138.7,1037.06,2026-04-22,2.9256103515624545,-101.6400000000001,True
2026-04-22 02:30:00,1139.544677734375,1135.9,1037.06,2026-04-22,3.644677734374909,-98.84000000000015,True
2026-04-22 02:45:00,1137.424072265625,1111.6,1037.06,2026-04-22,25.82407226562509,-74.53999999999996,True
2026-04-22 03:00:00,1130.24853515625,1105.36,1021.71,2026-04-22,24.8885351562501,-83.64999999999986,True
2026-04-22 03:15:00,1129.9775390625,1128.68,1021.71,2026-04-22,1.2975390624999363,-106.97000000000003,True
2026-04-22 03:30:00,1127.5645751953125,1114.9,1021.71,2026-04-22,12.664575195312409,-93.19000000000005,True
2026-04-22 03:45:00,1120.77783203125,1121.58,1021.71,2026-04-22,-0.8021679687499272,-99.86999999999989,True
2026-04-22 04:00:00,1114.80712890625,1118.83,1033.35,2026-04-22,-4.022871093749927,-85.48000000000002,True
2026-04-22 04:15:00,1117.2520751953125,1102.13,1033.35,2026-04-22,15.12207519531239,-68.7800000000002,True
2026-04-22 04:30:00,1124.8095703125,1122.74,1033.35,2026-04-22,2.069570312499991,-89.3900000000001,True
2026-04-22 04:45:00,1129.0006103515625,1123.62,1033.35,2026-04-22,5.380610351562609,-90.26999999999998,True
2026-04-22 05:00:00,1150.1019287109375,1150.33,1095.67,2026-04-22,-0.22807128906242724,-54.659999999999854,True
2026-04-22 05:15:00,1155.6619873046875,1156.12,1095.67,2026-04-22,-0.45801269531239086,-60.44999999999982,True
2026-04-22 05:30:00,1169.059326171875,1178.33,1095.67,2026-04-22,-9.270673828124927,-82.65999999999985,True
2026-04-22 05:45:00,1185.4072265625,1189.25,1095.67,2026-04-22,-3.8427734375,-93.57999999999993,True
2026-04-22 06:00:00,1208.997314453125,1236.15,1167.55,2026-04-22,-27.15268554687509,-68.60000000000014,True
2026-04-22 06:15:00,1234.806884765625,1282.36,1167.55,2026-04-22,-47.5531152343749,-114.80999999999995,True
2026-04-22 06:30:00,1239.1495361328125,1309.4899999999998,1167.55,2026-04-22,-70.34046386718728,-141.93999999999983,True
2026-04-22 06:45:00,1245.14501953125,1320.37,1167.55,2026-04-22,-75.22498046874989,-152.81999999999994,True
2026-04-22 07:00:00,1267.96435546875,1304.08,1230.79,2026-04-22,-36.11564453124993,-73.28999999999996,True
2026-04-22 07:15:00,1280.2484130859375,1308.84,1230.79,2026-04-22,-28.591586914062418,-78.04999999999995,True
2026-04-22 07:30:00,1303.810302734375,1309.91,1230.79,2026-04-22,-6.099697265625082,-79.12000000000012,True
2026-04-22 07:45:00,1307.0341796875,1311.39,1230.79,2026-04-22,-4.3558203125001,-80.60000000000014,True
2026-04-22 08:00:00,1327.3818359375,1332.66,1314.81,2026-04-22,-5.278164062500082,-17.850000000000136,True
2026-04-22 08:15:00,1347.3717041015625,1382.9,1314.81,2026-04-22,-35.52829589843759,-68.09000000000015,True
2026-04-22 08:30:00,1370.01416015625,1384.14,1314.81,2026-04-22,-14.1258398437501,-69.33000000000015,True
2026-04-22 08:45:00,1382.463134765625,1408.13,1314.81,2026-04-22,-25.66686523437511,-93.32000000000016,True
2026-04-22 09:00:00,1421.08447265625,1409.3,1395.09,2026-04-22,11.784472656250045,-14.210000000000036,True
2026-04-22 09:15:00,1432.033203125,1404.41,1395.09,2026-04-22,27.623203124999918,-9.320000000000164,True
2026-04-22 09:30:00,1444.0511474609375,1431.65,1395.09,2026-04-22,12.401147460937409,-36.56000000000017,True
2026-04-22 09:45:00,1451.35595703125,1422.13,1395.09,2026-04-22,29.22595703124989,-27.04000000000019,True
2026-04-22 10:00:00,1461.5572509765625,1443.48,1420.52,2026-04-22,18.077250976562482,-22.960000000000036,True
2026-04-22 10:15:00,1464.880126953125,1442.36,1420.52,2026-04-22,22.5201269531251,-21.839999999999918,True
2026-04-22 10:30:00,1472.0269775390625,1467.23,1420.52,2026-04-22,4.796977539062482,-46.710000000000036,True
2026-04-22 10:45:00,1472.3316650390625,1496.5300000000002,1420.52,2026-04-22,-24.1983349609377,-76.01000000000022,True
2026-04-22 11:00:00,1495.3675537109375,1494.25,1428.13,2026-04-22,1.1175537109375,-66.11999999999989,True
2026-04-22 11:15:00,1492.9752197265625,1495.0,1428.13,2026-04-22,-2.0247802734375,-66.86999999999989,True
2026-04-22 11:30:00,1494.060546875,1491.94,1428.13,2026-04-22,2.1205468749999454,-63.809999999999945,True
2026-04-22 11:45:00,1483.2916259765625,1483.47,1428.13,2026-04-22,-0.17837402343752728,-55.33999999999992,True
2026-04-22 12:00:00,1435.665771484375,1459.56,1403.3000000000002,2026-04-22,-23.894228515624945,-56.25999999999976,True
2026-04-22 12:15:00,1439.6539306640625,1433.71,1403.3000000000002,2026-04-22,5.943930664062464,-30.409999999999854,True
2026-04-22 12:30:00,1431.0872802734375,1424.93,1403.3000000000002,2026-04-22,6.157280273437436,-21.62999999999988,True
2026-04-22 12:45:00,1432.34619140625,1444.9499999999998,1403.3000000000002,2026-04-22,-12.603808593749818,-41.649999999999636,True
2026-04-22 13:00:00,1464.7620849609375,1422.1799999999998,1440.38,2026-04-22,42.582084960937664,18.200000000000273,True
2026-04-22 13:15:00,1473.973388671875,1454.29,1440.38,2026-04-22,19.683388671875036,-13.909999999999854,True
2026-04-22 13:30:00,1466.3062744140625,1461.17,1440.38,2026-04-22,5.136274414062427,-20.789999999999964,True
2026-04-22 13:45:00,1473.621337890625,1454.91,1440.38,2026-04-22,18.711337890624918,-14.529999999999973,True
2026-04-22 14:00:00,1529.3828125,1468.08,1493.45,2026-04-22,61.30281250000007,25.37000000000012,True
2026-04-22 14:15:00,1536.4854736328125,1510.2099999999998,1493.45,2026-04-22,26.27547363281269,-16.759999999999764,True
2026-04-22 14:30:00,1545.4630126953125,1496.73,1493.45,2026-04-22,48.73301269531248,-3.2799999999999727,True
2026-04-22 14:45:00,1548.126953125,1496.59,1493.45,2026-04-22,51.53695312500008,-3.1399999999998727,True
2026-04-22 15:00:00,1561.8890380859375,1507.69,1489.2199999999998,2026-04-22,54.199038085937445,-18.470000000000255,True
2026-04-22 15:15:00,1557.5257568359375,1482.2799999999995,1489.2199999999998,2026-04-22,75.24575683593798,6.940000000000282,True
2026-04-22 15:30:00,1548.5557861328125,1491.09,1489.2199999999998,2026-04-22,57.46578613281258,-1.8700000000001182,True
2026-04-22 15:45:00,1531.6815185546875,1494.38,1489.2199999999998,2026-04-22,37.30151855468739,-5.160000000000309,True
2026-04-22 16:00:00,1532.99658203125,1485.3,1461.46,2026-04-22,47.696582031250045,-23.839999999999918,True
2026-04-22 16:15:00,1535.2623291015625,1467.34,1461.46,2026-04-22,67.92232910156258,-5.879999999999882,True
2026-04-22 16:30:00,1517.1007080078125,1463.1,1461.46,2026-04-22,54.00070800781259,-1.6399999999998727,True
2026-04-22 16:45:00,1506.64892578125,1457.99,1461.46,2026-04-22,48.65892578124999,3.4700000000000273,True
2026-04-22 17:00:00,1475.28515625,1447.14,1382.1999999999998,2026-04-22,28.1451562499999,-64.94000000000028,True
2026-04-22 17:15:00,1463.3123779296875,1448.7799999999995,1382.1999999999998,2026-04-22,14.532377929687982,-66.5799999999997,True
2026-04-22 17:30:00,1454.8050537109375,1448.39,1382.1999999999998,2026-04-22,6.4150537109374,-66.19000000000028,True
2026-04-22 17:45:00,1452.5137939453125,1484.34,1382.1999999999998,2026-04-22,-31.826206054687418,-102.1400000000001,True
2026-04-22 18:00:00,1479.522705078125,1531.7099999999998,1534.87,2026-04-22,-52.18729492187481,3.160000000000082,True
2026-04-22 18:15:00,1549.12353515625,1579.3000000000002,1534.87,2026-04-22,-30.176464843750182,-44.43000000000029,True
2026-04-22 18:30:00,1582.8475341796875,1601.7600000000002,1534.87,2026-04-22,-18.91246582031272,-66.89000000000033,True
2026-04-22 18:45:00,1576.003662109375,1610.09,1534.87,2026-04-22,-34.08633789062492,-75.22000000000003,True
2026-04-22 19:00:00,1588.314453125,1606.66,1534.5000000000002,2026-04-22,-18.345546875000082,-72.15999999999985,True
2026-04-22 19:15:00,1588.8175048828125,1603.01,1534.5000000000002,2026-04-22,-14.192495117187491,-68.50999999999976,True
2026-04-22 19:30:00,1592.1683349609375,1595.56,1534.5000000000002,2026-04-22,-3.3916650390624454,-61.05999999999972,True
2026-04-22 19:45:00,1583.87890625,1587.33,1534.5000000000002,2026-04-22,-3.4510937499999272,-52.8299999999997,True
2026-04-22 20:00:00,1557.0775146484375,1570.11,1495.27,2026-04-22,-13.0324853515624,-74.83999999999992,True
2026-04-22 20:15:00,1552.332763671875,1569.62,1495.27,2026-04-22,-17.28723632812489,-74.34999999999991,True
2026-04-22 20:30:00,1530.0650634765625,1553.0,1495.27,2026-04-22,-22.9349365234375,-57.73000000000002,True
2026-04-22 20:45:00,1519.004150390625,1532.19,1495.27,2026-04-22,-13.185849609375055,-36.92000000000007,True
2026-04-22 21:00:00,1499.900634765625,1510.79,1402.3,2026-04-22,-10.889365234374964,-108.49000000000001,True
2026-04-22 21:15:00,1484.3741455078125,1498.19,1402.3,2026-04-22,-13.815854492187555,-95.8900000000001,True
2026-04-22 21:30:00,1461.432861328125,1475.17,1402.3,2026-04-22,-13.737138671875073,-72.87000000000012,True
2026-04-22 21:45:00,1440.391357421875,1439.0,1402.3,2026-04-22,1.391357421875,-36.700000000000045,True
2026-04-22 22:00:00,1384.801025390625,1409.02,1271.62,2026-04-22,-24.218974609374982,-137.4000000000001,True
2026-04-22 22:15:00,1362.1961669921875,1371.81,1271.62,2026-04-22,-9.613833007812445,-100.19000000000005,True
2026-04-22 22:30:00,1343.81005859375,1345.2,1271.62,2026-04-22,-1.3899414062500455,-73.58000000000015,True
2026-04-22 22:45:00,1315.3466796875,1310.32,1271.62,2026-04-22,5.026679687500064,-38.700000000000045,True
2026-04-22 23:00:00,1299.36865234375,1300.74,1187.56,2026-04-22,-1.371347656250009,-113.18000000000006,True
2026-04-22 23:15:00,1274.49169921875,1281.63,1187.56,2026-04-22,-7.138300781250109,-94.07000000000016,True
2026-04-22 23:30:00,1261.8341064453125,1257.1,1187.56,2026-04-22,4.734106445312591,-69.53999999999996,True
2026-04-23 00:00:00,1201.59228515625,1215.33,1100.69,2026-04-23,-13.737714843749927,-114.63999999999987,True
2026-04-23 00:15:00,1187.7476806640625,1199.54,1100.69,2026-04-23,-11.792319335937464,-98.84999999999991,True
2026-04-23 00:30:00,1176.81591796875,1181.29,1100.69,2026-04-23,-4.474082031249964,-80.59999999999991,True
2026-04-23 00:45:00,1162.3021240234375,1144.53,1100.69,2026-04-23,17.772124023437527,-43.83999999999992,True
2026-04-23 01:00:00,1138.5916748046875,1137.4499999999998,1062.36,2026-04-23,1.141674804687682,-75.08999999999992,True
2026-04-23 01:15:00,1130.1427001953125,1140.13,1062.36,2026-04-23,-9.98729980468761,-77.77000000000021,True
2026-04-23 01:30:00,1115.4820556640625,1094.87,1062.36,2026-04-23,20.61205566406261,-32.50999999999999,True
2026-04-23 01:45:00,1108.17138671875,1095.85,1062.36,2026-04-23,12.321386718750091,-33.49000000000001,True
2026-04-23 02:00:00,1103.8201904296875,1093.74,1043.27,2026-04-23,10.080190429687491,-50.47000000000003,True
2026-04-23 02:15:00,1093.1256103515625,1101.96,1043.27,2026-04-23,-8.834389648437536,-58.690000000000055,True
2026-04-23 02:30:00,1090.0318603515625,1101.59,1043.27,2026-04-23,-11.558139648437418,-58.319999999999936,True
2026-04-23 02:45:00,1086.99072265625,1076.06,1043.27,2026-04-23,10.930722656250055,-32.789999999999964,True
2026-04-23 03:00:00,1086.593505859375,1078.91,1029.7600000000002,2026-04-23,7.683505859374918,-49.149999999999864,True
2026-04-23 03:15:00,1085.8836669921875,1066.17,1029.7600000000002,2026-04-23,19.713666992187427,-36.409999999999854,True
2026-04-23 03:30:00,1087.6942138671875,1084.55,1029.7600000000002,2026-04-23,3.1442138671875455,-54.789999999999736,True
2026-04-23 03:45:00,1088.3050537109375,1074.43,1029.7600000000002,2026-04-23,13.875053710937436,-44.669999999999845,True
2026-04-23 04:00:00,1085.15478515625,1071.82,1043.29,2026-04-23,13.334785156250064,-28.529999999999973,True
2026-04-23 04:15:00,1089.7069091796875,1070.79,1043.29,2026-04-23,18.916909179687536,-27.5,True
2026-04-23 04:30:00,1087.2652587890625,1087.8,1043.29,2026-04-23,-0.5347412109374545,-44.50999999999999,True
2026-04-23 04:45:00,1096.9412841796875,1091.7,1043.29,2026-04-23,5.2412841796874545,-48.41000000000008,True
2026-04-23 05:00:00,1140.8155517578125,1096.13,1106.01,2026-04-23,44.68555175781239,9.879999999999882,True
2026-04-23 05:15:00,1152.7708740234375,1125.4699999999998,1106.01,2026-04-23,27.3008740234377,-19.45999999999981,True
2026-04-23 05:30:00,1164.8763427734375,1148.52,1106.01,2026-04-23,16.356342773437518,-42.50999999999999,True
2026-04-23 05:45:00,1187.6292724609375,1137.86,1106.01,2026-04-23,49.7692724609376,-31.84999999999991,True
2026-04-23 06:00:00,1219.6104736328125,1200.02,1176.6,2026-04-23,19.590473632812518,-23.420000000000073,True
2026-04-23 06:15:00,1236.9014892578125,1227.94,1176.6,2026-04-23,8.961489257812445,-51.340000000000146,True
2026-04-23 06:30:00,1239.116455078125,1249.99,1176.6,2026-04-23,-10.873544921875009,-73.3900000000001,True
2026-04-23 06:45:00,1254.428466796875,1268.61,1176.6,2026-04-23,-14.1815332031249,-92.00999999999999,True
2026-04-23 07:00:00,1280.108642578125,1295.23,1227.04,2026-04-23,-15.121357421875018,-68.19000000000005,True
2026-04-23 07:15:00,1286.72021484375,1286.86,1227.04,2026-04-23,-0.13978515624989996,-59.819999999999936,True
2026-04-23 07:30:00,1294.5347900390625,1287.36,1227.04,2026-04-23,7.1747900390626,-60.319999999999936,True
2026-04-23 07:45:00,1310.283447265625,1302.78,1227.04,2026-04-23,7.503447265625027,-75.74000000000001,True
2026-04-23 08:00:00,1322.2725830078125,1336.6,1329.03,2026-04-23,-14.327416992187409,-7.569999999999936,True
2026-04-23 08:15:00,1346.142333984375,1356.2,1329.03,2026-04-23,-10.057666015625045,-27.170000000000073,True
2026-04-23 08:30:00,1368.300048828125,1407.63,1329.03,2026-04-23,-39.32995117187511,-78.60000000000014,True
2026-04-23 08:45:00,1367.2818603515625,1404.62,1329.03,2026-04-23,-37.33813964843739,-75.58999999999992,True
2026-04-23 09:00:00,1400.895263671875,1414.79,1380.5,2026-04-23,-13.894736328124964,-34.289999999999964,True
2026-04-23 09:15:00,1413.1375732421875,1426.6,1380.5,2026-04-23,-13.462426757812409,-46.09999999999991,True
2026-04-23 09:30:00,1429.8204345703125,1446.91,1380.5,2026-04-23,-17.089565429687582,-66.41000000000008,True
2026-04-23 09:45:00,1427.21240234375,1437.9,1380.5,2026-04-23,-10.687597656250091,-57.40000000000009,True
2026-04-23 10:00:00,1438.8939208984375,1453.19,1414.4499999999998,2026-04-23,-14.296079101562555,-38.74000000000024,True
2026-04-23 10:15:00,1444.427490234375,1459.31,1414.4499999999998,2026-04-23,-14.882509765624945,-44.86000000000013,True
2026-04-23 10:30:00,1453.5400390625,1482.7,1414.4499999999998,2026-04-23,-29.159960937500045,-68.25000000000023,True
2026-04-23 10:45:00,1471.1468505859375,1500.9699999999998,1414.4499999999998,2026-04-23,-29.8231494140623,-86.51999999999998,True
2026-04-23 11:00:00,1470.302490234375,1497.84,1415.16,2026-04-23,-27.537509765624918,-82.67999999999984,True
2026-04-23 11:15:00,1477.1787109375,1496.99,1415.16,2026-04-23,-19.81128906250001,-81.82999999999993,True
2026-04-23 11:30:00,1480.5318603515625,1506.35,1415.16,2026-04-23,-25.81813964843741,-91.18999999999983,True
2026-04-23 11:45:00,1464.6624755859375,1484.9299999999998,1415.16,2026-04-23,-20.267524414062336,-69.76999999999975,True
2026-04-23 12:00:00,1422.1827392578125,1461.9,1386.36,2026-04-23,-39.71726074218759,-75.54000000000019,True
2026-04-23 12:15:00,1420.4429931640625,1408.0500000000002,1386.36,2026-04-23,12.392993164062318,-21.690000000000282,True
2026-04-23 12:30:00,1424.8160400390625,1432.15,1386.36,2026-04-23,-7.333959960937591,-45.79000000000019,True
2026-04-23 12:45:00,1429.2213134765625,1445.8,1386.36,2026-04-23,-16.578686523437455,-59.440000000000055,True
2026-04-23 13:00:00,1433.7852783203125,1450.62,1422.16,2026-04-23,-16.83472167968739,-28.45999999999981,True
2026-04-23 13:15:00,1440.92138671875,1464.23,1422.16,2026-04-23,-23.308613281250018,-42.069999999999936,True
2026-04-23 13:30:00,1451.3056640625,1474.16,1422.16,2026-04-23,-22.854335937500082,-52.0,True
2026-04-23 13:45:00,1461.4437255859375,1484.87,1422.16,2026-04-23,-23.42627441406239,-62.70999999999981,True
2026-04-23 14:00:00,1476.7923583984375,1478.3,1452.52,2026-04-23,-1.5076416015624545,-25.779999999999973,True
2026-04-23 14:15:00,1491.880859375,1495.13,1452.52,2026-04-23,-3.249140625000109,-42.61000000000013,True
2026-04-23 14:30:00,1487.3489990234375,1512.74,1452.52,2026-04-23,-25.39100097656251,-60.22000000000003,True
2026-04-23 14:45:00,1486.62255859375,1505.04,1452.52,2026-04-23,-18.417441406249964,-52.51999999999998,True
2026-04-23 15:00:00,1497.5933837890625,1527.1799999999998,1461.02,2026-04-23,-29.586616210937336,-66.15999999999985,True
2026-04-23 15:15:00,1494.2259521484375,1540.83,1461.02,2026-04-23,-46.60404785156243,-79.80999999999995,True
2026-04-23 15:30:00,1496.579345703125,1546.6,1461.02,2026-04-23,-50.02065429687491,-85.57999999999993,True
2026-04-23 15:45:00,1488.7645263671875,1520.5300000000002,1461.02,2026-04-23,-31.7654736328127,-59.51000000000022,True
2026-04-23 16:00:00,1490.6790771484375,1536.42,1434.74,2026-04-23,-45.74092285156257,-101.68000000000006,True
2026-04-23 16:15:00,1484.2213134765625,1519.94,1434.74,2026-04-23,-35.718686523437555,-85.20000000000005,True
2026-04-23 16:30:00,1479.474853515625,1478.66,1434.74,2026-04-23,0.8148535156249181,-43.92000000000007,True
2026-04-23 16:45:00,1472.5145263671875,1500.6,1434.74,2026-04-23,-28.08547363281241,-65.8599999999999,True
2026-04-23 17:00:00,1432.63134765625,1475.5099999999998,1353.24,2026-04-23,-42.87865234374976,-122.26999999999975,True
2026-04-23 17:15:00,1420.7120361328125,1486.1,1353.24,2026-04-23,-65.38796386718741,-132.8599999999999,True
2026-04-23 17:30:00,1405.2733154296875,1448.38,1353.24,2026-04-23,-43.10668457031261,-95.1400000000001,True
2026-04-23 17:45:00,1408.8388671875,1485.58,1353.24,2026-04-23,-76.74113281249993,-132.33999999999992,True
2026-04-23 18:00:00,1453.2845458984375,1525.6799999999998,1510.15,2026-04-23,-72.39545410156234,-15.529999999999745,True
2026-04-23 18:15:00,1523.2943115234375,1604.2400000000002,1510.15,2026-04-23,-80.94568847656274,-94.09000000000015,True
2026-04-23 18:30:00,1538.595458984375,1628.46,1510.15,2026-04-23,-89.86454101562504,-118.30999999999995,True
2026-04-23 18:45:00,1545.4937744140625,1633.4499999999998,1510.15,2026-04-23,-87.95622558593732,-123.29999999999973,True
2026-04-23 19:00:00,1549.2633056640625,1627.98,1517.6,2026-04-23,-78.71669433593752,-110.38000000000011,True
2026-04-23 19:15:00,1543.6138916015625,1624.4900000000002,1517.6,2026-04-23,-80.87610839843774,-106.89000000000033,True
2026-04-23 19:30:00,1542.93701171875,1616.21,1517.6,2026-04-23,-73.27298828125004,-98.61000000000013,True
2026-04-23 19:45:00,1537.8043212890625,1609.2099999999998,1517.6,2026-04-23,-71.40567871093731,-91.6099999999999,True
2026-04-23 20:00:00,1523.7518310546875,1599.1799999999998,1478.67,2026-04-23,-75.42816894531234,-120.50999999999976,True
2026-04-23 20:15:00,1489.1912841796875,1583.04,1478.67,2026-04-23,-93.84871582031246,-104.36999999999989,True
2026-04-23 20:30:00,1479.677734375,1575.4299999999998,1478.67,2026-04-23,-95.75226562499984,-96.75999999999976,True
2026-04-23 20:45:00,1475.85009765625,1553.38,1478.67,2026-04-23,-77.52990234375011,-74.71000000000004,True
2026-04-23 21:00:00,1456.012939453125,1529.14,1393.0100000000002,2026-04-23,-73.1270605468751,-136.12999999999988,True
2026-04-23 21:15:00,1447.4541015625,1509.11,1393.0100000000002,2026-04-23,-61.6558984374999,-116.09999999999968,True
2026-04-23 21:30:00,1423.1470947265625,1483.48,1393.0100000000002,2026-04-23,-60.33290527343752,-90.4699999999998,True
2026-04-23 21:45:00,1403.833984375,1452.86,1393.0100000000002,2026-04-23,-49.0260156249999,-59.84999999999968,True
2026-04-23 22:00:00,1368.655029296875,1423.17,1285.38,2026-04-23,-54.51497070312507,-137.78999999999996,True
2026-04-23 22:15:00,1344.2587890625,1388.4699999999998,1285.38,2026-04-23,-44.2112109374998,-103.08999999999969,True
2026-04-23 22:30:00,1327.11083984375,1353.35,1285.38,2026-04-23,-26.23916015624991,-67.9699999999998,True
2026-04-23 22:45:00,1305.9859619140625,1315.11,1285.38,2026-04-23,-9.1240380859374,-29.72999999999979,True
2026-04-23 23:00:00,1267.2149658203125,1307.48,1188.84,2026-04-23,-40.26503417968752,-118.6400000000001,True
2026-04-23 23:15:00,1232.8902587890625,1277.39,1188.84,2026-04-23,-44.4997412109376,-88.55000000000018,True
2026-04-24 00:00:00,1231.76708984375,1204.16,1105.82,2026-04-24,27.607089843749918,-98.34000000000015,True
2026-04-24 00:15:00,1202.4239501953125,1177.08,1105.82,2026-04-24,25.343950195312573,-71.25999999999999,True
2026-04-24 00:30:00,1201.7628173828125,1145.78,1105.82,2026-04-24,55.98281738281253,-39.960000000000036,True
2026-04-24 00:45:00,1182.5286865234375,1144.84,1105.82,2026-04-24,37.68868652343758,-39.01999999999998,True
2026-04-24 01:00:00,1167.095703125,1124.17,1058.85,2026-04-24,42.92570312499993,-65.32000000000016,True
2026-04-24 01:15:00,1149.5594482421875,1115.12,1058.85,2026-04-24,34.43944824218761,-56.26999999999998,True
2026-04-24 01:30:00,1140.7518310546875,1110.28,1058.85,2026-04-24,30.471831054687527,-51.430000000000064,True
2026-04-24 01:45:00,1130.8424072265625,1094.92,1058.85,2026-04-24,35.92240722656243,-36.070000000000164,True
2026-04-24 02:00:00,1106.6431884765625,1088.98,1029.23,2026-04-24,17.663188476562482,-59.75,True
2026-04-24 02:15:00,1099.385498046875,1079.99,1029.23,2026-04-24,19.39549804687499,-50.75999999999999,True
2026-04-24 02:30:00,1097.415283203125,1074.0300000000002,1029.23,2026-04-24,23.3852832031248,-44.80000000000018,True
2026-04-24 02:45:00,1099.8687744140625,1061.46,1029.23,2026-04-24,38.408774414062464,-32.23000000000002,True
2026-04-24 03:00:00,1095.9688720703125,1063.67,1014.52,2026-04-24,32.29887207031243,-49.15000000000009,True
2026-04-24 03:15:00,1096.1375732421875,1052.13,1014.52,2026-04-24,44.00757324218739,-37.61000000000013,True
2026-04-24 03:30:00,1099.98046875,1060.86,1014.52,2026-04-24,39.1204687500001,-46.33999999999992,True
2026-04-24 03:45:00,1098.0748291015625,1053.44,1014.52,2026-04-24,44.634829101562445,-38.92000000000007,True
2026-04-24 04:00:00,1093.0428466796875,1052.63,1029.27,2026-04-24,40.41284667968739,-23.360000000000127,True
2026-04-24 04:15:00,1102.59814453125,1059.27,1029.27,2026-04-24,43.32814453125002,-30.0,True
2026-04-24 04:30:00,1107.4266357421875,1065.38,1029.27,2026-04-24,42.04663574218739,-36.11000000000013,True
2026-04-24 04:45:00,1104.8995361328125,1060.43,1029.27,2026-04-24,44.469536132812436,-31.160000000000082,True
2026-04-24 05:00:00,1131.6346435546875,1085.31,1093.85,2026-04-24,46.324643554687555,8.539999999999964,True
2026-04-24 05:15:00,1141.8763427734375,1105.65,1093.85,2026-04-24,36.22634277343741,-11.800000000000182,True
2026-04-24 05:30:00,1160.950927734375,1112.69,1093.85,2026-04-24,48.260927734374945,-18.840000000000146,True
2026-04-24 05:45:00,1178.133056640625,1140.66,1093.85,2026-04-24,37.47305664062492,-46.81000000000017,True
2026-04-24 06:00:00,1216.4891357421875,1186.18,1169.08,2026-04-24,30.309135742187436,-17.100000000000136,True
2026-04-24 06:15:00,1238.637451171875,1191.34,1169.08,2026-04-24,47.29745117187508,-22.25999999999999,True
2026-04-24 06:30:00,1251.6854248046875,1216.63,1169.08,2026-04-24,35.05542480468739,-47.55000000000018,True
2026-04-24 06:45:00,1253.6256103515625,1233.16,1169.08,2026-04-24,20.465610351562418,-64.08000000000015,True
2026-04-24 07:00:00,1273.091552734375,1255.85,1228.16,2026-04-24,17.24155273437509,-27.689999999999827,True
2026-04-24 07:15:00,1288.282958984375,1258.84,1228.16,2026-04-24,29.442958984375082,-30.679999999999836,True
2026-04-24 07:30:00,1302.0675048828125,1258.34,1228.16,2026-04-24,43.72750488281258,-30.179999999999836,True
2026-04-24 07:45:00,1304.799072265625,1276.31,1228.16,2026-04-24,28.489072265625055,-48.149999999999864,True
2026-04-24 08:00:00,1328.164306640625,1308.6799999999998,1325.04,2026-04-24,19.484306640625164,16.360000000000127,True
2026-04-24 08:15:00,1360.4464111328125,1336.45,1325.04,2026-04-24,23.996411132812455,-11.410000000000082,True
2026-04-24 08:30:00,1386.3363037109375,1373.31,1325.04,2026-04-24,13.026303710937555,-48.26999999999998,True
2026-04-24 08:45:00,1386.6790771484375,1374.72,1325.04,2026-04-24,11.959077148437473,-49.680000000000064,True
2026-04-24 09:00:00,1409.045166015625,1395.31,1376.59,2026-04-24,13.735166015625055,-18.720000000000027,True
2026-04-24 09:15:00,1426.2642822265625,1413.5,1376.59,2026-04-24,12.7642822265625,-36.91000000000008,True
2026-04-24 09:30:00,1437.0394287109375,1413.7600000000002,1376.59,2026-04-24,23.27942871093728,-37.1700000000003,True
2026-04-24 09:45:00,1444.8668212890625,1426.12,1376.59,2026-04-24,18.74682128906261,-49.52999999999997,True
2026-04-24 10:00:00,1433.758056640625,1440.63,1412.51,2026-04-24,-6.871943359375109,-28.12000000000012,True
2026-04-24 10:15:00,1455.746337890625,1444.25,1412.51,2026-04-24,11.496337890625,-31.74000000000001,True
2026-04-24 10:30:00,1461.5421142578125,1455.4499999999998,1412.51,2026-04-24,6.092114257812682,-42.93999999999983,True
2026-04-24 10:45:00,1464.7574462890625,1452.31,1412.51,2026-04-24,12.447446289062555,-39.799999999999955,True
2026-04-24 11:00:00,1475.5723876953125,1466.73,1423.83,2026-04-24,8.842387695312482,-42.90000000000009,True
2026-04-24 11:15:00,1478.419189453125,1485.4699999999998,1423.83,2026-04-24,-7.0508105468748,-61.63999999999987,True
2026-04-24 11:30:00,1474.77978515625,1489.8200000000002,1423.83,2026-04-24,-15.040214843750164,-65.99000000000024,True
2026-04-24 11:45:00,1469.830078125,1464.09,1423.83,2026-04-24,5.740078125000082,-40.25999999999999,True
2026-04-24 12:00:00,1418.3922119140625,1437.49,1369.58,2026-04-24,-19.09778808593751,-67.91000000000008,True
2026-04-24 12:15:00,1416.1243896484375,1427.78,1369.58,2026-04-24,-11.655610351562473,-58.200000000000045,True
2026-04-24 12:30:00,1418.9925537109375,1426.81,1369.58,2026-04-24,-7.817446289062445,-57.23000000000002,True
2026-04-24 12:45:00,1412.0518798828125,1427.54,1369.58,2026-04-24,-15.488120117187464,-57.960000000000036,True
2026-04-24 13:00:00,1421.022705078125,1459.76,1400.56,2026-04-24,-38.73729492187499,-59.200000000000045,True
2026-04-24 13:15:00,1433.7576904296875,1472.13,1400.56,2026-04-24,-38.37230957031261,-71.57000000000016,True
2026-04-24 13:30:00,1446.5904541015625,1477.41,1400.56,2026-04-24,-30.819545898437582,-76.85000000000014,True
2026-04-24 13:45:00,1441.28271484375,1495.2599999999998,1400.56,2026-04-24,-53.97728515624976,-94.69999999999982,True
2026-04-24 14:00:00,1482.27197265625,1519.25,1448.92,2026-04-24,-36.97802734375,-70.32999999999993,True
2026-04-24 14:15:00,1487.483642578125,1546.34,1448.92,2026-04-24,-58.85635742187492,-97.41999999999985,True
2026-04-24 14:30:00,1486.5445556640625,1539.5099999999998,1448.92,2026-04-24,-52.96544433593726,-90.58999999999969,True
2026-04-24 14:45:00,1493.9906005859375,1552.05,1448.92,2026-04-24,-58.059399414062455,-103.12999999999988,True
2026-04-24 15:00:00,1498.1361083984375,1562.32,1432.93,2026-04-24,-64.18389160156244,-129.38999999999987,True
2026-04-24 15:15:00,1494.02685546875,1568.66,1432.93,2026-04-24,-74.63314453125008,-135.73000000000002,True
2026-04-24 15:30:00,1491.8143310546875,1567.21,1432.93,2026-04-24,-75.39566894531254,-134.27999999999997,True
2026-04-24 15:45:00,1488.6033935546875,1558.8200000000002,1432.93,2026-04-24,-70.21660644531266,-125.8900000000001,True
2026-04-24 16:00:00,1482.3001708984375,1551.69,1403.93,2026-04-24,-69.38982910156255,-147.76,True
2026-04-24 16:15:00,1468.8363037109375,1537.5300000000002,1403.93,2026-04-24,-68.6936962890627,-133.60000000000014,True
2026-04-24 16:30:00,1457.595703125,1529.46,1403.93,2026-04-24,-71.86429687500004,-125.52999999999997,True
2026-04-24 16:45:00,1447.1334228515625,1519.36,1403.93,2026-04-24,-72.2265771484374,-115.42999999999984,True
2026-04-24 17:00:00,1403.7952880859375,1500.48,1311.81,2026-04-24,-96.68471191406252,-188.67000000000007,True
2026-04-24 17:15:00,1403.8443603515625,1491.39,1311.81,2026-04-24,-87.5456396484376,-179.58000000000015,True
2026-04-24 17:30:00,1383.65673828125,1481.94,1311.81,2026-04-24,-98.28326171875005,-170.1300000000001,True
2026-04-24 17:45:00,1390.114013671875,1480.78,1311.81,2026-04-24,-90.66598632812497,-168.97000000000003,True
2026-04-24 18:00:00,1432.62841796875,1552.1,1456.78,2026-04-24,-119.47158203124991,-95.31999999999994,True
2026-04-24 18:15:00,1485.1683349609375,1609.1899999999998,1456.78,2026-04-24,-124.02166503906233,-152.40999999999985,True
2026-04-24 18:30:00,1522.03173828125,1641.5300000000002,1456.78,2026-04-24,-119.4982617187502,-184.75000000000023,True
2026-04-24 18:45:00,1521.7501220703125,1644.25,1456.78,2026-04-24,-122.4998779296875,-187.47000000000003,True
2026-04-24 19:00:00,1513.17138671875,1641.67,1458.66,2026-04-24,-128.49861328125007,-183.01,True
2026-04-24 19:15:00,1511.45654296875,1638.9499999999998,1458.66,2026-04-24,-127.49345703124982,-180.28999999999974,True
2026-04-24 19:30:00,1510.3126220703125,1631.0499999999995,1458.66,2026-04-24,-120.737377929687,-172.38999999999942,True
2026-04-24 19:45:00,1506.6717529296875,1619.69,1458.66,2026-04-24,-113.01824707031255,-161.02999999999997,True
2026-04-24 20:00:00,1480.739501953125,1603.77,1406.88,2026-04-24,-123.03049804687498,-196.88999999999987,True
2026-04-24 20:15:00,1471.59619140625,1593.59,1406.88,2026-04-24,-121.99380859374992,-186.7099999999998,True
2026-04-24 20:30:00,1465.0345458984375,1584.0100000000002,1406.88,2026-04-24,-118.97545410156272,-177.1300000000001,True
2026-04-24 20:45:00,1454.09375,1568.75,1406.88,2026-04-24,-114.65625,-161.8699999999999,True
2026-04-24 21:00:00,1427.5838623046875,1539.41,1326.1799999999998,2026-04-24,-111.82613769531258,-213.23000000000025,True
2026-04-24 21:15:00,1412.10693359375,1518.6999999999998,1326.1799999999998,2026-04-24,-106.59306640624982,-192.51999999999998,True
2026-04-24 21:30:00,1377.7496337890625,1501.34,1326.1799999999998,2026-04-24,-123.59036621093742,-175.16000000000008,True
2026-04-24 21:45:00,1357.5216064453125,1465.01,1326.1799999999998,2026-04-24,-107.48839355468749,-138.83000000000015,True
2026-04-24 22:00:00,1342.174072265625,1437.73,1215.97,2026-04-24,-95.55592773437502,-221.76,True
2026-04-24 22:15:00,1323.78515625,1416.97,1215.97,2026-04-24,-93.18484375000003,-201.0,True
2026-04-24 22:30:00,1296.8670654296875,1385.0,1215.97,2026-04-24,-88.1329345703125,-169.02999999999997,True
2026-04-24 22:45:00,1263.64794921875,1351.02,1215.97,2026-04-24,-87.37205078124998,-135.04999999999995,True
2026-04-24 23:00:00,1248.442626953125,1339.66,1129.85,2026-04-24,-91.21737304687508,-209.81000000000017,True
2026-04-24 23:15:00,1225.53466796875,1318.43,1129.85,2026-04-24,-92.89533203125006,-188.58000000000015,True
2026-04-24 23:30:00,1213.1494140625,1297.91,1129.85,2026-04-24,-84.76058593750008,-168.06000000000017,True
2026-04-25 00:00:00,1204.5052490234375,1245.88,1052.88,2026-04-25,-41.37475097656261,-193.0,True
2026-04-25 00:15:00,1166.2437744140625,1229.14,1052.88,2026-04-25,-62.8962255859376,-176.26,True
2026-04-25 00:30:00,1150.9190673828125,1195.79,1052.88,2026-04-25,-44.870932617187464,-142.90999999999985,True
2026-04-25 00:45:00,1144.9638671875,1181.63,1052.88,2026-04-25,-36.66613281250011,-128.75,True
2026-04-25 01:00:00,1119.5838623046875,1172.01,1005.06,2026-04-25,-52.42613769531249,-166.95000000000005,True
2026-04-25 01:15:00,1104.8114013671875,1153.15,1005.06,2026-04-25,-48.33859863281259,-148.09000000000015,True
2026-04-25 01:30:00,1100.906005859375,1152.08,1005.06,2026-04-25,-51.17399414062493,-147.01999999999998,True
2026-04-25 01:45:00,1093.0638427734375,1140.9,1005.06,2026-04-25,-47.83615722656259,-135.84000000000015,True
2026-04-25 02:00:00,1091.837890625,1130.46,979.2900000000002,2026-04-25,-38.622109375000036,-151.16999999999985,True
2026-04-25 02:15:00,1078.941650390625,1112.62,979.2900000000002,2026-04-25,-33.67834960937489,-133.3299999999997,True
2026-04-25 02:30:00,1071.9169921875,1110.84,979.2900000000002,2026-04-25,-38.92300781249992,-131.54999999999973,True
2026-04-25 02:45:00,1075.3782958984375,1107.63,979.2900000000002,2026-04-25,-32.25170410156261,-128.33999999999992,True
2026-04-25 03:00:00,1068.8004150390625,1103.19,963.72,2026-04-25,-34.389584960937555,-139.47000000000003,True
2026-04-25 03:15:00,1064.371826171875,1098.05,963.72,2026-04-25,-33.678173828124955,-134.32999999999993,True
2026-04-25 03:30:00,1066.26025390625,1092.09,963.72,2026-04-25,-25.829746093749918,-128.3699999999999,True
2026-04-25 03:45:00,1064.15185546875,1095.25,963.72,2026-04-25,-31.09814453125,-131.52999999999997,True
2026-04-25 04:00:00,1068.28271484375,1085.11,971.81,2026-04-25,-16.8272851562499,-113.29999999999995,True
2026-04-25 04:15:00,1072.0386962890625,1088.05,971.81,2026-04-25,-16.011303710937455,-116.24000000000001,True
2026-04-25 04:30:00,1073.1363525390625,1097.4899999999998,971.81,2026-04-25,-24.35364746093728,-125.67999999999984,True
2026-04-25 04:45:00,1073.1292724609375,1099.65,971.81,2026-04-25,-26.52072753906259,-127.84000000000015,True
2026-04-25 05:00:00,1082.9212646484375,1092.9,1012.54,2026-04-25,-9.978735351562591,-80.36000000000013,True
2026-04-25 05:15:00,1093.94677734375,1118.21,1012.54,2026-04-25,-24.263222656250036,-105.67000000000007,True
2026-04-25 05:30:00,1095.5433349609375,1132.23,1012.54,2026-04-25,-36.68666503906252,-119.69000000000005,True
2026-04-25 05:45:00,1108.6912841796875,1133.49,1012.54,2026-04-25,-24.79871582031251,-120.95000000000005,True
2026-04-25 06:00:00,1087.0343017578125,1155.71,998.28,2026-04-25,-68.67569824218754,-157.43000000000006,True
2026-04-25 06:15:00,1088.2562255859375,1141.71,998.28,2026-04-25,-53.453774414062536,-143.43000000000006,True
2026-04-25 06:30:00,1074.1806640625,1122.47,998.28,2026-04-25,-48.28933593750003,-124.19000000000005,True
2026-04-25 06:45:00,1083.2197265625,1112.5500000000002,998.28,2026-04-25,-29.330273437500182,-114.27000000000021,True
2026-04-25 07:00:00,1143.5079345703125,1146.3000000000002,1098.82,2026-04-25,-2.792065429687682,-47.480000000000246,True
2026-04-25 07:15:00,1162.3675537109375,1167.13,1098.82,2026-04-25,-4.762446289062609,-68.31000000000017,True
2026-04-25 07:30:00,1172.6497802734375,1201.2,1098.82,2026-04-25,-28.550219726562545,-102.38000000000011,True
2026-04-25 07:45:00,1186.5277099609375,1208.12,1098.82,2026-04-25,-21.59229003906239,-109.29999999999995,True
2026-04-25 08:00:00,1227.710205078125,1245.03,1203.46,2026-04-25,-17.319794921874973,-41.569999999999936,True
2026-04-25 08:15:00,1271.7510986328125,1277.12,1203.46,2026-04-25,-5.368901367187391,-73.65999999999985,True
2026-04-25 08:30:00,1291.259033203125,1304.69,1203.46,2026-04-25,-13.430966796875055,-101.23000000000002,True
2026-04-25 08:45:00,1301.9844970703125,1327.95,1203.46,2026-04-25,-25.965502929687545,-124.49000000000001,True
2026-04-25 09:00:00,1297.61962890625,1354.5700000000002,1264.38,2026-04-25,-56.950371093750164,-90.19000000000005,True
2026-04-25 09:15:00,1307.7288818359375,1371.74,1264.38,2026-04-25,-64.01111816406251,-107.3599999999999,True
2026-04-25 09:30:00,1324.406982421875,1379.7799999999995,1264.38,2026-04-25,-55.37301757812452,-115.39999999999941,True
2026-04-25 09:45:00,1324.642822265625,1394.9,1264.38,2026-04-25,-70.25717773437509,-130.51999999999998,True
2026-04-25 10:00:00,1329.6436767578125,1410.23,1289.62,2026-04-25,-80.58632324218752,-120.61000000000013,True
2026-04-25 10:15:00,1336.6534423828125,1411.64,1289.62,2026-04-25,-74.9865576171876,-122.02000000000021,True
2026-04-25 10:30:00,1338.6268310546875,1411.9,1289.62,2026-04-25,-73.27316894531259,-122.2800000000002,True
2026-04-25 10:45:00,1344.158935546875,1440.93,1289.62,2026-04-25,-96.77106445312506,-151.31000000000017,True
2026-04-25 11:00:00,1361.70849609375,1449.4599999999998,1299.11,2026-04-25,-87.75150390624981,-150.3499999999999,True
2026-04-25 11:15:00,1368.57568359375,1465.81,1299.11,2026-04-25,-97.23431640624995,-166.70000000000005,True
2026-04-25 11:30:00,1373.046875,1476.62,1299.11,2026-04-25,-103.57312499999989,-177.51,True
2026-04-25 11:45:00,1360.3204345703125,1463.61,1299.11,2026-04-25,-103.2895654296874,-164.5,True
2026-04-25 12:00:00,1334.4200439453125,1450.38,1270.26,2026-04-25,-115.95995605468761,-180.12000000000012,True
2026-04-25 12:15:00,1315.8238525390625,1434.1,1270.26,2026-04-25,-118.27614746093741,-163.83999999999992,True
2026-04-25 12:30:00,1315.316650390625,1422.61,1270.26,2026-04-25,-107.2933496093749,-152.3499999999999,True
2026-04-25 12:45:00,1313.2388916015625,1432.06,1270.26,2026-04-25,-118.82110839843745,-161.79999999999995,True
2026-04-25 13:00:00,1302.4124755859375,1434.06,1279.55,2026-04-25,-131.64752441406245,-154.51,True
2026-04-25 13:15:00,1312.4346923828125,1422.51,1279.55,2026-04-25,-110.07530761718749,-142.96000000000004,True
2026-04-25 13:30:00,1317.364990234375,1432.98,1279.55,2026-04-25,-115.61500976562502,-153.43000000000006,True
2026-04-25 13:45:00,1325.7000732421875,1443.37,1279.55,2026-04-25,-117.66992675781239,-163.81999999999994,True
2026-04-25 14:00:00,1358.83251953125,1449.41,1293.12,2026-04-25,-90.57748046875008,-156.2900000000002,True
2026-04-25 14:15:00,1359.89794921875,1447.08,1293.12,2026-04-25,-87.18205078124993,-153.96000000000004,True
2026-04-25 14:30:00,1366.9508056640625,1458.39,1293.12,2026-04-25,-91.4391943359376,-165.2700000000002,True
2026-04-25 14:45:00,1354.959228515625,1469.21,1293.12,2026-04-25,-114.25077148437504,-176.09000000000015,True
2026-04-25 15:00:00,1377.584716796875,1473.9299999999998,1294.15,2026-04-25,-96.34528320312484,-179.77999999999975,True
2026-04-25 15:15:00,1376.5079345703125,1480.68,1294.15,2026-04-25,-104.17206542968756,-186.52999999999997,True
2026-04-25 15:30:00,1373.7294921875,1480.08,1294.15,2026-04-25,-106.35050781249993,-185.92999999999984,True
2026-04-25 15:45:00,1366.37890625,1455.56,1294.15,2026-04-25,-89.18109374999995,-161.40999999999985,True
2026-04-25 16:00:00,1367.3961181640625,1464.8100000000002,1280.0,2026-04-25,-97.41388183593767,-184.81000000000017,True
2026-04-25 16:15:00,1372.6146240234375,1451.56,1280.0,2026-04-25,-78.94537597656245,-171.55999999999995,True
2026-04-25 16:30:00,1357.6961669921875,1444.3000000000002,1280.0,2026-04-25,-86.60383300781268,-164.30000000000018,True
2026-04-25 16:45:00,1350.34814453125,1441.36,1280.0,2026-04-25,-91.0118554687499,-161.3599999999999,True
2026-04-25 17:00:00,1354.51416015625,1440.89,1242.08,2026-04-25,-86.3758398437501,-198.81000000000017,True
2026-04-25 17:15:00,1347.9620361328125,1423.9,1242.08,2026-04-25,-75.93796386718759,-181.82000000000016,True
2026-04-25 17:30:00,1345.632568359375,1429.34,1242.08,2026-04-25,-83.70743164062492,-187.26,True
2026-04-25 17:45:00,1350.679443359375,1452.5300000000002,1242.08,2026-04-25,-101.8505566406252,-210.45000000000027,True
2026-04-25 18:00:00,1441.9483642578125,1522.05,1427.64,2026-04-25,-80.10163574218745,-94.40999999999985,True
2026-04-25 18:15:00,1497.0743408203125,1604.56,1427.64,2026-04-25,-107.48565917968745,-176.91999999999985,True
2026-04-25 18:30:00,1513.894287109375,1616.47,1427.64,2026-04-25,-102.57571289062503,-188.82999999999993,True
2026-04-25 18:45:00,1511.8720703125,1630.7400000000002,1427.64,2026-04-25,-118.86792968750024,-203.10000000000014,True
2026-04-25 19:00:00,1515.2940673828125,1627.87,1424.2,2026-04-25,-112.57593261718739,-203.66999999999985,True
2026-04-25 19:15:00,1514.07373046875,1624.58,1424.2,2026-04-25,-110.50626953124993,-200.37999999999988,True
2026-04-25 19:30:00,1509.470458984375,1625.65,1424.2,2026-04-25,-116.17954101562509,-201.45000000000005,True
2026-04-25 19:45:00,1514.050537109375,1606.21,1424.2,2026-04-25,-92.15946289062504,-182.01,True
2026-04-25 20:00:00,1489.591064453125,1590.54,1380.03,2026-04-25,-100.94893554687496,-210.51,True
2026-04-25 20:15:00,1468.6795654296875,1583.9199999999998,1380.03,2026-04-25,-115.24043457031235,-203.88999999999987,True
2026-04-25 20:30:00,1458.74462890625,1570.6899999999998,1380.03,2026-04-25,-111.94537109374983,-190.65999999999985,True
2026-04-25 20:45:00,1448.795166015625,1552.29,1380.03,2026-04-25,-103.49483398437496,-172.26,True
2026-04-25 21:00:00,1407.4552001953125,645.71,1305.23,2026-04-25,761.7452001953125,659.52,True
2026-04-25 21:15:00,1392.5318603515625,1520.38,1305.23,2026-04-25,-127.84813964843761,-215.1500000000001,True
2026-04-25 21:30:00,1375.0518798828125,1497.18,1305.23,2026-04-25,-122.12812011718756,-191.95000000000005,True
2026-04-25 21:45:00,1351.32275390625,1461.44,1305.23,2026-04-25,-110.11724609375005,-156.21000000000004,True
2026-04-25 22:00:00,1317.259521484375,1430.4499999999998,1198.25,2026-04-25,-113.19047851562482,-232.19999999999982,True
2026-04-25 22:15:00,1294.6888427734375,1413.39,1198.25,2026-04-25,-118.7011572265626,-215.1400000000001,True
2026-04-25 22:30:00,1278.693359375,1388.7199999999998,1198.25,2026-04-25,-110.0266406249998,-190.4699999999998,True
2026-04-25 22:45:00,1248.4654541015625,1350.23,1198.25,2026-04-25,-101.76454589843752,-151.98000000000002,True
2026-04-25 23:00:00,1221.85791015625,1334.56,1110.75,2026-04-25,-112.70208984374995,-223.80999999999995,True
2026-04-25 23:15:00,1220.311767578125,1294.6,1110.75,2026-04-25,-74.28823242187491,-183.8499999999999,True
2026-04-25 23:30:00,1201.4677734375,1272.38,1110.75,2026-04-25,-70.91222656250011,-161.6300000000001,True
2026-04-26 00:00:00,1162.57373046875,1224.41,1023.1,2026-04-26,-61.83626953125008,-201.31000000000006,True
2026-04-26 00:15:00,1131.0311279296875,1201.99,1023.1,2026-04-26,-70.95887207031251,-178.89,True
2026-04-26 00:30:00,1122.703857421875,1183.27,1023.1,2026-04-26,-60.56614257812498,-160.16999999999996,True
2026-04-26 00:45:00,1111.0284423828125,1165.07,1023.1,2026-04-26,-54.041557617187436,-141.9699999999999,True
2026-04-26 01:00:00,1105.345947265625,1146.58,966.78,2026-04-26,-41.23405273437493,-179.79999999999995,True
2026-04-26 01:15:00,1096.3487548828125,1129.98,966.78,2026-04-26,-33.63124511718752,-163.20000000000005,True
2026-04-26 01:30:00,1086.420654296875,1114.99,966.78,2026-04-26,-28.56934570312501,-148.21000000000004,True
2026-04-26 01:45:00,1073.2191162109375,1107.24,966.78,2026-04-26,-34.02088378906251,-140.46000000000004,True
2026-04-26 02:00:00,1014.26171875,1085.89,930.69,2026-04-26,-71.6282812500001,-155.20000000000005,True
2026-04-26 02:15:00,997.035888671875,1080.2800000000002,930.69,2026-04-26,-83.2441113281252,-149.59000000000015,True
2026-04-26 02:30:00,987.3921508789062,1069.42,930.69,2026-04-26,-82.02784912109382,-138.73000000000002,True
2026-04-26 02:45:00,981.2752075195312,1061.35,930.69,2026-04-26,-80.07479248046866,-130.65999999999985,True
2026-04-26 03:00:00,962.9359741210938,1051.38,904.94,2026-04-26,-88.44402587890636,-146.44000000000005,True
2026-04-26 03:15:00,957.95947265625,1042.8,904.94,2026-04-26,-84.84052734374995,-137.8599999999999,True
2026-04-26 03:30:00,954.5027465820312,1028.9700000000005,904.94,2026-04-26,-74.46725341796923,-124.03000000000043,True
2026-04-26 03:45:00,945.2261962890625,1027.55,904.94,2026-04-26,-82.32380371093745,-122.6099999999999,True
2026-04-26 04:00:00,943.4154052734375,1021.69,893.4000000000001,2026-04-26,-78.27459472656255,-128.28999999999996,True
2026-04-26 04:15:00,938.7676391601562,1021.57,893.4000000000001,2026-04-26,-82.8023608398438,-128.16999999999996,True
2026-04-26 04:30:00,944.7069702148438,1019.47,893.4000000000001,2026-04-26,-74.76302978515628,-126.06999999999994,True
2026-04-26 04:45:00,947.7645263671875,1019.23,893.4000000000001,2026-04-26,-71.46547363281252,-125.82999999999993,True
2026-04-26 05:00:00,956.0464477539062,1022.89,907.84,2026-04-26,-66.84355224609374,-115.04999999999995,True
2026-04-26 05:15:00,952.3762817382812,1025.13,907.84,2026-04-26,-72.75371826171886,-117.29000000000008,True
2026-04-26 05:30:00,940.771484375,1032.91,907.84,2026-04-26,-92.13851562500008,-125.07000000000005,True
2026-04-26 05:45:00,932.0737915039062,1033.95,907.84,2026-04-26,-101.8762084960938,-126.11000000000001,True
2026-04-26 06:00:00,895.1220703125,1034.73,845.4099999999999,2026-04-26,-139.60792968750002,-189.32000000000016,True
2026-04-26 06:15:00,887.7710571289062,999.46,845.4099999999999,2026-04-26,-111.68894287109379,-154.05000000000018,True
2026-04-26 06:30:00,847.8565063476562,966.59,845.4099999999999,2026-04-26,-118.73349365234378,-121.18000000000018,True
2026-04-26 06:45:00,842.036376953125,961.55,845.4099999999999,2026-04-26,-119.51362304687495,-116.1400000000001,True
2026-04-26 07:00:00,858.613037109375,973.0,899.05,2026-04-26,-114.386962890625,-73.95000000000005,True
2026-04-26 07:15:00,858.388916015625,990.05,899.05,2026-04-26,-131.66108398437495,-91.0,True
2026-04-26 07:30:00,865.8165893554688,1006.04,899.05,2026-04-26,-140.2234106445312,-106.99000000000001,True
2026-04-26 07:45:00,872.9151611328125,1020.4299999999998,899.05,2026-04-26,-147.51483886718734,-121.37999999999988,True
2026-04-26 08:00:00,903.884765625,1039.18,952.06,2026-04-26,-135.29523437500006,-87.12000000000012,True
2026-04-26 08:15:00,909.7173461914062,1059.16,952.06,2026-04-26,-149.44265380859383,-107.10000000000014,True
2026-04-26 08:30:00,924.2862548828125,1073.35,952.06,2026-04-26,-149.0637451171874,-121.28999999999996,True
2026-04-26 08:45:00,947.5825805664062,1085.44,952.06,2026-04-26,-137.8574194335938,-133.3800000000001,True
2026-04-26 09:00:00,985.7266235351562,1103.54,1012.14,2026-04-26,-117.81337646484371,-91.39999999999998,True
2026-04-26 09:15:00,999.3367919921875,1113.77,1012.14,2026-04-26,-114.43320800781248,-101.63,True
2026-04-26 09:30:00,1009.8172607421875,1121.77,1012.14,2026-04-26,-111.95273925781248,-109.63,True
2026-04-26 09:45:00,1010.4324951171875,1130.64,1012.14,2026-04-26,-120.2075048828126,-118.50000000000011,True
2026-04-26 10:00:00,1076.94482421875,1136.78,1045.5,2026-04-26,-59.83517578124997,-91.27999999999997,True
2026-04-26 10:15:00,1081.4508056640625,1146.11,1045.5,2026-04-26,-64.6591943359374,-100.6099999999999,True
2026-04-26 10:30:00,1089.46435546875,1155.25,1045.5,2026-04-26,-65.78564453125,-109.75,True
2026-04-26 10:45:00,1088.7503662109375,1163.17,1045.5,2026-04-26,-74.41963378906257,-117.67000000000007,True
2026-04-26 11:00:00,1112.613525390625,1163.97,1069.91,2026-04-26,-51.35647460937503,-94.05999999999995,True
2026-04-26 11:15:00,1123.4075927734375,1169.66,1069.91,2026-04-26,-46.25240722656258,-99.75,True
2026-04-26 11:30:00,1122.68310546875,1170.6,1069.91,2026-04-26,-47.91689453124991,-100.68999999999983,True
2026-04-26 11:45:00,1118.6087646484375,1176.53,1069.91,2026-04-26,-57.92123535156247,-106.61999999999989,True
2026-04-26 12:00:00,1123.5946044921875,1176.51,1068.44,2026-04-26,-52.91539550781249,-108.06999999999994,True
2026-04-26 12:15:00,1112.038818359375,1176.29,1068.44,2026-04-26,-64.25118164062496,-107.84999999999991,True
2026-04-26 12:30:00,1112.5194091796875,1180.55,1068.44,2026-04-26,-68.03059082031245,-112.1099999999999,True
2026-04-26 12:45:00,1106.496826171875,1180.74,1068.44,2026-04-26,-74.24317382812501,-112.29999999999995,True
2026-04-26 13:00:00,1133.025146484375,1186.35,1081.0,2026-04-26,-53.32485351562491,-105.34999999999991,True
2026-04-26 13:15:00,1128.6162109375,1193.75,1081.0,2026-04-26,-65.1337890625,-112.75,True
2026-04-26 13:30:00,1139.9439697265625,1198.62,1081.0,2026-04-26,-58.67603027343739,-117.61999999999989,True
2026-04-26 13:45:00,1131.51904296875,1189.71,1081.0,2026-04-26,-58.190957031250036,-108.71000000000004,True
2026-04-26 14:00:00,1126.778076171875,1206.37,1102.27,2026-04-26,-79.59192382812489,-104.09999999999991,True
2026-04-26 14:15:00,1131.816650390625,1207.06,1102.27,2026-04-26,-75.24334960937495,-104.78999999999996,True
2026-04-26 14:30:00,1138.5848388671875,1211.74,1102.27,2026-04-26,-73.15516113281251,-109.47000000000003,True
2026-04-26 14:45:00,1134.3668212890625,1210.23,1102.27,2026-04-26,-75.86317871093752,-107.96000000000004,True
2026-04-26 15:00:00,1140.02490234375,1209.3300000000002,1115.9,2026-04-26,-69.30509765625015,-93.43000000000006,True
2026-04-26 15:15:00,1139.69921875,1214.25,1115.9,2026-04-26,-74.55078125,-98.34999999999991,True
2026-04-26 15:30:00,1135.6099853515625,1215.56,1115.9,2026-04-26,-79.95001464843745,-99.65999999999985,True
2026-04-26 15:45:00,1132.9324951171875,1215.55,1115.9,2026-04-26,-82.61750488281245,-99.64999999999986,True
2026-04-26 16:00:00,1217.5224609375,1213.9499999999998,1128.06,2026-04-26,3.572460937500182,-85.88999999999987,True
2026-04-26 16:15:00,1210.661376953125,1213.34,1128.06,2026-04-26,-2.678623046874918,-85.27999999999997,True
2026-04-26 16:30:00,1212.9854736328125,1210.61,1128.06,2026-04-26,2.3754736328126,-82.54999999999995,True
2026-04-26 16:45:00,1214.020263671875,1214.58,1128.06,2026-04-26,-0.5597363281249272,-86.51999999999998,True
2026-04-26 17:00:00,1209.0924072265625,1221.51,1148.79,2026-04-26,-12.417592773437491,-72.72000000000003,True
2026-04-26 17:15:00,1213.1141357421875,1225.87,1148.79,2026-04-26,-12.75586425781239,-77.07999999999993,True
2026-04-26 17:30:00,1217.3385009765625,1235.68,1148.79,2026-04-26,-18.341499023437564,-86.8900000000001,True
2026-04-26 17:45:00,1235.95751953125,1267.72,1148.79,2026-04-26,-31.762480468750027,-118.93000000000006,True
2026-04-26 18:00:00,1300.5692138671875,1354.27,1372.0000000000002,2026-04-26,-53.70078613281248,17.730000000000246,True
2026-04-26 18:15:00,1376.581298828125,1428.9499999999998,1372.0000000000002,2026-04-26,-52.36870117187482,-56.94999999999959,True
2026-04-26 18:30:00,1396.9962158203125,1457.58,1372.0000000000002,2026-04-26,-60.58378417968743,-85.5799999999997,True
2026-04-26 18:45:00,1423.5087890625,1467.94,1372.0000000000002,2026-04-26,-44.431210937500055,-95.93999999999983,True
2026-04-26 19:00:00,1429.346923828125,1470.42,1378.71,2026-04-26,-41.07307617187507,-91.71000000000004,True
2026-04-26 19:15:00,1427.1346435546875,1473.42,1378.71,2026-04-26,-46.28535644531257,-94.71000000000004,True
2026-04-26 19:30:00,1429.0911865234375,1466.3000000000002,1378.71,2026-04-26,-37.20881347656268,-87.59000000000015,True
2026-04-26 19:45:00,1425.355224609375,1460.49,1378.71,2026-04-26,-35.13477539062501,-81.77999999999997,True
2026-04-26 20:00:00,1423.246826171875,1453.68,1351.59,2026-04-26,-30.433173828125064,-102.09000000000015,True
2026-04-26 20:15:00,1417.1376953125,1443.31,1351.59,2026-04-26,-26.172304687499945,-91.72000000000003,True
2026-04-26 20:30:00,1407.2515869140625,1432.27,1351.59,2026-04-26,-25.018413085937482,-80.68000000000006,True
2026-04-26 20:45:00,1410.2467041015625,1420.52,1351.59,2026-04-26,-10.273295898437482,-68.93000000000006,True
2026-04-26 21:00:00,1416.4522705078125,1405.85,1279.6,2026-04-26,10.602270507812591,-126.25,True
2026-04-26 21:15:00,1328.579345703125,1376.0,1279.6,2026-04-26,-47.420654296875,-96.40000000000009,True
2026-04-26 21:30:00,1393.1541748046875,1362.63,1279.6,2026-04-26,30.52417480468739,-83.0300000000002,True
2026-04-26 21:45:00,1356.225341796875,1336.25,1279.6,2026-04-26,19.975341796875,-56.65000000000009,True
2026-04-26 22:00:00,1315.0526123046875,1317.86,1181.5300000000002,2026-04-26,-2.8073876953124,-136.3299999999997,True
2026-04-26 22:15:00,1272.3724365234375,1287.84,1181.5300000000002,2026-04-26,-15.467563476562418,-106.30999999999972,True
2026-04-26 22:30:00,1256.56396484375,1266.66,1181.5300000000002,2026-04-26,-10.096035156250082,-85.12999999999988,True
2026-04-26 22:45:00,1230.2822265625,1222.7799999999995,1181.5300000000002,2026-04-26,7.502226562500482,-41.24999999999932,True
2026-04-26 23:00:00,1160.0576171875,1230.98,1072.63,2026-04-26,-70.92238281250002,-158.3499999999999,True
2026-04-26 23:15:00,1166.0040283203125,1201.09,1072.63,2026-04-26,-35.08597167968742,-128.4599999999998,True
2026-04-27 00:00:00,1093.5614013671875,1105.24,989.77,2026-04-27,-11.678598632812509,-115.47000000000003,True
2026-04-27 00:15:00,1072.4248046875,1091.2800000000002,989.77,2026-04-27,-18.8551953125002,-101.51000000000022,True
2026-04-27 00:30:00,1059.614013671875,1076.16,989.77,2026-04-27,-16.545986328125082,-86.3900000000001,True
2026-04-27 00:45:00,1039.2467041015625,1035.26,989.77,2026-04-27,3.986704101562509,-45.49000000000001,True
2026-04-27 01:00:00,1032.0989990234375,1039.84,946.26,2026-04-27,-7.741000976562418,-93.57999999999993,True
2026-04-27 01:15:00,1018.51123046875,1036.0,946.26,2026-04-27,-17.48876953125,-89.74000000000001,True
2026-04-27 01:30:00,1012.4072875976562,1029.34,946.26,2026-04-27,-16.932712402343668,-83.07999999999993,True
2026-04-27 01:45:00,996.3945922851562,1014.74,946.26,2026-04-27,-18.34540771484376,-68.48000000000002,True
2026-04-27 02:00:00,986.7637329101562,1017.0,916.13,2026-04-27,-30.23626708984375,-100.87,True
2026-04-27 02:15:00,979.9859008789062,1002.31,916.13,2026-04-27,-22.324099121093695,-86.17999999999995,True
2026-04-27 02:30:00,975.5289306640625,994.82,916.13,2026-04-27,-19.29106933593755,-78.69000000000005,True
2026-04-27 02:45:00,975.0386962890625,996.32,916.13,2026-04-27,-21.28130371093755,-80.19000000000005,True
2026-04-27 03:00:00,968.6436157226562,997.04,905.05,2026-04-27,-28.396384277343714,-91.99000000000001,True
2026-04-27 03:15:00,966.6285400390625,991.26,905.05,2026-04-27,-24.63145996093749,-86.21000000000004,True
2026-04-27 03:30:00,970.3659057617188,967.54,905.05,2026-04-27,2.8259057617187864,-62.49000000000001,True
2026-04-27 03:45:00,971.0894165039062,986.95,905.05,2026-04-27,-15.860583496093795,-81.90000000000009,True
2026-04-27 04:00:00,974.114501953125,979.6,920.94,2026-04-27,-5.485498046875023,-58.65999999999997,True
2026-04-27 04:15:00,979.124267578125,989.76,920.94,2026-04-27,-10.635732421874991,-68.81999999999994,True
2026-04-27 04:30:00,977.03076171875,985.59,920.94,2026-04-27,-8.559238281250032,-64.64999999999998,True
2026-04-27 04:45:00,983.3946533203125,1004.62,920.94,2026-04-27,-21.225346679687505,-83.67999999999995,True
2026-04-27 05:00:00,1006.6375732421875,999.8,1000.77,2026-04-27,6.8375732421875455,0.9700000000000273,True
2026-04-27 05:15:00,1018.1983642578125,1040.44,1000.77,2026-04-27,-22.241635742187555,-39.67000000000007,True
2026-04-27 05:30:00,1026.8419189453125,1048.65,1000.77,2026-04-27,-21.80808105468759,-47.88000000000011,True
2026-04-27 05:45:00,1038.5570068359375,1084.3,1000.77,2026-04-27,-45.742993164062455,-83.52999999999997,True
2026-04-27 06:00:00,1129.5692138671875,1131.83,1117.09,2026-04-27,-2.2607861328124272,-14.740000000000009,True
2026-04-27 06:15:00,1144.9615478515625,1161.64,1117.09,2026-04-27,-16.6784521484376,-44.55000000000018,True
2026-04-27 06:30:00,1166.7044677734375,1172.02,1117.09,2026-04-27,-5.315532226562482,-54.930000000000064,True
2026-04-27 06:45:00,1179.2967529296875,1199.74,1117.09,2026-04-27,-20.44324707031251,-82.65000000000009,True
2026-04-27 07:00:00,1169.06591796875,1236.48,1156.69,2026-04-27,-67.41408203125002,-79.78999999999996,True
2026-04-27 07:15:00,1189.640380859375,1232.2299999999998,1156.69,2026-04-27,-42.58961914062479,-75.53999999999974,True
2026-04-27 07:30:00,1201.7415771484375,1208.7399999999998,1156.69,2026-04-27,-6.998422851562282,-52.04999999999973,True
2026-04-27 07:45:00,1208.103515625,1225.73,1156.69,2026-04-27,-17.626484375000018,-69.03999999999996,True
2026-04-27 08:00:00,1241.0609130859375,1254.84,1249.67,2026-04-27,-13.779086914062418,-5.169999999999845,True
2026-04-27 08:15:00,1264.84423828125,1277.53,1249.67,2026-04-27,-12.685761718749973,-27.8599999999999,True
2026-04-27 08:30:00,1273.955322265625,1277.7000000000005,1249.67,2026-04-27,-3.7446777343755002,-28.030000000000427,True
2026-04-27 08:45:00,1276.697021484375,1325.38,1249.67,2026-04-27,-48.68297851562511,-75.71000000000004,True
2026-04-27 09:00:00,1324.2972412109375,1341.63,1310.64,2026-04-27,-17.33275878906261,-30.99000000000001,True
2026-04-27 09:15:00,1337.0072021484375,1351.99,1310.64,2026-04-27,-14.982797851562509,-41.34999999999991,True
2026-04-27 09:30:00,1341.1475830078125,1348.75,1310.64,2026-04-27,-7.6024169921875,-38.1099999999999,True
2026-04-27 09:45:00,1348.6016845703125,1391.25,1310.64,2026-04-27,-42.6483154296875,-80.6099999999999,True
2026-04-27 10:00:00,1378.013427734375,1395.39,1353.16,2026-04-27,-17.3765722656251,-42.23000000000002,True
2026-04-27 10:15:00,1388.5816650390625,1396.51,1353.16,2026-04-27,-7.928334960937491,-43.34999999999991,True
2026-04-27 10:30:00,1397.756591796875,1423.53,1353.16,2026-04-27,-25.773408203124973,-70.36999999999989,True
2026-04-27 10:45:00,1403.716064453125,1421.54,1353.16,2026-04-27,-17.823935546874964,-68.37999999999988,True
2026-04-27 11:00:00,1432.2979736328125,1446.64,1378.4900000000002,2026-04-27,-14.3420263671876,-68.14999999999986,True
2026-04-27 11:15:00,1438.9559326171875,1424.87,1378.4900000000002,2026-04-27,14.08593261718761,-46.379999999999654,True
2026-04-27 11:30:00,1437.437744140625,1465.4,1378.4900000000002,2026-04-27,-27.96225585937509,-86.90999999999985,True
2026-04-27 11:45:00,1422.3756103515625,1438.84,1378.4900000000002,2026-04-27,-16.464389648437418,-60.34999999999968,True
2026-04-27 12:00:00,1387.10546875,1415.18,1350.33,2026-04-27,-28.074531250000064,-64.85000000000014,True
2026-04-27 12:15:00,1396.69580078125,1405.81,1350.33,2026-04-27,-9.114199218749945,-55.48000000000002,True
2026-04-27 12:30:00,1400.2108154296875,1400.19,1350.33,2026-04-27,0.02081542968744543,-49.86000000000013,True
2026-04-27 12:45:00,1403.4029541015625,1400.5800000000002,1350.33,2026-04-27,2.8229541015623454,-50.25000000000023,True
2026-04-27 13:00:00,1406.616455078125,1398.9699999999998,1384.72,2026-04-27,7.6464550781252,-14.249999999999773,True
2026-04-27 13:15:00,1411.59326171875,1400.46,1384.72,2026-04-27,11.133261718749964,-15.740000000000009,True
2026-04-27 13:30:00,1419.482666015625,1411.79,1384.72,2026-04-27,7.692666015625036,-27.069999999999936,True
2026-04-27 13:45:00,1421.5712890625,1410.09,1384.72,2026-04-27,11.481289062500082,-25.36999999999989,True
2026-04-27 14:00:00,1450.4525146484375,1418.62,1422.74,2026-04-27,31.83251464843761,4.120000000000118,True
2026-04-27 14:15:00,1462.664306640625,1439.52,1422.74,2026-04-27,23.144306640625018,-16.779999999999973,True
2026-04-27 14:30:00,1461.3955078125,1419.35,1422.74,2026-04-27,42.04550781250009,3.3900000000001,True
2026-04-27 14:45:00,1453.173828125,1458.58,1422.74,2026-04-27,-5.406171874999927,-35.83999999999992,True
2026-04-27 15:00:00,1455.3309326171875,1446.7199999999998,1417.23,2026-04-27,8.6109326171877,-29.48999999999978,True
2026-04-27 15:15:00,1452.6881103515625,1440.7199999999998,1417.23,2026-04-27,11.9681103515627,-23.48999999999978,True
2026-04-27 15:30:00,1465.480712890625,1430.62,1417.23,2026-04-27,34.86071289062511,-13.389999999999873,True
2026-04-27 15:45:00,1457.2850341796875,1466.56,1417.23,2026-04-27,-9.274965820312445,-49.32999999999993,True
2026-04-27 16:00:00,1446.263916015625,1419.04,1383.4,2026-04-27,27.223916015625036,-35.63999999999987,True
2026-04-27 16:15:00,1440.2152099609375,1406.23,1383.4,2026-04-27,33.98520996093748,-22.829999999999927,True
2026-04-27 16:30:00,1433.5684814453125,1402.3000000000002,1383.4,2026-04-27,31.268481445312318,-18.90000000000009,True
2026-04-27 16:45:00,1415.78173828125,1394.17,1383.4,2026-04-27,21.611738281249927,-10.769999999999982,True
2026-04-27 17:00:00,1390.566650390625,1388.86,1307.98,2026-04-27,1.7066503906251,-80.87999999999988,True
2026-04-27 17:15:00,1389.7642822265625,1388.68,1307.98,2026-04-27,1.0842822265624363,-80.70000000000005,True
2026-04-27 17:30:00,1375.1827392578125,1394.24,1307.98,2026-04-27,-19.05726074218751,-86.25999999999999,True
2026-04-27 17:45:00,1390.3035888671875,1421.85,1307.98,2026-04-27,-31.54641113281241,-113.86999999999989,True
2026-04-27 18:00:00,1441.647216796875,1468.3,1480.89,2026-04-27,-26.652783203124955,12.590000000000146,True
2026-04-27 18:15:00,1492.805419921875,1524.53,1480.89,2026-04-27,-31.724580078124973,-43.63999999999987,True
2026-04-27 18:30:00,1537.6282958984375,1557.32,1480.89,2026-04-27,-19.691704101562436,-76.42999999999984,True
2026-04-27 18:45:00,1540.4932861328125,1556.37,1480.89,2026-04-27,-15.87671386718739,-75.47999999999979,True
2026-04-27 19:00:00,1534.62646484375,1553.45,1478.64,2026-04-27,-18.823535156250045,-74.80999999999995,True
2026-04-27 19:15:00,1535.17236328125,1550.39,1478.64,2026-04-27,-15.2176367187501,-71.75,True
2026-04-27 19:30:00,1536.496337890625,1546.02,1478.64,2026-04-27,-9.523662109374982,-67.37999999999988,True
2026-04-27 19:45:00,1531.196533203125,1541.3200000000002,1478.64,2026-04-27,-10.123466796875164,-62.680000000000064,True
2026-04-27 20:00:00,1524.9239501953125,1528.06,1433.92,2026-04-27,-3.1360498046874454,-94.13999999999987,True
2026-04-27 20:15:00,1505.57568359375,1521.38,1433.92,2026-04-27,-15.80431640625011,-87.46000000000004,True
2026-04-27 20:30:00,1493.749267578125,1508.4299999999998,1433.92,2026-04-27,-14.680732421874836,-74.50999999999976,True
2026-04-27 20:45:00,1480.3914794921875,1493.18,1433.92,2026-04-27,-12.788520507812564,-59.25999999999999,True
2026-04-27 21:00:00,1462.4853515625,1468.88,1347.5300000000002,2026-04-27,-6.394648437500109,-121.34999999999991,True
2026-04-27 21:15:00,1441.900634765625,1449.2800000000002,1347.5300000000002,2026-04-27,-7.3793652343752,-101.75,True
2026-04-27 21:30:00,1422.689208984375,1424.76,1347.5300000000002,2026-04-27,-2.070791015624991,-77.22999999999979,True
2026-04-27 21:45:00,1379.4315185546875,1392.94,1347.5300000000002,2026-04-27,-13.508481445312555,-45.409999999999854,True
2026-04-27 22:00:00,1385.005859375,1375.31,1229.41,2026-04-27,9.695859375000055,-145.89999999999986,True
2026-04-27 22:15:00,1348.8643798828125,1341.3,1229.41,2026-04-27,7.5643798828125455,-111.88999999999987,True
2026-04-27 22:30:00,1336.1480712890625,1311.37,1229.41,2026-04-27,24.77807128906261,-81.95999999999981,True
2026-04-27 22:45:00,1285.220947265625,1275.96,1229.41,2026-04-27,9.260947265624964,-46.549999999999955,True
2026-04-27 23:00:00,1260.7427978515625,1249.59,1137.44,2026-04-27,11.152797851562582,-112.14999999999986,True
2026-04-27 23:15:00,1242.094970703125,1216.24,1137.44,2026-04-27,25.85497070312499,-78.79999999999995,True
2026-04-27 23:30:00,1232.3232421875,1199.59,1137.44,2026-04-27,32.73324218750008,-62.149999999999864,True
2026-04-28 00:00:00,1164.575927734375,1162.33,1046.0100000000002,2026-04-28,2.2459277343750728,-116.31999999999971,True
2026-04-28 00:15:00,1133.880859375,1153.92,1046.0100000000002,2026-04-28,-20.039140625000073,-107.90999999999985,True
2026-04-28 00:30:00,1115.97607421875,1102.87,1046.0100000000002,2026-04-28,13.10607421875011,-56.85999999999967,True
2026-04-28 00:45:00,1098.16015625,1095.53,1046.0100000000002,2026-04-28,2.6301562500000273,-49.519999999999754,True
2026-04-28 01:00:00,1089.8424072265625,1085.8200000000002,1005.0,2026-04-28,4.022407226562336,-80.82000000000016,True
2026-04-28 01:15:00,1074.8790283203125,1081.18,1005.0,2026-04-28,-6.300971679687564,-76.18000000000006,True
2026-04-28 01:30:00,1066.0858154296875,1060.6,1005.0,2026-04-28,5.485815429687591,-55.59999999999991,True
2026-04-28 01:45:00,1059.87158203125,1047.44,1005.0,2026-04-28,12.431582031249945,-42.440000000000055,True
2026-04-28 02:00:00,1052.95458984375,1044.84,977.1,2026-04-28,8.114589843750082,-67.7399999999999,True
2026-04-28 02:15:00,1045.31494140625,1020.73,977.1,2026-04-28,24.584941406249982,-43.629999999999995,True
2026-04-28 02:30:00,1039.4683837890625,1021.49,977.1,2026-04-28,17.97838378906249,-44.389999999999986,True
2026-04-28 02:45:00,1036.1412353515625,1031.41,977.1,2026-04-28,4.731235351562418,-54.31000000000006,True
2026-04-28 03:00:00,1032.48388671875,1043.58,967.46,2026-04-28,-11.096113281249927,-76.11999999999989,True
2026-04-28 03:15:00,1032.117919921875,1053.97,967.46,2026-04-28,-21.852080078125027,-86.50999999999999,True
2026-04-28 03:30:00,1028.025634765625,1048.78,967.46,2026-04-28,-20.754365234374973,-81.31999999999994,True
2026-04-28 03:45:00,1031.51416015625,1047.55,967.46,2026-04-28,-16.035839843749955,-80.08999999999992,True
2026-04-28 04:00:00,1035.0771484375,1046.69,978.31,2026-04-28,-11.612851562500055,-68.38000000000011,True
2026-04-28 04:15:00,1034.069580078125,1013.2,978.31,2026-04-28,20.869580078124955,-34.8900000000001,True
2026-04-28 04:30:00,1034.8414306640625,1040.12,978.31,2026-04-28,-5.278569335937391,-61.809999999999945,True
2026-04-28 04:45:00,1041.2833251953125,1052.7,978.31,2026-04-28,-11.416674804687545,-74.3900000000001,True
2026-04-28 05:00:00,1042.06103515625,1068.0,1040.47,2026-04-28,-25.93896484375,-27.529999999999973,True
2026-04-28 05:15:00,1057.2034912109375,1090.53,1040.47,2026-04-28,-33.32650878906247,-50.059999999999945,True
2026-04-28 05:30:00,1069.8857421875,1103.42,1040.47,2026-04-28,-33.53425781250007,-62.950000000000045,True
2026-04-28 05:45:00,1088.2615966796875,1132.69,1040.47,2026-04-28,-44.428403320312555,-92.22000000000003,True
2026-04-28 06:00:00,1146.1942138671875,1175.96,1112.85,2026-04-28,-29.765786132812536,-63.11000000000013,True
2026-04-28 06:15:00,1167.796630859375,1174.11,1112.85,2026-04-28,-6.3133691406249,-61.25999999999999,True
2026-04-28 06:30:00,1172.896728515625,1204.01,1112.85,2026-04-28,-31.11327148437499,-91.16000000000008,True
2026-04-28 06:45:00,1180.35791015625,1215.16,1112.85,2026-04-28,-34.80208984375008,-102.31000000000017,True
2026-04-28 07:00:00,1203.46728515625,1222.06,1168.13,2026-04-28,-18.592714843749945,-53.929999999999836,True
2026-04-28 07:15:00,1213.4276123046875,1240.71,1168.13,2026-04-28,-27.282387695312536,-72.57999999999993,True
2026-04-28 07:30:00,1217.1839599609375,1247.7600000000002,1168.13,2026-04-28,-30.57604003906272,-79.63000000000011,True
2026-04-28 07:45:00,1221.5010986328125,1245.02,1168.13,2026-04-28,-23.518901367187482,-76.88999999999987,True
2026-04-28 08:00:00,1262.592041015625,1283.0,1272.39,2026-04-28,-20.407958984375,-10.6099999999999,True
2026-04-28 08:15:00,1286.587646484375,1284.89,1272.39,2026-04-28,1.6976464843749,-12.5,True
2026-04-28 08:30:00,1310.9312744140625,1354.5299999999995,1272.39,2026-04-28,-43.59872558593702,-82.13999999999942,True
2026-04-28 08:45:00,1320.1021728515625,1365.39,1272.39,2026-04-28,-45.2878271484376,-93.0,True
2026-04-28 09:00:00,1367.2283935546875,1351.07,1324.34,2026-04-28,16.158393554687564,-26.730000000000018,True
2026-04-28 09:15:00,1382.4354248046875,1380.9,1324.34,2026-04-28,1.535424804687409,-56.56000000000017,True
2026-04-28 09:30:00,1385.9249267578125,1371.7000000000005,1324.34,2026-04-28,14.224926757812,-47.36000000000058,True
2026-04-28 09:45:00,1397.3536376953125,1394.5700000000002,1324.34,2026-04-28,2.7836376953123363,-70.23000000000025,True
2026-04-28 10:00:00,1402.3668212890625,1409.5,1349.79,2026-04-28,-7.1331787109375,-59.710000000000036,True
2026-04-28 10:15:00,1417.746337890625,1398.43,1349.79,2026-04-28,19.316337890624936,-48.6400000000001,True
2026-04-28 10:30:00,1419.96728515625,1428.13,1349.79,2026-04-28,-8.16271484375011,-78.34000000000015,True
2026-04-28 10:45:00,1424.7291259765625,1441.9,1349.79,2026-04-28,-17.17087402343759,-92.11000000000013,True
2026-04-28 11:00:00,1405.216064453125,1449.57,1351.25,2026-04-28,-44.353935546874936,-98.31999999999994,True
2026-04-28 11:15:00,1413.1531982421875,1432.1,1351.25,2026-04-28,-18.94680175781241,-80.84999999999991,True
2026-04-28 11:30:00,1427.314453125,1458.3000000000002,1351.25,2026-04-28,-30.985546875000182,-107.05000000000018,True
2026-04-28 11:45:00,1410.2333984375,1433.42,1351.25,2026-04-28,-23.186601562500073,-82.17000000000007,True
2026-04-28 12:00:00,1373.1812744140625,1403.6799999999998,1318.77,2026-04-28,-30.498725585937336,-84.90999999999985,True
2026-04-28 12:15:00,1367.981689453125,1407.96,1318.77,2026-04-28,-39.978310546875036,-89.19000000000005,True
2026-04-28 12:30:00,1373.56201171875,1383.68,1318.77,2026-04-28,-10.117988281250064,-64.91000000000008,True
2026-04-28 12:45:00,1372.7066650390625,1392.86,1318.77,2026-04-28,-20.1533349609374,-74.08999999999992,True
2026-04-28 13:00:00,1390.83837890625,1415.23,1366.7000000000005,2026-04-28,-24.391621093750018,-48.52999999999952,True
2026-04-28 13:15:00,1405.972900390625,1414.14,1366.7000000000005,2026-04-28,-8.1670996093751,-47.4399999999996,True
2026-04-28 13:30:00,1411.27392578125,1430.98,1366.7000000000005,2026-04-28,-19.706074218750018,-64.27999999999952,True
2026-04-28 13:45:00,1419.72998046875,1414.37,1366.7000000000005,2026-04-28,5.359980468750109,-47.66999999999939,True
2026-04-28 14:00:00,1445.2890625,1448.13,1407.46,2026-04-28,-2.840937500000109,-40.67000000000007,True
2026-04-28 14:15:00,1458.739990234375,1457.33,1407.46,2026-04-28,1.4099902343750728,-49.86999999999989,True
2026-04-28 14:30:00,1455.2425537109375,1455.0,1407.46,2026-04-28,0.2425537109375,-47.539999999999964,True
2026-04-28 14:45:00,1461.416015625,1483.55,1407.46,2026-04-28,-22.133984374999955,-76.08999999999992,True
2026-04-28 15:00:00,1460.9879150390625,1481.31,1404.3,2026-04-28,-20.322084960937445,-77.00999999999999,True
2026-04-28 15:15:00,1463.4595947265625,1470.01,1404.3,2026-04-28,-6.550405273437491,-65.71000000000004,True
2026-04-28 15:30:00,1456.5364990234375,1454.22,1404.3,2026-04-28,2.3164990234374727,-49.92000000000007,True
2026-04-28 15:45:00,1450.221435546875,1476.51,1404.3,2026-04-28,-26.28856445312499,-72.21000000000004,True
2026-04-28 16:00:00,1441.505126953125,1450.46,1375.67,2026-04-28,-8.954873046875036,-74.78999999999996,True
2026-04-28 16:15:00,1437.7125244140625,1447.34,1375.67,2026-04-28,-9.627475585937418,-71.66999999999985,True
2026-04-28 16:30:00,1429.0166015625,1453.4899999999998,1375.67,2026-04-28,-24.47339843749978,-77.81999999999971,True
2026-04-28 16:45:00,1421.4481201171875,1449.87,1375.67,2026-04-28,-28.42187988281239,-74.19999999999982,True
2026-04-28 17:00:00,1405.8782958984375,1423.33,1297.2,2026-04-28,-17.451704101562427,-126.12999999999988,True
2026-04-28 17:15:00,1393.892822265625,1415.1,1297.2,2026-04-28,-21.20717773437491,-117.89999999999986,True
2026-04-28 17:30:00,1388.7257080078125,1417.09,1297.2,2026-04-28,-28.364291992187418,-119.88999999999987,True
2026-04-28 17:45:00,1393.760009765625,1439.9,1297.2,2026-04-28,-46.13999023437509,-142.70000000000005,True
2026-04-28 18:00:00,1488.1024169921875,1510.06,1480.04,2026-04-28,-21.957583007812445,-30.019999999999982,True
2026-04-28 18:15:00,1557.59521484375,1565.66,1480.04,2026-04-28,-8.064785156250082,-85.62000000000012,True
2026-04-28 18:30:00,1566.395263671875,1595.67,1480.04,2026-04-28,-29.274736328125073,-115.63000000000011,True
2026-04-28 18:45:00,1561.92724609375,1599.42,1480.04,2026-04-28,-37.49275390625007,-119.38000000000011,True
2026-04-28 19:00:00,1547.83984375,1599.0,1472.75,2026-04-28,-51.16015625,-126.25,True
2026-04-28 19:15:00,1543.8974609375,1598.09,1472.75,2026-04-28,-54.19253906249992,-125.33999999999992,True
2026-04-28 19:30:00,1541.5474853515625,1591.11,1472.75,2026-04-28,-49.5625146484374,-118.3599999999999,True
2026-04-28 19:45:00,1539.355224609375,1582.3000000000002,1472.75,2026-04-28,-42.94477539062518,-109.55000000000018,True
2026-04-28 20:00:00,1523.90869140625,1574.99,1426.79,2026-04-28,-51.08130859375001,-148.20000000000005,True
2026-04-28 20:15:00,1502.971923828125,1563.66,1426.79,2026-04-28,-60.68807617187508,-136.87000000000012,True
2026-04-28 20:30:00,1489.2489013671875,1547.75,1426.79,2026-04-28,-58.5010986328125,-120.96000000000004,True
2026-04-28 20:45:00,1481.9786376953125,1532.26,1426.79,2026-04-28,-50.28136230468749,-105.47000000000003,True
2026-04-28 21:00:00,1456.2401123046875,1506.51,1334.61,2026-04-28,-50.26988769531249,-171.9000000000001,True
2026-04-28 21:15:00,1436.21630859375,1483.51,1334.61,2026-04-28,-47.29369140624999,-148.9000000000001,True
2026-04-28 21:30:00,1410.2540283203125,1458.4,1334.61,2026-04-28,-48.14597167968759,-123.79000000000019,True
2026-04-28 21:45:00,1381.602294921875,1419.62,1334.61,2026-04-28,-38.01770507812489,-85.00999999999999,True
2026-04-28 22:00:00,1374.3577880859375,1403.85,1220.19,2026-04-28,-29.49221191406241,-183.65999999999985,True
2026-04-28 22:15:00,1343.290283203125,1366.91,1220.19,2026-04-28,-23.619716796875082,-146.72000000000003,True
2026-04-28 22:30:00,1316.5616455078125,1335.89,1220.19,2026-04-28,-19.3283544921876,-115.70000000000005,True
2026-04-28 22:45:00,1273.5689697265625,1274.69,1220.19,2026-04-28,-1.1210302734375546,-54.5,True
2026-04-28 23:00:00,1236.136474609375,1270.03,1136.69,2026-04-28,-33.89352539062497,-133.33999999999992,True
2026-04-28 23:15:00,1221.2215576171875,1251.93,1136.69,2026-04-28,-30.708442382812564,-115.24000000000001,True
2026-04-29 00:00:00,1165.6405029296875,1163.91,1063.99,2026-04-29,1.7305029296874181,-99.92000000000007,True
2026-04-29 00:15:00,1150.2730712890625,1143.94,1063.99,2026-04-29,6.333071289062445,-79.95000000000005,True
2026-04-29 00:30:00,1128.9063720703125,1137.15,1063.99,2026-04-29,-8.243627929687591,-73.16000000000008,True
2026-04-29 00:45:00,1110.2261962890625,1107.46,1063.99,2026-04-29,2.7661962890624636,-43.47000000000003,True
2026-04-29 01:00:00,1093.0516357421875,1080.62,1011.6,2026-04-29,12.43163574218761,-69.01999999999987,True
2026-04-29 01:15:00,1085.552734375,1094.58,1011.6,2026-04-29,-9.027265624999927,-82.9799999999999,True
2026-04-29 01:30:00,1079.593994140625,1080.16,1011.6,2026-04-29,-0.5660058593750819,-68.56000000000006,True
2026-04-29 01:45:00,1063.6844482421875,1073.56,1011.6,2026-04-29,-9.875551757812445,-61.95999999999992,True
2026-04-29 02:00:00,1056.8665771484375,1069.21,978.4,2026-04-29,-12.343422851562536,-90.81000000000006,True
2026-04-29 02:15:00,1052.99267578125,1041.61,978.4,2026-04-29,11.3826757812501,-63.20999999999992,True
2026-04-29 02:30:00,1045.287353515625,1063.09,978.4,2026-04-29,-17.802646484374918,-84.68999999999994,True
2026-04-29 02:45:00,1043.2784423828125,1028.71,978.4,2026-04-29,14.568442382812464,-50.31000000000006,True
2026-04-29 03:00:00,1037.80322265625,1049.51,967.9,2026-04-29,-11.706777343749991,-81.61000000000001,True
2026-04-29 03:15:00,1035.676513671875,1043.3,967.9,2026-04-29,-7.6234863281249545,-75.39999999999998,True
2026-04-29 03:30:00,1034.3394775390625,1048.47,967.9,2026-04-29,-14.130522460937527,-80.57000000000005,True
2026-04-29 03:45:00,1036.7830810546875,1050.14,967.9,2026-04-29,-13.3569189453126,-82.24000000000012,True
2026-04-29 04:00:00,1037.3978271484375,1033.15,979.1899999999998,2026-04-29,4.247827148437409,-53.960000000000264,True
2026-04-29 04:15:00,1040.260498046875,1042.28,979.1899999999998,2026-04-29,-2.0195019531249727,-63.090000000000146,True
2026-04-29 04:30:00,1041.52978515625,1036.87,979.1899999999998,2026-04-29,4.659785156250109,-57.680000000000064,True
2026-04-29 04:45:00,1047.0867919921875,1066.94,979.1899999999998,2026-04-29,-19.853208007812555,-87.75000000000023,True
2026-04-29 05:00:00,1061.7274169921875,1085.13,1043.86,2026-04-29,-23.40258300781261,-41.27000000000021,True
2026-04-29 05:15:00,1072.523193359375,1094.3100000000002,1043.86,2026-04-29,-21.786806640625173,-50.45000000000027,True
2026-04-29 05:30:00,1086.36767578125,1127.6,1043.86,2026-04-29,-41.23232421874991,-83.74000000000001,True
2026-04-29 05:45:00,1103.414306640625,1146.44,1043.86,2026-04-29,-43.025693359375055,-102.58000000000015,True
2026-04-29 06:00:00,1154.56689453125,1186.32,1116.95,2026-04-29,-31.753105468749936,-69.36999999999989,True
2026-04-29 06:15:00,1172.814208984375,1211.29,1116.95,2026-04-29,-38.475791015624964,-94.33999999999992,True
2026-04-29 06:30:00,1181.081298828125,1199.18,1116.95,2026-04-29,-18.098701171875064,-82.23000000000002,True
2026-04-29 06:45:00,1191.1939697265625,1240.25,1116.95,2026-04-29,-49.0560302734375,-123.29999999999995,True
2026-04-29 07:00:00,1208.250732421875,1272.22,1171.0600000000002,2026-04-29,-63.96926757812503,-101.15999999999985,True
2026-04-29 07:15:00,1221.66162109375,1250.77,1171.0600000000002,2026-04-29,-29.108378906249982,-79.70999999999981,True
2026-04-29 07:30:00,1225.6641845703125,1242.77,1171.0600000000002,2026-04-29,-17.105815429687482,-71.70999999999981,True
2026-04-29 07:45:00,1233.8466796875,1265.95,1171.0600000000002,2026-04-29,-32.103320312500045,-94.88999999999987,True
2026-04-29 08:00:00,1274.63427734375,1304.94,1278.34,2026-04-29,-30.305722656250055,-26.600000000000136,True
2026-04-29 08:15:00,1294.86181640625,1322.5,1278.34,2026-04-29,-27.63818359375,-44.16000000000008,True
2026-04-29 08:30:00,1320.8912353515625,1338.2,1278.34,2026-04-29,-17.308764648437545,-59.86000000000013,True
2026-04-29 08:45:00,1327.866943359375,1347.65,1278.34,2026-04-29,-19.78305664062509,-69.31000000000017,True
2026-04-29 09:00:00,1361.4166259765625,1360.5699999999997,1322.5300000000002,2026-04-29,0.846625976562791,-38.03999999999951,True
2026-04-29 09:15:00,1369.559326171875,1384.39,1322.5300000000002,2026-04-29,-14.8306738281251,-61.8599999999999,True
2026-04-29 09:30:00,1384.527587890625,1384.73,1322.5300000000002,2026-04-29,-0.2024121093750182,-62.19999999999982,True
2026-04-29 09:45:00,1393.7054443359375,1394.98,1322.5300000000002,2026-04-29,-1.2745556640625182,-72.44999999999982,True
2026-04-29 10:00:00,1408.6434326171875,1398.9,1352.0099999999998,2026-04-29,9.743432617187409,-46.89000000000033,True
2026-04-29 10:15:00,1417.9954833984375,1419.24,1352.0099999999998,2026-04-29,-1.244516601562509,-67.23000000000025,True
2026-04-29 10:30:00,1424.61767578125,1429.8000000000002,1352.0099999999998,2026-04-29,-5.182324218750182,-77.79000000000042,True
2026-04-29 10:45:00,1432.233642578125,1427.46,1352.0099999999998,2026-04-29,4.773642578124964,-75.45000000000027,True
2026-04-29 11:00:00,1441.2216796875,1437.39,1356.8,2026-04-29,3.8316796874999,-80.59000000000015,True
2026-04-29 11:15:00,1443.1436767578125,1441.19,1356.8,2026-04-29,1.9536767578124454,-84.3900000000001,True
2026-04-29 11:30:00,1446.6455078125,1434.92,1356.8,2026-04-29,11.725507812499927,-78.12000000000012,True
2026-04-29 11:45:00,1434.59814453125,1437.52,1356.8,2026-04-29,-2.921855468749982,-80.72000000000003,True
2026-04-29 12:00:00,1392.4482421875,1393.33,1321.35,2026-04-29,-0.8817578124999272,-71.98000000000002,True
2026-04-29 12:15:00,1391.986083984375,1364.61,1321.35,2026-04-29,27.3760839843751,-43.25999999999999,True
2026-04-29 12:30:00,1383.7276611328125,1397.14,1321.35,2026-04-29,-13.4123388671876,-75.79000000000019,True
2026-04-29 12:45:00,1388.652099609375,1370.34,1321.35,2026-04-29,18.312099609375082,-48.99000000000001,True
2026-04-29 13:00:00,1392.7615966796875,1408.4699999999998,1354.7400000000002,2026-04-29,-15.7084033203123,-53.72999999999956,True
2026-04-29 13:15:00,1402.49951171875,1415.41,1354.7400000000002,2026-04-29,-12.910488281250082,-60.669999999999845,True
2026-04-29 13:30:00,1410.90234375,1415.52,1354.7400000000002,2026-04-29,-4.617656249999982,-60.779999999999745,True
2026-04-29 13:45:00,1416.597900390625,1436.98,1354.7400000000002,2026-04-29,-20.382099609375018,-82.23999999999978,True
2026-04-29 14:00:00,1463.5511474609375,1452.85,1399.44,2026-04-29,10.701147460937591,-53.409999999999854,True
2026-04-29 14:15:00,1471.059326171875,1478.2599999999998,1399.44,2026-04-29,-7.2006738281247635,-78.81999999999971,True
2026-04-29 14:30:00,1487.7100830078125,1487.9299999999998,1399.44,2026-04-29,-0.2199169921873363,-88.48999999999978,True
2026-04-29 14:45:00,1495.3690185546875,1476.12,1399.44,2026-04-29,19.24901855468761,-76.67999999999984,True
2026-04-29 15:00:00,1514.3819580078125,1492.4499999999998,1397.12,2026-04-29,21.931958007812682,-95.32999999999993,True
2026-04-29 15:15:00,1508.32666015625,1493.09,1397.12,2026-04-29,15.236660156250082,-95.97000000000003,True
2026-04-29 15:30:00,1502.465576171875,1516.73,1397.12,2026-04-29,-14.264423828125018,-119.61000000000013,True
2026-04-29 15:45:00,1498.130859375,1498.46,1397.12,2026-04-29,-0.3291406250000364,-101.34000000000015,True
2026-04-29 16:00:00,1500.4007568359375,1471.06,1373.01,2026-04-29,29.340756835937555,-98.04999999999995,True
2026-04-29 16:15:00,1489.506103515625,1486.64,1373.01,2026-04-29,2.8661035156249,-113.63000000000011,True
2026-04-29 16:30:00,1481.1280517578125,1470.41,1373.01,2026-04-29,10.718051757812418,-97.40000000000009,True
2026-04-29 16:45:00,1470.265869140625,1434.3200000000002,1373.01,2026-04-29,35.945869140624836,-61.31000000000017,True
2026-04-29 17:00:00,1421.089599609375,1423.71,1297.66,2026-04-29,-2.6204003906250364,-126.04999999999995,True
2026-04-29 17:15:00,1415.05712890625,1417.4,1297.66,2026-04-29,-2.342871093750091,-119.74000000000001,True
2026-04-29 17:30:00,1401.9429931640625,1412.01,1297.66,2026-04-29,-10.067006835937491,-114.34999999999991,True
2026-04-29 17:45:00,1403.2557373046875,1417.14,1297.66,2026-04-29,-13.8842626953126,-119.48000000000002,True
2026-04-29 18:00:00,1493.2864990234375,1504.4299999999998,1463.0,2026-04-29,-11.143500976562336,-41.429999999999836,True
2026-04-29 18:15:00,1545.3958740234375,1567.42,1463.0,2026-04-29,-22.024125976562573,-104.42000000000007,True
2026-04-29 18:30:00,1568.652099609375,1591.86,1463.0,2026-04-29,-23.2079003906249,-128.8599999999999,True
2026-04-29 18:45:00,1572.56689453125,1594.09,1463.0,2026-04-29,-21.523105468749918,-131.08999999999992,True
2026-04-29 19:00:00,1566.5738525390625,1588.81,1459.54,2026-04-29,-22.236147460937445,-129.26999999999998,True
2026-04-29 19:15:00,1568.937744140625,1582.23,1459.54,2026-04-29,-13.292255859375018,-122.69000000000005,True
2026-04-29 19:30:00,1568.0628662109375,1582.49,1459.54,2026-04-29,-14.427133789062509,-122.95000000000005,True
2026-04-29 19:45:00,1562.994384765625,1570.78,1459.54,2026-04-29,-7.785615234374973,-111.24000000000001,True
2026-04-29 20:00:00,1552.7698974609375,1562.58,1419.2800000000002,2026-04-29,-9.810102539062427,-143.29999999999973,True
2026-04-29 20:15:00,1533.78125,1556.12,1419.2800000000002,2026-04-29,-22.33874999999989,-136.8399999999997,True
2026-04-29 20:30:00,1519.258544921875,1544.95,1419.2800000000002,2026-04-29,-25.691455078125045,-125.66999999999985,True
2026-04-29 20:45:00,1507.3192138671875,1525.62,1419.2800000000002,2026-04-29,-18.30078613281239,-106.33999999999969,True
2026-04-29 21:00:00,1479.0030517578125,1502.9299999999998,1329.4499999999998,2026-04-29,-23.926948242187336,-173.48000000000002,True
2026-04-29 21:15:00,1464.563720703125,1485.61,1329.4499999999998,2026-04-29,-21.0462792968749,-156.16000000000008,True
2026-04-29 21:30:00,1444.935302734375,1458.1,1329.4499999999998,2026-04-29,-13.164697265624909,-128.6500000000001,True
2026-04-29 21:45:00,1415.0274658203125,1429.8200000000002,1329.4499999999998,2026-04-29,-14.792534179687664,-100.37000000000035,True
2026-04-29 22:00:00,1386.4405517578125,1418.09,1218.1,2026-04-29,-31.649448242187418,-199.99,True
2026-04-29 22:15:00,1358.0660400390625,1381.11,1218.1,2026-04-29,-23.0439599609374,-163.01,True
2026-04-29 22:30:00,1340.072021484375,1348.18,1218.1,2026-04-29,-8.107978515625064,-130.08000000000015,True
2026-04-29 22:45:00,1300.5296630859375,1285.97,1218.1,2026-04-29,14.559663085937473,-67.87000000000012,True
2026-04-29 23:00:00,1286.0299072265625,1294.86,1129.32,2026-04-29,-8.8300927734374,-165.53999999999996,True
2026-04-29 23:15:00,1233.9677734375,1250.6799999999998,1129.32,2026-04-29,-16.712226562499836,-121.3599999999999,True
2026-04-29 23:30:00,1245.468994140625,1242.95,1129.32,2026-04-29,2.5189941406249545,-113.63000000000011,True
2026-04-30 00:00:00,1162.994140625,1190.01,1039.0700000000002,2026-04-30,-27.01585937499999,-150.93999999999983,True
2026-04-30 00:15:00,1127.126708984375,1147.19,1039.0700000000002,2026-04-30,-20.063291015625055,-108.11999999999989,True
2026-04-30 00:30:00,1115.6451416015625,1156.2800000000002,1039.0700000000002,2026-04-30,-40.6348583984377,-117.21000000000004,True
2026-04-30 00:45:00,1092.3851318359375,1130.5,1039.0700000000002,2026-04-30,-38.1148681640625,-91.42999999999984,True
2026-04-30 01:00:00,1081.3240966796875,1100.97,999.07,2026-04-30,-19.645903320312527,-101.89999999999998,True
2026-04-30 01:15:00,1073.6890869140625,1110.62,999.07,2026-04-30,-36.93091308593739,-111.54999999999984,True
2026-04-30 01:30:00,1071.3924560546875,1084.68,999.07,2026-04-30,-13.287543945312564,-85.61000000000001,True
2026-04-30 01:45:00,1053.81298828125,1093.77,999.07,2026-04-30,-39.95701171874998,-94.69999999999993,True
2026-04-30 02:00:00,1051.0692138671875,1077.29,975.01,2026-04-30,-26.220786132812464,-102.27999999999997,True
2026-04-30 02:15:00,1045.091552734375,1054.6799999999998,975.01,2026-04-30,-9.588447265624836,-79.66999999999985,True
2026-04-30 02:30:00,1039.6300048828125,1056.15,975.01,2026-04-30,-16.51999511718759,-81.1400000000001,True
2026-04-30 02:45:00,1034.6414794921875,1070.19,975.01,2026-04-30,-35.548520507812555,-95.18000000000006,True
2026-04-30 03:00:00,1034.2098388671875,1058.43,966.18,2026-04-30,-24.220161132812564,-92.25000000000011,True
2026-04-30 03:15:00,1035.1365966796875,1051.17,966.18,2026-04-30,-16.033403320312573,-84.99000000000012,True
2026-04-30 03:30:00,1035.4359130859375,1039.91,966.18,2026-04-30,-4.474086914062582,-73.73000000000013,True
2026-04-30 03:45:00,1034.659912109375,1059.38,966.18,2026-04-30,-24.72008789062511,-93.20000000000016,True
2026-04-30 04:00:00,1041.7802734375,1042.39,982.96,2026-04-30,-0.6097265625001,-59.430000000000064,True
2026-04-30 04:15:00,1043.6671142578125,1069.52,982.96,2026-04-30,-25.852885742187482,-86.55999999999995,True
2026-04-30 04:30:00,1045.6328125,1061.1,982.96,2026-04-30,-15.467187499999909,-78.13999999999987,True
2026-04-30 04:45:00,1048.836669921875,1045.15,982.96,2026-04-30,3.686669921874909,-62.190000000000055,True
2026-04-30 05:00:00,1089.1346435546875,1072.11,1055.49,2026-04-30,17.0246435546876,-16.61999999999989,True
2026-04-30 05:15:00,1099.40087890625,1103.62,1055.49,2026-04-30,-4.219121093749891,-48.12999999999988,True
2026-04-30 05:30:00,1105.053955078125,1127.2,1055.49,2026-04-30,-22.146044921875045,-71.71000000000004,True
2026-04-30 05:45:00,1121.94580078125,1140.41,1055.49,2026-04-30,-18.464199218750082,-84.92000000000007,True
2026-04-30 06:00:00,1176.8641357421875,1186.94,1129.2199999999998,2026-04-30,-10.075864257812555,-57.720000000000255,True
2026-04-30 06:15:00,1197.6776123046875,1211.6699999999998,1129.2199999999998,2026-04-30,-13.992387695312345,-82.45000000000005,True
2026-04-30 06:30:00,1203.4951171875,1210.39,1129.2199999999998,2026-04-30,-6.8948828125001,-81.1700000000003,True
2026-04-30 06:45:00,1218.7442626953125,1201.75,1129.2199999999998,2026-04-30,16.9942626953125,-72.5300000000002,True
2026-04-30 07:00:00,1210.6802978515625,1241.32,1174.6,2026-04-30,-30.639702148437436,-66.72000000000003,True
2026-04-30 07:15:00,1227.389404296875,1256.33,1174.6,2026-04-30,-28.940595703124927,-81.73000000000002,True
2026-04-30 07:30:00,1234.3603515625,1267.93,1174.6,2026-04-30,-33.569648437500064,-93.33000000000015,True
2026-04-30 07:45:00,1230.8912353515625,1254.06,1174.6,2026-04-30,-23.168764648437445,-79.46000000000004,True
2026-04-30 08:00:00,1267.91259765625,1275.35,1257.87,2026-04-30,-7.437402343749909,-17.480000000000018,True
2026-04-30 08:15:00,1303.9951171875,1321.44,1257.87,2026-04-30,-17.444882812500055,-63.570000000000164,True
2026-04-30 08:30:00,1322.44091796875,1326.38,1257.87,2026-04-30,-3.939082031250109,-68.51000000000022,True
2026-04-30 08:45:00,1331.886962890625,1362.96,1257.87,2026-04-30,-31.073037109375036,-105.09000000000015,True
2026-04-30 09:00:00,1370.9041748046875,1382.23,1305.17,2026-04-30,-11.325825195312518,-77.05999999999995,True
2026-04-30 09:15:00,1384.209716796875,1363.32,1305.17,2026-04-30,20.889716796875064,-58.149999999999864,True
2026-04-30 09:30:00,1388.227783203125,1403.86,1305.17,2026-04-30,-15.6322167968749,-98.68999999999983,True
2026-04-30 09:45:00,1397.62255859375,1390.56,1305.17,2026-04-30,7.062558593750055,-85.38999999999987,True
2026-04-30 10:00:00,1405.48193359375,1415.8000000000002,1333.9,2026-04-30,-10.318066406250182,-81.90000000000009,True
2026-04-30 10:15:00,1413.2098388671875,1407.27,1333.9,2026-04-30,5.939838867187518,-73.36999999999989,True
2026-04-30 10:30:00,1417.347412109375,1412.25,1333.9,2026-04-30,5.097412109375,-78.34999999999991,True
2026-04-30 10:45:00,1426.41259765625,1437.41,1333.9,2026-04-30,-10.997402343750082,-103.50999999999999,True
2026-04-30 11:00:00,1422.122314453125,1450.34,1336.95,2026-04-30,-28.217685546874918,-113.38999999999987,True
2026-04-30 11:15:00,1427.8836669921875,1448.67,1336.95,2026-04-30,-20.786333007812573,-111.72000000000003,True
2026-04-30 11:30:00,1426.068603515625,1444.96,1336.95,2026-04-30,-18.891396484375036,-108.00999999999999,True
2026-04-30 11:45:00,1419.780517578125,1424.0099999999998,1336.95,2026-04-30,-4.2294824218747635,-87.05999999999972,True
2026-04-30 12:00:00,1375.625732421875,1412.39,1310.2800000000002,2026-04-30,-36.7642675781251,-102.1099999999999,True
2026-04-30 12:15:00,1364.9893798828125,1395.1,1310.2800000000002,2026-04-30,-30.11062011718741,-84.81999999999971,True
2026-04-30 12:30:00,1363.6539306640625,1403.05,1310.2800000000002,2026-04-30,-39.396069335937455,-92.76999999999975,True
2026-04-30 12:45:00,1371.2265625,1392.2199999999998,1310.2800000000002,2026-04-30,-20.9934374999998,-81.9399999999996,True
2026-04-30 13:00:00,1375.9600830078125,1417.95,1344.55,2026-04-30,-41.989916992187545,-73.40000000000009,True
2026-04-30 13:15:00,1381.03955078125,1402.75,1344.55,2026-04-30,-21.71044921875,-58.200000000000045,True
2026-04-30 13:30:00,1388.714599609375,1419.3200000000002,1344.55,2026-04-30,-30.605400390625164,-74.77000000000021,True
2026-04-30 13:45:00,1393.0321044921875,1437.0099999999998,1344.55,2026-04-30,-43.97789550781226,-92.45999999999981,True
2026-04-30 14:00:00,1439.245361328125,1464.24,1373.92,2026-04-30,-24.99463867187501,-90.31999999999994,True
2026-04-30 14:15:00,1440.357177734375,1483.12,1373.92,2026-04-30,-42.76282226562489,-109.19999999999982,True
2026-04-30 14:30:00,1450.5936279296875,1477.85,1373.92,2026-04-30,-27.25637207031241,-103.92999999999984,True
2026-04-30 14:45:00,1457.643310546875,1466.66,1373.92,2026-04-30,-9.016689453125082,-92.74000000000001,True
2026-04-30 15:00:00,1489.7725830078125,1490.53,1379.08,2026-04-30,-0.7574169921874727,-111.45000000000005,True
2026-04-30 15:15:00,1491.5067138671875,1488.15,1379.08,2026-04-30,3.356713867187409,-109.07000000000016,True
2026-04-30 15:30:00,1490.2069091796875,1463.42,1379.08,2026-04-30,26.786909179687427,-84.34000000000015,True
2026-04-30 15:45:00,1481.029541015625,1466.34,1379.08,2026-04-30,14.689541015625082,-87.25999999999999,True
2026-04-30 16:00:00,1450.8902587890625,1448.58,1345.23,2026-04-30,2.3102587890625728,-103.34999999999991,True
2026-04-30 16:15:00,1437.948486328125,1430.81,1345.23,2026-04-30,7.138486328125055,-85.57999999999993,True
2026-04-30 16:30:00,1424.859130859375,1417.4299999999998,1345.23,2026-04-30,7.429130859375164,-72.19999999999982,True
2026-04-30 16:45:00,1416.1072998046875,1401.79,1345.23,2026-04-30,14.317299804687536,-56.559999999999945,True
2026-04-30 17:00:00,1396.8790283203125,1393.87,1289.06,2026-04-30,3.009028320312609,-104.80999999999995,True
2026-04-30 17:15:00,1382.2208251953125,1395.38,1289.06,2026-04-30,-13.15917480468761,-106.32000000000016,True
2026-04-30 17:30:00,1371.0660400390625,1392.02,1289.06,2026-04-30,-20.953959960937482,-102.96000000000004,True
2026-04-30 17:45:00,1377.559326171875,1410.94,1289.06,2026-04-30,-33.380673828125055,-121.88000000000011,True
2026-04-30 18:00:00,1475.518798828125,1491.4899999999998,1448.14,2026-04-30,-15.971201171874782,-43.34999999999968,True
2026-04-30 18:15:00,1535.9119873046875,1547.38,1448.14,2026-04-30,-11.46801269531261,-99.24000000000001,True
2026-04-30 18:30:00,1540.6329345703125,1566.53,1448.14,2026-04-30,-25.897065429687473,-118.38999999999987,True
2026-04-30 18:45:00,1547.6292724609375,1562.89,1448.14,2026-04-30,-15.2607275390626,-114.75,True
2026-04-30 19:00:00,1542.6971435546875,1555.11,1438.75,2026-04-30,-12.4128564453124,-116.3599999999999,True
2026-04-30 19:15:00,1539.083984375,1547.56,1438.75,2026-04-30,-8.476015624999945,-108.80999999999995,True
2026-04-30 19:30:00,1538.324951171875,1544.76,1438.75,2026-04-30,-6.435048828124991,-106.00999999999999,True
2026-04-30 19:45:00,1535.900634765625,1532.3300000000002,1438.75,2026-04-30,3.5706347656248454,-93.58000000000015,True
2026-04-30 20:00:00,1510.4049072265625,1523.58,1394.31,2026-04-30,-13.175092773437427,-129.26999999999998,True
2026-04-30 20:15:00,1487.6253662109375,1506.19,1394.31,2026-04-30,-18.564633789062555,-111.88000000000011,True
2026-04-30 20:30:00,1473.6229248046875,1495.89,1394.31,2026-04-30,-22.2670751953126,-101.58000000000015,True
2026-04-30 20:45:00,1460.3236083984375,1475.9299999999998,1394.31,2026-04-30,-15.606391601562336,-81.61999999999989,True
2026-04-30 21:00:00,1453.9178466796875,1450.7400000000002,1307.43,2026-04-30,3.1778466796872635,-143.31000000000017,True
2026-04-30 21:15:00,1442.04736328125,1428.55,1307.43,2026-04-30,13.497363281250045,-121.11999999999989,True
2026-04-30 21:30:00,1419.0184326171875,1409.5500000000002,1307.43,2026-04-30,9.468432617187318,-102.12000000000012,True
2026-04-30 21:45:00,1392.830078125,1381.71,1307.43,2026-04-30,11.120078124999964,-74.27999999999997,True
2026-04-30 22:00:00,1348.405029296875,1349.36,1188.9499999999998,2026-04-30,-0.9549707031249,-160.41000000000008,True
2026-04-30 22:15:00,1331.6500244140625,1318.09,1188.9499999999998,2026-04-30,13.560024414062582,-129.1400000000001,True
2026-04-30 22:30:00,1302.63525390625,1287.2000000000005,1188.9499999999998,2026-04-30,15.4352539062495,-98.25000000000068,True
2026-04-30 22:45:00,1273.66162109375,1253.88,1188.9499999999998,2026-04-30,19.78162109374989,-64.93000000000029,True
2026-04-30 23:00:00,1214.8206787109375,1234.82,1080.94,2026-04-30,-19.999321289062436,-153.87999999999988,True
2026-04-30 23:15:00,1201.2750244140625,1216.5500000000002,1080.94,2026-04-30,-15.274975585937682,-135.61000000000013,True
2026-04-30 23:30:00,1172.6590576171875,1193.85,1080.94,2026-04-30,-21.19094238281241,-112.90999999999985,True
2026-05-01 00:00:00,1098.876220703125,1141.5500000000002,922.59,2026-05-01,-42.67377929687518,-218.96000000000015,True
2026-05-01 00:15:00,1078.4404296875,1123.12,922.59,2026-05-01,-44.67957031249989,-200.52999999999986,True
2026-05-01 00:30:00,1047.1663818359375,1106.3200000000002,922.59,2026-05-01,-59.153618164062664,-183.73000000000013,True
2026-05-01 00:45:00,1044.2554931640625,1090.73,922.59,2026-05-01,-46.47450683593752,-168.14,True
2026-05-01 01:00:00,1038.2265625,1083.39,880.9300000000001,2026-05-01,-45.1634375000001,-202.46000000000004,True
2026-05-01 01:15:00,1033.347412109375,1062.3000000000002,880.9300000000001,2026-05-01,-28.952587890625182,-181.37000000000012,True
2026-05-01 01:30:00,1009.35595703125,1054.89,880.9300000000001,2026-05-01,-45.5340429687501,-173.96000000000004,True
2026-05-01 01:45:00,977.787109375,1035.56,880.9300000000001,2026-05-01,-57.772890624999945,-154.62999999999988,True
2026-05-01 02:00:00,985.7598876953125,1036.44,853.8000000000001,2026-05-01,-50.680112304687555,-182.64,True
2026-05-01 02:15:00,980.60791015625,1024.95,853.8000000000001,2026-05-01,-44.342089843750045,-171.14999999999998,True
2026-05-01 02:30:00,975.7747802734375,1019.63,853.8000000000001,2026-05-01,-43.855219726562495,-165.82999999999993,True
2026-05-01 02:45:00,969.5374755859375,1011.55,853.8000000000001,2026-05-01,-42.012524414062455,-157.7499999999999,True
2026-05-01 03:00:00,961.920166015625,1002.69,837.0300000000001,2026-05-01,-40.769833984375055,-165.65999999999997,True
2026-05-01 03:15:00,955.1417846679688,999.53,837.0300000000001,2026-05-01,-44.38821533203122,-162.4999999999999,True
2026-05-01 03:30:00,947.9817504882812,991.89,837.0300000000001,2026-05-01,-43.908249511718736,-154.8599999999999,True
2026-05-01 03:45:00,944.1072998046875,980.35,837.0300000000001,2026-05-01,-36.24270019531252,-143.31999999999994,True
2026-05-01 04:00:00,941.7241821289062,990.48,840.66,2026-05-01,-48.75581787109377,-149.82000000000005,True
2026-05-01 04:15:00,943.0510864257812,993.38,840.66,2026-05-01,-50.328913574218745,-152.72000000000003,True
2026-05-01 04:30:00,942.6130981445312,982.87,840.66,2026-05-01,-40.256901855468755,-142.21000000000004,True
2026-05-01 04:45:00,940.8075561523438,992.71,840.66,2026-05-01,-51.902443847656286,-152.05000000000007,True
2026-05-01 05:00:00,953.7283325195312,983.79,893.35,2026-05-01,-30.061667480468714,-90.43999999999994,True
2026-05-01 05:15:00,963.0220947265625,999.23,893.35,2026-05-01,-36.20790527343752,-105.88,True
2026-05-01 05:30:00,966.2653198242188,1006.07,893.35,2026-05-01,-39.8046801757813,-112.72000000000003,True
2026-05-01 05:45:00,969.1216430664062,1013.35,893.35,2026-05-01,-44.22835693359377,-120.0,True
2026-05-01 06:00:00,986.05712890625,1019.12,922.55,2026-05-01,-33.062871093750005,-96.57000000000005,True
2026-05-01 06:15:00,983.9635009765625,979.88,922.55,2026-05-01,4.0835009765625045,-57.33000000000004,True
2026-05-01 06:30:00,984.29296875,946.93,922.55,2026-05-01,37.36296875000005,-24.379999999999995,True
2026-05-01 06:45:00,993.6517333984375,946.36,922.55,2026-05-01,47.291733398437486,-23.81000000000006,True
2026-05-01 07:00:00,987.7898559570312,959.99,947.38,2026-05-01,27.79985595703124,-12.610000000000014,True
2026-05-01 07:15:00,1014.618408203125,975.68,947.38,2026-05-01,38.93840820312505,-28.299999999999955,True
2026-05-01 07:30:00,1019.0086059570312,984.4699999999998,947.38,2026-05-01,34.53860595703145,-37.089999999999804,True
2026-05-01 07:45:00,1033.1358642578125,990.07,947.38,2026-05-01,43.06586425781245,-42.690000000000055,True
2026-05-01 08:00:00,1048.5235595703125,1018.06,1004.26,2026-05-01,30.463559570312555,-13.799999999999955,True
2026-05-01 08:15:00,1058.793212890625,1049.58,1004.26,2026-05-01,9.213212890625073,-45.319999999999936,True
2026-05-01 08:30:00,1069.111572265625,1069.06,1004.26,2026-05-01,0.05157226562505457,-64.79999999999995,True
2026-05-01 08:45:00,1074.630859375,1077.39,1004.26,2026-05-01,-2.7591406250001,-73.13000000000011,True
2026-05-01 09:00:00,1104.2349853515625,1098.88,1043.2399999999998,2026-05-01,5.354985351562391,-55.64000000000033,True
2026-05-01 09:15:00,1111.62158203125,1126.61,1043.2399999999998,2026-05-01,-14.9884179687499,-83.37000000000012,True
2026-05-01 09:30:00,1109.77587890625,1134.03,1043.2399999999998,2026-05-01,-24.254121093749973,-90.79000000000019,True
2026-05-01 09:45:00,1135.2320556640625,1151.22,1043.2399999999998,2026-05-01,-15.987944335937527,-107.98000000000025,True
2026-05-01 10:00:00,1145.3529052734375,1168.45,1080.49,2026-05-01,-23.097094726562545,-87.96000000000004,True
2026-05-01 10:15:00,1151.07421875,1175.04,1080.49,2026-05-01,-23.965781249999964,-94.54999999999995,True
2026-05-01 10:30:00,1136.8031005859375,1189.84,1080.49,2026-05-01,-53.03689941406242,-109.34999999999991,True
2026-05-01 10:45:00,1143.626953125,1201.47,1080.49,2026-05-01,-57.84304687500003,-120.98000000000002,True
2026-05-01 11:00:00,1185.2611083984375,1200.31,1101.85,2026-05-01,-15.048891601562445,-98.46000000000004,True
2026-05-01 11:15:00,1185.962890625,1225.51,1101.85,2026-05-01,-39.54710937499999,-123.66000000000008,True
2026-05-01 11:30:00,1186.0137939453125,1229.9499999999998,1101.85,2026-05-01,-43.93620605468732,-128.0999999999999,True
2026-05-01 11:45:00,1180.8377685546875,1221.92,1101.85,2026-05-01,-41.08223144531257,-120.07000000000016,True
2026-05-01 12:00:00,1142.95654296875,1219.48,1082.28,2026-05-01,-76.52345703125002,-137.20000000000005,True
2026-05-01 12:15:00,1150.5374755859375,1209.83,1082.28,2026-05-01,-59.29252441406243,-127.54999999999995,True
2026-05-01 12:30:00,1149.949462890625,1218.54,1082.28,2026-05-01,-68.59053710937496,-136.26,True
2026-05-01 12:45:00,1143.3985595703125,1220.5700000000002,1082.28,2026-05-01,-77.17144042968766,-138.2900000000002,True
2026-05-01 13:00:00,1175.31982421875,1223.11,1102.22,2026-05-01,-47.7901757812499,-120.88999999999987,True
2026-05-01 13:15:00,1168.995849609375,1226.08,1102.22,2026-05-01,-57.08415039062493,-123.8599999999999,True
2026-05-01 13:30:00,1179.4852294921875,1219.67,1102.22,2026-05-01,-40.18477050781257,-117.45000000000005,True
2026-05-01 13:45:00,1175.047119140625,1229.98,1102.22,2026-05-01,-54.93288085937502,-127.75999999999999,True
2026-05-01 14:00:00,1197.166259765625,1239.48,1133.42,2026-05-01,-42.31374023437502,-106.05999999999995,True
2026-05-01 14:15:00,1194.5906982421875,1248.7,1133.42,2026-05-01,-54.109301757812545,-115.27999999999997,True
2026-05-01 14:30:00,1187.8834228515625,1242.62,1133.42,2026-05-01,-54.73657714843739,-109.19999999999982,True
2026-05-01 14:45:00,1190.4014892578125,1253.77,1133.42,2026-05-01,-63.36851074218748,-120.34999999999991,True
2026-05-01 15:00:00,1203.2581787109375,1258.22,1130.71,2026-05-01,-54.96182128906253,-127.50999999999999,True
2026-05-01 15:15:00,1196.3731689453125,1257.21,1130.71,2026-05-01,-60.836831054687536,-126.5,True
2026-05-01 15:30:00,1193.4425048828125,1262.56,1130.71,2026-05-01,-69.11749511718745,-131.8499999999999,True
2026-05-01 15:45:00,1188.485107421875,1259.8,1130.71,2026-05-01,-71.31489257812495,-129.08999999999992,True
2026-05-01 16:00:00,1207.971923828125,1257.15,1113.59,2026-05-01,-49.17807617187509,-143.56000000000017,True
2026-05-01 16:15:00,1204.90966796875,1252.4299999999998,1113.59,2026-05-01,-47.520332031249836,-138.83999999999992,True
2026-05-01 16:30:00,1206.151123046875,1248.93,1113.59,2026-05-01,-42.778876953125064,-135.34000000000015,True
2026-05-01 16:45:00,1201.3035888671875,1236.02,1113.59,2026-05-01,-34.71641113281248,-122.43000000000006,True
2026-05-01 17:00:00,1187.8421630859375,1235.99,1122.13,2026-05-01,-48.14783691406251,-113.8599999999999,True
2026-05-01 17:15:00,1183.6163330078125,1238.48,1122.13,2026-05-01,-54.86366699218752,-116.34999999999991,True
2026-05-01 17:30:00,1189.57470703125,1239.83,1122.13,2026-05-01,-50.25529296874993,-117.69999999999982,True
2026-05-01 17:45:00,1213.04150390625,1263.64,1122.13,2026-05-01,-50.5984960937501,-141.51,True
2026-05-01 18:00:00,1284.8753662109375,1358.38,1259.96,2026-05-01,-73.50463378906261,-98.42000000000007,True
2026-05-01 18:15:00,1329.2388916015625,1423.56,1259.96,2026-05-01,-94.32110839843745,-163.5999999999999,True
2026-05-01 18:30:00,1332.1641845703125,1453.16,1259.96,2026-05-01,-120.99581542968758,-193.20000000000005,True
2026-05-01 18:45:00,1345.67529296875,1463.4299999999998,1259.96,2026-05-01,-117.75470703124984,-203.4699999999998,True
2026-05-01 19:00:00,1361.6475830078125,1465.79,1266.4,2026-05-01,-104.14241699218746,-199.38999999999987,True
2026-05-01 19:15:00,1352.3135986328125,1459.97,1266.4,2026-05-01,-107.65640136718753,-193.56999999999994,True
2026-05-01 19:30:00,1346.7386474609375,1453.08,1266.4,2026-05-01,-106.34135253906243,-186.67999999999984,True
2026-05-01 19:45:00,1350.93603515625,1446.0,1266.4,2026-05-01,-95.06396484375,-179.5999999999999,True
2026-05-01 20:00:00,1341.855224609375,1435.62,1234.08,2026-05-01,-93.76477539062489,-201.53999999999996,True
2026-05-01 20:15:00,1336.8714599609375,1423.58,1234.08,2026-05-01,-86.70854003906243,-189.5,True
2026-05-01 20:30:00,1313.4102783203125,1418.36,1234.08,2026-05-01,-104.9497216796874,-184.27999999999997,True
2026-05-01 20:45:00,1309.979248046875,1402.31,1234.08,2026-05-01,-92.33075195312495,-168.23000000000002,True
2026-05-01 21:00:00,1270.6475830078125,1379.99,1168.5,2026-05-01,-109.34241699218751,-211.49,True
2026-05-01 21:15:00,1250.71533203125,1356.66,1168.5,2026-05-01,-105.94466796875008,-188.16000000000008,True
2026-05-01 21:30:00,1216.447021484375,1338.17,1168.5,2026-05-01,-121.72297851562507,-169.67000000000007,True
2026-05-01 21:45:00,1195.3822021484375,1324.34,1168.5,2026-05-01,-128.95779785156242,-155.83999999999992,True
2026-05-01 22:00:00,1163.70751953125,1292.59,1070.22,2026-05-01,-128.88248046874992,-222.3699999999999,True
2026-05-01 22:15:00,1137.431640625,1272.21,1070.22,2026-05-01,-134.77835937500004,-201.99,True
2026-05-01 22:30:00,1114.801513671875,1252.7399999999998,1070.22,2026-05-01,-137.93848632812478,-182.51999999999975,True
2026-05-01 22:45:00,1091.8931884765625,1226.67,1070.22,2026-05-01,-134.77681152343757,-156.45000000000005,True
2026-05-01 23:00:00,1055.3529052734375,1192.56,993.75,2026-05-01,-137.20709472656245,-198.80999999999995,True
2026-05-01 23:15:00,1048.6473388671875,1160.77,993.75,2026-05-01,-112.12266113281248,-167.01999999999998,True
2026-05-02 00:00:00,1106.3128662109375,1087.79,1040.69,2026-05-02,18.522866210937536,-47.09999999999991,True
2026-05-02 00:15:00,1075.2503662109375,1069.48,1040.69,2026-05-02,5.770366210937482,-28.789999999999964,True
2026-05-02 00:30:00,1057.7408447265625,1056.64,1040.69,2026-05-02,1.1008447265624,-15.950000000000045,True
2026-05-02 00:45:00,1033.4754638671875,1043.48,1040.69,2026-05-02,-10.004536132812518,-2.7899999999999636,True
2026-05-02 01:00:00,1017.9366455078125,1034.75,992.34,2026-05-02,-16.8133544921875,-42.40999999999997,True
2026-05-02 01:15:00,1012.2318115234375,1016.3,992.34,2026-05-02,-4.0681884765624545,-23.959999999999923,True
2026-05-02 01:30:00,1009.5003662109375,1003.9,992.34,2026-05-02,5.600366210937523,-11.559999999999945,True
2026-05-02 01:45:00,998.179931640625,993.23,992.34,2026-05-02,4.949931640624982,-0.8899999999999864,True
2026-05-02 02:00:00,998.6421508789062,980.75,962.42,2026-05-02,17.89215087890625,-18.33000000000004,True
2026-05-02 02:15:00,993.7023315429688,972.69,962.42,2026-05-02,21.012331542968695,-10.270000000000095,True
2026-05-02 02:30:00,991.5090942382812,959.69,962.42,2026-05-02,31.819094238281195,2.7299999999999045,True
2026-05-02 02:45:00,982.7680053710938,955.66,962.42,2026-05-02,27.108005371093782,6.759999999999991,True
2026-05-02 03:00:00,966.4432983398438,950.56,942.47,2026-05-02,15.883298339843805,-8.089999999999918,True
2026-05-02 03:15:00,965.24755859375,943.14,942.47,2026-05-02,22.107558593750014,-0.6699999999999591,True
2026-05-02 03:30:00,961.8822021484375,935.14,942.47,2026-05-02,26.742202148437514,7.330000000000041,True
2026-05-02 03:45:00,962.5908203125,937.64,942.47,2026-05-02,24.950820312500014,4.830000000000041,True
2026-05-02 04:00:00,965.3844604492188,937.46,949.74,2026-05-02,27.924460449218714,12.279999999999973,True
2026-05-02 04:15:00,967.1137084960938,931.88,949.74,2026-05-02,35.233708496093755,17.860000000000014,True
2026-05-02 04:30:00,970.0645141601562,933.03,949.74,2026-05-02,37.03451416015628,16.710000000000036,True
2026-05-02 04:45:00,975.8380737304688,938.57,949.74,2026-05-02,37.2680737304687,11.169999999999959,True
2026-05-02 05:00:00,981.384521484375,943.78,989.25,2026-05-02,37.60452148437503,45.47000000000003,True
2026-05-02 05:15:00,988.83154296875,956.68,989.25,2026-05-02,32.15154296875005,32.57000000000005,True
2026-05-02 05:30:00,991.1594848632812,962.37,989.25,2026-05-02,28.789484863281245,26.879999999999995,True
2026-05-02 05:45:00,1006.7467041015625,970.28,989.25,2026-05-02,36.46670410156253,18.970000000000027,True
2026-05-02 06:00:00,999.3602905273438,976.17,979.2,2026-05-02,23.19029052734379,3.0300000000000864,True
2026-05-02 06:15:00,1003.6951904296875,960.71,979.2,2026-05-02,42.985190429687464,18.49000000000001,True
2026-05-02 06:30:00,1007.6322021484375,937.18,979.2,2026-05-02,70.45220214843755,42.020000000000095,True
2026-05-02 06:45:00,1010.5816040039062,943.09,979.2,2026-05-02,67.49160400390622,36.110000000000014,True
2026-05-02 07:00:00,1013.9058227539062,972.23,1055.52,2026-05-02,41.67582275390623,83.28999999999996,True
2026-05-02 07:15:00,1035.0953369140625,990.68,1055.52,2026-05-02,44.41533691406255,64.84000000000003,True
2026-05-02 07:30:00,1058.110595703125,1024.13,1055.52,2026-05-02,33.98059570312489,31.389999999999873,True
2026-05-02 07:45:00,1065.871337890625,1045.13,1055.52,2026-05-02,20.74133789062489,10.389999999999873,True
2026-05-02 08:00:00,1128.2392578125,1089.41,1168.75,2026-05-02,38.82925781249992,79.33999999999992,True
2026-05-02 08:15:00,1156.3350830078125,1123.71,1168.75,2026-05-02,32.625083007812464,45.039999999999964,True
2026-05-02 08:30:00,1177.2357177734375,1156.64,1168.75,2026-05-02,20.5957177734374,12.1099999999999,True
2026-05-02 08:45:00,1192.449951171875,1187.65,1168.75,2026-05-02,4.799951171874909,-18.90000000000009,True
2026-05-02 09:00:00,1205.14111328125,1219.14,1217.4,2026-05-02,-13.9988867187501,-1.740000000000009,True
2026-05-02 09:15:00,1227.0377197265625,1254.72,1217.4,2026-05-02,-27.682280273437527,-37.319999999999936,True
2026-05-02 09:30:00,1234.637939453125,1270.09,1217.4,2026-05-02,-35.45206054687492,-52.68999999999983,True
2026-05-02 09:45:00,1253.4422607421875,1285.02,1217.4,2026-05-02,-31.577739257812482,-67.61999999999989,True
2026-05-02 10:00:00,1245.4156494140625,1296.6799999999998,1239.77,2026-05-02,-51.264350585937336,-56.909999999999854,True
2026-05-02 10:15:00,1255.0831298828125,1311.9699999999998,1239.77,2026-05-02,-56.8868701171873,-72.19999999999982,True
2026-05-02 10:30:00,1258.439697265625,1317.16,1239.77,2026-05-02,-58.72030273437508,-77.3900000000001,True
2026-05-02 10:45:00,1263.901611328125,1320.95,1239.77,2026-05-02,-57.048388671875045,-81.18000000000006,True
2026-05-02 11:00:00,1263.8211669921875,1321.37,1242.5700000000002,2026-05-02,-57.54883300781239,-78.79999999999973,True
2026-05-02 11:15:00,1257.5596923828125,1321.37,1242.5700000000002,2026-05-02,-63.81030761718739,-78.79999999999973,True
2026-05-02 11:30:00,1256.873046875,1319.29,1242.5700000000002,2026-05-02,-62.416953124999964,-76.7199999999998,True
2026-05-02 11:45:00,1245.52734375,1305.86,1242.5700000000002,2026-05-02,-60.3326562499999,-63.289999999999736,True
2026-05-02 12:00:00,1228.739501953125,1289.33,1205.77,2026-05-02,-60.59049804687493,-83.55999999999995,True
2026-05-02 12:15:00,1226.9500732421875,1282.61,1205.77,2026-05-02,-55.6599267578124,-76.83999999999992,True
2026-05-02 12:30:00,1225.0870361328125,1261.73,1205.77,2026-05-02,-36.64296386718752,-55.960000000000036,True
2026-05-02 12:45:00,1228.0572509765625,1265.71,1205.77,2026-05-02,-37.652749023437536,-59.940000000000055,True
2026-05-02 13:00:00,1219.7735595703125,1259.48,1204.27,2026-05-02,-39.70644042968752,-55.210000000000036,True
2026-05-02 13:15:00,1225.3634033203125,1259.27,1204.27,2026-05-02,-33.90659667968748,-55.0,True
2026-05-02 13:30:00,1226.79248046875,1265.08,1204.27,2026-05-02,-38.28751953124993,-60.809999999999945,True
2026-05-02 13:45:00,1228.9864501953125,1260.02,1204.27,2026-05-02,-31.033549804687482,-55.75,True
2026-05-02 14:00:00,1223.3536376953125,1258.9,1215.9299999999998,2026-05-02,-35.54636230468759,-42.970000000000255,True
2026-05-02 14:15:00,1230.5936279296875,1261.7700000000002,1215.9299999999998,2026-05-02,-31.17637207031271,-45.84000000000037,True
2026-05-02 14:30:00,1229.3082275390625,1260.74,1215.9299999999998,2026-05-02,-31.43177246093751,-44.81000000000017,True
2026-05-02 14:45:00,1232.670654296875,1265.0300000000002,1215.9299999999998,2026-05-02,-32.3593457031252,-49.100000000000364,True
2026-05-02 15:00:00,1241.7081298828125,1262.9,1215.6,2026-05-02,-21.19187011718759,-47.30000000000018,True
2026-05-02 15:15:00,1234.7762451171875,1266.73,1215.6,2026-05-02,-31.953754882812518,-51.13000000000011,True
2026-05-02 15:30:00,1240.05322265625,1262.8000000000002,1215.6,2026-05-02,-22.746777343750182,-47.20000000000027,True
2026-05-02 15:45:00,1237.1884765625,1260.1,1215.6,2026-05-02,-22.91152343749991,-44.5,True
2026-05-02 16:00:00,1239.381103515625,1257.53,1214.61,2026-05-02,-18.148896484374973,-42.92000000000007,True
2026-05-02 16:15:00,1237.9671630859375,1256.8,1214.61,2026-05-02,-18.832836914062455,-42.190000000000055,True
2026-05-02 16:30:00,1231.60302734375,1258.38,1214.61,2026-05-02,-26.77697265625011,-43.77000000000021,True
2026-05-02 16:45:00,1229.450439453125,1254.2,1214.61,2026-05-02,-24.749560546875045,-39.590000000000146,True
2026-05-02 17:00:00,1219.1591796875,1266.15,1241.1699999999998,2026-05-02,-46.99082031250009,-24.980000000000246,True
2026-05-02 17:15:00,1223.2928466796875,1278.44,1241.1699999999998,2026-05-02,-55.147153320312555,-37.27000000000021,True
2026-05-02 17:30:00,1225.3458251953125,1293.2800000000002,1241.1699999999998,2026-05-02,-67.9341748046877,-52.110000000000355,True
2026-05-02 17:45:00,1252.8720703125,1338.4500000000005,1241.1699999999998,2026-05-02,-85.5779296875005,-97.28000000000065,True
2026-05-02 18:00:00,1334.1187744140625,1396.65,1389.04,2026-05-02,-62.53122558593759,-7.610000000000127,True
2026-05-02 18:15:00,1362.4637451171875,1454.8500000000004,1389.04,2026-05-02,-92.38625488281286,-65.8100000000004,True
2026-05-02 18:30:00,1398.6600341796875,1486.78,1389.04,2026-05-02,-88.11996582031247,-97.74000000000001,True
2026-05-02 18:45:00,1401.56396484375,1490.17,1389.04,2026-05-02,-88.60603515625007,-101.13000000000011,True
2026-05-02 19:00:00,1406.6834716796875,1494.27,1368.75,2026-05-02,-87.58652832031248,-125.51999999999998,True
2026-05-02 19:15:00,1405.285888671875,1489.96,1368.75,2026-05-02,-84.67411132812504,-121.21000000000004,True
2026-05-02 19:30:00,1401.8917236328125,1485.05,1368.75,2026-05-02,-83.15827636718745,-116.29999999999995,True
2026-05-02 19:45:00,1391.65283203125,1476.67,1368.75,2026-05-02,-85.01716796875007,-107.92000000000007,True
2026-05-02 20:00:00,1371.501953125,1463.7600000000002,1320.72,2026-05-02,-92.25804687500022,-143.0400000000002,True
2026-05-02 20:15:00,1356.412109375,1452.49,1320.72,2026-05-02,-96.07789062500001,-131.76999999999998,True
2026-05-02 20:30:00,1335.2818603515625,1444.22,1320.72,2026-05-02,-108.93813964843753,-123.5,True
2026-05-02 20:45:00,1322.9942626953125,1428.27,1320.72,2026-05-02,-105.27573730468748,-107.54999999999995,True
2026-05-02 21:00:00,1276.3441162109375,1399.96,1243.81,2026-05-02,-123.61588378906254,-156.1500000000001,True
2026-05-02 21:15:00,1257.061279296875,1382.22,1243.81,2026-05-02,-125.15872070312503,-138.41000000000008,True
2026-05-02 21:30:00,1238.3935546875,1363.39,1243.81,2026-05-02,-124.9964453125001,-119.58000000000015,True
2026-05-02 21:45:00,1223.063720703125,1334.63,1243.81,2026-05-02,-111.56627929687511,-90.82000000000016,True
2026-05-02 22:00:00,1229.473876953125,1300.73,1140.57,2026-05-02,-71.25612304687502,-160.16000000000008,True
2026-05-02 22:15:00,1206.27099609375,1275.6,1140.57,2026-05-02,-69.32900390624991,-135.02999999999997,True
2026-05-02 22:30:00,1188.8876953125,1246.45,1140.57,2026-05-02,-57.562304687500045,-105.88000000000011,True
2026-05-02 22:45:00,1164.723876953125,1212.5700000000002,1140.57,2026-05-02,-47.846123046875164,-72.00000000000023,True
2026-05-02 23:00:00,1152.5560302734375,1188.68,1065.99,2026-05-02,-36.123969726562564,-122.69000000000005,True
2026-05-02 23:15:00,1135.1739501953125,1162.14,1065.99,2026-05-02,-26.9660498046876,-96.15000000000009,True
2026-05-02 23:30:00,1122.8358154296875,1138.0,1065.99,2026-05-02,-15.1641845703125,-72.00999999999999,True
2026-05-03 00:00:00,1091.464599609375,1094.33,974.97,2026-05-03,-2.8654003906249272,-119.3599999999999,True
2026-05-03 00:15:00,1039.2987060546875,1074.79,974.97,2026-05-03,-35.491293945312464,-99.81999999999994,True
2026-05-03 00:30:00,1032.69970703125,1057.03,974.97,2026-05-03,-24.330292968749973,-82.05999999999995,True
2026-05-03 00:45:00,1020.0384521484375,1032.35,974.97,2026-05-03,-12.311547851562409,-57.37999999999988,True
2026-05-03 01:00:00,996.13330078125,1016.81,928.42,2026-05-03,-20.676699218749945,-88.38999999999999,True
2026-05-03 01:15:00,983.59033203125,1001.73,928.42,2026-05-03,-18.139667968750018,-73.31000000000006,True
2026-05-03 01:30:00,978.7714233398438,991.23,928.42,2026-05-03,-12.458576660156268,-62.81000000000006,True
2026-05-03 01:45:00,969.577392578125,976.26,928.42,2026-05-03,-6.682607421874991,-47.84000000000003,True
2026-05-03 02:00:00,960.2007446289062,970.0700000000002,896.1,2026-05-03,-9.869255371093914,-73.97000000000014,True
2026-05-03 02:15:00,959.266845703125,959.2,896.1,2026-05-03,0.06684570312495453,-63.10000000000002,True
2026-05-03 02:30:00,955.6358032226562,953.07,896.1,2026-05-03,2.5658032226562,-56.97000000000003,True
2026-05-03 02:45:00,951.8580932617188,940.63,896.1,2026-05-03,11.228093261718755,-44.52999999999997,True
2026-05-03 03:00:00,951.8721923828125,938.05,875.03,2026-05-03,13.822192382812545,-63.01999999999998,True
2026-05-03 03:15:00,945.0562133789062,933.68,875.03,2026-05-03,11.3762133789063,-58.64999999999998,True
2026-05-03 03:30:00,947.0713500976562,931.32,875.03,2026-05-03,15.7513500976562,-56.29000000000008,True
2026-05-03 03:45:00,948.3252563476562,925.78,875.03,2026-05-03,22.545256347656277,-50.75,True
2026-05-03 04:00:00,945.4646606445312,922.19,870.8,2026-05-03,23.274660644531195,-51.3900000000001,True
2026-05-03 04:15:00,946.294189453125,924.97,870.8,2026-05-03,21.324189453124973,-54.17000000000007,True
2026-05-03 04:30:00,947.6910400390625,926.05,870.8,2026-05-03,21.641040039062545,-55.25,True
2026-05-03 04:45:00,952.047119140625,924.65,870.8,2026-05-03,27.397119140625023,-53.85000000000002,True
2026-05-03 05:00:00,960.132080078125,930.34,888.3700000000001,2026-05-03,29.792080078124968,-41.969999999999914,True
2026-05-03 05:15:00,959.9840698242188,929.47,888.3700000000001,2026-05-03,30.514069824218723,-41.09999999999991,True
2026-05-03 05:30:00,967.8106079101562,933.25,888.3700000000001,2026-05-03,34.56060791015625,-44.87999999999988,True
2026-05-03 05:45:00,970.9088134765625,937.36,888.3700000000001,2026-05-03,33.548813476562486,-48.989999999999895,True
2026-05-03 06:00:00,971.3685302734375,937.78,827.6199999999999,2026-05-03,33.58853027343753,-110.16000000000008,True
2026-05-03 06:15:00,956.627685546875,909.96,827.6199999999999,2026-05-03,46.667685546874964,-82.34000000000015,True
2026-05-03 06:30:00,943.8131103515625,881.6200000000001,827.6199999999999,2026-05-03,62.19311035156238,-54.00000000000023,True
2026-05-03 06:45:00,938.4988403320312,877.13,827.6199999999999,2026-05-03,61.368840332031255,-49.510000000000105,True
2026-05-03 07:00:00,951.0186157226562,885.52,881.03,2026-05-03,65.49861572265627,-4.490000000000009,True
2026-05-03 07:15:00,967.3431396484375,903.6,881.03,2026-05-03,63.74313964843748,-22.57000000000005,True
2026-05-03 07:30:00,972.4635009765625,919.04,881.03,2026-05-03,53.423500976562536,-38.00999999999999,True
2026-05-03 07:45:00,981.6904296875,938.62,881.03,2026-05-03,43.070429687499995,-57.59000000000003,True
2026-05-03 08:00:00,992.4446411132812,955.01,942.81,2026-05-03,37.43464111328126,-12.200000000000045,True
2026-05-03 08:15:00,1009.8906860351562,972.9,942.81,2026-05-03,36.99068603515627,-30.090000000000032,True
2026-05-03 08:30:00,1026.07421875,986.44,942.81,2026-05-03,39.634218749999945,-43.63000000000011,True
2026-05-03 08:45:00,1042.8138427734375,1005.34,942.81,2026-05-03,37.47384277343747,-62.530000000000086,True
2026-05-03 09:00:00,1041.28857421875,1019.43,992.14,2026-05-03,21.85857421875005,-27.289999999999964,True
2026-05-03 09:15:00,1058.5499267578125,1037.09,992.14,2026-05-03,21.459926757812582,-44.94999999999993,True
2026-05-03 09:30:00,1067.1395263671875,1046.42,992.14,2026-05-03,20.719526367187427,-54.280000000000086,True
2026-05-03 09:45:00,1081.9066162109375,1062.84,992.14,2026-05-03,19.066616210937582,-70.69999999999993,True
2026-05-03 10:00:00,1090.1060791015625,1074.49,1023.69,2026-05-03,15.616079101562491,-50.799999999999955,True
2026-05-03 10:15:00,1095.2496337890625,1086.23,1023.69,2026-05-03,9.019633789062482,-62.539999999999964,True
2026-05-03 10:30:00,1104.187255859375,1097.29,1023.69,2026-05-03,6.897255859375036,-73.59999999999991,True
2026-05-03 10:45:00,1109.5841064453125,1102.16,1023.69,2026-05-03,7.424106445312418,-78.47000000000003,True
2026-05-03 11:00:00,1125.9898681640625,1112.49,1042.96,2026-05-03,13.499868164062491,-69.52999999999997,True
2026-05-03 11:15:00,1127.4935302734375,1118.81,1042.96,2026-05-03,8.683530273437555,-75.84999999999991,True
2026-05-03 11:30:00,1136.29248046875,1128.46,1042.96,2026-05-03,7.832480468749964,-85.5,True
2026-05-03 11:45:00,1130.987060546875,1126.71,1042.96,2026-05-03,4.277060546874964,-83.75,True
2026-05-03 12:00:00,1125.2315673828125,1130.79,1042.13,2026-05-03,-5.558432617187464,-88.65999999999985,True
2026-05-03 12:15:00,1124.924560546875,1132.72,1042.13,2026-05-03,-7.795439453125027,-90.58999999999992,True
2026-05-03 12:30:00,1122.5152587890625,1128.12,1042.13,2026-05-03,-5.604741210937391,-85.98999999999978,True
2026-05-03 12:45:00,1116.4757080078125,1129.24,1042.13,2026-05-03,-12.764291992187509,-87.1099999999999,True
2026-05-03 13:00:00,1111.423828125,1135.63,1053.25,2026-05-03,-24.20617187500011,-82.38000000000011,True
2026-05-03 13:15:00,1112.771240234375,1138.94,1053.25,2026-05-03,-26.168759765625055,-85.69000000000005,True
2026-05-03 13:30:00,1113.9791259765625,1144.69,1053.25,2026-05-03,-30.710874023437555,-91.44000000000005,True
2026-05-03 13:45:00,1121.81396484375,1151.4699999999998,1053.25,2026-05-03,-29.6560351562498,-98.2199999999998,True
2026-05-03 14:00:00,1123.8790283203125,1149.78,1074.4499999999998,2026-05-03,-25.900971679687473,-75.33000000000015,True
2026-05-03 14:15:00,1130.413330078125,1159.0,1074.4499999999998,2026-05-03,-28.586669921875,-84.55000000000018,True
2026-05-03 14:30:00,1133.0123291015625,1162.27,1074.4499999999998,2026-05-03,-29.257670898437482,-87.82000000000016,True
2026-05-03 14:45:00,1132.993408203125,1170.29,1074.4499999999998,2026-05-03,-37.296591796874964,-95.84000000000015,True
2026-05-03 15:00:00,1135.2427978515625,1173.65,1087.85,2026-05-03,-38.40720214843759,-85.80000000000018,True
2026-05-03 15:15:00,1135.6488037109375,1178.0800000000002,1087.85,2026-05-03,-42.431196289062655,-90.23000000000025,True
2026-05-03 15:30:00,1139.8358154296875,1183.81,1087.85,2026-05-03,-43.974184570312445,-95.96000000000004,True
2026-05-03 15:45:00,1143.7557373046875,1189.83,1087.85,2026-05-03,-46.07426269531243,-101.98000000000002,True
2026-05-03 16:00:00,1147.0513916015625,1191.4499999999998,1095.91,2026-05-03,-44.39860839843732,-95.53999999999974,True
2026-05-03 16:15:00,1132.8270263671875,1195.61,1095.91,2026-05-03,-62.7829736328124,-99.69999999999982,True
2026-05-03 16:30:00,1137.373046875,1197.1,1095.91,2026-05-03,-59.72695312499991,-101.18999999999983,True
2026-05-03 16:45:00,1136.690673828125,1195.4,1095.91,2026-05-03,-58.70932617187509,-99.49000000000001,True
2026-05-03 17:00:00,1163.5625,1197.66,1163.38,2026-05-03,-34.09750000000008,-34.27999999999997,True
2026-05-03 17:15:00,1169.986572265625,1209.8200000000002,1163.38,2026-05-03,-39.833427734375164,-46.440000000000055,True
2026-05-03 17:30:00,1192.8336181640625,1225.92,1163.38,2026-05-03,-33.08638183593757,-62.539999999999964,True
2026-05-03 17:45:00,1219.874755859375,1280.36,1163.38,2026-05-03,-60.4852441406249,-116.97999999999979,True
2026-05-03 18:00:00,1320.8082275390625,1348.1799999999998,1345.14,2026-05-03,-27.371772460937336,-3.0399999999997362,True
2026-05-03 18:15:00,1418.1798095703125,1419.23,1345.14,2026-05-03,-1.0501904296875182,-74.08999999999992,True
2026-05-03 18:30:00,1417.107177734375,1444.24,1345.14,2026-05-03,-27.13282226562501,-99.09999999999991,True
2026-05-03 18:45:00,1417.1622314453125,1448.03,1345.14,2026-05-03,-30.867768554687473,-102.88999999999987,True
2026-05-03 19:00:00,1418.1063232421875,1451.46,1337.0300000000002,2026-05-03,-33.353676757812536,-114.42999999999984,True
2026-05-03 19:15:00,1416.275390625,1445.92,1337.0300000000002,2026-05-03,-29.644609375000073,-108.88999999999987,True
2026-05-03 19:30:00,1415.3468017578125,1446.46,1337.0300000000002,2026-05-03,-31.113198242187536,-109.42999999999984,True
2026-05-03 19:45:00,1408.212890625,1438.63,1337.0300000000002,2026-05-03,-30.41710937500011,-101.59999999999991,True
2026-05-03 20:00:00,1408.48095703125,1439.91,1303.59,2026-05-03,-31.429042968750082,-136.32000000000016,True
2026-05-03 20:15:00,1398.2523193359375,1434.08,1303.59,2026-05-03,-35.82768066406243,-130.49,True
2026-05-03 20:30:00,1387.3458251953125,1421.3,1303.59,2026-05-03,-33.954174804687455,-117.71000000000004,True
2026-05-03 20:45:00,1375.2750244140625,1415.31,1303.59,2026-05-03,-40.034975585937445,-111.72000000000003,True
2026-05-03 21:00:00,1350.81201171875,1395.95,1221.3200000000002,2026-05-03,-45.137988281250045,-174.62999999999988,True
2026-05-03 21:15:00,1314.9705810546875,1373.15,1221.3200000000002,2026-05-03,-58.17941894531259,-151.82999999999993,True
2026-05-03 21:30:00,1291.6455078125,1351.73,1221.3200000000002,2026-05-03,-60.08449218750002,-130.40999999999985,True
2026-05-03 21:45:00,1274.810302734375,1323.39,1221.3200000000002,2026-05-03,-48.5796972656251,-102.06999999999994,True
2026-05-03 22:00:00,1211.366455078125,1298.03,1103.66,2026-05-03,-86.66354492187497,-194.3699999999999,True
2026-05-03 22:15:00,1191.2750244140625,1258.79,1103.66,2026-05-03,-67.51497558593746,-155.12999999999988,True
2026-05-03 22:30:00,1174.8006591796875,1229.14,1103.66,2026-05-03,-54.3393408203126,-125.48000000000002,True
2026-05-03 22:45:00,1149.32275390625,1195.11,1103.66,2026-05-03,-45.7872460937499,-91.44999999999982,True
2026-05-03 23:00:00,1116.0189208984375,1172.17,1013.77,2026-05-03,-56.15107910156257,-158.4000000000001,True
2026-05-03 23:15:00,1107.0093994140625,1149.4500000000005,1013.77,2026-05-03,-42.440600585938,-135.68000000000052,True
2026-05-04 00:00:00,1067.5074462890625,1068.67,961.61,2026-05-04,-1.1625537109375728,-107.06000000000006,True
2026-05-04 00:15:00,1039.937255859375,1065.02,961.61,2026-05-04,-25.082744140624982,-103.40999999999997,True
2026-05-04 00:30:00,1033.470458984375,1042.14,961.61,2026-05-04,-8.6695410156251,-80.53000000000009,True
2026-05-04 00:45:00,1009.8616333007812,1025.6,961.61,2026-05-04,-15.738366699218659,-63.989999999999895,True
2026-05-04 01:00:00,994.410400390625,1005.29,918.27,2026-05-04,-10.879599609374964,-87.01999999999998,True
2026-05-04 01:15:00,986.5747680664062,993.98,918.27,2026-05-04,-7.405231933593768,-75.71000000000004,True
2026-05-04 01:30:00,981.2730712890625,991.01,918.27,2026-05-04,-9.736928710937491,-72.74000000000001,True
2026-05-04 01:45:00,973.6068115234375,977.68,918.27,2026-05-04,-4.07318847656245,-59.40999999999997,True
2026-05-04 02:00:00,966.6249389648438,963.17,892.44,2026-05-04,3.454938964843791,-70.7299999999999,True
2026-05-04 02:15:00,963.0231323242188,959.4,892.44,2026-05-04,3.6231323242187727,-66.95999999999992,True
2026-05-04 02:30:00,959.2294921875,956.63,892.44,2026-05-04,2.5994921875000045,-64.18999999999994,True
2026-05-04 02:45:00,960.2035522460938,943.78,892.44,2026-05-04,16.423552246093777,-51.33999999999992,True
2026-05-04 03:00:00,945.6390380859375,946.01,882.3199999999999,2026-05-04,-0.3709619140624909,-63.690000000000055,True
2026-05-04 03:15:00,944.79296875,944.86,882.3199999999999,2026-05-04,-0.06703125000001364,-62.54000000000008,True
2026-05-04 03:30:00,943.022216796875,923.34,882.3199999999999,2026-05-04,19.682216796874968,-41.020000000000095,True
2026-05-04 03:45:00,947.4216918945312,937.94,882.3199999999999,2026-05-04,9.481691894531195,-55.62000000000012,True
2026-05-04 04:00:00,958.68994140625,943.66,901.82,2026-05-04,15.029941406250032,-41.83999999999992,True
2026-05-04 04:15:00,961.7879638671875,952.04,901.82,2026-05-04,9.747963867187536,-50.219999999999914,True
2026-05-04 04:30:00,963.654296875,953.31,901.82,2026-05-04,10.344296875000055,-51.489999999999895,True
2026-05-04 04:45:00,970.8566284179688,960.27,901.82,2026-05-04,10.586628417968768,-58.44999999999993,True
2026-05-04 05:00:00,1004.0316162109375,972.63,986.0,2026-05-04,31.401616210937505,13.370000000000005,True
2026-05-04 05:15:00,1019.7169189453125,990.26,986.0,2026-05-04,29.45691894531251,-4.259999999999991,True
2026-05-04 05:30:00,1026.7633056640625,1014.32,986.0,2026-05-04,12.44330566406245,-28.32000000000005,True
2026-05-04 05:45:00,1046.186767578125,1043.3200000000002,986.0,2026-05-04,2.8667675781248363,-57.320000000000164,True
2026-05-04 06:00:00,1118.3916015625,1094.88,1100.7,2026-05-04,23.51160156249989,5.819999999999936,True
2026-05-04 06:15:00,1138.540283203125,1114.65,1100.7,2026-05-04,23.89028320312491,-13.950000000000045,True
2026-05-04 06:30:00,1156.7216796875,1135.9299999999998,1100.7,2026-05-04,20.791679687500164,-35.22999999999979,True
2026-05-04 06:45:00,1171.70654296875,1158.71,1100.7,2026-05-04,12.996542968749964,-58.00999999999999,True
2026-05-04 07:00:00,1176.5538330078125,1174.16,1141.0,2026-05-04,2.393833007812418,-33.16000000000008,True
2026-05-04 07:15:00,1190.6917724609375,1182.41,1141.0,2026-05-04,8.281772460937418,-41.41000000000008,True
2026-05-04 07:30:00,1207.8973388671875,1167.51,1141.0,2026-05-04,40.38733886718751,-26.50999999999999,True
2026-05-04 07:45:00,1218.9833984375,1171.15,1141.0,2026-05-04,47.83339843749991,-30.15000000000009,True
2026-05-04 08:00:00,1250.7467041015625,1202.3000000000002,1231.64,2026-05-04,48.44670410156232,29.339999999999918,True
2026-05-04 08:15:00,1281.2791748046875,1237.99,1231.64,2026-05-04,43.28917480468749,-6.349999999999909,True
2026-05-04 08:30:00,1286.6517333984375,1261.48,1231.64,2026-05-04,25.171733398437482,-29.839999999999918,True
2026-05-04 08:45:00,1294.6998291015625,1281.5,1231.64,2026-05-04,13.1998291015625,-49.8599999999999,True
2026-05-04 09:00:00,1335.250244140625,1313.45,1287.78,2026-05-04,21.800244140624955,-25.670000000000073,True
2026-05-04 09:15:00,1347.8013916015625,1344.27,1287.78,2026-05-04,3.531391601562518,-56.49000000000001,True
2026-05-04 09:30:00,1349.7489013671875,1361.5,1287.78,2026-05-04,-11.7510986328125,-73.72000000000003,True
2026-05-04 09:45:00,1362.2740478515625,1367.71,1287.78,2026-05-04,-5.435952148437536,-79.93000000000006,True
2026-05-04 10:00:00,1373.9151611328125,1384.26,1322.28,2026-05-04,-10.344838867187491,-61.98000000000002,True
2026-05-04 10:15:00,1381.3150634765625,1392.85,1322.28,2026-05-04,-11.534936523437409,-70.56999999999994,True
2026-05-04 10:30:00,1388.1429443359375,1416.98,1322.28,2026-05-04,-28.837055664062518,-94.70000000000005,True
2026-05-04 10:45:00,1394.8006591796875,1420.67,1322.28,2026-05-04,-25.869340820312573,-98.3900000000001,True
2026-05-04 11:00:00,1411.231689453125,1448.85,1339.9,2026-05-04,-37.61831054687491,-108.94999999999982,True
2026-05-04 11:15:00,1416.3795166015625,1467.96,1339.9,2026-05-04,-51.580483398437536,-128.05999999999995,True
2026-05-04 11:30:00,1416.4427490234375,1474.5,1339.9,2026-05-04,-58.0572509765625,-134.5999999999999,True
2026-05-04 11:45:00,1405.3843994140625,1459.98,1339.9,2026-05-04,-54.59560058593752,-120.07999999999993,True
2026-05-04 12:00:00,1367.901611328125,1438.25,1305.16,2026-05-04,-70.348388671875,-133.08999999999992,True
2026-05-04 12:15:00,1361.462890625,1437.35,1305.16,2026-05-04,-75.88710937499991,-132.18999999999983,True
2026-05-04 12:30:00,1364.0457763671875,1432.1799999999998,1305.16,2026-05-04,-68.13422363281234,-127.01999999999975,True
2026-05-04 12:45:00,1371.8359375,1439.7600000000002,1305.16,2026-05-04,-67.92406250000022,-134.60000000000014,True
2026-05-04 13:00:00,1375.5333251953125,1450.43,1327.4299999999998,2026-05-04,-74.89667480468756,-123.00000000000023,True
2026-05-04 13:15:00,1381.6678466796875,1463.2599999999998,1327.4299999999998,2026-05-04,-81.59215332031226,-135.82999999999993,True
2026-05-04 13:30:00,1391.0467529296875,1467.62,1327.4299999999998,2026-05-04,-76.57324707031239,-140.19000000000005,True
2026-05-04 13:45:00,1398.373291015625,1473.75,1327.4299999999998,2026-05-04,-75.376708984375,-146.32000000000016,True
2026-05-04 14:00:00,1436.31591796875,1492.1,1371.02,2026-05-04,-55.78408203124991,-121.07999999999993,True
2026-05-04 14:15:00,1437.5037841796875,1506.7600000000002,1371.02,2026-05-04,-69.25621582031272,-135.74000000000024,True
2026-05-04 14:30:00,1441.96923828125,1509.5700000000002,1371.02,2026-05-04,-67.60076171875016,-138.55000000000018,True
2026-05-04 14:45:00,1443.30078125,1515.96,1371.02,2026-05-04,-72.65921875000004,-144.94000000000005,True
2026-05-04 15:00:00,1446.75,1527.4,1368.38,2026-05-04,-80.65000000000009,-159.01999999999998,True
2026-05-04 15:15:00,1453.61767578125,1526.86,1368.38,2026-05-04,-73.2423242187499,-158.4799999999998,True
2026-05-04 15:30:00,1460.6510009765625,1523.31,1368.38,2026-05-04,-62.658999023437445,-154.92999999999984,True
2026-05-04 15:45:00,1462.836181640625,1531.71,1368.38,2026-05-04,-68.87381835937504,-163.32999999999993,True
2026-05-04 16:00:00,1438.748779296875,1528.0700000000002,1342.98,2026-05-04,-89.32122070312516,-185.09000000000015,True
2026-05-04 16:15:00,1435.4678955078125,1519.48,1342.98,2026-05-04,-84.01210449218752,-176.5,True
2026-05-04 16:30:00,1430.6593017578125,1515.1,1342.98,2026-05-04,-84.44069824218741,-172.1199999999999,True
2026-05-04 16:45:00,1422.833984375,1487.15,1342.98,2026-05-04,-64.31601562500009,-144.17000000000007,True
2026-05-04 17:00:00,1394.045166015625,1474.46,1321.7,2026-05-04,-80.41483398437504,-152.76,True
2026-05-04 17:15:00,1391.6220703125,1457.23,1321.7,2026-05-04,-65.60792968750002,-135.52999999999997,True
2026-05-04 17:30:00,1391.4796142578125,1448.04,1321.7,2026-05-04,-56.560385742187464,-126.33999999999992,True
2026-05-04 17:45:00,1410.281982421875,1463.73,1321.7,2026-05-04,-53.44801757812502,-142.02999999999997,True
2026-05-04 18:00:00,1464.35546875,1539.37,1474.78,2026-05-04,-75.01453124999989,-64.58999999999992,True
2026-05-04 18:15:00,1504.09423828125,1600.87,1474.78,2026-05-04,-96.77576171874989,-126.08999999999992,True
2026-05-04 18:30:00,1544.7760009765625,1614.0,1474.78,2026-05-04,-69.2239990234375,-139.22000000000003,True
2026-05-04 18:45:00,1539.162109375,1614.95,1474.78,2026-05-04,-75.78789062500005,-140.17000000000007,True
2026-05-04 19:00:00,1530.0828857421875,1615.92,1458.86,2026-05-04,-85.83711425781257,-157.06000000000017,True
2026-05-04 19:15:00,1530.39794921875,1607.71,1458.86,2026-05-04,-77.31205078125004,-148.85000000000014,True
2026-05-04 19:30:00,1528.87744140625,1601.81,1458.86,2026-05-04,-72.93255859374995,-142.95000000000005,True
2026-05-04 19:45:00,1523.2374267578125,1596.31,1458.86,2026-05-04,-73.07257324218745,-137.45000000000005,True
2026-05-04 20:00:00,1508.3721923828125,1590.71,1410.49,2026-05-04,-82.33780761718754,-180.22000000000003,True
2026-05-04 20:15:00,1496.1602783203125,1580.82,1410.49,2026-05-04,-84.65972167968744,-170.32999999999993,True
2026-05-04 20:30:00,1483.669189453125,1567.97,1410.49,2026-05-04,-84.30081054687503,-157.48000000000002,True
2026-05-04 20:45:00,1475.146240234375,1548.91,1410.49,2026-05-04,-73.76375976562508,-138.42000000000007,True
2026-05-04 21:00:00,1456.5302734375,1530.65,1320.48,2026-05-04,-74.11972656250009,-210.17000000000007,True
2026-05-04 21:15:00,1449.7420654296875,1509.66,1320.48,2026-05-04,-59.91793457031258,-189.18000000000006,True
2026-05-04 21:30:00,1427.839111328125,1493.03,1320.48,2026-05-04,-65.19088867187497,-172.54999999999995,True
2026-05-04 21:45:00,1402.8751220703125,1458.96,1320.48,2026-05-04,-56.084877929687536,-138.48000000000002,True
2026-05-04 22:00:00,1375.5577392578125,1427.36,1210.83,2026-05-04,-51.8022607421874,-216.52999999999997,True
2026-05-04 22:15:00,1337.1485595703125,1393.88,1210.83,2026-05-04,-56.73144042968761,-183.05000000000018,True
2026-05-04 22:30:00,1307.4691162109375,1365.75,1210.83,2026-05-04,-58.2808837890625,-154.92000000000007,True
2026-05-04 22:45:00,1261.2728271484375,1329.27,1210.83,2026-05-04,-67.99717285156248,-118.44000000000005,True
2026-05-04 23:00:00,1232.4281005859375,1328.56,1120.39,2026-05-04,-96.13189941406245,-208.16999999999985,True
2026-05-04 23:15:00,1204.7847900390625,1310.43,1120.39,2026-05-04,-105.64520996093756,-190.03999999999996,True
2026-05-05 00:00:00,1201.4736328125,1224.29,1055.05,2026-05-05,-22.816367187499964,-169.24,True
2026-05-05 00:15:00,1189.5162353515625,1205.75,1055.05,2026-05-05,-16.2337646484375,-150.70000000000005,True
2026-05-05 00:30:00,1170.8658447265625,1159.37,1055.05,2026-05-05,11.49584472656261,-104.31999999999994,True
2026-05-05 00:45:00,1154.050048828125,1146.23,1055.05,2026-05-05,7.820048828124982,-91.18000000000006,True
2026-05-05 01:00:00,1113.73583984375,1163.03,1017.12,2026-05-05,-49.29416015624997,-145.90999999999997,True
2026-05-05 01:15:00,1104.10009765625,1139.76,1017.12,2026-05-05,-35.65990234374999,-122.63999999999999,True
2026-05-05 01:30:00,1102.0521240234375,1136.94,1017.12,2026-05-05,-34.887875976562555,-119.82000000000005,True
2026-05-05 01:45:00,1094.98779296875,1106.1999999999998,1017.12,2026-05-05,-11.212207031249818,-89.07999999999981,True
2026-05-05 02:00:00,1076.6412353515625,1111.1,991.6,2026-05-05,-34.45876464843741,-119.49999999999989,True
2026-05-05 02:15:00,1073.7386474609375,1096.41,991.6,2026-05-05,-22.671352539062582,-104.81000000000006,True
2026-05-05 02:30:00,1064.0732421875,1101.64,991.6,2026-05-05,-37.5667578125001,-110.04000000000008,True
2026-05-05 02:45:00,1059.5693359375,1085.45,991.6,2026-05-05,-25.880664062500045,-93.85000000000002,True
2026-05-05 03:00:00,1058.8603515625,1072.2399999999998,985.79,2026-05-05,-13.379648437499782,-86.44999999999982,True
2026-05-05 03:15:00,1060.2138671875,1088.2,985.79,2026-05-05,-27.986132812500045,-102.41000000000008,True
2026-05-05 03:30:00,1058.140869140625,1075.55,985.79,2026-05-05,-17.409130859374955,-89.75999999999999,True
2026-05-05 03:45:00,1058.4100341796875,1077.4499999999998,985.79,2026-05-05,-19.039965820312318,-91.65999999999985,True
2026-05-05 04:00:00,1055.8038330078125,1080.84,1001.63,2026-05-05,-25.036166992187418,-79.20999999999992,True
2026-05-05 04:15:00,1064.1202392578125,1092.68,1001.63,2026-05-05,-28.559760742187564,-91.05000000000007,True
2026-05-05 04:30:00,1067.9376220703125,1088.35,1001.63,2026-05-05,-20.41237792968741,-86.71999999999991,True
2026-05-05 04:45:00,1071.9063720703125,1092.19,1001.63,2026-05-05,-20.283627929687555,-90.56000000000006,True
2026-05-05 05:00:00,1104.8575439453125,1090.32,1076.34,2026-05-05,14.537543945312564,-13.980000000000018,True
2026-05-05 05:15:00,1122.238525390625,1115.01,1076.34,2026-05-05,7.228525390625009,-38.67000000000007,True
2026-05-05 05:30:00,1132.3355712890625,1110.04,1076.34,2026-05-05,22.295571289062536,-33.700000000000045,True
2026-05-05 05:45:00,1150.8856201171875,1159.15,1076.34,2026-05-05,-8.264379882812591,-82.81000000000017,True
2026-05-05 06:00:00,1159.8941650390625,1163.61,1149.11,2026-05-05,-3.7158349609374,-14.5,True
2026-05-05 06:15:00,1185.70263671875,1178.33,1149.11,2026-05-05,7.372636718750073,-29.220000000000027,True
2026-05-05 06:30:00,1207.2835693359375,1154.36,1149.11,2026-05-05,52.9235693359376,-5.25,True
2026-05-05 06:45:00,1218.699951171875,1179.29,1149.11,2026-05-05,39.409951171875036,-30.180000000000064,True
2026-05-05 07:00:00,1234.3194580078125,1199.3,1207.73,2026-05-05,35.019458007812545,8.430000000000064,True
2026-05-05 07:15:00,1244.6273193359375,1207.09,1207.73,2026-05-05,37.53731933593758,0.6400000000001,True
2026-05-05 07:30:00,1262.968017578125,1234.5,1207.73,2026-05-05,28.468017578125,-26.769999999999982,True
2026-05-05 07:45:00,1272.529052734375,1268.28,1207.73,2026-05-05,4.249052734375027,-60.549999999999955,True
2026-05-05 08:00:00,1333.415771484375,1305.13,1316.79,2026-05-05,28.28577148437489,11.659999999999854,True
2026-05-05 08:15:00,1358.6522216796875,1345.49,1316.79,2026-05-05,13.162221679687491,-28.700000000000045,True
2026-05-05 08:30:00,1383.491943359375,1362.15,1316.79,2026-05-05,21.34194335937491,-45.36000000000013,True
2026-05-05 08:45:00,1394.3917236328125,1400.39,1316.79,2026-05-05,-5.9982763671876,-83.60000000000014,True
2026-05-05 09:00:00,1421.27587890625,1398.9,1367.4199999999998,2026-05-05,22.37587890624991,-31.480000000000246,True
2026-05-05 09:15:00,1440.3785400390625,1434.39,1367.4199999999998,2026-05-05,5.9885400390624,-66.97000000000025,True
2026-05-05 09:30:00,1459.06640625,1445.73,1367.4199999999998,2026-05-05,13.336406249999982,-78.31000000000017,True
2026-05-05 09:45:00,1468.6104736328125,1429.35,1367.4199999999998,2026-05-05,39.26047363281259,-61.930000000000064,True
2026-05-05 10:00:00,1456.302978515625,1478.0,1403.66,2026-05-05,-21.697021484375,-74.33999999999992,True
2026-05-05 10:15:00,1469.8929443359375,1493.04,1403.66,2026-05-05,-23.147055664062464,-89.37999999999988,True
2026-05-05 10:30:00,1478.180419921875,1496.79,1403.66,2026-05-05,-18.609580078124964,-93.12999999999988,True
2026-05-05 10:45:00,1486.416748046875,1507.66,1403.66,2026-05-05,-21.243251953125082,-104.0,True
2026-05-05 11:00:00,1494.2412109375,1536.78,1409.46,2026-05-05,-42.53878906249997,-127.31999999999994,True
2026-05-05 11:15:00,1506.9495849609375,1542.87,1409.46,2026-05-05,-35.92041503906239,-133.40999999999985,True
2026-05-05 11:30:00,1516.6903076171875,1521.44,1409.46,2026-05-05,-4.749692382812555,-111.98000000000002,True
2026-05-05 11:45:00,1509.3045654296875,1513.36,1409.46,2026-05-05,-4.0554345703124,-103.89999999999986,True
2026-05-05 12:00:00,1483.5186767578125,1507.08,1379.86,2026-05-05,-23.561323242187427,-127.22000000000003,True
2026-05-05 12:15:00,1486.6507568359375,1481.5,1379.86,2026-05-05,5.1507568359375,-101.6400000000001,True
2026-05-05 12:30:00,1487.486083984375,1514.84,1379.86,2026-05-05,-27.353916015624918,-134.98000000000002,True
2026-05-05 12:45:00,1488.041015625,1516.49,1379.86,2026-05-05,-28.44898437500001,-136.6300000000001,True
2026-05-05 13:00:00,1493.50244140625,1543.35,1426.5,2026-05-05,-49.84755859374991,-116.84999999999991,True
2026-05-05 13:15:00,1492.45947265625,1552.91,1426.5,2026-05-05,-60.45052734375008,-126.41000000000008,True
2026-05-05 13:30:00,1501.4111328125,1562.09,1426.5,2026-05-05,-60.67886718749992,-135.58999999999992,True
2026-05-05 13:45:00,1505.689697265625,1572.08,1426.5,2026-05-05,-66.39030273437493,-145.57999999999993,True
2026-05-05 14:00:00,1520.0494384765625,1584.24,1468.46,2026-05-05,-64.19056152343751,-115.77999999999997,True
2026-05-05 14:15:00,1528.1583251953125,1620.5100000000002,1468.46,2026-05-05,-92.35167480468772,-152.05000000000018,True
2026-05-05 14:30:00,1540.480712890625,1626.2199999999998,1468.46,2026-05-05,-85.7392871093748,-157.75999999999976,True
2026-05-05 14:45:00,1551.677734375,1604.6,1468.46,2026-05-05,-52.92226562499991,-136.13999999999987,True
2026-05-05 15:00:00,1560.87158203125,1622.86,1466.7499999999998,2026-05-05,-61.9884179687499,-156.11000000000013,True
2026-05-05 15:15:00,1561.5963134765625,1638.5099999999998,1466.7499999999998,2026-05-05,-76.91368652343726,-171.76,True
2026-05-05 15:30:00,1556.2900390625,1613.2099999999998,1466.7499999999998,2026-05-05,-56.91996093749981,-146.46000000000004,True
2026-05-05 15:45:00,1553.4940185546875,1626.4,1466.7499999999998,2026-05-05,-72.90598144531259,-159.65000000000032,True
2026-05-05 16:00:00,1550.2548828125,1586.39,1438.14,2026-05-05,-36.1351171875001,-148.25,True
2026-05-05 16:15:00,1538.9002685546875,1598.36,1438.14,2026-05-05,-59.4597314453124,-160.2199999999998,True
2026-05-05 16:30:00,1533.8875732421875,1577.52,1438.14,2026-05-05,-43.63242675781248,-139.37999999999988,True
2026-05-05 16:45:00,1531.7587890625,1557.16,1438.14,2026-05-05,-25.401210937500082,-119.01999999999998,True
2026-05-05 17:00:00,1495.38427734375,1536.1,1395.2399999999998,2026-05-05,-40.71572265624991,-140.86000000000013,True
2026-05-05 17:15:00,1486.7919921875,1524.59,1395.2399999999998,2026-05-05,-37.79800781249992,-129.35000000000014,True
2026-05-05 17:30:00,1479.5401611328125,1506.71,1395.2399999999998,2026-05-05,-27.169838867187536,-111.47000000000025,True
2026-05-05 17:45:00,1498.4368896484375,1528.78,1395.2399999999998,2026-05-05,-30.343110351562473,-133.5400000000002,True
2026-05-05 18:00:00,1568.18408203125,1607.5,1538.52,2026-05-05,-39.31591796875,-68.98000000000002,True
2026-05-05 18:15:00,1615.0242919921875,1672.63,1538.52,2026-05-05,-57.60570800781261,-134.11000000000013,True
2026-05-05 18:30:00,1622.21533203125,1698.79,1538.52,2026-05-05,-76.57466796874996,-160.26999999999998,True
2026-05-05 18:45:00,1618.4117431640625,1699.45,1538.52,2026-05-05,-81.03825683593755,-160.93000000000006,True
2026-05-05 19:00:00,1617.972900390625,1702.14,1516.38,2026-05-05,-84.1670996093751,-185.76,True
2026-05-05 19:15:00,1616.9349365234375,1689.16,1516.38,2026-05-05,-72.22506347656258,-172.77999999999997,True
2026-05-05 19:30:00,1612.308349609375,1678.39,1516.38,2026-05-05,-66.0816503906251,-162.01,True
2026-05-05 19:45:00,1607.497314453125,1670.73,1516.38,2026-05-05,-63.23268554687502,-154.3499999999999,True
2026-05-05 20:00:00,1583.8985595703125,1663.14,1467.13,2026-05-05,-79.2414404296876,-196.01,True
2026-05-05 20:15:00,1576.185546875,1642.7,1467.13,2026-05-05,-66.51445312500005,-175.56999999999994,True
2026-05-05 20:30:00,1561.5047607421875,1629.91,1467.13,2026-05-05,-68.40523925781258,-162.77999999999997,True
2026-05-05 20:45:00,1543.0250244140625,1612.72,1467.13,2026-05-05,-69.69497558593753,-145.58999999999992,True
2026-05-05 21:00:00,1525.7027587890625,1591.04,1368.79,2026-05-05,-65.33724121093746,-222.25,True
2026-05-05 21:15:00,1515.100341796875,1575.02,1368.79,2026-05-05,-59.91965820312498,-206.23000000000002,True
2026-05-05 21:30:00,1496.5426025390625,1547.84,1368.79,2026-05-05,-51.29739746093742,-179.04999999999995,True
2026-05-05 21:45:00,1468.774169921875,1520.54,1368.79,2026-05-05,-51.765830078124964,-151.75,True
2026-05-05 22:00:00,1445.058837890625,1497.66,1248.6,2026-05-05,-52.60116210937508,-249.06000000000017,True
2026-05-05 22:15:00,1413.95166015625,1462.3200000000002,1248.6,2026-05-05,-48.368339843750164,-213.72000000000025,True
2026-05-05 22:30:00,1383.322265625,1430.36,1248.6,2026-05-05,-47.0377343749999,-181.76,True
2026-05-05 22:45:00,1344.3807373046875,1379.34,1248.6,2026-05-05,-34.95926269531242,-130.74,True
2026-05-05 23:00:00,1341.7159423828125,1348.4299999999998,1151.0500000000002,2026-05-05,-6.714057617187336,-197.37999999999965,True
2026-05-05 23:15:00,1318.7708740234375,1317.76,1151.0500000000002,2026-05-05,1.010874023437509,-166.7099999999998,True
2026-05-05 23:30:00,1302.0992431640625,1316.4499999999998,1151.0500000000002,2026-05-05,-14.350756835937318,-165.39999999999964,True
2026-05-06 00:00:00,1234.75244140625,1250.94,1091.7599999999998,2026-05-06,-16.187558593750055,-159.1800000000003,True
2026-05-06 00:15:00,1198.8875732421875,1221.8100000000002,1091.7599999999998,2026-05-06,-22.922426757812673,-130.0500000000004,True
2026-05-06 00:30:00,1182.8543701171875,1200.02,1091.7599999999998,2026-05-06,-17.165629882812482,-108.26000000000022,True
2026-05-06 00:45:00,1173.9864501953125,1181.64,1091.7599999999998,2026-05-06,-7.6535498046876,-89.88000000000034,True
2026-05-06 01:00:00,1155.5823974609375,1171.36,1046.25,2026-05-06,-15.7776025390624,-125.1099999999999,True
2026-05-06 01:15:00,1146.2762451171875,1157.52,1046.25,2026-05-06,-11.243754882812482,-111.26999999999998,True
2026-05-06 01:30:00,1136.9527587890625,1130.12,1046.25,2026-05-06,6.832758789062609,-83.86999999999989,True
2026-05-06 01:45:00,1124.9168701171875,1139.88,1046.25,2026-05-06,-14.96312988281261,-93.63000000000011,True
2026-05-06 02:00:00,1124.58740234375,1108.9199999999998,1017.84,2026-05-06,15.667402343750155,-91.07999999999981,True
2026-05-06 02:15:00,1119.670166015625,1121.56,1017.84,2026-05-06,-1.8898339843749454,-103.71999999999991,True
2026-05-06 02:30:00,1110.3089599609375,1096.15,1017.84,2026-05-06,14.158959960937409,-78.31000000000006,True
2026-05-06 02:45:00,1088.35888671875,1108.32,1017.84,2026-05-06,-19.961113281249936,-90.4799999999999,True
2026-05-06 03:00:00,1080.286376953125,1084.4,1010.95,2026-05-06,-4.113623046875091,-73.45000000000005,True
2026-05-06 03:15:00,1084.12353515625,1080.65,1010.95,2026-05-06,3.473535156249909,-69.70000000000005,True
2026-05-06 03:30:00,1081.039306640625,1073.6799999999998,1010.95,2026-05-06,7.359306640625164,-62.72999999999979,True
2026-05-06 03:45:00,1081.652587890625,1097.9,1010.95,2026-05-06,-16.24741210937509,-86.95000000000005,True
2026-05-06 04:00:00,1087.8297119140625,1085.7,1025.65,2026-05-06,2.1297119140624545,-60.049999999999955,True
2026-05-06 04:15:00,1092.6981201171875,1088.59,1025.65,2026-05-06,4.108120117187582,-62.93999999999983,True
2026-05-06 04:30:00,1094.6580810546875,1103.33,1025.65,2026-05-06,-8.671918945312427,-77.67999999999984,True
2026-05-06 04:45:00,1099.129150390625,1107.0,1025.65,2026-05-06,-7.870849609375,-81.34999999999991,True
2026-05-06 05:00:00,1133.835693359375,1116.59,1100.11,2026-05-06,17.245693359375082,-16.480000000000018,True
2026-05-06 05:15:00,1148.032958984375,1132.1799999999998,1100.11,2026-05-06,15.852958984375164,-32.069999999999936,True
2026-05-06 05:30:00,1164.7362060546875,1157.58,1100.11,2026-05-06,7.156206054687573,-57.47000000000003,True
2026-05-06 05:45:00,1178.5201416015625,1176.1,1100.11,2026-05-06,2.420141601562591,-75.99000000000001,True
2026-05-06 06:00:00,1195.3475341796875,1213.04,1183.8,2026-05-06,-17.692465820312464,-29.24000000000001,True
2026-05-06 06:15:00,1213.9930419921875,1233.07,1183.8,2026-05-06,-19.076958007812436,-49.26999999999998,True
2026-05-06 06:30:00,1225.2528076171875,1225.17,1183.8,2026-05-06,0.08280761718742724,-41.37000000000012,True
2026-05-06 06:45:00,1229.221435546875,1274.54,1183.8,2026-05-06,-45.318564453124964,-90.74000000000001,True
2026-05-06 07:00:00,1256.4498291015625,1304.13,1234.5299999999995,2026-05-06,-47.68017089843761,-69.60000000000059,True
2026-05-06 07:15:00,1271.783935546875,1303.22,1234.5299999999995,2026-05-06,-31.436064453125027,-68.69000000000051,True
2026-05-06 07:30:00,1289.22509765625,1293.22,1234.5299999999995,2026-05-06,-3.9949023437500273,-58.69000000000051,True
2026-05-06 07:45:00,1300.952880859375,1298.62,1234.5299999999995,2026-05-06,2.332880859375109,-64.09000000000037,True
2026-05-06 08:00:00,1335.525390625,1375.59,1338.9699999999998,2026-05-06,-40.06460937499992,-36.62000000000012,True
2026-05-06 08:15:00,1370.2869873046875,1386.62,1338.9699999999998,2026-05-06,-16.33301269531239,-47.65000000000009,True
2026-05-06 08:30:00,1395.994140625,1432.13,1338.9699999999998,2026-05-06,-36.13585937500011,-93.16000000000031,True
2026-05-06 08:45:00,1402.890625,1447.61,1338.9699999999998,2026-05-06,-44.7193749999999,-108.6400000000001,True
2026-05-06 09:00:00,1437.3043212890625,1488.22,1398.77,2026-05-06,-50.91567871093753,-89.45000000000005,True
2026-05-06 09:15:00,1441.689697265625,1488.37,1398.77,2026-05-06,-46.68030273437489,-89.59999999999991,True
2026-05-06 09:30:00,1458.635009765625,1510.24,1398.77,2026-05-06,-51.60499023437501,-111.47000000000003,True
2026-05-06 09:45:00,1466.419189453125,1539.35,1398.77,2026-05-06,-72.93081054687491,-140.57999999999993,True
2026-05-06 10:00:00,1460.0096435546875,1545.17,1425.46,2026-05-06,-85.16035644531257,-119.71000000000004,True
2026-05-06 10:15:00,1466.30712890625,1546.48,1425.46,2026-05-06,-80.17287109375002,-121.01999999999998,True
2026-05-06 10:30:00,1474.7291259765625,1555.14,1425.46,2026-05-06,-80.4108740234376,-129.68000000000006,True
2026-05-06 10:45:00,1487.337158203125,1570.91,1425.46,2026-05-06,-83.57284179687508,-145.45000000000005,True
2026-05-06 11:00:00,1493.71630859375,1611.37,1430.52,2026-05-06,-117.65369140624989,-180.8499999999999,True
2026-05-06 11:15:00,1505.90185546875,1601.35,1430.52,2026-05-06,-95.44814453124991,-170.82999999999993,True
2026-05-06 11:30:00,1510.598388671875,1605.56,1430.52,2026-05-06,-94.96161132812495,-175.03999999999996,True
2026-05-06 11:45:00,1511.69970703125,1569.62,1430.52,2026-05-06,-57.92029296874989,-139.0999999999999,True
2026-05-06 12:00:00,1483.8883056640625,1572.76,1412.41,2026-05-06,-88.87169433593749,-160.3499999999999,True
2026-05-06 12:15:00,1480.206298828125,1567.44,1412.41,2026-05-06,-87.23370117187505,-155.02999999999997,True
2026-05-06 12:30:00,1482.7186279296875,1563.69,1412.41,2026-05-06,-80.97137207031255,-151.27999999999997,True
2026-05-06 12:45:00,1484.758544921875,1574.03,1412.41,2026-05-06,-89.27145507812497,-161.6199999999999,True
2026-05-06 13:00:00,1502.958984375,1565.07,1447.66,2026-05-06,-62.111015624999936,-117.40999999999985,True
2026-05-06 13:15:00,1508.3516845703125,1580.21,1447.66,2026-05-06,-71.85831542968754,-132.54999999999995,True
2026-05-06 13:30:00,1517.564697265625,1606.3200000000002,1447.66,2026-05-06,-88.75530273437516,-158.66000000000008,True
2026-05-06 13:45:00,1527.87255859375,1600.3,1447.66,2026-05-06,-72.42744140624995,-152.63999999999987,True
2026-05-06 14:00:00,1583.52734375,1645.4,1492.96,2026-05-06,-61.87265625000009,-152.44000000000005,True
2026-05-06 14:15:00,1591.84228515625,1661.19,1492.96,2026-05-06,-69.34771484375005,-168.23000000000002,True
2026-05-06 14:30:00,1585.4822998046875,1667.46,1492.96,2026-05-06,-81.97770019531254,-174.5,True
2026-05-06 14:45:00,1587.31298828125,1655.85,1492.96,2026-05-06,-68.53701171874991,-162.88999999999987,True
2026-05-06 15:00:00,1612.8057861328125,1674.05,1487.5800000000002,2026-05-06,-61.244213867187455,-186.4699999999998,True
2026-05-06 15:15:00,1603.3880615234375,1682.18,1487.5800000000002,2026-05-06,-78.79193847656256,-194.5999999999999,True
2026-05-06 15:30:00,1592.29833984375,1683.8200000000002,1487.5800000000002,2026-05-06,-91.52166015625016,-196.24,True
2026-05-06 15:45:00,1605.6939697265625,1645.24,1487.5800000000002,2026-05-06,-39.54603027343751,-157.65999999999985,True
2026-05-06 16:00:00,1569.8150634765625,1679.8200000000002,1457.75,2026-05-06,-110.00493652343766,-222.07000000000016,True
2026-05-06 16:15:00,1571.107666015625,1654.2,1457.75,2026-05-06,-83.09233398437505,-196.45000000000005,True
2026-05-06 16:30:00,1565.087890625,1640.67,1457.75,2026-05-06,-75.58210937500007,-182.92000000000007,True
2026-05-06 16:45:00,1554.953125,1599.02,1457.75,2026-05-06,-44.06687499999998,-141.26999999999998,True
2026-05-06 17:00:00,1533.2213134765625,1569.38,1417.79,2026-05-06,-36.15868652343761,-151.59000000000015,True
2026-05-06 17:15:00,1528.9703369140625,1555.15,1417.79,2026-05-06,-26.17966308593759,-137.36000000000013,True
2026-05-06 17:30:00,1521.5992431640625,1538.5200000000002,1417.79,2026-05-06,-16.92075683593771,-120.73000000000025,True
2026-05-06 17:45:00,1535.2967529296875,1566.5500000000002,1417.79,2026-05-06,-31.253247070312682,-148.76000000000022,True
2026-05-06 18:00:00,1585.3785400390625,1625.95,1542.0,2026-05-06,-40.571459960937545,-83.95000000000005,True
2026-05-06 18:15:00,1626.30126953125,1690.68,1542.0,2026-05-06,-64.37873046875006,-148.68000000000006,True
2026-05-06 18:30:00,1646.6885986328125,1710.0500000000002,1542.0,2026-05-06,-63.36140136718768,-168.05000000000018,True
2026-05-06 18:45:00,1638.056884765625,1710.28,1542.0,2026-05-06,-72.22311523437497,-168.27999999999997,True
2026-05-06 19:00:00,1627.1322021484375,1703.45,1524.48,2026-05-06,-76.31779785156255,-178.97000000000003,True
2026-05-06 19:15:00,1620.1297607421875,1700.1,1524.48,2026-05-06,-79.97023925781241,-175.6199999999999,True
2026-05-06 19:30:00,1612.6204833984375,1697.13,1524.48,2026-05-06,-84.50951660156261,-172.6500000000001,True
2026-05-06 19:45:00,1612.19287109375,1690.54,1524.48,2026-05-06,-78.34712890624996,-166.05999999999995,True
2026-05-06 20:00:00,1585.458740234375,1671.96,1474.84,2026-05-06,-86.50125976562504,-197.12000000000012,True
2026-05-06 20:15:00,1570.1185302734375,1658.2800000000002,1474.84,2026-05-06,-88.1614697265627,-183.44000000000028,True
2026-05-06 20:30:00,1545.7608642578125,1650.41,1474.84,2026-05-06,-104.64913574218758,-175.57000000000016,True
2026-05-06 20:45:00,1536.88427734375,1636.0200000000002,1474.84,2026-05-06,-99.13572265625021,-161.1800000000003,True
2026-05-06 21:00:00,1508.708740234375,1614.9500000000005,1386.74,2026-05-06,-106.2412597656255,-228.2100000000005,True
2026-05-06 21:15:00,1503.3282470703125,1589.03,1386.74,2026-05-06,-85.70175292968747,-202.28999999999996,True
2026-05-06 21:30:00,1487.14453125,1561.4900000000002,1386.74,2026-05-06,-74.34546875000024,-174.75000000000023,True
2026-05-06 21:45:00,1462.7716064453125,1529.09,1386.74,2026-05-06,-66.31839355468742,-142.3499999999999,True
2026-05-06 22:00:00,1430.201171875,1523.94,1273.03,2026-05-06,-93.73882812500005,-250.91000000000008,True
2026-05-06 22:15:00,1400.402587890625,1468.7,1273.03,2026-05-06,-68.29741210937505,-195.67000000000007,True
2026-05-06 22:30:00,1379.314453125,1455.95,1273.03,2026-05-06,-76.63554687500005,-182.92000000000007,True
2026-05-06 22:45:00,1340.973388671875,1425.23,1273.03,2026-05-06,-84.25661132812502,-152.20000000000005,True
2026-05-06 23:00:00,1310.8740234375,1408.3000000000002,1177.4699999999998,2026-05-06,-97.42597656250018,-230.83000000000038,True
2026-05-06 23:15:00,1281.211181640625,1376.94,1177.4699999999998,2026-05-06,-95.72881835937505,-199.47000000000025,True
2026-05-07 00:00:00,1226.550048828125,1292.78,1094.61,2026-05-07,-66.22995117187497,-198.17000000000007,True
2026-05-07 00:15:00,1208.455322265625,1264.72,1094.61,2026-05-07,-56.26467773437503,-170.11000000000013,True
2026-05-07 00:30:00,1205.7783203125,1220.07,1094.61,2026-05-07,-14.291679687499936,-125.46000000000004,True
2026-05-07 00:45:00,1193.5152587890625,1220.27,1094.61,2026-05-07,-26.754741210937482,-125.66000000000008,True
2026-05-07 01:00:00,1177.079345703125,1189.51,1047.71,2026-05-07,-12.430654296874991,-141.79999999999995,True
2026-05-07 01:15:00,1166.1724853515625,1192.57,1047.71,2026-05-07,-26.397514648437436,-144.8599999999999,True
2026-05-07 01:30:00,1157.7720947265625,1191.78,1047.71,2026-05-07,-34.00790527343747,-144.06999999999994,True
2026-05-07 01:45:00,1150.9791259765625,1166.47,1047.71,2026-05-07,-15.490874023437527,-118.75999999999999,True
2026-05-07 02:00:00,1147.33544921875,1156.81,1020.48,2026-05-07,-9.474550781249945,-136.32999999999993,True
2026-05-07 02:15:00,1141.8978271484375,1150.44,1020.48,2026-05-07,-8.542172851562555,-129.96000000000004,True
2026-05-07 02:30:00,1137.0308837890625,1148.34,1020.48,2026-05-07,-11.309116210937418,-127.8599999999999,True
2026-05-07 02:45:00,1135.0074462890625,1132.96,1020.48,2026-05-07,2.0474462890624636,-112.48000000000002,True
2026-05-07 03:00:00,1096.843017578125,1100.79,1011.91,2026-05-07,-3.9469824218749636,-88.88,True
2026-05-07 03:15:00,1103.4873046875,1107.31,1011.91,2026-05-07,-3.8226953124999454,-95.39999999999998,True
2026-05-07 03:30:00,1096.1414794921875,1091.3,1011.91,2026-05-07,4.8414794921875455,-79.38999999999999,True
2026-05-07 03:45:00,1090.716552734375,1101.08,1011.91,2026-05-07,-10.363447265624927,-89.16999999999996,True
2026-05-07 04:00:00,1106.3543701171875,1126.1999999999998,1027.7,2026-05-07,-19.845629882812318,-98.49999999999977,True
2026-05-07 04:15:00,1115.2205810546875,1117.4199999999998,1027.7,2026-05-07,-2.1994189453123454,-89.7199999999998,True
2026-05-07 04:30:00,1116.525390625,1124.3200000000002,1027.7,2026-05-07,-7.794609375000164,-96.62000000000012,True
2026-05-07 04:45:00,1129.3546142578125,1131.79,1027.7,2026-05-07,-2.4353857421874636,-104.08999999999992,True
2026-05-07 05:00:00,1143.12548828125,1146.09,1101.52,2026-05-07,-2.964511718749918,-44.569999999999936,True
2026-05-07 05:15:00,1153.5888671875,1155.21,1101.52,2026-05-07,-1.6211328125000364,-53.690000000000055,True
2026-05-07 05:30:00,1168.341552734375,1157.6,1101.52,2026-05-07,10.741552734375091,-56.07999999999993,True
2026-05-07 05:45:00,1183.548583984375,1189.04,1101.52,2026-05-07,-5.491416015624964,-87.51999999999998,True
2026-05-07 06:00:00,1191.760498046875,1233.75,1183.59,2026-05-07,-41.989501953125,-50.16000000000008,True
2026-05-07 06:15:00,1231.6346435546875,1269.09,1183.59,2026-05-07,-37.45535644531242,-85.5,True
2026-05-07 06:30:00,1242.41015625,1272.5700000000002,1183.59,2026-05-07,-30.159843750000164,-88.98000000000025,True
2026-05-07 06:45:00,1250.132080078125,1261.53,1183.59,2026-05-07,-11.397919921874973,-77.94000000000005,True
2026-05-07 07:00:00,1268.376953125,1300.5500000000002,1229.5,2026-05-07,-32.17304687500018,-71.05000000000018,True
2026-05-07 07:15:00,1277.55419921875,1299.07,1229.5,2026-05-07,-21.515800781249936,-69.56999999999994,True
2026-05-07 07:30:00,1300.5184326171875,1326.33,1229.5,2026-05-07,-25.811567382812427,-96.82999999999993,True
2026-05-07 07:45:00,1313.1873779296875,1318.59,1229.5,2026-05-07,-5.402622070312418,-89.08999999999992,True
2026-05-07 08:00:00,1344.2943115234375,1383.3000000000002,1336.01,2026-05-07,-39.00568847656268,-47.29000000000019,True
2026-05-07 08:15:00,1367.3338623046875,1400.49,1336.01,2026-05-07,-33.15613769531251,-64.48000000000002,True
2026-05-07 08:30:00,1402.104736328125,1440.81,1336.01,2026-05-07,-38.705263671874945,-104.79999999999995,True
2026-05-07 08:45:00,1412.6016845703125,1452.13,1336.01,2026-05-07,-39.52831542968761,-116.12000000000012,True
2026-05-07 09:00:00,1446.1168212890625,1458.79,1394.3,2026-05-07,-12.673178710937464,-64.49000000000001,True
2026-05-07 09:15:00,1460.53515625,1481.17,1394.3,2026-05-07,-20.634843750000073,-86.87000000000012,True
2026-05-07 09:30:00,1468.3309326171875,1490.9499999999998,1394.3,2026-05-07,-22.619067382812318,-96.64999999999986,True
2026-05-07 09:45:00,1499.3685302734375,1529.1999999999998,1394.3,2026-05-07,-29.831469726562318,-134.89999999999986,True
2026-05-07 10:00:00,1484.1427001953125,1550.63,1422.95,2026-05-07,-66.48729980468761,-127.68000000000006,True
2026-05-07 10:15:00,1483.8065185546875,1556.44,1422.95,2026-05-07,-72.63348144531255,-133.49,True
2026-05-07 10:30:00,1492.5418701171875,1559.83,1422.95,2026-05-07,-67.28812988281243,-136.87999999999988,True
2026-05-07 10:45:00,1497.9810791015625,1560.92,1422.95,2026-05-07,-62.93892089843757,-137.97000000000003,True
2026-05-07 11:00:00,1517.3818359375,1568.34,1426.96,2026-05-07,-50.95816406249992,-141.37999999999988,True
2026-05-07 11:15:00,1516.5966796875,1570.4699999999998,1426.96,2026-05-07,-53.8733203124998,-143.50999999999976,True
2026-05-07 11:30:00,1517.412841796875,1564.33,1426.96,2026-05-07,-46.91715820312493,-137.3699999999999,True
2026-05-07 11:45:00,1512.3035888671875,1545.4499999999998,1426.96,2026-05-07,-33.14641113281232,-118.48999999999978,True
2026-05-07 12:00:00,1498.1390380859375,1518.53,1409.21,2026-05-07,-20.390961914062473,-109.31999999999994,True
2026-05-07 12:15:00,1501.403564453125,1509.0,1409.21,2026-05-07,-7.596435546875,-99.78999999999996,True
2026-05-07 12:30:00,1504.645751953125,1504.1,1409.21,2026-05-07,0.545751953125091,-94.88999999999987,True
2026-05-07 12:45:00,1507.97265625,1514.47,1409.21,2026-05-07,-6.497343750000027,-105.25999999999999,True
2026-05-07 13:00:00,1519.55322265625,1526.18,1444.8,2026-05-07,-6.626777343750064,-81.38000000000011,True
2026-05-07 13:15:00,1514.46337890625,1548.75,1444.8,2026-05-07,-34.28662109375,-103.95000000000005,True
2026-05-07 13:30:00,1530.5933837890625,1563.88,1444.8,2026-05-07,-33.28661621093761,-119.08000000000015,True
2026-05-07 13:45:00,1525.3658447265625,1592.0,1444.8,2026-05-07,-66.6341552734375,-147.20000000000005,True
2026-05-07 14:00:00,1588.03662109375,1613.94,1485.5300000000002,2026-05-07,-25.903378906250055,-128.40999999999985,True
2026-05-07 14:15:00,1595.8045654296875,1627.7799999999995,1485.5300000000002,2026-05-07,-31.975434570312018,-142.24999999999932,True
2026-05-07 14:30:00,1589.8961181640625,1637.3200000000002,1485.5300000000002,2026-05-07,-47.423881835937664,-151.78999999999996,True
2026-05-07 14:45:00,1591.3831787109375,1643.3,1485.5300000000002,2026-05-07,-51.916821289062455,-157.76999999999975,True
2026-05-07 15:00:00,1614.5487060546875,1644.6799999999998,1488.65,2026-05-07,-30.131293945312336,-156.02999999999975,True
2026-05-07 15:15:00,1609.341064453125,1640.93,1488.65,2026-05-07,-31.588935546875064,-152.27999999999997,True
2026-05-07 15:30:00,1601.7720947265625,1644.48,1488.65,2026-05-07,-42.70790527343752,-155.82999999999993,True
2026-05-07 15:45:00,1596.65673828125,1642.43,1488.65,2026-05-07,-45.773261718750064,-153.77999999999997,True
2026-05-07 16:00:00,1580.8614501953125,1634.6,1455.14,2026-05-07,-53.73854980468741,-179.4599999999998,True
2026-05-07 16:15:00,1574.60693359375,1611.55,1455.14,2026-05-07,-36.943066406249955,-156.40999999999985,True
2026-05-07 16:30:00,1556.7161865234375,1581.96,1455.14,2026-05-07,-25.243813476562536,-126.81999999999994,True
2026-05-07 16:45:00,1551.21044921875,1570.27,1455.14,2026-05-07,-19.059550781249982,-115.12999999999988,True
2026-05-07 17:00:00,1535.0577392578125,1564.25,1416.17,2026-05-07,-29.1922607421875,-148.07999999999993,True
2026-05-07 17:15:00,1532.098388671875,1549.9699999999998,1416.17,2026-05-07,-17.8716113281248,-133.79999999999973,True
2026-05-07 17:30:00,1529.6650390625,1536.46,1416.17,2026-05-07,-6.794960937500036,-120.28999999999996,True
2026-05-07 17:45:00,1537.919189453125,1557.96,1416.17,2026-05-07,-20.040810546875036,-141.78999999999996,True
2026-05-07 18:00:00,1584.3819580078125,1625.9699999999998,1547.45,2026-05-07,-41.5880419921873,-78.51999999999975,True
2026-05-07 18:15:00,1620.625,1687.4299999999998,1547.45,2026-05-07,-66.80499999999984,-139.9799999999998,True
2026-05-07 18:30:00,1647.755126953125,1705.39,1547.45,2026-05-07,-57.6348730468751,-157.94000000000005,True
2026-05-07 18:45:00,1643.605712890625,1706.77,1547.45,2026-05-07,-63.16428710937498,-159.31999999999994,True
2026-05-07 19:00:00,1632.7403564453125,1700.92,1529.4299999999998,2026-05-07,-68.17964355468757,-171.49000000000024,True
2026-05-07 19:15:00,1640.88232421875,1695.23,1529.4299999999998,2026-05-07,-54.34767578125002,-165.80000000000018,True
2026-05-07 19:30:00,1628.5543212890625,1684.9,1529.4299999999998,2026-05-07,-56.34567871093759,-155.47000000000025,True
2026-05-07 19:45:00,1622.181396484375,1674.2800000000002,1529.4299999999998,2026-05-07,-52.0986035156252,-144.85000000000036,True
2026-05-07 20:00:00,1586.7467041015625,1656.3000000000002,1480.08,2026-05-07,-69.55329589843768,-176.22000000000025,True
2026-05-07 20:15:00,1570.2386474609375,1645.42,1480.08,2026-05-07,-75.18135253906257,-165.34000000000015,True
2026-05-07 20:30:00,1559.49072265625,1633.52,1480.08,2026-05-07,-74.02927734374998,-153.44000000000005,True
2026-05-07 20:45:00,1531.5543212890625,1619.94,1480.08,2026-05-07,-88.38567871093755,-139.86000000000013,True
2026-05-07 21:00:00,1520.1268310546875,1600.7,1390.39,2026-05-07,-80.57316894531255,-210.30999999999995,True
2026-05-07 21:15:00,1513.094482421875,1578.61,1390.39,2026-05-07,-65.5155175781249,-188.2199999999998,True
2026-05-07 21:30:00,1495.5723876953125,1551.18,1390.39,2026-05-07,-55.607612304687564,-160.78999999999996,True
2026-05-07 21:45:00,1473.5185546875,1520.98,1390.39,2026-05-07,-47.46144531250002,-130.58999999999992,True
2026-05-07 22:00:00,1430.3067626953125,1476.12,1274.35,2026-05-07,-45.81323730468739,-201.76999999999998,True
2026-05-07 22:15:00,1408.505859375,1447.82,1274.35,2026-05-07,-39.314140624999936,-173.47000000000003,True
2026-05-07 22:30:00,1390.252197265625,1415.5099999999998,1274.35,2026-05-07,-25.257802734374764,-141.15999999999985,True
2026-05-07 22:45:00,1350.3438720703125,1382.48,1274.35,2026-05-07,-32.13612792968752,-108.13000000000011,True
2026-05-07 23:00:00,1314.921875,1368.14,1164.02,2026-05-07,-53.2181250000001,-204.12000000000012,True
2026-05-07 23:15:00,1294.820068359375,1338.48,1164.02,2026-05-07,-43.65993164062502,-174.46000000000004,True
2026-05-07 23:30:00,1282.8265380859375,1298.71,1164.02,2026-05-07,-15.883461914062536,-134.69000000000005,True
2026-05-08 00:00:00,1185.2437744140625,1234.33,1085.71,2026-05-08,-49.08622558593743,-148.6199999999999,True
2026-05-08 00:15:00,1159.553955078125,1220.37,1085.71,2026-05-08,-60.81604492187489,-134.65999999999985,True
2026-05-08 00:30:00,1160.991455078125,1195.49,1085.71,2026-05-08,-34.49854492187501,-109.77999999999997,True
2026-05-08 00:45:00,1148.333740234375,1173.57,1085.71,2026-05-08,-25.236259765624936,-87.8599999999999,True
2026-05-08 01:00:00,1136.9033203125,1162.07,1041.33,2026-05-08,-25.166679687499936,-120.74000000000001,True
2026-05-08 01:15:00,1132.7615966796875,1134.25,1041.33,2026-05-08,-1.4884033203125,-92.92000000000007,True
2026-05-08 01:30:00,1133.5233154296875,1118.04,1041.33,2026-05-08,15.483315429687536,-76.71000000000004,True
2026-05-08 01:45:00,1120.125732421875,1102.03,1041.33,2026-05-08,18.095732421875027,-60.700000000000045,True
2026-05-08 02:00:00,1113.999267578125,1102.72,1009.64,2026-05-08,11.279267578124973,-93.08000000000004,True
2026-05-08 02:15:00,1106.1031494140625,1088.28,1009.64,2026-05-08,17.823149414062527,-78.63999999999999,True
2026-05-08 02:30:00,1099.9674072265625,1077.59,1009.64,2026-05-08,22.377407226562582,-67.94999999999993,True
2026-05-08 02:45:00,1086.4583740234375,1067.0,1009.64,2026-05-08,19.4583740234375,-57.360000000000014,True
2026-05-08 03:00:00,1081.77099609375,1063.23,999.99,2026-05-08,18.540996093749982,-63.24000000000001,True
2026-05-08 03:15:00,1065.1004638671875,1052.96,999.99,2026-05-08,12.140463867187464,-52.97000000000003,True
2026-05-08 03:30:00,1063.37744140625,1038.84,999.99,2026-05-08,24.537441406250082,-38.84999999999991,True
2026-05-08 03:45:00,1056.44970703125,1029.12,999.99,2026-05-08,27.32970703125011,-29.12999999999988,True
2026-05-08 04:00:00,1072.933837890625,1020.91,1015.36,2026-05-08,52.02383789062503,-5.5499999999999545,True
2026-05-08 04:15:00,1083.8839111328125,1030.13,1015.36,2026-05-08,53.75391113281239,-14.770000000000095,True
2026-05-08 04:30:00,1086.5059814453125,1027.77,1015.36,2026-05-08,58.73598144531252,-12.409999999999968,True
2026-05-08 04:45:00,1094.3905029296875,1042.42,1015.36,2026-05-08,51.97050292968743,-27.06000000000006,True
2026-05-08 05:00:00,1116.700927734375,1040.9299999999998,1089.92,2026-05-08,75.77092773437516,48.99000000000024,True
2026-05-08 05:15:00,1129.9488525390625,1054.42,1089.92,2026-05-08,75.52885253906243,35.5,True
2026-05-08 05:30:00,1137.7255859375,1080.26,1089.92,2026-05-08,57.46558593750001,9.660000000000082,True
2026-05-08 05:45:00,1157.44677734375,1099.44,1089.92,2026-05-08,58.006777343749945,-9.519999999999982,True
2026-05-08 06:00:00,1176.173828125,1147.93,1159.89,2026-05-08,28.243828124999936,11.960000000000036,True
2026-05-08 06:15:00,1199.7891845703125,1174.37,1159.89,2026-05-08,25.41918457031261,-14.47999999999979,True
2026-05-08 06:30:00,1217.740478515625,1176.92,1159.89,2026-05-08,40.82047851562493,-17.029999999999973,True
2026-05-08 06:45:00,1221.686767578125,1189.04,1159.89,2026-05-08,32.646767578125036,-29.149999999999864,True
2026-05-08 07:00:00,1225.9775390625,1199.85,1187.95,2026-05-08,26.12753906250009,-11.899999999999864,True
2026-05-08 07:15:00,1236.170654296875,1214.06,1187.95,2026-05-08,22.110654296875055,-26.1099999999999,True
2026-05-08 07:30:00,1246.21630859375,1220.3200000000002,1187.95,2026-05-08,25.896308593749836,-32.37000000000012,True
2026-05-08 07:45:00,1267.68603515625,1189.48,1187.95,2026-05-08,78.20603515624998,-1.5299999999999727,True
2026-05-08 08:00:00,1296.548583984375,1237.0700000000002,1293.34,2026-05-08,59.478583984374836,56.269999999999754,True
2026-05-08 08:15:00,1320.101318359375,1256.33,1293.34,2026-05-08,63.77131835937507,37.00999999999999,True
2026-05-08 08:30:00,1347.228759765625,1285.37,1293.34,2026-05-08,61.85875976562511,7.970000000000027,True
2026-05-08 08:45:00,1355.2550048828125,1296.18,1293.34,2026-05-08,59.075004882812436,-2.8400000000001455,True
2026-05-08 09:00:00,1382.531982421875,1310.15,1336.25,2026-05-08,72.38198242187491,26.09999999999991,True
2026-05-08 09:15:00,1387.82568359375,1329.19,1336.25,2026-05-08,58.635683593749945,7.059999999999945,True
2026-05-08 09:30:00,1393.939453125,1341.6,1336.25,2026-05-08,52.33945312500009,-5.349999999999909,True
2026-05-08 09:45:00,1405.178466796875,1336.2600000000002,1336.25,2026-05-08,68.91846679687478,-0.010000000000218279,True
2026-05-08 10:00:00,1403.7003173828125,1355.2800000000002,1359.0700000000002,2026-05-08,48.4203173828123,3.7899999999999636,True
2026-05-08 10:15:00,1418.3887939453125,1355.78,1359.0700000000002,2026-05-08,62.60879394531253,3.290000000000191,True
2026-05-08 10:30:00,1425.3472900390625,1350.98,1359.0700000000002,2026-05-08,74.36729003906248,8.090000000000146,True
2026-05-08 10:45:00,1440.9991455078125,1361.72,1359.0700000000002,2026-05-08,79.27914550781247,-2.6499999999998636,True
2026-05-08 11:00:00,1471.111572265625,1379.93,1370.38,2026-05-08,91.18157226562494,-9.549999999999955,True
2026-05-08 11:15:00,1476.5958251953125,1386.8100000000002,1370.38,2026-05-08,89.78582519531233,-16.430000000000064,True
2026-05-08 11:30:00,1480.3153076171875,1386.02,1370.38,2026-05-08,94.29530761718752,-15.639999999999873,True
2026-05-08 11:45:00,1470.6689453125,1365.48,1370.38,2026-05-08,105.18894531249998,4.900000000000091,True
2026-05-08 12:00:00,1432.2562255859375,1332.02,1338.49,2026-05-08,100.23622558593752,6.470000000000027,True
2026-05-08 12:15:00,1432.47705078125,1324.23,1338.49,2026-05-08,108.24705078124998,14.259999999999991,True
2026-05-08 12:30:00,1425.1141357421875,1319.37,1338.49,2026-05-08,105.74413574218761,19.12000000000012,True
2026-05-08 12:45:00,1434.46484375,1311.51,1338.49,2026-05-08,122.95484375000001,26.980000000000018,True
2026-05-08 13:00:00,1435.74853515625,1320.43,1353.15,2026-05-08,115.31853515624994,32.72000000000003,True
2026-05-08 13:15:00,1444.64111328125,1315.99,1353.15,2026-05-08,128.65111328125,37.16000000000008,True
2026-05-08 13:30:00,1453.811767578125,1336.09,1353.15,2026-05-08,117.72176757812508,17.060000000000173,True
2026-05-08 13:45:00,1458.8470458984375,1342.54,1353.15,2026-05-08,116.30704589843754,10.610000000000127,True
2026-05-08 14:00:00,1481.5150146484375,1359.07,1393.3,2026-05-08,122.44501464843756,34.23000000000002,True
2026-05-08 14:15:00,1489.68603515625,1360.41,1393.3,2026-05-08,129.27603515624992,32.88999999999987,True
2026-05-08 14:30:00,1492.7144775390625,1369.97,1393.3,2026-05-08,122.74447753906247,23.329999999999927,True
2026-05-08 14:45:00,1502.2633056640625,1355.8000000000002,1393.3,2026-05-08,146.46330566406232,37.49999999999977,True
2026-05-08 15:00:00,1521.2578125,1362.4499999999998,1384.87,2026-05-08,158.80781250000018,22.420000000000073,True
2026-05-08 15:15:00,1516.7164306640625,1360.63,1384.87,2026-05-08,156.0864306640624,24.23999999999978,True
2026-05-08 15:30:00,1506.9556884765625,1366.86,1384.87,2026-05-08,140.0956884765626,18.00999999999999,True
2026-05-08 15:45:00,1502.778564453125,1367.4599999999998,1384.87,2026-05-08,135.3185644531252,17.410000000000082,True
2026-05-08 16:00:00,1486.3009033203125,1360.21,1348.9699999999998,2026-05-08,126.09090332031246,-11.240000000000236,True
2026-05-08 16:15:00,1495.58447265625,1354.29,1348.9699999999998,2026-05-08,141.29447265625004,-5.320000000000164,True
2026-05-08 16:30:00,1473.086669921875,1340.98,1348.9699999999998,2026-05-08,132.10666992187498,7.989999999999782,True
2026-05-08 16:45:00,1469.934326171875,1329.5,1348.9699999999998,2026-05-08,140.434326171875,19.4699999999998,True
2026-05-08 17:00:00,1438.9530029296875,1326.97,1325.68,2026-05-08,111.98300292968747,-1.2899999999999636,True
2026-05-08 17:15:00,1430.853271484375,1320.09,1325.68,2026-05-08,110.76327148437508,5.5900000000001455,True
2026-05-08 17:30:00,1420.5565185546875,1329.96,1325.68,2026-05-08,90.59651855468746,-4.279999999999973,True
2026-05-08 17:45:00,1450.7197265625,1357.76,1325.68,2026-05-08,92.95972656250001,-32.07999999999993,True
2026-05-08 18:00:00,1515.9898681640625,1415.2799999999995,1467.58,2026-05-08,100.70986816406298,52.30000000000041,True
2026-05-08 18:15:00,1566.074951171875,1470.79,1467.58,2026-05-08,95.28495117187504,-3.2100000000000364,True
2026-05-08 18:30:00,1580.3482666015625,1495.73,1467.58,2026-05-08,84.61826660156248,-28.15000000000009,True
2026-05-08 18:45:00,1573.8984375,1495.66,1467.58,2026-05-08,78.23843749999992,-28.080000000000155,True
2026-05-08 19:00:00,1557.3582763671875,1492.96,1446.62,2026-05-08,64.39827636718746,-46.340000000000146,True
2026-05-08 19:15:00,1549.946533203125,1487.61,1446.62,2026-05-08,62.3365332031251,-40.99000000000001,True
2026-05-08 19:30:00,1542.243408203125,1481.85,1446.62,2026-05-08,60.39340820312509,-35.23000000000002,True
2026-05-08 19:45:00,1534.2117919921875,1468.37,1446.62,2026-05-08,65.84179199218761,-21.75,True
2026-05-08 20:00:00,1519.3798828125,1455.54,1389.26,2026-05-08,63.839882812500036,-66.27999999999997,True
2026-05-08 20:15:00,1503.8358154296875,1443.45,1389.26,2026-05-08,60.385815429687455,-54.190000000000055,True
2026-05-08 20:30:00,1491.6534423828125,1434.85,1389.26,2026-05-08,56.80344238281259,-45.58999999999992,True
2026-05-08 20:45:00,1480.061279296875,1416.79,1389.26,2026-05-08,63.271279296875036,-27.529999999999973,True
2026-05-08 21:00:00,1454.69287109375,1395.56,1305.98,2026-05-08,59.132871093750055,-89.57999999999993,True
2026-05-08 21:15:00,1433.974365234375,1361.3000000000002,1305.98,2026-05-08,72.67436523437482,-55.320000000000164,True
2026-05-08 21:30:00,1410.6168212890625,1346.63,1305.98,2026-05-08,63.98682128906239,-40.65000000000009,True
2026-05-08 21:45:00,1388.9530029296875,1311.42,1305.98,2026-05-08,77.53300292968743,-5.440000000000055,True
2026-05-08 22:00:00,1367.8594970703125,1287.06,1193.21,2026-05-08,80.79949707031255,-93.84999999999991,True
2026-05-08 22:15:00,1337.86962890625,1263.71,1193.21,2026-05-08,74.15962890624996,-70.5,True
2026-05-08 22:30:00,1321.890625,1234.2800000000002,1193.21,2026-05-08,87.6106249999998,-41.070000000000164,True
2026-05-08 22:45:00,1288.470703125,1204.68,1193.21,2026-05-08,83.79070312499994,-11.470000000000027,True
2026-05-08 23:00:00,1239.584716796875,1184.59,1104.4,2026-05-08,54.99471679687508,-80.18999999999983,True
2026-05-08 23:15:00,1220.7135009765625,1164.74,1104.4,2026-05-08,55.97350097656249,-60.33999999999992,True
2026-05-08 23:30:00,1195.552978515625,1145.92,1104.4,2026-05-08,49.63297851562493,-41.51999999999998,True
2026-05-09 00:00:00,1092.5208740234375,1100.6799999999998,1041.2,2026-05-09,-8.159125976562336,-59.47999999999979,True
2026-05-09 00:15:00,1073.525390625,1080.86,1041.2,2026-05-09,-7.3346093749999,-39.659999999999854,True
2026-05-09 00:30:00,1062.2266845703125,1066.67,1041.2,2026-05-09,-4.443315429687573,-25.470000000000027,True
2026-05-09 00:45:00,1053.6915283203125,1054.08,1041.2,2026-05-09,-0.38847167968742724,-12.879999999999882,True
2026-05-09 01:00:00,1036.7567138671875,1045.59,992.43,2026-05-09,-8.833286132812418,-53.15999999999997,True
2026-05-09 01:15:00,1031.8031005859375,1037.45,992.43,2026-05-09,-5.6468994140625455,-45.020000000000095,True
2026-05-09 01:30:00,1021.858642578125,1020.51,992.43,2026-05-09,1.348642578125009,-28.08000000000004,True
2026-05-09 01:45:00,1012.94580078125,1015.95,992.43,2026-05-09,-3.0041992187500455,-23.520000000000095,True
2026-05-09 02:00:00,1005.91162109375,1003.87,965.64,2026-05-09,2.0416210937499955,-38.23000000000002,True
2026-05-09 02:15:00,997.3746948242188,1002.15,965.64,2026-05-09,-4.775305175781227,-36.50999999999999,True
2026-05-09 02:30:00,994.7066650390625,995.2,965.64,2026-05-09,-0.4933349609375455,-29.56000000000006,True
2026-05-09 02:45:00,995.8489379882812,993.14,965.64,2026-05-09,2.7089379882812636,-27.5,True
2026-05-09 03:00:00,995.9443969726562,986.83,945.78,2026-05-09,9.114396972656209,-41.05000000000007,True
2026-05-09 03:15:00,998.5604248046875,970.76,945.78,2026-05-09,27.80042480468751,-24.980000000000018,True
2026-05-09 03:30:00,997.648193359375,980.68,945.78,2026-05-09,16.96819335937505,-34.89999999999998,True
2026-05-09 03:45:00,999.0631103515625,978.77,945.78,2026-05-09,20.293110351562518,-32.99000000000001,True
2026-05-09 04:00:00,990.7269287109375,981.77,956.34,2026-05-09,8.956928710937518,-25.42999999999995,True
2026-05-09 04:15:00,998.4532470703125,985.9,956.34,2026-05-09,12.553247070312523,-29.559999999999945,True
2026-05-09 04:30:00,1002.2510375976562,977.99,956.34,2026-05-09,24.26103759765624,-21.649999999999977,True
2026-05-09 04:45:00,1011.655029296875,990.13,956.34,2026-05-09,21.525029296875005,-33.789999999999964,True
2026-05-09 05:00:00,1010.0091552734375,997.39,999.67,2026-05-09,12.619155273437514,2.2799999999999727,True
2026-05-09 05:15:00,1025.518798828125,1008.91,999.67,2026-05-09,16.608798828125032,-9.240000000000009,True
2026-05-09 05:30:00,1034.8226318359375,1022.92,999.67,2026-05-09,11.902631835937541,-23.25,True
2026-05-09 05:45:00,1044.665283203125,1028.45,999.67,2026-05-09,16.215283203124955,-28.780000000000086,True
2026-05-09 06:00:00,1025.384033203125,1050.89,991.18,2026-05-09,-25.5059667968751,-59.71000000000015,True
2026-05-09 06:15:00,1028.2462158203125,1065.1999999999998,991.18,2026-05-09,-36.95378417968732,-74.01999999999987,True
2026-05-09 06:30:00,1023.3406372070312,1036.71,991.18,2026-05-09,-13.369362792968786,-45.530000000000086,True
2026-05-09 06:45:00,1033.09375,1028.69,991.18,2026-05-09,4.403749999999945,-37.510000000000105,True
2026-05-09 07:00:00,1044.5452880859375,1048.75,1056.4,2026-05-09,-4.2047119140625,7.650000000000091,True
2026-05-09 07:15:00,1069.325439453125,1077.53,1056.4,2026-05-09,-8.204560546874973,-21.12999999999988,True
2026-05-09 07:30:00,1079.1207275390625,1091.93,1056.4,2026-05-09,-12.809272460937564,-35.52999999999997,True
2026-05-09 07:45:00,1088.043212890625,1113.48,1056.4,2026-05-09,-25.436787109375018,-57.07999999999993,True
2026-05-09 08:00:00,1137.2080078125,1143.54,1154.25,2026-05-09,-6.331992187499964,10.710000000000036,True
2026-05-09 08:15:00,1162.12255859375,1168.52,1154.25,2026-05-09,-6.397441406249982,-14.269999999999982,True
2026-05-09 08:30:00,1176.6956787109375,1191.08,1154.25,2026-05-09,-14.384321289062427,-36.82999999999993,True
2026-05-09 08:45:00,1194.6422119140625,1212.97,1154.25,2026-05-09,-18.327788085937527,-58.72000000000003,True
2026-05-09 09:00:00,1226.343505859375,1224.15,1205.09,2026-05-09,2.193505859374909,-19.060000000000173,True
2026-05-09 09:15:00,1246.478271484375,1244.21,1205.09,2026-05-09,2.2682714843749636,-39.12000000000012,True
2026-05-09 09:30:00,1254.0704345703125,1247.2199999999998,1205.09,2026-05-09,6.8504345703127,-42.12999999999988,True
2026-05-09 09:45:00,1260.3092041015625,1252.4499999999998,1205.09,2026-05-09,7.859204101562682,-47.3599999999999,True
2026-05-09 10:00:00,1282.3131103515625,1267.52,1230.54,2026-05-09,14.793110351562518,-36.98000000000002,True
2026-05-09 10:15:00,1283.6644287109375,1269.52,1230.54,2026-05-09,14.144428710937518,-38.98000000000002,True
2026-05-09 10:30:00,1282.55712890625,1266.3200000000002,1230.54,2026-05-09,16.237128906249836,-35.7800000000002,True
2026-05-09 10:45:00,1284.14306640625,1259.63,1230.54,2026-05-09,24.51306640624989,-29.090000000000146,True
2026-05-09 11:00:00,1308.3790283203125,1259.51,1235.96,2026-05-09,48.86902832031251,-23.549999999999955,True
2026-05-09 11:15:00,1306.1182861328125,1255.74,1235.96,2026-05-09,50.37828613281249,-19.779999999999973,True
2026-05-09 11:30:00,1309.0377197265625,1260.06,1235.96,2026-05-09,48.977719726562555,-24.09999999999991,True
2026-05-09 11:45:00,1296.6514892578125,1245.29,1235.96,2026-05-09,51.361489257812536,-9.329999999999927,True
2026-05-09 12:00:00,1248.10888671875,1224.72,1205.28,2026-05-09,23.388886718749973,-19.440000000000055,True
2026-05-09 12:15:00,1237.788818359375,1220.66,1205.28,2026-05-09,17.128818359374918,-15.38000000000011,True
2026-05-09 12:30:00,1236.4332275390625,1214.86,1205.28,2026-05-09,21.5732275390626,-9.579999999999927,True
2026-05-09 12:45:00,1235.3009033203125,1205.7199999999998,1205.28,2026-05-09,29.5809033203127,-0.4399999999998272,True
2026-05-09 13:00:00,1221.1590576171875,1215.65,1208.71,2026-05-09,5.509057617187409,-6.940000000000055,True
2026-05-09 13:15:00,1236.67626953125,1199.1,1208.71,2026-05-09,37.57626953125009,9.610000000000127,True
2026-05-09 13:30:00,1242.207763671875,1211.69,1208.71,2026-05-09,30.517763671874945,-2.980000000000018,True
2026-05-09 13:45:00,1241.2442626953125,1207.96,1208.71,2026-05-09,33.284262695312464,0.75,True
2026-05-09 14:00:00,1243.1190185546875,1202.69,1222.39,2026-05-09,40.429018554687445,19.700000000000045,True
2026-05-09 14:15:00,1253.777099609375,1199.0300000000002,1222.39,2026-05-09,54.7470996093748,23.3599999999999,True
2026-05-09 14:30:00,1261.4281005859375,1192.3,1222.39,2026-05-09,69.12810058593755,30.090000000000146,True
2026-05-09 14:45:00,1260.20703125,1196.54,1222.39,2026-05-09,63.667031250000036,25.850000000000136,True
2026-05-09 15:00:00,1270.603759765625,1201.46,1222.0700000000002,2026-05-09,69.14375976562496,20.610000000000127,True
2026-05-09 15:15:00,1269.409912109375,1201.19,1222.0700000000002,2026-05-09,68.21991210937495,20.88000000000011,True
2026-05-09 15:30:00,1265.380126953125,1199.91,1222.0700000000002,2026-05-09,65.47012695312492,22.160000000000082,True
2026-05-09 15:45:00,1252.9456787109375,1205.31,1222.0700000000002,2026-05-09,47.635678710937555,16.76000000000022,True
2026-05-09 16:00:00,1274.8094482421875,1193.98,1218.25,2026-05-09,80.82944824218748,24.269999999999982,True
2026-05-09 16:15:00,1268.559326171875,1189.56,1218.25,2026-05-09,78.99932617187505,28.690000000000055,True
2026-05-09 16:30:00,1258.047607421875,1190.41,1218.25,2026-05-09,67.63760742187492,27.839999999999918,True
2026-05-09 16:45:00,1251.122314453125,1191.1,1218.25,2026-05-09,60.02231445312509,27.15000000000009,True
2026-05-09 17:00:00,1240.57177734375,1195.06,1219.1,2026-05-09,45.511777343750055,24.039999999999964,True
2026-05-09 17:15:00,1234.462646484375,1203.54,1219.1,2026-05-09,30.922646484375036,15.559999999999945,True
2026-05-09 17:30:00,1239.2259521484375,1230.02,1219.1,2026-05-09,9.205952148437518,-10.920000000000073,True
2026-05-09 17:45:00,1263.9532470703125,1280.2000000000005,1219.1,2026-05-09,-16.246752929688,-61.10000000000059,True
2026-05-09 18:00:00,1402.8179931640625,1334.6799999999998,1403.3200000000002,2026-05-09,68.13799316406266,68.64000000000033,True
2026-05-09 18:15:00,1451.637451171875,1387.82,1403.3200000000002,2026-05-09,63.817451171875064,15.500000000000227,True
2026-05-09 18:30:00,1451.338623046875,1414.72,1403.3200000000002,2026-05-09,36.61862304687497,-11.399999999999864,True
2026-05-09 18:45:00,1449.4449462890625,1416.45,1403.3200000000002,2026-05-09,32.994946289062455,-13.129999999999882,True
2026-05-09 19:00:00,1434.922607421875,1412.05,1381.29,2026-05-09,22.872607421875045,-30.75999999999999,True
2026-05-09 19:15:00,1435.96533203125,1408.88,1381.29,2026-05-09,27.08533203124989,-27.590000000000146,True
2026-05-09 19:30:00,1428.4981689453125,1403.9,1381.29,2026-05-09,24.59816894531241,-22.610000000000127,True
2026-05-09 19:45:00,1418.6097412109375,1397.69,1381.29,2026-05-09,20.919741210937445,-16.40000000000009,True
2026-05-09 20:00:00,1401.41552734375,1386.02,1334.68,2026-05-09,15.395527343750018,-51.33999999999992,True
2026-05-09 20:15:00,1387.5419921875,1369.48,1334.68,2026-05-09,18.061992187499982,-34.799999999999955,True
2026-05-09 20:30:00,1376.6104736328125,1353.75,1334.68,2026-05-09,22.8604736328125,-19.069999999999936,True
2026-05-09 20:45:00,1360.825439453125,1342.41,1334.68,2026-05-09,18.415439453124918,-7.730000000000018,True
2026-05-09 21:00:00,1336.0992431640625,1323.36,1258.2,2026-05-09,12.7392431640626,-65.15999999999985,True
2026-05-09 21:15:00,1329.517333984375,1308.24,1258.2,2026-05-09,21.27733398437499,-50.039999999999964,True
2026-05-09 21:30:00,1304.31884765625,1286.5700000000002,1258.2,2026-05-09,17.748847656249836,-28.37000000000012,True
2026-05-09 21:45:00,1283.00830078125,1260.48,1258.2,2026-05-09,22.528300781249982,-2.2799999999999727,True
2026-05-09 22:00:00,1258.06787109375,1243.46,1153.46,2026-05-09,14.607871093749964,-90.0,True
2026-05-09 22:15:00,1225.3489990234375,1213.39,1153.46,2026-05-09,11.9589990234374,-59.930000000000064,True
2026-05-09 22:30:00,1212.2310791015625,1185.6,1153.46,2026-05-09,26.63107910156259,-32.13999999999987,True
2026-05-09 22:45:00,1180.9239501953125,1157.06,1153.46,2026-05-09,23.863950195312555,-3.599999999999909,True
2026-05-09 23:00:00,1155.3197021484375,1128.42,1073.72,2026-05-09,26.899702148437427,-54.700000000000045,True
2026-05-09 23:15:00,1133.682373046875,1106.08,1073.72,2026-05-09,27.602373046875073,-32.3599999999999,True
2026-05-09 23:30:00,1115.7413330078125,1080.64,1073.72,2026-05-09,35.1013330078124,-6.920000000000073,True
2026-05-10 00:00:00,1024.4788818359375,1036.15,978.16,2026-05-10,-11.671118164062591,-57.99000000000012,True
2026-05-10 00:15:00,1021.037353515625,1017.44,978.16,2026-05-10,3.5973535156249454,-39.280000000000086,True
2026-05-10 00:30:00,1001.7163696289062,996.25,978.16,2026-05-10,5.46636962890625,-18.090000000000032,True
2026-05-10 00:45:00,992.8084716796875,988.1,978.16,2026-05-10,4.708471679687477,-9.940000000000055,True
2026-05-10 01:00:00,998.966552734375,971.35,927.82,2026-05-10,27.616552734374977,-43.52999999999997,True
2026-05-10 01:15:00,989.6867065429688,962.12,927.82,2026-05-10,27.566706542968745,-34.299999999999955,True
2026-05-10 01:30:00,982.7705688476562,951.21,927.82,2026-05-10,31.560568847656214,-23.389999999999986,True
2026-05-10 01:45:00,975.3797607421875,944.91,927.82,2026-05-10,30.469760742187532,-17.089999999999918,True
2026-05-10 02:00:00,964.3847045898438,935.35,896.49,2026-05-10,29.034704589843727,-38.860000000000014,True
2026-05-10 02:15:00,956.8916625976562,931.6,896.49,2026-05-10,25.291662597656227,-35.110000000000014,True
2026-05-10 02:30:00,956.0944213867188,926.05,896.49,2026-05-10,30.044421386718795,-29.559999999999945,True
2026-05-10 02:45:00,955.9487915039062,916.93,896.49,2026-05-10,39.0187915039063,-20.43999999999994,True
2026-05-10 03:00:00,952.5150146484375,912.36,875.73,2026-05-10,40.155014648437486,-36.629999999999995,True
2026-05-10 03:15:00,947.3502807617188,906.13,875.73,2026-05-10,41.220280761718755,-30.399999999999977,True
2026-05-10 03:30:00,944.4307250976562,898.9899999999999,875.73,2026-05-10,45.440725097656355,-23.259999999999877,True
2026-05-10 03:45:00,942.8626708984375,898.3499999999999,875.73,2026-05-10,44.51267089843759,-22.61999999999989,True
2026-05-10 04:00:00,936.314208984375,900.2900000000001,870.1500000000001,2026-05-10,36.02420898437492,-30.139999999999986,True
2026-05-10 04:15:00,930.8855590820312,898.8599999999999,870.1500000000001,2026-05-10,32.02555908203135,-28.70999999999981,True
2026-05-10 04:30:00,930.6614379882812,900.78,870.1500000000001,2026-05-10,29.881437988281277,-30.62999999999988,True
2026-05-10 04:45:00,931.2815551757812,899.4,870.1500000000001,2026-05-10,31.881555175781273,-29.249999999999886,True
2026-05-10 05:00:00,930.0628051757812,905.37,887.28,2026-05-10,24.692805175781245,-18.090000000000032,True
2026-05-10 05:15:00,932.1172485351562,907.94,887.28,2026-05-10,24.177248535156195,-20.660000000000082,True
2026-05-10 05:30:00,938.354248046875,914.36,887.28,2026-05-10,23.994248046874986,-27.08000000000004,True
2026-05-10 05:45:00,936.3400268554688,917.38,887.28,2026-05-10,18.960026855468755,-30.100000000000023,True
2026-05-10 06:00:00,945.1157836914062,921.59,825.3299999999999,2026-05-10,23.525783691406218,-96.2600000000001,True
2026-05-10 06:15:00,928.4071044921875,911.2,825.3299999999999,2026-05-10,17.207104492187455,-85.87000000000012,True
2026-05-10 06:30:00,916.6923217773438,874.66,825.3299999999999,2026-05-10,42.03232177734378,-49.33000000000004,True
2026-05-10 06:45:00,897.0729370117188,858.84,825.3299999999999,2026-05-10,38.23293701171872,-33.510000000000105,True
2026-05-10 07:00:00,900.6358032226562,859.7900000000001,879.14,2026-05-10,40.84580322265617,19.34999999999991,True
2026-05-10 07:15:00,913.2355346679688,871.9100000000001,879.14,2026-05-10,41.32553466796867,7.2299999999999045,True
2026-05-10 07:30:00,930.9616088867188,884.7,879.14,2026-05-10,46.261608886718705,-5.560000000000059,True
2026-05-10 07:45:00,943.58837890625,896.85,879.14,2026-05-10,46.73837890624998,-17.710000000000036,True
2026-05-10 08:00:00,953.1876220703125,917.27,936.48,2026-05-10,35.91762207031252,19.210000000000036,True
2026-05-10 08:15:00,965.2454223632812,941.23,936.48,2026-05-10,24.015422363281232,-4.75,True
2026-05-10 08:30:00,974.2572631835938,955.58,936.48,2026-05-10,18.67726318359371,-19.100000000000023,True
2026-05-10 08:45:00,987.649658203125,960.38,936.48,2026-05-10,27.269658203125005,-23.899999999999977,True
2026-05-10 09:00:00,1008.1876220703125,972.64,983.94,2026-05-10,35.547622070312514,11.300000000000068,True
2026-05-10 09:15:00,1013.327392578125,978.2,983.94,2026-05-10,35.127392578124955,5.740000000000009,True
2026-05-10 09:30:00,1029.25830078125,993.08,983.94,2026-05-10,36.17830078124996,-9.139999999999986,True
2026-05-10 09:45:00,1042.5977783203125,1004.5,983.94,2026-05-10,38.0977783203125,-20.559999999999945,True
2026-05-10 10:00:00,1039.62451171875,1011.23,1015.95,2026-05-10,28.394511718749982,4.720000000000027,True
2026-05-10 10:15:00,1053.7337646484375,1022.03,1015.95,2026-05-10,31.703764648437527,-6.079999999999927,True
2026-05-10 10:30:00,1059.743408203125,1028.27,1015.95,2026-05-10,31.473408203125018,-12.319999999999936,True
2026-05-10 10:45:00,1058.4459228515625,1020.71,1015.95,2026-05-10,37.735922851562464,-4.759999999999991,True
2026-05-10 11:00:00,1054.812744140625,1021.06,1026.91,2026-05-10,33.752744140625055,5.850000000000136,True
2026-05-10 11:15:00,1060.57373046875,1031.25,1026.91,2026-05-10,29.32373046875,-4.339999999999918,True
2026-05-10 11:30:00,1069.0142822265625,1028.12,1026.91,2026-05-10,40.89428222656261,-1.209999999999809,True
2026-05-10 11:45:00,1054.8792724609375,1028.25,1026.91,2026-05-10,26.6292724609375,-1.3399999999999181,True
2026-05-10 12:00:00,1038.435791015625,1024.78,1029.91,2026-05-10,13.655791015625027,5.130000000000109,True
2026-05-10 12:15:00,1041.540771484375,1023.9,1029.91,2026-05-10,17.640771484375023,6.010000000000105,True
2026-05-10 12:30:00,1037.80908203125,1021.3,1029.91,2026-05-10,16.509082031250045,8.610000000000127,True
2026-05-10 12:45:00,1039.0787353515625,1017.69,1029.91,2026-05-10,21.388735351562445,12.220000000000027,True
2026-05-10 13:00:00,1060.3798828125,1018.39,1044.72,2026-05-10,41.989882812500014,26.33000000000004,True
2026-05-10 13:15:00,1067.744140625,1014.99,1044.72,2026-05-10,52.75414062499999,29.730000000000018,True
2026-05-10 13:30:00,1065.03857421875,1023.38,1044.72,2026-05-10,41.658574218750005,21.340000000000032,True
2026-05-10 13:45:00,1069.391845703125,1023.53,1044.72,2026-05-10,45.86184570312503,21.190000000000055,True
2026-05-10 14:00:00,1076.9461669921875,1022.09,1070.86,2026-05-10,54.85616699218747,48.76999999999987,True
2026-05-10 14:15:00,1076.7955322265625,1022.39,1070.86,2026-05-10,54.405532226562514,48.469999999999914,True
2026-05-10 14:30:00,1079.688720703125,1033.77,1070.86,2026-05-10,45.91872070312502,37.08999999999992,True
2026-05-10 14:45:00,1072.7196044921875,1038.54,1070.86,2026-05-10,34.179604492187536,32.319999999999936,True
2026-05-10 15:00:00,1085.18896484375,1040.08,1090.13,2026-05-10,45.10896484375007,50.05000000000018,True
2026-05-10 15:15:00,1088.09521484375,1040.35,1090.13,2026-05-10,47.74521484375009,49.7800000000002,True
2026-05-10 15:30:00,1092.2391357421875,1044.6999999999998,1090.13,2026-05-10,47.53913574218768,45.43000000000029,True
2026-05-10 15:45:00,1093.497314453125,1039.87,1090.13,2026-05-10,53.62731445312511,50.26000000000022,True
2026-05-10 16:00:00,1092.115966796875,1054.41,1098.39,2026-05-10,37.70596679687492,43.98000000000002,True
2026-05-10 16:15:00,1091.965576171875,1055.92,1098.39,2026-05-10,36.04557617187493,42.47000000000003,True
2026-05-10 16:30:00,1098.2088623046875,1058.23,1098.39,2026-05-10,39.97886230468748,40.16000000000008,True
2026-05-10 16:45:00,1099.1717529296875,1066.27,1098.39,2026-05-10,32.90175292968752,32.12000000000012,True
2026-05-10 17:00:00,1110.4642333984375,1082.04,1160.75,2026-05-10,28.424233398437536,78.71000000000004,True
2026-05-10 17:15:00,1113.3668212890625,1093.03,1160.75,2026-05-10,20.336821289062527,67.72000000000003,True
2026-05-10 17:30:00,1130.9539794921875,1110.98,1160.75,2026-05-10,19.973979492187482,49.76999999999998,True
2026-05-10 17:45:00,1169.4373779296875,1174.01,1160.75,2026-05-10,-4.572622070312491,-13.259999999999991,True
2026-05-10 18:00:00,1301.1256103515625,1258.12,1347.31,2026-05-10,43.00561035156261,89.19000000000005,True
2026-05-10 18:15:00,1352.1693115234375,1319.91,1347.31,2026-05-10,32.25931152343742,27.399999999999864,True
2026-05-10 18:30:00,1360.0595703125,1338.29,1347.31,2026-05-10,21.769570312500036,9.019999999999982,True
2026-05-10 18:45:00,1370.9166259765625,1346.86,1347.31,2026-05-10,24.0566259765626,0.4500000000000455,True
2026-05-10 19:00:00,1367.4998779296875,1346.23,1339.59,2026-05-10,21.269877929687482,-6.6400000000001,True
2026-05-10 19:15:00,1368.5040283203125,1342.56,1339.59,2026-05-10,25.944028320312555,-2.9700000000000273,True
2026-05-10 19:30:00,1362.9849853515625,1341.07,1339.59,2026-05-10,21.914985351562564,-1.4800000000000182,True
2026-05-10 19:45:00,1360.038818359375,1339.2600000000002,1339.59,2026-05-10,20.77881835937478,0.32999999999969987,True
2026-05-10 20:00:00,1351.826416015625,1326.8,1306.61,2026-05-10,25.026416015625045,-20.190000000000055,True
2026-05-10 20:15:00,1343.4434814453125,1323.88,1306.61,2026-05-10,19.56348144531239,-17.27000000000021,True
2026-05-10 20:30:00,1336.2647705078125,1315.57,1306.61,2026-05-10,20.694770507812564,-8.960000000000036,True
2026-05-10 20:45:00,1325.8673095703125,1299.92,1306.61,2026-05-10,25.947309570312427,6.689999999999827,True
2026-05-10 21:00:00,1302.4464111328125,1282.85,1225.7,2026-05-10,19.59641113281259,-57.149999999999864,True
2026-05-10 21:15:00,1277.4384765625,1262.04,1225.7,2026-05-10,15.398476562500036,-36.33999999999992,True
2026-05-10 21:30:00,1267.534912109375,1240.78,1225.7,2026-05-10,26.754912109375027,-15.079999999999927,True
2026-05-10 21:45:00,1250.6680908203125,1213.02,1225.7,2026-05-10,37.64809082031252,12.680000000000064,True
2026-05-10 22:00:00,1169.3544921875,1189.7200000000005,1107.88,2026-05-10,-20.365507812500482,-81.84000000000037,True
2026-05-10 22:15:00,1167.8905029296875,1157.64,1107.88,2026-05-10,10.2505029296874,-49.75999999999999,True
2026-05-10 22:30:00,1142.7579345703125,1134.16,1107.88,2026-05-10,8.597934570312418,-26.279999999999973,True
2026-05-10 22:45:00,1125.6143798828125,1102.91,1107.88,2026-05-10,22.704379882812418,4.970000000000027,True
2026-05-10 23:00:00,1071.230712890625,1077.88,1018.38,2026-05-10,-6.649287109375109,-59.500000000000114,True
2026-05-10 23:15:00,1068.57861328125,1055.4499999999998,1018.38,2026-05-10,13.128613281250182,-37.06999999999982,True
2026-05-10 23:30:00,1048.5277099609375,1040.94,1018.38,2026-05-10,7.587709960937445,-22.56000000000006,True
2026-05-11 00:00:00,993.182861328125,988.03,939.31,2026-05-11,5.152861328125027,-48.72000000000003,True
2026-05-11 00:15:00,966.8920288085938,971.0,939.31,2026-05-11,-4.10797119140625,-31.690000000000055,True
2026-05-11 00:30:00,947.88916015625,964.95,939.31,2026-05-11,-17.060839843750045,-25.6400000000001,True
2026-05-11 00:45:00,933.7737426757812,950.91,939.31,2026-05-11,-17.136257324218718,-11.600000000000023,True
2026-05-11 01:00:00,924.2305297851562,933.28,895.28,2026-05-11,-9.049470214843723,-38.0,True
2026-05-11 01:15:00,923.6151123046875,927.62,895.28,2026-05-11,-4.0048876953125045,-32.34000000000003,True
2026-05-11 01:30:00,919.4994506835938,908.2,895.28,2026-05-11,11.299450683593705,-12.920000000000073,True
2026-05-11 01:45:00,909.535888671875,916.05,895.28,2026-05-11,-6.5141113281249545,-20.769999999999982,True
2026-05-11 02:00:00,890.1896362304688,909.05,871.03,2026-05-11,-18.860363769531205,-38.01999999999998,True
2026-05-11 02:15:00,888.7383422851562,897.7,871.03,2026-05-11,-8.961657714843795,-26.670000000000073,True
2026-05-11 02:30:00,886.3526611328125,896.86,871.03,2026-05-11,-10.507338867187514,-25.83000000000004,True
2026-05-11 02:45:00,889.55419921875,896.1500000000001,871.03,2026-05-11,-6.595800781250091,-25.12000000000012,True
2026-05-11 03:00:00,870.0082397460938,885.36,862.8800000000001,2026-05-11,-15.351760253906264,-22.479999999999905,True
2026-05-11 03:15:00,868.5457153320312,890.98,862.8800000000001,2026-05-11,-22.434284667968768,-28.09999999999991,True
2026-05-11 03:30:00,872.1865234375,894.3,862.8800000000001,2026-05-11,-22.113476562499955,-31.419999999999845,True
2026-05-11 03:45:00,875.9996337890625,892.24,862.8800000000001,2026-05-11,-16.24036621093751,-29.3599999999999,True
2026-05-11 04:00:00,882.2918090820312,883.92,881.26,2026-05-11,-1.628190917968709,-2.659999999999968,True
2026-05-11 04:15:00,887.00341796875,896.27,881.26,2026-05-11,-9.266582031249982,-15.009999999999991,True
2026-05-11 04:30:00,889.7166748046875,894.52,881.26,2026-05-11,-4.803325195312482,-13.259999999999991,True
2026-05-11 04:45:00,896.39013671875,910.22,881.26,2026-05-11,-13.829863281250027,-28.960000000000036,True
2026-05-11 05:00:00,932.9443969726562,926.16,961.19,2026-05-11,6.784396972656282,35.030000000000086,True
2026-05-11 05:15:00,941.8199462890625,932.77,961.19,2026-05-11,9.049946289062518,28.420000000000073,True
2026-05-11 05:30:00,954.3250122070312,955.85,961.19,2026-05-11,-1.5249877929687727,5.340000000000032,True
2026-05-11 05:45:00,973.9107055664062,986.79,961.19,2026-05-11,-12.879294433593714,-25.59999999999991,True
2026-05-11 06:00:00,1040.2266845703125,1026.21,1070.57,2026-05-11,14.016684570312464,44.3599999999999,True
2026-05-11 06:15:00,1060.19580078125,1045.99,1070.57,2026-05-11,14.205800781249991,24.579999999999927,True
2026-05-11 06:30:00,1070.6824951171875,1069.21,1070.57,2026-05-11,1.4724951171874636,1.3599999999999,True
2026-05-11 06:45:00,1082.6011962890625,1082.31,1070.57,2026-05-11,0.29119628906255457,-11.740000000000009,True
2026-05-11 07:00:00,1100.1964111328125,1109.69,1107.91,2026-05-11,-9.493588867187555,-1.7799999999999727,True
2026-05-11 07:15:00,1115.745849609375,1122.0,1107.91,2026-05-11,-6.254150390625,-14.089999999999918,True
2026-05-11 07:30:00,1129.5430908203125,1125.27,1107.91,2026-05-11,4.273090820312518,-17.3599999999999,True
2026-05-11 07:45:00,1142.0947265625,1126.55,1107.91,2026-05-11,15.544726562500045,-18.639999999999873,True
2026-05-11 08:00:00,1152.3907470703125,1153.67,1192.34,2026-05-11,-1.2792529296875728,38.669999999999845,True
2026-05-11 08:15:00,1169.5548095703125,1172.36,1192.34,2026-05-11,-2.8051904296874,19.980000000000018,True
2026-05-11 08:30:00,1198.46044921875,1191.72,1192.34,2026-05-11,6.740449218749973,0.6199999999998909,True
2026-05-11 08:45:00,1206.5736083984375,1218.5,1192.34,2026-05-11,-11.9263916015625,-26.160000000000082,True
2026-05-11 09:00:00,1233.5330810546875,1211.82,1250.36,2026-05-11,21.713081054687564,38.539999999999964,True
2026-05-11 09:15:00,1235.5450439453125,1246.41,1250.36,2026-05-11,-10.864956054687582,3.949999999999818,True
2026-05-11 09:30:00,1241.5850830078125,1257.71,1250.36,2026-05-11,-16.124916992187536,-7.350000000000136,True
2026-05-11 09:45:00,1256.93115234375,1263.39,1250.36,2026-05-11,-6.4588476562501,-13.0300000000002,True
2026-05-11 10:00:00,1257.85302734375,1259.3000000000002,1287.87,2026-05-11,-1.446972656250182,28.56999999999971,True
2026-05-11 10:15:00,1265.0472412109375,1276.38,1287.87,2026-05-11,-11.33275878906261,11.489999999999782,True
2026-05-11 10:30:00,1267.574951171875,1293.14,1287.87,2026-05-11,-25.5650488281251,-5.270000000000209,True
2026-05-11 10:45:00,1269.1995849609375,1287.38,1287.87,2026-05-11,-18.18041503906261,0.4899999999997817,True
2026-05-11 11:00:00,1290.3482666015625,1307.44,1307.92,2026-05-11,-17.091733398437555,0.4800000000000182,True
2026-05-11 11:15:00,1301.922607421875,1315.85,1307.92,2026-05-11,-13.927392578124909,-7.929999999999836,True
2026-05-11 11:30:00,1304.7960205078125,1320.31,1307.92,2026-05-11,-15.513979492187445,-12.389999999999873,True
2026-05-11 11:45:00,1302.29443359375,1305.2,1307.92,2026-05-11,-2.9055664062500455,2.7200000000000273,True
2026-05-11 12:00:00,1272.4371337890625,1272.09,1277.92,2026-05-11,0.34713378906258185,5.830000000000155,True
2026-05-11 12:15:00,1275.1270751953125,1272.5,1277.92,2026-05-11,2.6270751953125,5.420000000000073,True
2026-05-11 12:30:00,1273.050048828125,1260.73,1277.92,2026-05-11,12.320048828124982,17.190000000000055,True
2026-05-11 12:45:00,1278.706298828125,1257.83,1277.92,2026-05-11,20.876298828125073,20.090000000000146,True
2026-05-11 13:00:00,1263.75390625,1275.56,1298.7600000000002,2026-05-11,-11.806093749999945,23.200000000000273,True
2026-05-11 13:15:00,1270.4345703125,1272.79,1298.7600000000002,2026-05-11,-2.3554296874999636,25.970000000000255,True
2026-05-11 13:30:00,1273.82666015625,1284.69,1298.7600000000002,2026-05-11,-10.863339843750055,14.070000000000164,True
2026-05-11 13:45:00,1276.6558837890625,1296.59,1298.7600000000002,2026-05-11,-19.934116210937418,2.1700000000003,True
2026-05-11 14:00:00,1301.0845947265625,1314.91,1338.37,2026-05-11,-13.825405273437582,23.45999999999981,True
2026-05-11 14:15:00,1314.3558349609375,1318.5,1338.37,2026-05-11,-4.1441650390625,19.86999999999989,True
2026-05-11 14:30:00,1316.8818359375,1322.35,1338.37,2026-05-11,-5.468164062499909,16.019999999999982,True
2026-05-11 14:45:00,1318.2655029296875,1330.25,1338.37,2026-05-11,-11.9844970703125,8.11999999999989,True
2026-05-11 15:00:00,1325.9910888671875,1335.09,1335.7,2026-05-11,-9.098911132812418,0.6100000000001273,True
2026-05-11 15:15:00,1330.1343994140625,1335.62,1335.7,2026-05-11,-5.485600585937391,0.08000000000015461,True
2026-05-11 15:30:00,1327.615234375,1335.6,1335.7,2026-05-11,-7.984765624999909,0.10000000000013642,True
2026-05-11 15:45:00,1325.6961669921875,1323.28,1335.7,2026-05-11,2.4161669921875273,12.420000000000073,True
2026-05-11 16:00:00,1310.752685546875,1318.27,1315.41,2026-05-11,-7.517314453124982,-2.8599999999999,True
2026-05-11 16:15:00,1308.367431640625,1318.2600000000002,1315.41,2026-05-11,-9.892568359375218,-2.8500000000001364,True
2026-05-11 16:30:00,1305.4541015625,1309.86,1315.41,2026-05-11,-4.4058984374999,5.550000000000182,True
2026-05-11 16:45:00,1299.301025390625,1296.4,1315.41,2026-05-11,2.901025390624909,19.00999999999999,True
2026-05-11 17:00:00,1274.46337890625,1296.48,1298.66,2026-05-11,-22.016621093750018,2.1800000000000637,True
2026-05-11 17:15:00,1277.05517578125,1291.1999999999998,1298.66,2026-05-11,-14.144824218749818,7.460000000000264,True
2026-05-11 17:30:00,1277.778564453125,1305.9899999999998,1298.66,2026-05-11,-28.21143554687478,-7.3299999999997,True
2026-05-11 17:45:00,1306.5550537109375,1359.06,1298.66,2026-05-11,-52.504946289062445,-60.399999999999864,True
2026-05-11 18:00:00,1400.34375,1429.27,1449.9899999999998,2026-05-11,-28.926249999999982,20.7199999999998,True
2026-05-11 18:15:00,1455.3682861328125,1480.48,1449.9899999999998,2026-05-11,-25.111713867187518,-30.490000000000236,True
2026-05-11 18:30:00,1470.8760986328125,1491.04,1449.9899999999998,2026-05-11,-20.163901367187464,-41.05000000000018,True
2026-05-11 18:45:00,1491.0487060546875,1488.94,1449.9899999999998,2026-05-11,2.1087060546874454,-38.95000000000027,True
2026-05-11 19:00:00,1486.799072265625,1484.31,1433.87,2026-05-11,2.4890722656250546,-50.440000000000055,True
2026-05-11 19:15:00,1481.1839599609375,1481.88,1433.87,2026-05-11,-0.6960400390626091,-48.01000000000022,True
2026-05-11 19:30:00,1482.543701171875,1480.78,1433.87,2026-05-11,1.7637011718750273,-46.91000000000008,True
2026-05-11 19:45:00,1476.4305419921875,1472.0,1433.87,2026-05-11,4.4305419921875,-38.13000000000011,True
2026-05-11 20:00:00,1447.666015625,1459.2399999999998,1387.14,2026-05-11,-11.573984374999782,-72.09999999999968,True
2026-05-11 20:15:00,1435.00048828125,1446.5299999999995,1387.14,2026-05-11,-11.529511718749518,-59.38999999999942,True
2026-05-11 20:30:00,1415.1448974609375,1433.82,1387.14,2026-05-11,-18.675102539062436,-46.679999999999836,True
2026-05-11 20:45:00,1403.155517578125,1423.0099999999998,1387.14,2026-05-11,-19.854482421874764,-35.86999999999966,True
2026-05-11 21:00:00,1365.302978515625,1392.8,1295.4899999999998,2026-05-11,-27.497021484374955,-97.31000000000017,True
2026-05-11 21:15:00,1345.0164794921875,1373.71,1295.4899999999998,2026-05-11,-28.693520507812536,-78.22000000000025,True
2026-05-11 21:30:00,1328.937744140625,1345.39,1295.4899999999998,2026-05-11,-16.4522558593751,-49.90000000000032,True
2026-05-11 21:45:00,1312.52392578125,1316.82,1295.4899999999998,2026-05-11,-4.296074218749936,-21.330000000000155,True
2026-05-11 22:00:00,1252.859619140625,1311.4,1185.96,2026-05-11,-58.54038085937509,-125.44000000000005,True
2026-05-11 22:15:00,1223.6484375,1248.14,1185.96,2026-05-11,-24.4915625000001,-62.180000000000064,True
2026-05-11 22:30:00,1210.1923828125,1233.35,1185.96,2026-05-11,-23.15761718749991,-47.38999999999987,True
2026-05-11 22:45:00,1184.8785400390625,1187.41,1185.96,2026-05-11,-2.531459960937582,-1.4500000000000455,True
2026-05-11 23:00:00,1164.2869873046875,1177.16,1098.8,2026-05-11,-12.873012695312582,-78.36000000000013,True
2026-05-11 23:15:00,1150.4019775390625,1169.31,1098.8,2026-05-11,-18.908022460937445,-70.50999999999999,True
2026-05-12 00:00:00,1073.000244140625,1097.5500000000002,981.77,2026-05-12,-24.549755859375182,-115.7800000000002,True
2026-05-12 00:15:00,1057.089599609375,1092.23,981.77,2026-05-12,-35.14040039062502,-110.46000000000004,True
2026-05-12 00:30:00,1042.9853515625,1042.83,981.77,2026-05-12,0.15535156250007276,-61.059999999999945,True
2026-05-12 00:45:00,1031.96240234375,1027.46,981.77,2026-05-12,4.502402343749964,-45.690000000000055,True
2026-05-12 01:00:00,1007.978759765625,1023.71,948.28,2026-05-12,-15.731240234375036,-75.43000000000006,True
2026-05-12 01:15:00,1014.8200073242188,1022.66,948.28,2026-05-12,-7.839992675781218,-74.38,True
2026-05-12 01:30:00,1014.0125732421875,1029.28,948.28,2026-05-12,-15.267426757812473,-81.0,True
2026-05-12 01:45:00,1011.0581665039062,997.22,948.28,2026-05-12,13.838166503906223,-48.940000000000055,True
2026-05-12 02:00:00,988.1127319335938,963.4,926.73,2026-05-12,24.712731933593773,-36.66999999999996,True
2026-05-12 02:15:00,975.4522705078125,967.47,926.73,2026-05-12,7.982270507812473,-40.74000000000001,True
2026-05-12 02:30:00,974.4811401367188,997.69,926.73,2026-05-12,-23.208859863281305,-70.96000000000004,True
2026-05-12 02:45:00,970.7628173828125,996.04,926.73,2026-05-12,-25.277182617187464,-69.30999999999995,True
2026-05-12 03:00:00,971.42431640625,965.19,922.55,2026-05-12,6.234316406249945,-42.6400000000001,True
2026-05-12 03:15:00,967.6561279296875,967.14,922.55,2026-05-12,0.5161279296875136,-44.59000000000003,True
2026-05-12 03:30:00,969.8857421875,959.29,922.55,2026-05-12,10.595742187500036,-36.74000000000001,True
2026-05-12 03:45:00,978.1227416992188,982.15,922.55,2026-05-12,-4.027258300781227,-59.60000000000002,True
2026-05-12 04:00:00,976.3506469726562,986.14,939.45,2026-05-12,-9.789353027343736,-46.68999999999994,True
2026-05-12 04:15:00,981.1931762695312,968.3,939.45,2026-05-12,12.893176269531295,-28.84999999999991,True
2026-05-12 04:30:00,985.3414306640625,998.95,939.45,2026-05-12,-13.608569335937545,-59.5,True
2026-05-12 04:45:00,997.8486938476562,987.07,939.45,2026-05-12,10.7786938476562,-47.620000000000005,True
2026-05-12 05:00:00,1003.8760986328125,998.25,1007.06,2026-05-12,5.6260986328125,8.809999999999945,True
2026-05-12 05:15:00,1020.4327392578125,1029.56,1007.06,2026-05-12,-9.127260742187445,-22.5,True
2026-05-12 05:30:00,1034.65966796875,1030.41,1007.06,2026-05-12,4.249667968749918,-23.350000000000136,True
2026-05-12 05:45:00,1047.2896728515625,1065.53,1007.06,2026-05-12,-18.240327148437473,-58.47000000000003,True
2026-05-12 06:00:00,1077.3905029296875,1100.8,1070.58,2026-05-12,-23.409497070312455,-30.220000000000027,True
2026-05-12 06:15:00,1096.19580078125,1136.83,1070.58,2026-05-12,-40.63419921874993,-66.25,True
2026-05-12 06:30:00,1101.4918212890625,1136.66,1070.58,2026-05-12,-35.16817871093758,-66.08000000000015,True
2026-05-12 06:45:00,1117.7718505859375,1119.01,1070.58,2026-05-12,-1.238149414062491,-48.430000000000064,True
2026-05-12 07:00:00,1140.5537109375,1159.41,1121.21,2026-05-12,-18.856289062500082,-38.200000000000045,True
2026-05-12 07:15:00,1161.3436279296875,1181.89,1121.21,2026-05-12,-20.5463720703126,-60.680000000000064,True
2026-05-12 07:30:00,1175.9320068359375,1178.59,1121.21,2026-05-12,-2.657993164062418,-57.37999999999988,True
2026-05-12 07:45:00,1183.8587646484375,1205.94,1121.21,2026-05-12,-22.081235351562555,-84.73000000000002,True
2026-05-12 08:00:00,1199.0133056640625,1207.2599999999998,1202.85,2026-05-12,-8.246694335937264,-4.4099999999998545,True
2026-05-12 08:15:00,1219.13916015625,1257.63,1202.85,2026-05-12,-38.49083984375011,-54.7800000000002,True
2026-05-12 08:30:00,1238.0782470703125,1263.67,1202.85,2026-05-12,-25.591752929687573,-60.820000000000164,True
2026-05-12 08:45:00,1252.884033203125,1280.97,1202.85,2026-05-12,-28.085966796875027,-78.12000000000012,True
2026-05-12 09:00:00,1292.8759765625,1302.01,1244.39,2026-05-12,-9.134023437499991,-57.61999999999989,True
2026-05-12 09:15:00,1306.8480224609375,1300.6600000000003,1244.39,2026-05-12,6.188022460937191,-56.27000000000021,True
2026-05-12 09:30:00,1308.546875,1303.19,1244.39,2026-05-12,5.356874999999945,-58.799999999999955,True
2026-05-12 09:45:00,1317.2098388671875,1339.98,1244.39,2026-05-12,-22.770161132812518,-95.58999999999992,True
2026-05-12 10:00:00,1327.049560546875,1329.96,1268.22,2026-05-12,-2.9104394531250364,-61.74000000000001,True
2026-05-12 10:15:00,1339.2459716796875,1320.34,1268.22,2026-05-12,18.905971679687582,-52.11999999999989,True
2026-05-12 10:30:00,1338.26220703125,1325.68,1268.22,2026-05-12,12.582207031249936,-57.460000000000036,True
2026-05-12 10:45:00,1345.3541259765625,1346.3000000000002,1268.22,2026-05-12,-0.9458740234376819,-78.08000000000015,True
2026-05-12 11:00:00,1347.2335205078125,1350.83,1263.17,2026-05-12,-3.5964794921874272,-87.65999999999985,True
2026-05-12 11:15:00,1358.01123046875,1374.5,1263.17,2026-05-12,-16.48876953125,-111.32999999999993,True
2026-05-12 11:30:00,1353.24658203125,1362.79,1263.17,2026-05-12,-9.543417968749964,-99.61999999999989,True
2026-05-12 11:45:00,1336.8660888671875,1353.74,1263.17,2026-05-12,-16.87391113281251,-90.56999999999994,True
2026-05-12 12:00:00,1301.80712890625,1310.31,1225.0300000000002,2026-05-12,-8.502871093749945,-85.27999999999975,True
2026-05-12 12:15:00,1301.61181640625,1311.75,1225.0300000000002,2026-05-12,-10.13818359375,-86.7199999999998,True
2026-05-12 12:30:00,1296.06298828125,1317.09,1225.0300000000002,2026-05-12,-21.027011718749918,-92.05999999999972,True
2026-05-12 12:45:00,1291.9244384765625,1285.32,1225.0300000000002,2026-05-12,6.604438476562564,-60.289999999999736,True
2026-05-12 13:00:00,1297.243896484375,1316.95,1252.15,2026-05-12,-19.706103515625045,-64.79999999999995,True
2026-05-12 13:15:00,1299.9874267578125,1309.51,1252.15,2026-05-12,-9.522573242187491,-57.3599999999999,True
2026-05-12 13:30:00,1304.2769775390625,1328.73,1252.15,2026-05-12,-24.453022460937518,-76.57999999999993,True
2026-05-12 13:45:00,1307.574951171875,1328.36,1252.15,2026-05-12,-20.7850488281249,-76.20999999999981,True
2026-05-12 14:00:00,1344.680908203125,1338.1,1275.95,2026-05-12,6.580908203125091,-62.149999999999864,True
2026-05-12 14:15:00,1355.7606201171875,1358.2800000000002,1275.95,2026-05-12,-2.5193798828127,-82.33000000000015,True
2026-05-12 14:30:00,1356.627197265625,1350.76,1275.95,2026-05-12,5.867197265625009,-74.80999999999995,True
2026-05-12 14:45:00,1354.7464599609375,1365.11,1275.95,2026-05-12,-10.3635400390624,-89.15999999999985,True
2026-05-12 15:00:00,1369.4234619140625,1390.96,1275.53,2026-05-12,-21.536538085937536,-115.43000000000006,True
2026-05-12 15:15:00,1370.1341552734375,1389.78,1275.53,2026-05-12,-19.645844726562473,-114.25,True
2026-05-12 15:30:00,1368.455322265625,1390.42,1275.53,2026-05-12,-21.964677734375073,-114.8900000000001,True
2026-05-12 15:45:00,1365.0338134765625,1389.9299999999998,1275.53,2026-05-12,-24.896186523437336,-114.39999999999986,True
2026-05-12 16:00:00,1372.88671875,1371.64,1269.1799999999998,2026-05-12,1.2467187499999,-102.46000000000026,True
2026-05-12 16:15:00,1369.5838623046875,1360.88,1269.1799999999998,2026-05-12,8.70386230468739,-91.70000000000027,True
2026-05-12 16:30:00,1361.9896240234375,1344.5300000000002,1269.1799999999998,2026-05-12,17.4596240234373,-75.35000000000036,True
2026-05-12 16:45:00,1364.975341796875,1319.4,1269.1799999999998,2026-05-12,45.57534179687491,-50.220000000000255,True
2026-05-12 17:00:00,1348.9088134765625,1316.58,1277.09,2026-05-12,32.32881347656257,-39.49000000000001,True
2026-05-12 17:15:00,1336.6448974609375,1327.38,1277.09,2026-05-12,9.26489746093739,-50.29000000000019,True
2026-05-12 17:30:00,1340.4136962890625,1345.85,1277.09,2026-05-12,-5.436303710937409,-68.75999999999999,True
2026-05-12 17:45:00,1363.064208984375,1399.26,1277.09,2026-05-12,-36.19579101562499,-122.17000000000007,True
2026-05-12 18:00:00,1446.9354248046875,1459.5,1419.0,2026-05-12,-12.5645751953125,-40.5,True
2026-05-12 18:15:00,1486.6954345703125,1498.87,1419.0,2026-05-12,-12.17456542968739,-79.86999999999989,True
2026-05-12 18:30:00,1510.7454833984375,1504.41,1419.0,2026-05-12,6.335483398437418,-85.41000000000008,True
2026-05-12 18:45:00,1497.713134765625,1507.37,1419.0,2026-05-12,-9.65686523437489,-88.36999999999989,True
2026-05-12 19:00:00,1504.86279296875,1503.96,1405.89,2026-05-12,0.9027929687499636,-98.06999999999994,True
2026-05-12 19:15:00,1499.33056640625,1502.64,1405.89,2026-05-12,-3.3094335937501,-96.75,True
2026-05-12 19:30:00,1498.0482177734375,1497.19,1405.89,2026-05-12,0.8582177734374454,-91.29999999999995,True
2026-05-12 19:45:00,1491.16259765625,1494.1799999999998,1405.89,2026-05-12,-3.0174023437498363,-88.28999999999974,True
2026-05-12 20:00:00,1481.6424560546875,1479.5,1359.79,2026-05-12,2.1424560546875,-119.71000000000004,True
2026-05-12 20:15:00,1458.666748046875,1468.11,1359.79,2026-05-12,-9.4432519531249,-108.31999999999994,True
2026-05-12 20:30:00,1447.763427734375,1454.59,1359.79,2026-05-12,-6.826572265624918,-94.79999999999995,True
2026-05-12 20:45:00,1429.5,1441.8000000000002,1359.79,2026-05-12,-12.300000000000182,-82.01000000000022,True
2026-05-12 21:00:00,1387.01708984375,1409.9699999999998,1265.92,2026-05-12,-22.9529101562498,-144.04999999999973,True
2026-05-12 21:15:00,1401.9677734375,1392.23,1265.92,2026-05-12,9.737773437499982,-126.30999999999995,True
2026-05-12 21:30:00,1365.8187255859375,1364.0,1265.92,2026-05-12,1.8187255859375,-98.07999999999993,True
2026-05-12 21:45:00,1336.5067138671875,1335.36,1265.92,2026-05-12,1.1467138671876,-69.43999999999983,True
2026-05-12 22:00:00,1282.5565185546875,1318.83,1150.07,2026-05-12,-36.27348144531243,-168.76,True
2026-05-12 22:15:00,1259.9857177734375,517.3199999999999,1150.07,2026-05-12,742.6657177734376,632.75,True
2026-05-12 22:30:00,1250.0494384765625,1265.5700000000002,1150.07,2026-05-12,-15.520561523437664,-115.50000000000023,True
2026-05-12 22:45:00,1184.433837890625,1206.83,1150.07,2026-05-12,-22.396162109374927,-56.75999999999999,True
2026-05-12 23:00:00,1172.5985107421875,1196.55,1061.27,2026-05-12,-23.951489257812455,-135.27999999999997,True
2026-05-12 23:15:00,1145.2718505859375,1168.5500000000002,1061.27,2026-05-12,-23.278149414062682,-107.2800000000002,True
2026-05-13 00:00:00,1084.092529296875,1109.56,989.22,2026-05-13,-25.467470703124945,-120.33999999999992,True
2026-05-13 00:15:00,1060.3115234375,1086.6799999999998,989.22,2026-05-13,-26.368476562499836,-97.45999999999981,True
2026-05-13 00:30:00,1046.362548828125,1071.87,989.22,2026-05-13,-25.50745117187489,-82.64999999999986,True
2026-05-13 00:45:00,1035.2843017578125,1033.69,989.22,2026-05-13,1.5943017578124454,-44.47000000000003,True
2026-05-13 01:00:00,1023.3556518554688,1030.11,953.3,2026-05-13,-6.75434814453115,-76.80999999999995,True
2026-05-13 01:15:00,1021.6102294921875,1010.69,953.3,2026-05-13,10.920229492187445,-57.3900000000001,True
2026-05-13 01:30:00,1016.6064453125,1016.58,953.3,2026-05-13,0.026445312499959073,-63.280000000000086,True
2026-05-13 01:45:00,1004.1911010742188,1008.71,953.3,2026-05-13,-4.518898925781286,-55.41000000000008,True
2026-05-13 02:00:00,980.8583984375,1021.19,930.92,2026-05-13,-40.331601562500055,-90.2700000000001,True
2026-05-13 02:15:00,975.5567016601562,1000.27,930.92,2026-05-13,-24.713298339843732,-69.35000000000002,True
2026-05-13 02:30:00,957.8043823242188,996.65,930.92,2026-05-13,-38.84561767578123,-65.73000000000002,True
2026-05-13 02:45:00,963.3743896484375,984.17,930.92,2026-05-13,-20.79561035156246,-53.25,True
2026-05-13 03:00:00,966.8580322265625,998.73,925.79,2026-05-13,-31.871967773437518,-72.94000000000005,True
2026-05-13 03:15:00,958.1220092773438,994.61,925.79,2026-05-13,-36.487990722656264,-68.82000000000005,True
2026-05-13 03:30:00,941.5254516601562,985.55,925.79,2026-05-13,-44.024548339843705,-59.75999999999999,True
2026-05-13 03:45:00,956.5524291992188,968.98,925.79,2026-05-13,-12.427570800781268,-43.190000000000055,True
2026-05-13 04:00:00,958.5396728515625,984.04,944.82,2026-05-13,-25.500327148437464,-39.219999999999914,True
2026-05-13 04:15:00,965.3343505859375,995.14,944.82,2026-05-13,-29.805649414062486,-50.319999999999936,True
2026-05-13 04:30:00,955.9537963867188,1005.94,944.82,2026-05-13,-49.986203613281305,-61.120000000000005,True
2026-05-13 04:45:00,973.1138305664062,1000.39,944.82,2026-05-13,-27.276169433593736,-55.569999999999936,True
2026-05-13 05:00:00,1015.4263305664062,1016.52,1019.7,2026-05-13,-1.0936694335937318,3.1800000000000637,True
2026-05-13 05:15:00,1019.4542236328125,1034.99,1019.7,2026-05-13,-15.535776367187509,-15.289999999999964,True
2026-05-13 05:30:00,1017.3679809570312,1058.1,1019.7,2026-05-13,-40.73201904296866,-38.399999999999864,True
2026-05-13 05:45:00,1050.8946533203125,1090.46,1019.7,2026-05-13,-39.565346679687536,-70.75999999999999,True
2026-05-13 06:00:00,1097.8277587890625,1139.9499999999998,1106.62,2026-05-13,-42.12224121093732,-33.32999999999993,True
2026-05-13 06:15:00,1106.21142578125,1156.33,1106.62,2026-05-13,-50.11857421874993,-49.710000000000036,True
2026-05-13 06:30:00,1112.473876953125,1142.67,1106.62,2026-05-13,-30.196123046875073,-36.05000000000018,True
2026-05-13 06:45:00,1136.46875,1173.03,1106.62,2026-05-13,-36.56124999999997,-66.41000000000008,True
2026-05-13 07:00:00,1134.0682373046875,1201.34,1147.58,2026-05-13,-67.27176269531242,-53.75999999999999,True
2026-05-13 07:15:00,1144.2294921875,1185.47,1147.58,2026-05-13,-41.24050781250003,-37.8900000000001,True
2026-05-13 07:30:00,1135.5699462890625,1210.87,1147.58,2026-05-13,-75.30005371093739,-63.289999999999964,True
2026-05-13 07:45:00,1155.8848876953125,1189.51,1147.58,2026-05-13,-33.62511230468749,-41.930000000000064,True
2026-05-13 08:00:00,1198.535888671875,1248.35,1225.05,2026-05-13,-49.81411132812491,-23.299999999999955,True
2026-05-13 08:15:00,1222.55419921875,1252.8,1225.05,2026-05-13,-30.245800781249955,-27.75,True
2026-05-13 08:30:00,1228.1904296875,1298.21,1225.05,2026-05-13,-70.01957031250004,-73.16000000000008,True
2026-05-13 08:45:00,1240.14599609375,1308.4499999999998,1225.05,2026-05-13,-68.30400390624982,-83.39999999999986,True
2026-05-13 09:00:00,1270.132568359375,1315.8200000000002,1264.14,2026-05-13,-45.687431640625164,-51.680000000000064,True
2026-05-13 09:15:00,1284.821533203125,1328.5,1264.14,2026-05-13,-43.678466796875,-64.3599999999999,True
2026-05-13 09:30:00,1279.62744140625,1333.84,1264.14,2026-05-13,-54.21255859374992,-69.69999999999982,True
2026-05-13 09:45:00,1292.6922607421875,1351.64,1264.14,2026-05-13,-58.9477392578126,-87.5,True
2026-05-13 10:00:00,1284.3377685546875,1344.44,1281.5,2026-05-13,-60.102231445312555,-62.940000000000055,True
2026-05-13 10:15:00,1295.044189453125,1350.94,1281.5,2026-05-13,-55.895810546875055,-69.44000000000005,True
2026-05-13 10:30:00,1294.37841796875,1373.08,1281.5,2026-05-13,-78.70158203124993,-91.57999999999993,True
2026-05-13 10:45:00,1307.539794921875,1355.94,1281.5,2026-05-13,-48.400205078125055,-74.44000000000005,True
2026-05-13 11:00:00,1313.1494140625,1397.18,1277.67,2026-05-13,-84.03058593750006,-119.50999999999999,True
2026-05-13 11:15:00,1316.43896484375,1371.02,1277.67,2026-05-13,-54.58103515624998,-93.34999999999991,True
2026-05-13 11:30:00,1325.0618896484375,1388.9,1277.67,2026-05-13,-63.83811035156259,-111.23000000000002,True
2026-05-13 11:45:00,1315.62890625,1386.52,1277.67,2026-05-13,-70.89109374999998,-108.84999999999991,True
2026-05-13 12:00:00,1305.6053466796875,1336.21,1238.39,2026-05-13,-30.604653320312536,-97.81999999999994,True
2026-05-13 12:15:00,1295.34326171875,1347.3200000000002,1238.39,2026-05-13,-51.976738281250164,-108.93000000000006,True
2026-05-13 12:30:00,1292.593505859375,1327.11,1238.39,2026-05-13,-34.5164941406249,-88.7199999999998,True
2026-05-13 12:45:00,1292.6405029296875,1338.92,1238.39,2026-05-13,-46.27949707031257,-100.52999999999997,True
2026-05-13 13:00:00,1301.192626953125,1327.2800000000002,1262.98,2026-05-13,-26.0873730468752,-64.30000000000018,True
2026-05-13 13:15:00,1295.0445556640625,1347.92,1262.98,2026-05-13,-52.87544433593757,-84.94000000000005,True
2026-05-13 13:30:00,1301.310546875,1324.1,1262.98,2026-05-13,-22.78945312499991,-61.11999999999989,True
2026-05-13 13:45:00,1304.074462890625,1355.9899999999998,1262.98,2026-05-13,-51.91553710937478,-93.00999999999976,True
2026-05-13 14:00:00,1322.5946044921875,1365.02,1290.42,2026-05-13,-42.42539550781248,-74.59999999999991,True
2026-05-13 14:15:00,1329.867919921875,1385.42,1290.42,2026-05-13,-55.55208007812507,-95.0,True
2026-05-13 14:30:00,1322.91357421875,1410.64,1290.42,2026-05-13,-87.7264257812501,-120.22000000000003,True
2026-05-13 14:45:00,1325.30126953125,1412.87,1290.42,2026-05-13,-87.56873046874989,-122.44999999999982,True
2026-05-13 15:00:00,1345.537353515625,1404.09,1284.4,2026-05-13,-58.55264648437492,-119.68999999999983,True
2026-05-13 15:15:00,1346.1185302734375,1418.5500000000002,1284.4,2026-05-13,-72.43146972656268,-134.1500000000001,True
2026-05-13 15:30:00,1354.0784912109375,1398.64,1284.4,2026-05-13,-44.5615087890626,-114.24000000000001,True
2026-05-13 15:45:00,1347.7108154296875,1415.6999999999998,1284.4,2026-05-13,-67.98918457031232,-131.29999999999973,True
2026-05-13 16:00:00,1351.722412109375,1377.7,1279.26,2026-05-13,-25.977587890625045,-98.44000000000005,True
2026-05-13 16:15:00,1346.3280029296875,1391.54,1279.26,2026-05-13,-45.211997070312464,-112.27999999999997,True
2026-05-13 16:30:00,1337.8941650390625,1363.11,1279.26,2026-05-13,-25.2158349609374,-83.84999999999991,True
2026-05-13 16:45:00,1318.0230712890625,1357.5700000000002,1279.26,2026-05-13,-39.546928710937664,-78.31000000000017,True
2026-05-13 17:00:00,1310.39453125,1355.46,1290.67,2026-05-13,-45.065468750000036,-64.78999999999996,True
2026-05-13 17:15:00,1312.6898193359375,1352.5500000000002,1290.67,2026-05-13,-39.86018066406268,-61.88000000000011,True
2026-05-13 17:30:00,1312.0106201171875,1348.3000000000002,1290.67,2026-05-13,-36.28937988281268,-57.63000000000011,True
2026-05-13 17:45:00,1335.7958984375,1385.76,1290.67,2026-05-13,-49.96410156249999,-95.08999999999992,True
2026-05-13 18:00:00,1425.81787109375,1464.98,1419.31,2026-05-13,-39.16212890625002,-45.67000000000007,True
2026-05-13 18:15:00,1469.430908203125,1508.67,1419.31,2026-05-13,-39.23909179687507,-89.36000000000013,True
2026-05-13 18:30:00,1482.258544921875,1526.02,1419.31,2026-05-13,-43.76145507812498,-106.71000000000004,True
2026-05-13 18:45:00,1474.8541259765625,1527.12,1419.31,2026-05-13,-52.26587402343739,-107.80999999999995,True
2026-05-13 19:00:00,1477.94189453125,1523.8000000000002,1403.09,2026-05-13,-45.85810546875018,-120.71000000000026,True
2026-05-13 19:15:00,1479.9833984375,1519.97,1403.09,2026-05-13,-39.98660156250003,-116.88000000000011,True
2026-05-13 19:30:00,1475.7532958984375,1515.46,1403.09,2026-05-13,-39.706704101562536,-112.37000000000012,True
2026-05-13 19:45:00,1469.300537109375,1512.19,1403.09,2026-05-13,-42.889462890625055,-109.10000000000014,True
2026-05-13 20:00:00,1446.587158203125,1502.71,1359.34,2026-05-13,-56.122841796875036,-143.37000000000012,True
2026-05-13 20:15:00,1438.9678955078125,1496.74,1359.34,2026-05-13,-57.77210449218751,-137.4000000000001,True
2026-05-13 20:30:00,1415.4207763671875,1476.1899999999998,1359.34,2026-05-13,-60.76922363281233,-116.84999999999991,True
2026-05-13 20:45:00,1395.1578369140625,1458.9500000000005,1359.34,2026-05-13,-63.792163085938,-99.61000000000058,True
2026-05-13 21:00:00,1362.689697265625,1428.7,1266.98,2026-05-13,-66.01030273437505,-161.72000000000003,True
2026-05-13 21:15:00,1382.2490234375,1412.7,1266.98,2026-05-13,-30.450976562500045,-145.72000000000003,True
2026-05-13 21:30:00,1357.022216796875,1390.8200000000002,1266.98,2026-05-13,-33.797783203125164,-123.84000000000015,True
2026-05-13 21:45:00,1329.6636962890625,1358.09,1266.98,2026-05-13,-28.426303710937418,-91.1099999999999,True
2026-05-13 22:00:00,1306.7384033203125,1344.87,1155.11,2026-05-13,-38.13159667968739,-189.76,True
2026-05-13 22:15:00,1283.5277099609375,1307.07,1155.11,2026-05-13,-23.542290039062436,-151.96000000000004,True
2026-05-13 22:30:00,1264.8707275390625,1285.28,1155.11,2026-05-13,-20.409272460937473,-130.17000000000007,True
2026-05-13 22:45:00,1210.4552001953125,1245.17,1155.11,2026-05-13,-34.71479980468757,-90.06000000000017,True
2026-05-13 23:00:00,1167.383056640625,1218.33,1061.75,2026-05-13,-50.94694335937493,-156.57999999999993,True
2026-05-13 23:15:00,1146.6043701171875,1176.42,1061.75,2026-05-13,-29.815629882812573,-114.67000000000007,True
2026-05-14 00:00:00,1117.0269775390625,1111.09,994.74,2026-05-14,5.936977539062582,-116.34999999999991,True
2026-05-14 00:15:00,1094.808349609375,1107.61,994.74,2026-05-14,-12.8016503906249,-112.86999999999989,True
2026-05-14 00:30:00,1068.233642578125,1075.79,994.74,2026-05-14,-7.556357421874964,-81.04999999999995,True
2026-05-14 00:45:00,1054.681396484375,1048.01,994.74,2026-05-14,6.671396484375009,-53.26999999999998,True
2026-05-14 01:00:00,1027.38671875,1043.3200000000002,945.88,2026-05-14,-15.933281250000164,-97.44000000000017,True
2026-05-14 01:15:00,1015.5911865234375,1045.47,945.88,2026-05-14,-29.878813476562527,-99.59000000000003,True
2026-05-14 01:30:00,1005.5967407226562,1040.92,945.88,2026-05-14,-35.32325927734382,-95.04000000000008,True
2026-05-14 01:45:00,991.2592163085938,1031.07,945.88,2026-05-14,-39.810783691406186,-85.18999999999994,True
2026-05-14 02:00:00,992.6383666992188,992.42,927.0,2026-05-14,0.21836669921879093,-65.41999999999996,True
2026-05-14 02:15:00,988.4296875,1001.83,927.0,2026-05-14,-13.400312500000041,-74.83000000000004,True
2026-05-14 02:30:00,983.2526245117188,978.61,927.0,2026-05-14,4.642624511718736,-51.610000000000014,True
2026-05-14 02:45:00,977.1756591796875,987.35,927.0,2026-05-14,-10.174340820312523,-60.35000000000002,True
2026-05-14 03:00:00,971.4395751953125,981.65,923.84,2026-05-14,-10.210424804687477,-57.809999999999945,True
2026-05-14 03:15:00,971.5812377929688,962.7,923.84,2026-05-14,8.881237792968705,-38.860000000000014,True
2026-05-14 03:30:00,969.010498046875,999.06,923.84,2026-05-14,-30.049501953124945,-75.21999999999991,True
2026-05-14 03:45:00,972.5188598632812,985.68,923.84,2026-05-14,-13.1611401367187,-61.83999999999992,True
2026-05-14 04:00:00,974.0285034179688,990.07,942.96,2026-05-14,-16.0414965820313,-47.110000000000014,True
2026-05-14 04:15:00,983.0159912109375,968.92,942.96,2026-05-14,14.095991210937541,-25.959999999999923,True
2026-05-14 04:30:00,983.865478515625,998.24,942.96,2026-05-14,-14.374521484375009,-55.27999999999997,True
2026-05-14 04:45:00,993.3824462890625,1006.3,942.96,2026-05-14,-12.917553710937455,-63.33999999999992,True
2026-05-14 05:00:00,1022.4278564453125,1018.64,1035.45,2026-05-14,3.7878564453125136,16.81000000000006,True
2026-05-14 05:15:00,1032.9141845703125,1037.77,1035.45,2026-05-14,-4.855815429687482,-2.3199999999999363,True
2026-05-14 05:30:00,1044.2169189453125,1043.1,1035.45,2026-05-14,1.116918945312591,-7.649999999999864,True
2026-05-14 05:45:00,1059.869873046875,1074.62,1035.45,2026-05-14,-14.75012695312489,-39.169999999999845,True
2026-05-14 06:00:00,1132.91064453125,1108.68,1134.56,2026-05-14,24.230644531249936,25.87999999999988,True
2026-05-14 06:15:00,1143.0472412109375,1151.16,1134.56,2026-05-14,-8.112758789062582,-16.600000000000136,True
2026-05-14 06:30:00,1159.53955078125,1147.94,1134.56,2026-05-14,11.599550781249945,-13.38000000000011,True
2026-05-14 06:45:00,1181.55029296875,1144.81,1134.56,2026-05-14,36.740292968750055,-10.25,True
2026-05-14 07:00:00,1160.783203125,1169.17,1159.88,2026-05-14,-8.386796875000073,-9.289999999999964,True
2026-05-14 07:15:00,1178.3145751953125,1199.38,1159.88,2026-05-14,-21.06542480468761,-39.5,True
2026-05-14 07:30:00,1188.7100830078125,1210.06,1159.88,2026-05-14,-21.349916992187445,-50.179999999999836,True
2026-05-14 07:45:00,1199.631591796875,1197.2,1159.88,2026-05-14,2.4315917968749545,-37.319999999999936,True
2026-05-14 08:00:00,1219.099365234375,1251.19,1240.51,2026-05-14,-32.090634765625055,-10.680000000000064,True
2026-05-14 08:15:00,1239.411865234375,1246.97,1240.51,2026-05-14,-7.558134765625027,-6.460000000000036,True
2026-05-14 08:30:00,1254.372802734375,1283.99,1240.51,2026-05-14,-29.61719726562501,-43.48000000000002,True
2026-05-14 08:45:00,1265.7161865234375,1302.6999999999998,1240.51,2026-05-14,-36.98381347656232,-62.18999999999983,True
2026-05-14 09:00:00,1301.4169921875,1329.46,1276.37,2026-05-14,-28.043007812500036,-53.090000000000146,True
2026-05-14 09:15:00,1308.0096435546875,1333.16,1276.37,2026-05-14,-25.150356445312582,-56.79000000000019,True
2026-05-14 09:30:00,1311.3109130859375,1350.42,1276.37,2026-05-14,-39.10908691406257,-74.05000000000018,True
2026-05-14 09:45:00,1315.2755126953125,1351.2800000000002,1276.37,2026-05-14,-36.0044873046877,-74.91000000000031,True
2026-05-14 10:00:00,1309.658203125,1360.33,1297.28,2026-05-14,-50.67179687499993,-63.049999999999955,True
2026-05-14 10:15:00,1316.340576171875,1344.6,1297.28,2026-05-14,-28.25942382812491,-47.319999999999936,True
2026-05-14 10:30:00,1319.5582275390625,1372.27,1297.28,2026-05-14,-52.71177246093748,-74.99000000000001,True
2026-05-14 10:45:00,1325.31591796875,1378.11,1297.28,2026-05-14,-52.7940820312499,-80.82999999999993,True
2026-05-14 11:00:00,1324.681884765625,1377.4499999999998,1291.39,2026-05-14,-52.76811523437482,-86.05999999999972,True
2026-05-14 11:15:00,1330.5640869140625,1402.17,1291.39,2026-05-14,-71.60591308593757,-110.77999999999997,True
2026-05-14 11:30:00,1329.3929443359375,1402.99,1291.39,2026-05-14,-73.59705566406251,-111.59999999999991,True
2026-05-14 11:45:00,1315.2857666015625,1382.37,1291.39,2026-05-14,-67.08423339843739,-90.97999999999979,True
2026-05-14 12:00:00,1294.56787109375,1359.56,1248.77,2026-05-14,-64.99212890624995,-110.78999999999996,True
2026-05-14 12:15:00,1287.1072998046875,1327.76,1248.77,2026-05-14,-40.65270019531249,-78.99000000000001,True
2026-05-14 12:30:00,1280.22265625,1325.58,1248.77,2026-05-14,-45.35734374999993,-76.80999999999995,True
2026-05-14 12:45:00,1291.4559326171875,1347.2,1248.77,2026-05-14,-55.744067382812545,-98.43000000000006,True
2026-05-14 13:00:00,1296.4661865234375,1360.21,1279.84,2026-05-14,-63.743813476562536,-80.37000000000012,True
2026-05-14 13:15:00,1300.0439453125,1365.54,1279.84,2026-05-14,-65.49605468749996,-85.70000000000005,True
2026-05-14 13:30:00,1304.2904052734375,1383.89,1279.84,2026-05-14,-79.5995947265626,-104.05000000000018,True
2026-05-14 13:45:00,1310.72119140625,1373.56,1279.84,2026-05-14,-62.838808593749945,-93.72000000000003,True
2026-05-14 14:00:00,1329.150634765625,1403.0800000000002,1302.37,2026-05-14,-73.92936523437515,-100.71000000000026,True
2026-05-14 14:15:00,1329.1107177734375,1407.73,1302.37,2026-05-14,-78.61928222656252,-105.36000000000013,True
2026-05-14 14:30:00,1331.8724365234375,1409.91,1302.37,2026-05-14,-78.03756347656258,-107.54000000000019,True
2026-05-14 14:45:00,1334.5399169921875,1411.81,1302.37,2026-05-14,-77.27008300781245,-109.44000000000005,True
2026-05-14 15:00:00,1344.4368896484375,1417.13,1306.18,2026-05-14,-72.69311035156261,-110.95000000000005,True
2026-05-14 15:15:00,1336.606201171875,1425.11,1306.18,2026-05-14,-88.5037988281249,-118.92999999999984,True
2026-05-14 15:30:00,1340.38623046875,1425.5300000000002,1306.18,2026-05-14,-85.1437695312502,-119.35000000000014,True
2026-05-14 15:45:00,1339.59619140625,1421.32,1306.18,2026-05-14,-81.72380859374994,-115.13999999999987,True
2026-05-14 16:00:00,1352.4361572265625,1416.67,1295.12,2026-05-14,-64.23384277343757,-121.55000000000018,True
2026-05-14 16:15:00,1349.0810546875,1405.81,1295.12,2026-05-14,-56.728945312499945,-110.69000000000005,True
2026-05-14 16:30:00,1333.470458984375,1382.85,1295.12,2026-05-14,-49.37954101562491,-87.73000000000002,True
2026-05-14 16:45:00,1332.7523193359375,1378.15,1295.12,2026-05-14,-45.39768066406259,-83.0300000000002,True
2026-05-14 17:00:00,1313.7510986328125,1370.48,1308.7600000000002,2026-05-14,-56.72890136718752,-61.7199999999998,True
2026-05-14 17:15:00,1315.9736328125,1365.3200000000002,1308.7600000000002,2026-05-14,-49.346367187500164,-56.559999999999945,True
2026-05-14 17:30:00,1318.6578369140625,1373.85,1308.7600000000002,2026-05-14,-55.19216308593741,-65.08999999999969,True
2026-05-14 17:45:00,1338.3758544921875,1413.23,1308.7600000000002,2026-05-14,-74.85414550781252,-104.4699999999998,True
2026-05-14 18:00:00,1422.497314453125,1479.46,1440.75,2026-05-14,-56.962685546875036,-38.710000000000036,True
2026-05-14 18:15:00,1477.9815673828125,1539.39,1440.75,2026-05-14,-61.4084326171876,-98.6400000000001,True
2026-05-14 18:30:00,1499.9981689453125,1557.36,1440.75,2026-05-14,-57.3618310546874,-116.6099999999999,True
2026-05-14 18:45:00,1489.73291015625,1559.16,1440.75,2026-05-14,-69.42708984375008,-118.41000000000008,True
2026-05-14 19:00:00,1488.64404296875,1553.91,1425.65,2026-05-14,-65.26595703125008,-128.26,True
2026-05-14 19:15:00,1485.5218505859375,1550.43,1425.65,2026-05-14,-64.90814941406256,-124.77999999999997,True
2026-05-14 19:30:00,1481.43505859375,1549.42,1425.65,2026-05-14,-67.98494140625007,-123.76999999999998,True
2026-05-14 19:45:00,1477.5401611328125,1535.14,1425.65,2026-05-14,-57.5998388671876,-109.49000000000001,True
2026-05-14 20:00:00,1452.20654296875,1525.71,1381.84,2026-05-14,-73.50345703125004,-143.87000000000012,True
2026-05-14 20:15:00,1444.1832275390625,1516.0200000000002,1381.84,2026-05-14,-71.83677246093771,-134.1800000000003,True
2026-05-14 20:30:00,1435.359375,1504.4900000000002,1381.84,2026-05-14,-69.13062500000024,-122.65000000000032,True
2026-05-14 20:45:00,1420.346923828125,1490.01,1381.84,2026-05-14,-69.66307617187499,-108.17000000000007,True
2026-05-14 21:00:00,1389.9593505859375,1463.9799999999998,1290.91,2026-05-14,-74.02064941406229,-173.0699999999997,True
2026-05-14 21:15:00,1389.343017578125,1443.42,1290.91,2026-05-14,-54.07698242187507,-152.51,True
2026-05-14 21:30:00,1358.8837890625,1412.81,1290.91,2026-05-14,-53.926210937499945,-121.89999999999986,True
2026-05-14 21:45:00,1347.572265625,1379.75,1290.91,2026-05-14,-32.177734375,-88.83999999999992,True
2026-05-14 22:00:00,1303.7099609375,1372.6,1179.2600000000002,2026-05-14,-68.89003906249991,-193.3399999999997,True
2026-05-14 22:15:00,1279.8787841796875,1324.77,1179.2600000000002,2026-05-14,-44.89121582031248,-145.50999999999976,True
2026-05-14 22:30:00,1256.5511474609375,1292.5700000000002,1179.2600000000002,2026-05-14,-36.018852539062664,-113.30999999999995,True
2026-05-14 22:45:00,1217.36083984375,1271.29,1179.2600000000002,2026-05-14,-53.929160156249964,-92.02999999999975,True
2026-05-14 23:00:00,1197.9581298828125,1238.7,1091.0,2026-05-14,-40.741870117187545,-147.70000000000005,True
2026-05-14 23:15:00,1171.9732666015625,1219.67,1091.0,2026-05-14,-47.69673339843757,-128.67000000000007,True
2026-05-15 00:00:00,1121.52783203125,1135.33,984.22,2026-05-15,-13.802167968749927,-151.1099999999999,True
2026-05-15 00:15:00,1099.360595703125,1134.63,984.22,2026-05-15,-35.26940429687511,-150.41000000000008,True
2026-05-15 00:30:00,1076.1514892578125,1105.1,984.22,2026-05-15,-28.94851074218741,-120.87999999999988,True
2026-05-15 00:45:00,1070.960693359375,1095.86,984.22,2026-05-15,-24.8993066406249,-111.63999999999987,True
2026-05-15 01:00:00,1033.1407470703125,1063.0300000000002,948.49,2026-05-15,-29.8892529296877,-114.54000000000019,True
2026-05-15 01:15:00,1019.5650024414062,1063.91,948.49,2026-05-15,-44.34499755859383,-115.42000000000007,True
2026-05-15 01:30:00,1019.828857421875,1068.9900000000002,948.49,2026-05-15,-49.16114257812524,-120.50000000000023,True
2026-05-15 01:45:00,1007.3489379882812,1062.69,948.49,2026-05-15,-55.341062011718805,-114.20000000000005,True
2026-05-15 02:00:00,998.2374267578125,1033.5300000000002,927.08,2026-05-15,-35.2925732421877,-106.45000000000016,True
2026-05-15 02:15:00,991.7158813476562,1026.44,927.08,2026-05-15,-34.724118652343805,-99.36000000000001,True
2026-05-15 02:30:00,990.3688354492188,1032.6899999999998,927.08,2026-05-15,-42.32116455078108,-105.60999999999979,True
2026-05-15 02:45:00,985.9841918945312,1010.93,927.08,2026-05-15,-24.9458081054687,-83.84999999999991,True
2026-05-15 03:00:00,979.6099243164062,1017.63,922.24,2026-05-15,-38.020075683593745,-95.38999999999999,True
2026-05-15 03:15:00,978.7152099609375,1020.36,922.24,2026-05-15,-41.644790039062514,-98.12,True
2026-05-15 03:30:00,977.1671142578125,1009.54,922.24,2026-05-15,-32.372885742187464,-87.29999999999995,True
2026-05-15 03:45:00,983.2601318359375,1022.83,922.24,2026-05-15,-39.56986816406254,-100.59000000000003,True
2026-05-15 04:00:00,993.1260375976562,1008.52,941.64,2026-05-15,-15.393962402343732,-66.88,True
2026-05-15 04:15:00,995.1602172851562,1037.52,941.64,2026-05-15,-42.35978271484373,-95.88,True
2026-05-15 04:30:00,1000.6633911132812,1034.54,941.64,2026-05-15,-33.876608886718714,-92.89999999999998,True
2026-05-15 04:45:00,1011.3521728515625,1041.2400000000002,941.64,2026-05-15,-29.887827148437736,-99.60000000000025,True
2026-05-15 05:00:00,1016.8912963867188,1040.38,1011.74,2026-05-15,-23.48870361328136,-28.6400000000001,True
2026-05-15 05:15:00,1024.9586181640625,1058.98,1011.74,2026-05-15,-34.02138183593752,-47.24000000000001,True
2026-05-15 05:30:00,1031.1156005859375,1067.89,1011.74,2026-05-15,-36.7743994140626,-56.15000000000009,True
2026-05-15 05:45:00,1047.7532958984375,1108.51,1011.74,2026-05-15,-60.75670410156249,-96.76999999999998,True
2026-05-15 06:00:00,1091.886474609375,1138.79,1088.91,2026-05-15,-46.903525390624964,-49.87999999999988,True
2026-05-15 06:15:00,1110.1063232421875,1153.13,1088.91,2026-05-15,-43.02367675781261,-64.22000000000003,True
2026-05-15 06:30:00,1116.0030517578125,1156.37,1088.91,2026-05-15,-40.36694824218739,-67.45999999999981,True
2026-05-15 06:45:00,1136.465087890625,1149.32,1088.91,2026-05-15,-12.854912109374936,-60.409999999999854,True
2026-05-15 07:00:00,1156.0133056640625,1201.06,1132.02,2026-05-15,-45.046694335937445,-69.03999999999996,True
2026-05-15 07:15:00,1171.455322265625,1195.17,1132.02,2026-05-15,-23.714677734375073,-63.15000000000009,True
2026-05-15 07:30:00,1186.05029296875,1218.96,1132.02,2026-05-15,-32.909707031250036,-86.94000000000005,True
2026-05-15 07:45:00,1202.3704833984375,1210.25,1132.02,2026-05-15,-7.8795166015625,-78.23000000000002,True
2026-05-15 08:00:00,1225.2947998046875,1263.19,1209.35,2026-05-15,-37.895200195312555,-53.840000000000146,True
2026-05-15 08:15:00,1238.421142578125,1269.14,1209.35,2026-05-15,-30.7188574218751,-59.79000000000019,True
2026-05-15 08:30:00,1251.7615966796875,1281.28,1209.35,2026-05-15,-29.518403320312473,-71.93000000000006,True
2026-05-15 08:45:00,1269.4375,1314.65,1209.35,2026-05-15,-45.21250000000009,-105.30000000000018,True
2026-05-15 09:00:00,1270.2080078125,1382.0700000000002,1232.38,2026-05-15,-111.86199218750016,-149.69000000000005,True
2026-05-15 09:15:00,1284.3216552734375,1341.28,1232.38,2026-05-15,-56.95834472656247,-108.89999999999986,True
2026-05-15 09:30:00,1287.91064453125,1341.28,1232.38,2026-05-15,-53.36935546874997,-108.89999999999986,True
2026-05-15 09:45:00,1299.391357421875,1382.0700000000002,1232.38,2026-05-15,-82.67864257812516,-149.69000000000005,True
2026-05-15 10:00:00,1302.1756591796875,1382.0700000000002,1254.85,2026-05-15,-79.89434082031266,-127.22000000000025,True
2026-05-15 10:15:00,1310.7938232421875,1364.3,1254.85,2026-05-15,-53.506176757812455,-109.45000000000005,True
2026-05-15 10:30:00,1308.0068359375,1404.43,1254.85,2026-05-15,-96.42316406250006,-149.58000000000015,True
2026-05-15 10:45:00,1312.304443359375,1404.68,1254.85,2026-05-15,-92.37555664062506,-149.83000000000015,True
2026-05-15 11:00:00,1314.0521240234375,1412.65,1256.27,2026-05-15,-98.59787597656259,-156.3800000000001,True
2026-05-15 11:15:00,1317.2410888671875,1429.17,1256.27,2026-05-15,-111.92891113281257,-172.9000000000001,True
2026-05-15 11:30:00,1316.991943359375,1401.37,1256.27,2026-05-15,-84.37805664062489,-145.0999999999999,True
2026-05-15 11:45:00,1304.2791748046875,1393.56,1256.27,2026-05-15,-89.28082519531245,-137.28999999999996,True
2026-05-15 12:00:00,1266.2684326171875,1350.14,1217.75,2026-05-15,-83.8715673828126,-132.3900000000001,True
2026-05-15 12:15:00,1262.7174072265625,1347.69,1217.75,2026-05-15,-84.97259277343755,-129.94000000000005,True
2026-05-15 12:30:00,1261.84375,1331.55,1217.75,2026-05-15,-69.70624999999995,-113.79999999999995,True
2026-05-15 12:45:00,1266.5230712890625,1330.67,1217.75,2026-05-15,-64.14692871093757,-112.92000000000007,True
2026-05-15 13:00:00,1270.7872314453125,1346.19,1242.94,2026-05-15,-75.40276855468755,-103.25,True
2026-05-15 13:15:00,1276.98974609375,1358.32,1242.94,2026-05-15,-81.33025390624994,-115.37999999999988,True
2026-05-15 13:30:00,1279.7794189453125,1351.7,1242.94,2026-05-15,-71.92058105468755,-108.75999999999999,True
2026-05-15 13:45:00,1289.3660888671875,1356.64,1242.94,2026-05-15,-67.2739111328126,-113.70000000000005,True
2026-05-15 14:00:00,1313.37890625,1381.56,1269.19,2026-05-15,-68.18109374999995,-112.36999999999989,True
2026-05-15 14:15:00,1319.08349609375,1387.35,1269.19,2026-05-15,-68.26650390624991,-118.15999999999985,True
2026-05-15 14:30:00,1319.95166015625,1399.38,1269.19,2026-05-15,-79.42833984375011,-130.19000000000005,True
2026-05-15 14:45:00,1322.4365234375,1386.88,1269.19,2026-05-15,-64.44347656250011,-117.69000000000005,True
2026-05-15 15:00:00,1339.9556884765625,1390.02,1262.71,2026-05-15,-50.06431152343748,-127.30999999999995,True
2026-05-15 15:15:00,1333.9415283203125,1401.24,1262.71,2026-05-15,-67.29847167968751,-138.52999999999997,True
2026-05-15 15:30:00,1335.9705810546875,1398.65,1262.71,2026-05-15,-62.67941894531259,-135.94000000000005,True
2026-05-15 15:45:00,1335.5361328125,1395.8300000000002,1262.71,2026-05-15,-60.293867187500155,-133.12000000000012,True
2026-05-15 16:00:00,1323.8370361328125,1381.01,1252.5,2026-05-15,-57.17296386718749,-128.51,True
2026-05-15 16:15:00,1317.9815673828125,1369.4299999999998,1252.5,2026-05-15,-51.448432617187336,-116.92999999999984,True
2026-05-15 16:30:00,1307.6728515625,1378.31,1252.5,2026-05-15,-70.63714843749995,-125.80999999999995,True
2026-05-15 16:45:00,1307.829345703125,1364.3200000000002,1252.5,2026-05-15,-56.490654296875164,-111.82000000000016,True
2026-05-15 17:00:00,1300.792724609375,1348.51,1261.47,2026-05-15,-47.71727539062499,-87.03999999999996,True
2026-05-15 17:15:00,1299.2913818359375,1351.35,1261.47,2026-05-15,-52.05861816406241,-89.87999999999988,True
2026-05-15 17:30:00,1308.75146484375,1347.47,1261.47,2026-05-15,-38.71853515625003,-86.0,True
2026-05-15 17:45:00,1340.65380859375,1384.45,1261.47,2026-05-15,-43.796191406250045,-122.98000000000002,True
2026-05-15 18:00:00,1410.3245849609375,1461.34,1389.12,2026-05-15,-51.01541503906242,-72.22000000000003,True
2026-05-15 18:15:00,1448.6982421875,1510.66,1389.12,2026-05-15,-61.96175781250008,-121.54000000000019,True
2026-05-15 18:30:00,1474.6129150390625,1526.18,1389.12,2026-05-15,-51.567084960937564,-137.06000000000017,True
2026-05-15 18:45:00,1461.1336669921875,1528.69,1389.12,2026-05-15,-67.55633300781255,-139.57000000000016,True
2026-05-15 19:00:00,1462.506103515625,1527.41,1373.87,2026-05-15,-64.90389648437508,-153.5400000000002,True
2026-05-15 19:15:00,1464.171142578125,1518.2399999999998,1373.87,2026-05-15,-54.06885742187478,-144.3699999999999,True
2026-05-15 19:30:00,1457.85302734375,1512.84,1373.87,2026-05-15,-54.98697265624992,-138.97000000000003,True
2026-05-15 19:45:00,1454.8193359375,1503.23,1373.87,2026-05-15,-48.41066406250002,-129.36000000000013,True
2026-05-15 20:00:00,1455.2685546875,1486.3100000000002,1323.71,2026-05-15,-31.041445312500173,-162.60000000000014,True
2026-05-15 20:15:00,1441.197509765625,1475.25,1323.71,2026-05-15,-34.052490234375,-151.53999999999996,True
2026-05-15 20:30:00,1431.53857421875,1462.38,1323.71,2026-05-15,-30.84142578125011,-138.67000000000007,True
2026-05-15 20:45:00,1415.55712890625,1451.41,1323.71,2026-05-15,-35.85287109375008,-127.70000000000005,True
2026-05-15 21:00:00,1387.888916015625,1424.19,1239.0100000000002,2026-05-15,-36.301083984375055,-185.17999999999984,True
2026-05-15 21:15:00,1368.041748046875,1399.28,1239.0100000000002,2026-05-15,-31.238251953124973,-160.26999999999975,True
2026-05-15 21:30:00,1343.14404296875,1375.0700000000002,1239.0100000000002,2026-05-15,-31.925957031250164,-136.05999999999995,True
2026-05-15 21:45:00,1306.1485595703125,1344.1799999999998,1239.0100000000002,2026-05-15,-38.031440429687336,-105.16999999999962,True
2026-05-15 22:00:00,1289.731689453125,1326.54,1125.7,2026-05-15,-36.808310546874964,-200.83999999999992,True
2026-05-15 22:15:00,1257.6187744140625,1296.75,1125.7,2026-05-15,-39.1312255859375,-171.04999999999995,True
2026-05-15 22:30:00,1239.9755859375,1269.77,1125.7,2026-05-15,-29.794414062499982,-144.06999999999994,True
2026-05-15 22:45:00,1200.07763671875,1231.0500000000002,1125.7,2026-05-15,-30.972363281250182,-105.35000000000014,True
2026-05-15 23:00:00,1147.55615234375,1210.13,1036.38,2026-05-15,-62.57384765625011,-173.75,True
2026-05-15 23:15:00,1131.8983154296875,1192.94,1036.38,2026-05-15,-61.041684570312555,-156.55999999999995,True
2026-05-16 00:00:00,1127.5887451171875,1125.9299999999998,1003.91,2026-05-16,1.6587451171876637,-122.01999999999987,True
2026-05-16 00:15:00,1111.154541015625,1106.59,1003.91,2026-05-16,4.564541015625082,-102.67999999999995,True
2026-05-16 00:30:00,1079.6590576171875,1086.71,1003.91,2026-05-16,-7.050942382812536,-82.80000000000007,True
2026-05-16 00:45:00,1069.5045166015625,1067.58,1003.91,2026-05-16,1.9245166015625728,-63.66999999999996,True
2026-05-16 01:00:00,1052.7080078125,1057.59,962.4,2026-05-16,-4.881992187499918,-95.18999999999994,True
2026-05-16 01:15:00,1043.519775390625,1048.87,962.4,2026-05-16,-5.350224609374891,-86.46999999999991,True
2026-05-16 01:30:00,1039.195068359375,1034.4,962.4,2026-05-16,4.795068359374909,-72.00000000000011,True
2026-05-16 01:45:00,1028.3486328125,1031.64,962.4,2026-05-16,-3.2913671875001,-69.24000000000012,True
2026-05-16 02:00:00,1023.44921875,1025.42,938.37,2026-05-16,-1.9707812500000728,-87.05000000000007,True
2026-05-16 02:15:00,1018.3237915039062,1024.2199999999998,938.37,2026-05-16,-5.89620849609355,-85.8499999999998,True
2026-05-16 02:30:00,1015.7606201171875,1008.87,938.37,2026-05-16,6.8906201171874955,-70.5,True
2026-05-16 02:45:00,1009.4405517578125,1006.8300000000002,938.37,2026-05-16,2.6105517578123454,-68.46000000000015,True
2026-05-16 03:00:00,1005.2622680664062,999.69,929.18,2026-05-16,5.572268066406195,-70.5100000000001,True
2026-05-16 03:15:00,998.6726684570312,1001.01,929.18,2026-05-16,-2.337331542968741,-71.83000000000004,True
2026-05-16 03:30:00,1002.9382934570312,988.49,929.18,2026-05-16,14.448293457031241,-59.31000000000006,True
2026-05-16 03:45:00,999.423828125,990.33,929.18,2026-05-16,9.093828124999959,-61.15000000000009,True
2026-05-16 04:00:00,1000.2598266601562,989.71,939.9,2026-05-16,10.549826660156214,-49.81000000000006,True
2026-05-16 04:15:00,1009.3724975585938,995.64,939.9,2026-05-16,13.732497558593764,-55.74000000000001,True
2026-05-16 04:30:00,1004.263916015625,1001.48,939.9,2026-05-16,2.783916015624982,-61.58000000000004,True
2026-05-16 04:45:00,1013.2634887695312,1006.96,939.9,2026-05-16,6.303488769531214,-67.06000000000006,True
2026-05-16 05:00:00,1008.7875366210938,1014.19,983.53,2026-05-16,-5.402463378906305,-30.660000000000082,True
2026-05-16 05:15:00,1017.7083740234375,1014.0,983.53,2026-05-16,3.7083740234375,-30.470000000000027,True
2026-05-16 05:30:00,1019.8178100585938,1030.76,983.53,2026-05-16,-10.942189941406241,-47.23000000000002,True
2026-05-16 05:45:00,1036.4580078125,1022.69,983.53,2026-05-16,13.768007812499945,-39.16000000000008,True
2026-05-16 06:00:00,1040.5560302734375,1062.46,975.8,2026-05-16,-21.903969726562536,-86.66000000000008,True
2026-05-16 06:15:00,1035.1055908203125,1052.06,975.8,2026-05-16,-16.954409179687445,-76.25999999999999,True
2026-05-16 06:30:00,1039.211181640625,1028.0,975.8,2026-05-16,11.211181640625,-52.200000000000045,True
2026-05-16 06:45:00,1033.6876220703125,1021.77,975.8,2026-05-16,11.917622070312518,-45.97000000000003,True
2026-05-16 07:00:00,1064.40380859375,1048.42,1062.89,2026-05-16,15.983808593749927,14.470000000000027,True
2026-05-16 07:15:00,1077.3302001953125,1073.5800000000002,1062.89,2026-05-16,3.7502001953123454,-10.690000000000055,True
2026-05-16 07:30:00,1093.407470703125,1101.16,1062.89,2026-05-16,-7.752529296875082,-38.26999999999998,True
2026-05-16 07:45:00,1104.464599609375,1116.88,1062.89,2026-05-16,-12.41540039062511,-53.99000000000001,True
2026-05-16 08:00:00,1150.57177734375,1145.06,1153.6699999999998,2026-05-16,5.511777343750055,8.6099999999999,True
2026-05-16 08:15:00,1172.36181640625,1182.53,1153.6699999999998,2026-05-16,-10.168183593749973,-28.860000000000127,True
2026-05-16 08:30:00,1183.21337890625,1204.46,1153.6699999999998,2026-05-16,-21.246621093750036,-50.79000000000019,True
2026-05-16 08:45:00,1199.7313232421875,1233.49,1153.6699999999998,2026-05-16,-33.75867675781251,-79.82000000000016,True
2026-05-16 09:00:00,1225.9486083984375,1253.15,1198.92,2026-05-16,-27.20139160156259,-54.23000000000002,True
2026-05-16 09:15:00,1244.8095703125,1266.01,1198.92,2026-05-16,-21.20042968749999,-67.08999999999992,True
2026-05-16 09:30:00,1261.24951171875,1294.1,1198.92,2026-05-16,-32.85048828124991,-95.17999999999984,True
2026-05-16 09:45:00,1268.72314453125,1293.9,1198.92,2026-05-16,-25.17685546875009,-94.98000000000002,True
2026-05-16 10:00:00,1265.578857421875,1304.33,1210.48,2026-05-16,-38.75114257812493,-93.84999999999991,True
2026-05-16 10:15:00,1266.329833984375,1317.1999999999998,1210.48,2026-05-16,-50.87016601562482,-106.7199999999998,True
2026-05-16 10:30:00,1269.8173828125,1319.63,1210.48,2026-05-16,-49.81261718750011,-109.15000000000009,True
2026-05-16 10:45:00,1273.2518310546875,1324.9500000000005,1210.48,2026-05-16,-51.698168945313,-114.47000000000048,True
2026-05-16 11:00:00,1266.860595703125,1337.41,1202.32,2026-05-16,-70.54940429687508,-135.09000000000015,True
2026-05-16 11:15:00,1272.93359375,1346.53,1202.32,2026-05-16,-73.59640624999997,-144.21000000000004,True
2026-05-16 11:30:00,1270.948974609375,1334.2799999999995,1202.32,2026-05-16,-63.33102539062452,-131.95999999999958,True
2026-05-16 11:45:00,1262.0538330078125,1334.24,1202.32,2026-05-16,-72.18616699218751,-131.92000000000007,True
2026-05-16 12:00:00,1242.4302978515625,1317.73,1167.35,2026-05-16,-75.29970214843752,-150.3800000000001,True
2026-05-16 12:15:00,1238.4630126953125,1316.19,1167.35,2026-05-16,-77.72698730468755,-148.84000000000015,True
2026-05-16 12:30:00,1233.9173583984375,1298.63,1167.35,2026-05-16,-64.71264160156261,-131.2800000000002,True
2026-05-16 12:45:00,1232.134033203125,1295.42,1167.35,2026-05-16,-63.28596679687507,-128.07000000000016,True
2026-05-16 13:00:00,1225.4569091796875,1299.04,1162.73,2026-05-16,-73.58309082031246,-136.30999999999995,True
2026-05-16 13:15:00,1229.888427734375,1308.11,1162.73,2026-05-16,-78.2215722656249,-145.37999999999988,True
2026-05-16 13:30:00,1230.5013427734375,1305.4,1162.73,2026-05-16,-74.89865722656259,-142.67000000000007,True
2026-05-16 13:45:00,1233.2906494140625,1309.09,1162.73,2026-05-16,-75.79935058593742,-146.3599999999999,True
2026-05-16 14:00:00,1234.990478515625,1316.48,1168.59,2026-05-16,-81.48952148437502,-147.8900000000001,True
2026-05-16 14:15:00,1236.087158203125,1311.94,1168.59,2026-05-16,-75.85284179687505,-143.35000000000014,True
2026-05-16 14:30:00,1239.3419189453125,1316.97,1168.59,2026-05-16,-77.62808105468753,-148.3800000000001,True
2026-05-16 14:45:00,1240.1864013671875,1324.87,1168.59,2026-05-16,-84.68359863281239,-156.27999999999997,True
2026-05-16 15:00:00,1249.334716796875,1317.81,1169.33,2026-05-16,-68.47528320312495,-148.48000000000002,True
2026-05-16 15:15:00,1244.739990234375,1327.13,1169.33,2026-05-16,-82.39000976562511,-157.80000000000018,True
2026-05-16 15:30:00,1244.857177734375,1332.04,1169.33,2026-05-16,-87.18282226562496,-162.71000000000004,True
2026-05-16 15:45:00,1245.2308349609375,1332.75,1169.33,2026-05-16,-87.5191650390625,-163.42000000000007,True
2026-05-16 16:00:00,1258.078369140625,1323.82,1177.2,2026-05-16,-65.74163085937494,-146.6199999999999,True
2026-05-16 16:15:00,1250.52783203125,1315.39,1177.2,2026-05-16,-64.8621679687501,-138.19000000000005,True
2026-05-16 16:30:00,1249.30126953125,1305.94,1177.2,2026-05-16,-56.638730468750055,-128.74,True
2026-05-16 16:45:00,1244.1424560546875,1296.3,1177.2,2026-05-16,-52.157543945312455,-119.09999999999991,True
2026-05-16 17:00:00,1237.52099609375,1289.0700000000002,1217.23,2026-05-16,-51.549003906250164,-71.84000000000015,True
2026-05-16 17:15:00,1235.7249755859375,1293.7,1217.23,2026-05-16,-57.975024414062545,-76.47000000000003,True
2026-05-16 17:30:00,1231.9127197265625,1291.23,1217.23,2026-05-16,-59.31728027343752,-74.0,True
2026-05-16 17:45:00,1269.7076416015625,1333.45,1217.23,2026-05-16,-63.742358398437545,-116.22000000000003,True
2026-05-16 18:00:00,1353.98583984375,1421.83,1364.91,2026-05-16,-67.84416015624993,-56.919999999999845,True
2026-05-16 18:15:00,1411.848388671875,1479.3,1364.91,2026-05-16,-67.45161132812495,-114.38999999999987,True
2026-05-16 18:30:00,1439.5438232421875,1501.85,1364.91,2026-05-16,-62.30617675781241,-136.93999999999983,True
2026-05-16 18:45:00,1435.8377685546875,1503.92,1364.91,2026-05-16,-68.08223144531257,-139.01,True
2026-05-16 19:00:00,1424.6630859375,1501.92,1352.01,2026-05-16,-77.25691406250007,-149.91000000000008,True
2026-05-16 19:15:00,1424.6884765625,1500.16,1352.01,2026-05-16,-75.47152343750008,-148.1500000000001,True
2026-05-16 19:30:00,1421.4649658203125,1491.1999999999998,1352.01,2026-05-16,-69.73503417968732,-139.18999999999983,True
2026-05-16 19:45:00,1418.0860595703125,1480.63,1352.01,2026-05-16,-62.54394042968761,-128.62000000000012,True
2026-05-16 20:00:00,1403.3861083984375,1470.62,1304.71,2026-05-16,-67.23389160156239,-165.90999999999985,True
2026-05-16 20:15:00,1380.395751953125,1459.36,1304.71,2026-05-16,-78.9642480468749,-154.64999999999986,True
2026-05-16 20:30:00,1364.4732666015625,1450.5,1304.71,2026-05-16,-86.0267333984375,-145.78999999999996,True
2026-05-16 20:45:00,1349.8743896484375,1439.2199999999998,1304.71,2026-05-16,-89.3456103515623,-134.50999999999976,True
2026-05-16 21:00:00,1334.0372314453125,1424.31,1228.0300000000002,2026-05-16,-90.27276855468745,-196.27999999999975,True
2026-05-16 21:15:00,1310.3770751953125,1405.1699999999998,1228.0300000000002,2026-05-16,-94.79292480468735,-177.13999999999965,True
2026-05-16 21:30:00,1271.8006591796875,1373.0500000000002,1228.0300000000002,2026-05-16,-101.24934082031268,-145.01999999999998,True
2026-05-16 21:45:00,1240.0618896484375,1351.44,1228.0300000000002,2026-05-16,-111.37811035156255,-123.40999999999985,True
2026-05-16 22:00:00,1239.119873046875,1334.22,1121.16,2026-05-16,-95.10012695312503,-213.05999999999995,True
2026-05-16 22:15:00,1206.4649658203125,1315.95,1121.16,2026-05-16,-109.48503417968755,-194.78999999999996,True
2026-05-16 22:30:00,1181.19921875,1251.03,1121.16,2026-05-16,-69.83078124999997,-129.8699999999999,True
2026-05-16 22:45:00,1160.864990234375,1225.12,1121.16,2026-05-16,-64.25500976562489,-103.95999999999981,True
2026-05-16 23:00:00,1139.454345703125,1198.3,1044.88,2026-05-16,-58.845654296874955,-153.41999999999985,True
2026-05-16 23:15:00,1126.8017578125,1177.24,1044.88,2026-05-16,-50.43824218750001,-132.3599999999999,True
2026-05-16 23:30:00,1102.5828857421875,1150.15,1044.88,2026-05-16,-47.56711425781259,-105.26999999999998,True
2026-05-17 00:00:00,1083.264892578125,1127.25,947.33,2026-05-17,-43.985107421875,-179.91999999999996,True
2026-05-17 00:15:00,1047.5523681640625,1128.66,947.33,2026-05-17,-81.10763183593758,-181.33000000000004,True
2026-05-17 00:30:00,1035.1094970703125,1067.58,947.33,2026-05-17,-32.47050292968743,-120.24999999999989,True
2026-05-17 00:45:00,1021.1315307617188,1034.96,947.33,2026-05-17,-13.828469238281286,-87.63,True
2026-05-17 01:00:00,1015.3526611328125,1012.48,902.93,2026-05-17,2.872661132812482,-109.55000000000007,True
2026-05-17 01:15:00,1008.3655395507812,1005.11,902.93,2026-05-17,3.2555395507812364,-102.18000000000006,True
2026-05-17 01:30:00,1001.3529052734375,994.2,902.93,2026-05-17,7.1529052734374545,-91.2700000000001,True
2026-05-17 01:45:00,999.9401245117188,979.18,902.93,2026-05-17,20.7601245117188,-76.25,True
2026-05-17 02:00:00,1000.9532470703125,967.72,874.3600000000001,2026-05-17,33.23324707031247,-93.3599999999999,True
2026-05-17 02:15:00,996.0255126953125,955.65,874.3600000000001,2026-05-17,40.37551269531252,-81.28999999999985,True
2026-05-17 02:30:00,991.2937622070312,946.83,874.3600000000001,2026-05-17,44.46376220703121,-72.46999999999991,True
2026-05-17 02:45:00,987.0936279296875,943.67,874.3600000000001,2026-05-17,43.42362792968754,-69.30999999999983,True
2026-05-17 03:00:00,977.5059814453125,934.56,856.65,2026-05-17,42.945981445312555,-77.90999999999997,True
2026-05-17 03:15:00,963.891845703125,930.31,856.65,2026-05-17,33.581845703125055,-73.65999999999997,True
2026-05-17 03:30:00,949.079345703125,926.98,856.65,2026-05-17,22.099345703124982,-70.33000000000004,True
2026-05-17 03:45:00,944.3222045898438,928.43,856.65,2026-05-17,15.8922045898438,-71.77999999999997,True
2026-05-17 04:00:00,942.4078369140625,923.13,845.04,2026-05-17,19.277836914062505,-78.09000000000003,True
2026-05-17 04:15:00,943.7843627929688,931.43,845.04,2026-05-17,12.3543627929688,-86.38999999999999,True
2026-05-17 04:30:00,947.451416015625,914.5,845.04,2026-05-17,32.951416015625,-69.46000000000004,True
2026-05-17 04:45:00,950.531982421875,908.45,845.04,2026-05-17,42.081982421874955,-63.41000000000008,True
2026-05-17 05:00:00,951.4053344726562,909.37,868.64,2026-05-17,42.035334472656245,-40.73000000000002,True
2026-05-17 05:15:00,950.81298828125,911.3,868.64,2026-05-17,39.512988281250045,-42.65999999999997,True
2026-05-17 05:30:00,950.9653930664062,915.57,868.64,2026-05-17,35.3953930664062,-46.930000000000064,True
2026-05-17 05:45:00,951.3590087890625,920.97,868.64,2026-05-17,30.389008789062473,-52.33000000000004,True
2026-05-17 06:00:00,961.0604858398438,928.25,807.75,2026-05-17,32.81048583984375,-120.5,True
2026-05-17 06:15:00,942.100830078125,928.68,807.75,2026-05-17,13.42083007812505,-120.92999999999995,True
2026-05-17 06:30:00,936.18212890625,887.6699999999998,807.75,2026-05-17,48.512128906250155,-79.91999999999985,True
2026-05-17 06:45:00,914.1289672851562,867.75,807.75,2026-05-17,46.37896728515625,-60.0,True
2026-05-17 07:00:00,910.7227172851562,871.78,854.77,2026-05-17,38.94271728515628,-17.00999999999999,True
2026-05-17 07:15:00,931.4413452148438,885.8299999999999,854.77,2026-05-17,45.61134521484382,-31.059999999999945,True
2026-05-17 07:30:00,941.1217651367188,900.85,854.77,2026-05-17,40.27176513671873,-46.08000000000004,True
2026-05-17 07:45:00,953.8672485351562,917.37,854.77,2026-05-17,36.497248535156245,-62.60000000000002,True
2026-05-17 08:00:00,967.0245361328125,941.38,916.75,2026-05-17,25.644536132812505,-24.629999999999995,True
2026-05-17 08:15:00,989.0950317382812,963.23,916.75,2026-05-17,25.865031738281232,-46.48000000000002,True
2026-05-17 08:30:00,1006.31298828125,976.8,916.75,2026-05-17,29.512988281250045,-60.049999999999955,True
2026-05-17 08:45:00,1013.1881103515625,986.6,916.75,2026-05-17,26.588110351562477,-69.85000000000002,True
2026-05-17 09:00:00,1013.6204833984375,1001.59,958.0,2026-05-17,12.030483398437468,-43.59000000000003,True
2026-05-17 09:15:00,1024.5814208984375,1011.12,958.0,2026-05-17,13.461420898437495,-53.120000000000005,True
2026-05-17 09:30:00,1028.6119384765625,1027.34,958.0,2026-05-17,1.2719384765625819,-69.33999999999992,True
2026-05-17 09:45:00,1043.6258544921875,1035.65,958.0,2026-05-17,7.975854492187409,-77.65000000000009,True
2026-05-17 10:00:00,1062.638427734375,1040.5300000000002,977.12,2026-05-17,22.1084277343748,-63.410000000000196,True
2026-05-17 10:15:00,1070.8936767578125,1052.92,977.12,2026-05-17,17.973676757812427,-75.80000000000007,True
2026-05-17 10:30:00,1067.057861328125,1059.75,977.12,2026-05-17,7.307861328125,-82.63,True
2026-05-17 10:45:00,1077.67236328125,1062.66,977.12,2026-05-17,15.012363281249918,-85.54000000000008,True
2026-05-17 11:00:00,1075.2886962890625,1069.28,971.78,2026-05-17,6.008696289062527,-97.5,True
2026-05-17 11:15:00,1078.0181884765625,1072.26,971.78,2026-05-17,5.758188476562509,-100.48000000000002,True
2026-05-17 11:30:00,1079.3170166015625,1069.88,971.78,2026-05-17,9.43701660156239,-98.10000000000014,True
2026-05-17 11:45:00,1073.2711181640625,1077.54,971.78,2026-05-17,-4.268881835937464,-105.75999999999999,True
2026-05-17 12:00:00,1050.4512939453125,1064.9,963.32,2026-05-17,-14.448706054687591,-101.58000000000004,True
2026-05-17 12:15:00,1062.075927734375,1068.45,963.32,2026-05-17,-6.3740722656250455,-105.13,True
2026-05-17 12:30:00,1050.8458251953125,1070.26,963.32,2026-05-17,-19.41417480468749,-106.93999999999994,True
2026-05-17 12:45:00,1050.9921875,1065.26,963.32,2026-05-17,-14.267812499999991,-101.93999999999994,True
2026-05-17 13:00:00,1042.2176513671875,1061.62,963.7,2026-05-17,-19.40234863281239,-97.91999999999985,True
2026-05-17 13:15:00,1045.0328369140625,1062.25,963.7,2026-05-17,-17.2171630859375,-98.54999999999995,True
2026-05-17 13:30:00,1058.35546875,1062.66,963.7,2026-05-17,-4.304531250000082,-98.96000000000004,True
2026-05-17 13:45:00,1060.1864013671875,1061.67,963.7,2026-05-17,-1.4835986328125728,-97.97000000000003,True
2026-05-17 14:00:00,1068.1075439453125,1065.38,975.41,2026-05-17,2.727543945312391,-89.97000000000014,True
2026-05-17 14:15:00,1073.046630859375,1068.52,975.41,2026-05-17,4.526630859375018,-93.11000000000001,True
2026-05-17 14:30:00,1077.8785400390625,1066.89,975.41,2026-05-17,10.9885400390624,-91.48000000000013,True
2026-05-17 14:45:00,1079.571533203125,1069.35,975.41,2026-05-17,10.221533203125091,-93.93999999999994,True
2026-05-17 15:00:00,1067.656494140625,1076.18,989.98,2026-05-17,-8.523505859375064,-86.20000000000005,True
2026-05-17 15:15:00,1058.3438720703125,1076.02,989.98,2026-05-17,-17.676127929687482,-86.03999999999996,True
2026-05-17 15:30:00,1075.624755859375,1080.39,989.98,2026-05-17,-4.7652441406251,-90.41000000000008,True
2026-05-17 15:45:00,1079.18798828125,1083.35,989.98,2026-05-17,-4.162011718749909,-93.36999999999989,True
2026-05-17 16:00:00,1095.353271484375,1084.46,1009.29,2026-05-17,10.893271484374964,-75.17000000000007,True
2026-05-17 16:15:00,1091.59814453125,1092.94,1009.29,2026-05-17,-1.3418554687500546,-83.65000000000009,True
2026-05-17 16:30:00,1090.024658203125,1101.23,1009.29,2026-05-17,-11.205341796875018,-91.94000000000005,True
2026-05-17 16:45:00,1091.1981201171875,1103.72,1009.29,2026-05-17,-12.521879882812527,-94.43000000000006,True
2026-05-17 17:00:00,1115.4515380859375,1113.66,1090.45,2026-05-17,1.7915380859374181,-23.210000000000036,True
2026-05-17 17:15:00,1116.25634765625,1121.49,1090.45,2026-05-17,-5.233652343750009,-31.039999999999964,True
2026-05-17 17:30:00,1135.2069091796875,1146.94,1090.45,2026-05-17,-11.733090820312555,-56.49000000000001,True
2026-05-17 17:45:00,1170.4522705078125,1203.87,1090.45,2026-05-17,-33.41772949218739,-113.41999999999985,True
2026-05-17 18:00:00,1260.472412109375,1273.3200000000002,1260.32,2026-05-17,-12.847587890625164,-13.000000000000227,True
2026-05-17 18:15:00,1329.936767578125,1344.24,1260.32,2026-05-17,-14.303232421875009,-83.92000000000007,True
2026-05-17 18:30:00,1342.567626953125,1361.65,1260.32,2026-05-17,-19.08237304687509,-101.33000000000015,True
2026-05-17 18:45:00,1353.1759033203125,1362.86,1260.32,2026-05-17,-9.6840966796874,-102.53999999999996,True
2026-05-17 19:00:00,1346.9111328125,1363.44,1255.0500000000002,2026-05-17,-16.528867187500055,-108.38999999999987,True
2026-05-17 19:15:00,1355.43505859375,1358.6799999999998,1255.0500000000002,2026-05-17,-3.2449414062498363,-103.62999999999965,True
2026-05-17 19:30:00,1347.01953125,1354.02,1255.0500000000002,2026-05-17,-7.000468749999982,-98.9699999999998,True
2026-05-17 19:45:00,1348.52099609375,1350.91,1255.0500000000002,2026-05-17,-2.389003906250082,-95.8599999999999,True
2026-05-17 20:00:00,1329.63134765625,1344.81,1218.49,2026-05-17,-15.178652343749945,-126.31999999999994,True
2026-05-17 20:15:00,1317.8074951171875,1330.84,1218.49,2026-05-17,-13.032504882812418,-112.34999999999991,True
2026-05-17 20:30:00,1308.4700927734375,1317.23,1218.49,2026-05-17,-8.759907226562518,-98.74000000000001,True
2026-05-17 20:45:00,1284.7398681640625,1309.31,1218.49,2026-05-17,-24.570131835937445,-90.81999999999994,True
2026-05-17 21:00:00,1281.7470703125,1289.31,1142.1,2026-05-17,-7.562929687499945,-147.21000000000004,True
2026-05-17 21:15:00,1255.8321533203125,1259.9,1142.1,2026-05-17,-4.067846679687591,-117.80000000000018,True
2026-05-17 21:30:00,1226.969482421875,1241.72,1142.1,2026-05-17,-14.750517578125027,-99.62000000000012,True
2026-05-17 21:45:00,1197.8963623046875,1220.02,1142.1,2026-05-17,-22.123637695312482,-77.92000000000007,True
2026-05-17 22:00:00,1143.2923583984375,1198.7599999999998,1032.41,2026-05-17,-55.46764160156226,-166.34999999999968,True
2026-05-17 22:15:00,1149.7069091796875,1161.84,1032.41,2026-05-17,-12.133090820312418,-129.42999999999984,True
2026-05-17 22:30:00,1136.244873046875,1130.5800000000002,1032.41,2026-05-17,5.664873046874845,-98.17000000000007,True
2026-05-17 22:45:00,1088.8572998046875,1096.14,1032.41,2026-05-17,-7.2827001953126,-63.73000000000002,True
2026-05-17 23:00:00,1061.5606689453125,1078.5,950.24,2026-05-17,-16.9393310546875,-128.26,True
2026-05-17 23:15:00,1056.78466796875,1036.96,950.24,2026-05-17,19.824667968749964,-86.72000000000003,True
2026-05-18 00:00:00,965.4730834960938,989.49,883.6700000000001,2026-05-18,-24.01691650390626,-105.81999999999994,True
2026-05-18 00:15:00,936.0416259765625,975.17,883.6700000000001,2026-05-18,-39.12837402343746,-91.49999999999989,True
2026-05-18 00:30:00,932.726806640625,951.35,883.6700000000001,2026-05-18,-18.623193359375023,-67.67999999999995,True
2026-05-18 00:45:00,920.3556518554688,929.18,883.6700000000001,2026-05-18,-8.8243481445312,-45.50999999999988,True
2026-05-18 01:00:00,906.354736328125,922.88,844.8199999999999,2026-05-18,-16.525263671874995,-78.06000000000006,True
2026-05-18 01:15:00,901.742919921875,918.41,844.8199999999999,2026-05-18,-16.667080078124968,-73.59000000000003,True
2026-05-18 01:30:00,897.513916015625,912.45,844.8199999999999,2026-05-18,-14.936083984375045,-67.63000000000011,True
2026-05-18 01:45:00,879.2198486328125,897.8,844.8199999999999,2026-05-18,-18.580151367187455,-52.98000000000002,True
2026-05-18 02:00:00,885.3782958984375,886.3,825.45,2026-05-18,-0.9217041015624545,-60.84999999999991,True
2026-05-18 02:15:00,881.01904296875,893.22,825.45,2026-05-18,-12.200957031250027,-67.76999999999998,True
2026-05-18 02:30:00,878.3148803710938,888.24,825.45,2026-05-18,-9.925119628906259,-62.789999999999964,True
2026-05-18 02:45:00,876.9804077148438,881.9300000000001,825.45,2026-05-18,-4.949592285156314,-56.48000000000002,True
2026-05-18 03:00:00,873.155517578125,877.69,820.07,2026-05-18,-4.534482421875055,-57.620000000000005,True
2026-05-18 03:15:00,874.6597900390625,876.6000000000001,820.07,2026-05-18,-1.9402099609376364,-56.530000000000086,True
2026-05-18 03:30:00,876.9263916015625,865.75,820.07,2026-05-18,11.1763916015625,-45.67999999999995,True
2026-05-18 03:45:00,875.4931030273438,863.25,820.07,2026-05-18,12.24310302734375,-43.17999999999995,True
2026-05-18 04:00:00,869.7669677734375,878.47,841.4100000000001,2026-05-18,-8.703032226562527,-37.059999999999945,True
2026-05-18 04:15:00,875.2505493164062,880.71,841.4100000000001,2026-05-18,-5.459450683593786,-39.299999999999955,True
2026-05-18 04:30:00,877.0982666015625,887.27,841.4100000000001,2026-05-18,-10.171733398437482,-45.8599999999999,True
2026-05-18 04:45:00,881.29931640625,895.05,841.4100000000001,2026-05-18,-13.750683593749955,-53.63999999999987,True
2026-05-18 05:00:00,910.1705932617188,895.8199999999999,923.41,2026-05-18,14.350593261718814,27.590000000000032,True
2026-05-18 05:15:00,922.969482421875,900.7,923.41,2026-05-18,22.269482421874955,22.709999999999923,True
2026-05-18 05:30:00,936.8370361328125,939.29,923.41,2026-05-18,-2.4529638671874636,-15.879999999999995,True
2026-05-18 05:45:00,951.4418334960938,964.12,923.41,2026-05-18,-12.678166503906255,-40.710000000000036,True
2026-05-18 06:00:00,1023.3758544921875,991.43,1030.6,2026-05-18,31.94585449218755,39.16999999999996,True
2026-05-18 06:15:00,1039.7557373046875,1034.46,1030.6,2026-05-18,5.295737304687464,-3.8600000000001273,True
2026-05-18 06:30:00,1061.1827392578125,1036.9,1030.6,2026-05-18,24.28273925781241,-6.300000000000182,True
2026-05-18 06:45:00,1066.8458251953125,1035.8,1030.6,2026-05-18,31.045825195312545,-5.2000000000000455,True
2026-05-18 07:00:00,1060.7264404296875,1077.4699999999998,1064.61,2026-05-18,-16.7435595703123,-12.8599999999999,True
2026-05-18 07:15:00,1076.63134765625,1091.47,1064.61,2026-05-18,-14.838652343750027,-26.860000000000127,True
2026-05-18 07:30:00,1090.4617919921875,1076.4899999999998,1064.61,2026-05-18,13.971791992187718,-11.879999999999882,True
2026-05-18 07:45:00,1102.284423828125,1086.09,1064.61,2026-05-18,16.194423828125082,-21.480000000000018,True
2026-05-18 08:00:00,1138.4599609375,1110.17,1138.67,2026-05-18,28.289960937499927,28.5,True
2026-05-18 08:15:00,1159.6689453125,1136.83,1138.67,2026-05-18,22.838945312500073,1.8400000000001455,True
2026-05-18 08:30:00,1181.4166259765625,1148.11,1138.67,2026-05-18,33.3066259765626,-9.439999999999827,True
2026-05-18 08:45:00,1184.7303466796875,1167.65,1138.67,2026-05-18,17.08034667968741,-28.980000000000018,True
2026-05-18 09:00:00,1195.940673828125,1172.15,1183.09,2026-05-18,23.79067382812491,10.939999999999827,True
2026-05-18 09:15:00,1205.3836669921875,1202.39,1183.09,2026-05-18,2.9936669921874,-19.300000000000182,True
2026-05-18 09:30:00,1214.9510498046875,1223.17,1183.09,2026-05-18,-8.218950195312573,-40.080000000000155,True
2026-05-18 09:45:00,1225.8924560546875,1225.28,1183.09,2026-05-18,0.6124560546875273,-42.190000000000055,True
2026-05-18 10:00:00,1231.2115478515625,1231.7199999999998,1211.05,2026-05-18,-0.5084521484372999,-20.669999999999845,True
2026-05-18 10:15:00,1245.9384765625,1243.4,1211.05,2026-05-18,2.538476562499909,-32.350000000000136,True
2026-05-18 10:30:00,1254.97265625,1243.19,1211.05,2026-05-18,11.782656249999945,-32.1400000000001,True
2026-05-18 10:45:00,1258.7362060546875,1253.88,1211.05,2026-05-18,4.856206054687391,-42.830000000000155,True
2026-05-18 11:00:00,1280.8489990234375,1255.71,1230.6999999999998,2026-05-18,25.138999023437464,-25.01000000000022,True
2026-05-18 11:15:00,1284.1173095703125,1269.99,1230.6999999999998,2026-05-18,14.127309570312491,-39.29000000000019,True
2026-05-18 11:30:00,1286.5458984375,1268.33,1230.6999999999998,2026-05-18,18.215898437500073,-37.63000000000011,True
2026-05-18 11:45:00,1281.116943359375,1257.03,1230.6999999999998,2026-05-18,24.086943359375027,-26.330000000000155,True
2026-05-18 12:00:00,1224.58056640625,1234.12,1188.27,2026-05-18,-9.53943359374989,-45.84999999999991,True
2026-05-18 12:15:00,1218.2696533203125,1214.26,1188.27,2026-05-18,4.009653320312509,-25.99000000000001,True
2026-05-18 12:30:00,1223.8555908203125,1215.58,1188.27,2026-05-18,8.275590820312573,-27.309999999999945,True
2026-05-18 12:45:00,1223.486328125,1210.49,1188.27,2026-05-18,12.996328124999991,-22.220000000000027,True
2026-05-18 13:00:00,1234.736572265625,1214.61,1202.02,2026-05-18,20.1265722656251,-12.589999999999918,True
2026-05-18 13:15:00,1235.4984130859375,1219.39,1202.02,2026-05-18,16.1084130859374,-17.37000000000012,True
2026-05-18 13:30:00,1242.341552734375,1221.66,1202.02,2026-05-18,20.681552734374918,-19.6400000000001,True
2026-05-18 13:45:00,1243.7991943359375,1230.17,1202.02,2026-05-18,13.629194335937427,-28.15000000000009,True
2026-05-18 14:00:00,1272.413818359375,1248.19,1230.16,2026-05-18,24.223818359374945,-18.029999999999973,True
2026-05-18 14:15:00,1275.3909912109375,1248.17,1230.16,2026-05-18,27.220991210937427,-18.00999999999999,True
2026-05-18 14:30:00,1277.585693359375,1245.88,1230.16,2026-05-18,31.70569335937489,-15.720000000000027,True
2026-05-18 14:45:00,1275.872314453125,1253.84,1230.16,2026-05-18,22.032314453125082,-23.679999999999836,True
2026-05-18 15:00:00,1280.7462158203125,1251.67,1228.21,2026-05-18,29.076215820312427,-23.460000000000036,True
2026-05-18 15:15:00,1278.99169921875,1250.83,1228.21,2026-05-18,28.161699218750073,-22.61999999999989,True
2026-05-18 15:30:00,1280.6263427734375,1254.81,1228.21,2026-05-18,25.816342773437555,-26.59999999999991,True
2026-05-18 15:45:00,1276.56787109375,1246.12,1228.21,2026-05-18,30.44787109375011,-17.909999999999854,True
2026-05-18 16:00:00,1274.564208984375,1237.13,1219.69,2026-05-18,37.43420898437489,-17.440000000000055,True
2026-05-18 16:15:00,1269.9744873046875,1232.8,1219.69,2026-05-18,37.174487304687545,-13.1099999999999,True
2026-05-18 16:30:00,1264.772705078125,1219.32,1219.69,2026-05-18,45.452705078125064,0.37000000000011823,True
2026-05-18 16:45:00,1257.748046875,1219.02,1219.69,2026-05-18,38.72804687500002,0.6700000000000728,True
2026-05-18 17:00:00,1255.7481689453125,1218.74,1236.18,2026-05-18,37.00816894531249,17.440000000000055,True
2026-05-18 17:15:00,1251.654296875,1228.05,1236.18,2026-05-18,23.604296875000045,8.13000000000011,True
2026-05-18 17:30:00,1253.849609375,1247.25,1236.18,2026-05-18,6.599609375,-11.069999999999936,True
2026-05-18 17:45:00,1294.234619140625,1294.42,1236.18,2026-05-18,-0.18538085937507276,-58.24000000000001,True
2026-05-18 18:00:00,1367.9996337890625,1353.27,1376.29,2026-05-18,14.729633789062518,23.019999999999982,True
2026-05-18 18:15:00,1401.8863525390625,1407.13,1376.29,2026-05-18,-5.243647460937609,-30.840000000000146,True
2026-05-18 18:30:00,1410.8076171875,1436.6799999999998,1376.29,2026-05-18,-25.872382812499836,-60.38999999999987,True
2026-05-18 18:45:00,1406.1456298828125,1436.97,1376.29,2026-05-18,-30.824370117187527,-60.680000000000064,True
2026-05-18 19:00:00,1412.7252197265625,1438.06,1363.35,2026-05-18,-25.334780273437445,-74.71000000000004,True
2026-05-18 19:15:00,1408.04345703125,1435.29,1363.35,2026-05-18,-27.246542968749964,-71.94000000000005,True
2026-05-18 19:30:00,1407.4873046875,1432.44,1363.35,2026-05-18,-24.952695312500055,-69.09000000000015,True
2026-05-18 19:45:00,1409.8564453125,1423.13,1363.35,2026-05-18,-13.27355468750011,-59.7800000000002,True
2026-05-18 20:00:00,1388.15966796875,1407.52,1318.26,2026-05-18,-19.360332031249982,-89.25999999999999,True
2026-05-18 20:15:00,1375.03271484375,1400.49,1318.26,2026-05-18,-25.45728515625001,-82.23000000000002,True
2026-05-18 20:30:00,1370.6307373046875,1392.37,1318.26,2026-05-18,-21.73926269531239,-74.1099999999999,True
2026-05-18 20:45:00,1350.762939453125,1374.15,1318.26,2026-05-18,-23.38706054687509,-55.8900000000001,True
2026-05-18 21:00:00,1339.632080078125,1354.08,1228.86,2026-05-18,-14.447919921874927,-125.22000000000003,True
2026-05-18 21:15:00,1316.41162109375,1336.75,1228.86,2026-05-18,-20.33837890625,-107.8900000000001,True
2026-05-18 21:30:00,1299.794189453125,1310.49,1228.86,2026-05-18,-10.695810546875009,-81.63000000000011,True
2026-05-18 21:45:00,1275.1729736328125,1283.08,1228.86,2026-05-18,-7.907026367187427,-54.22000000000003,True
2026-05-18 22:00:00,1220.8216552734375,1263.38,1118.57,2026-05-18,-42.55834472656261,-144.81000000000017,True
2026-05-18 22:15:00,1195.299560546875,1225.23,1118.57,2026-05-18,-29.930439453125018,-106.66000000000008,True
2026-05-18 22:30:00,1195.872802734375,1193.55,1118.57,2026-05-18,2.3228027343750455,-74.98000000000002,True
2026-05-18 22:45:00,1150.42578125,1157.68,1118.57,2026-05-18,-7.254218750000064,-39.11000000000013,True
2026-05-18 23:00:00,1114.0648193359375,1138.9900000000002,1038.21,2026-05-18,-24.925180664062736,-100.7800000000002,True
2026-05-18 23:15:00,1081.30126953125,1122.9,1038.21,2026-05-18,-41.59873046875009,-84.69000000000005,True
2026-05-19 00:00:00,1032.227294921875,1057.98,935.82,2026-05-19,-25.752705078125018,-122.15999999999997,True
2026-05-19 00:15:00,1016.562255859375,1036.0,935.82,2026-05-19,-19.437744140625,-100.17999999999995,True
2026-05-19 00:30:00,1002.845458984375,1016.63,935.82,2026-05-19,-13.784541015624995,-80.80999999999995,True
2026-05-19 00:45:00,992.0322875976562,1005.1,935.82,2026-05-19,-13.067712402343773,-69.27999999999997,True
2026-05-19 01:00:00,983.2772827148438,995.3,900.3199999999999,2026-05-19,-12.022717285156205,-94.98000000000002,True
2026-05-19 01:15:00,977.8547973632812,987.03,900.3199999999999,2026-05-19,-9.175202636718723,-86.71000000000004,True
2026-05-19 01:30:00,978.5111694335938,974.89,900.3199999999999,2026-05-19,3.6211694335937636,-74.57000000000005,True
2026-05-19 01:45:00,969.5203857421875,961.53,900.3199999999999,2026-05-19,7.990385742187527,-61.210000000000036,True
2026-05-19 02:00:00,958.402099609375,938.13,878.6500000000001,2026-05-19,20.272099609375005,-59.479999999999905,True
2026-05-19 02:15:00,945.6012573242188,930.0,878.6500000000001,2026-05-19,15.60125732421875,-51.34999999999991,True
2026-05-19 02:30:00,944.5418701171875,930.01,878.6500000000001,2026-05-19,14.531870117187509,-51.3599999999999,True
2026-05-19 02:45:00,942.9020385742188,935.94,878.6500000000001,2026-05-19,6.962038574218695,-57.289999999999964,True
2026-05-19 03:00:00,923.9044189453125,933.25,875.8299999999999,2026-05-19,-9.3455810546875,-57.42000000000007,True
2026-05-19 03:15:00,925.0714111328125,934.21,875.8299999999999,2026-05-19,-9.138588867187536,-58.38000000000011,True
2026-05-19 03:30:00,926.04345703125,930.36,875.8299999999999,2026-05-19,-4.316542968750014,-54.530000000000086,True
2026-05-19 03:45:00,930.7127075195312,925.05,875.8299999999999,2026-05-19,5.6627075195312955,-49.22000000000003,True
2026-05-19 04:00:00,948.9214477539062,927.13,893.6800000000001,2026-05-19,21.791447753906255,-33.44999999999993,True
2026-05-19 04:15:00,954.1986694335938,933.07,893.6800000000001,2026-05-19,21.1286694335937,-39.389999999999986,True
2026-05-19 04:30:00,961.8772583007812,937.84,893.6800000000001,2026-05-19,24.037258300781218,-44.15999999999997,True
2026-05-19 04:45:00,968.9312133789062,939.91,893.6800000000001,2026-05-19,29.021213378906282,-46.229999999999905,True
2026-05-19 05:00:00,973.606201171875,957.12,963.5,2026-05-19,16.486201171874995,6.3799999999999955,True
2026-05-19 05:15:00,989.0428466796875,961.72,963.5,2026-05-19,27.322846679687473,1.7799999999999727,True
2026-05-19 05:30:00,1000.5541381835938,976.42,963.5,2026-05-19,24.13413818359379,-12.919999999999959,True
2026-05-19 05:45:00,1012.2762451171875,1005.79,963.5,2026-05-19,6.486245117187536,-42.289999999999964,True
2026-05-19 06:00:00,1037.4124755859375,1049.36,1029.87,2026-05-19,-11.9475244140624,-19.49000000000001,True
2026-05-19 06:15:00,1055.4954833984375,1064.53,1029.87,2026-05-19,-9.034516601562473,-34.66000000000008,True
2026-05-19 06:30:00,1067.616455078125,1050.95,1029.87,2026-05-19,16.666455078124955,-21.080000000000155,True
2026-05-19 06:45:00,1068.8431396484375,1047.13,1029.87,2026-05-19,21.71313964843739,-17.26000000000022,True
2026-05-19 07:00:00,1086.179443359375,1080.27,1078.4,2026-05-19,5.909443359375018,-1.8699999999998909,True
2026-05-19 07:15:00,1102.6085205078125,1105.84,1078.4,2026-05-19,-3.231479492187418,-27.439999999999827,True
2026-05-19 07:30:00,1121.7279052734375,1120.98,1078.4,2026-05-19,0.7479052734374818,-42.57999999999993,True
2026-05-19 07:45:00,1130.2930908203125,1124.96,1078.4,2026-05-19,5.333090820312464,-46.559999999999945,True
2026-05-19 08:00:00,1145.7923583984375,1159.37,1161.8,2026-05-19,-13.57764160156239,2.4300000000000637,True
2026-05-19 08:15:00,1167.22265625,1189.73,1161.8,2026-05-19,-22.507343750000018,-27.930000000000064,True
2026-05-19 08:30:00,1185.5836181640625,1213.1,1161.8,2026-05-19,-27.51638183593741,-51.299999999999955,True
2026-05-19 08:45:00,1195.108154296875,1216.1999999999998,1161.8,2026-05-19,-21.091845703124818,-54.399999999999864,True
2026-05-19 09:00:00,1231.447998046875,1243.78,1203.61,2026-05-19,-12.332001953124973,-40.17000000000007,True
2026-05-19 09:15:00,1241.3531494140625,1250.98,1203.61,2026-05-19,-9.626850585937518,-47.37000000000012,True
2026-05-19 09:30:00,1241.3101806640625,1263.64,1203.61,2026-05-19,-22.3298193359376,-60.0300000000002,True
2026-05-19 09:45:00,1253.6824951171875,1274.24,1203.61,2026-05-19,-20.55750488281251,-70.63000000000011,True
2026-05-19 10:00:00,1259.445556640625,1273.75,1225.44,2026-05-19,-14.304443359375,-48.309999999999945,True
2026-05-19 10:15:00,1268.556640625,1276.58,1225.44,2026-05-19,-8.023359374999927,-51.13999999999987,True
2026-05-19 10:30:00,1269.592041015625,1285.43,1225.44,2026-05-19,-15.837958984375064,-59.99000000000001,True
2026-05-19 10:45:00,1276.33349609375,1289.72,1225.44,2026-05-19,-13.386503906250027,-64.27999999999997,True
2026-05-19 11:00:00,1271.297607421875,1299.81,1225.5,2026-05-19,-28.512392578124945,-74.30999999999995,True
2026-05-19 11:15:00,1275.2244873046875,1307.34,1225.5,2026-05-19,-32.11551269531242,-81.83999999999992,True
2026-05-19 11:30:00,1273.3660888671875,1296.78,1225.5,2026-05-19,-23.413911132812473,-71.27999999999997,True
2026-05-19 11:45:00,1267.2603759765625,1272.6799999999998,1225.5,2026-05-19,-5.419624023437336,-47.179999999999836,True
2026-05-19 12:00:00,1226.804443359375,1251.73,1192.29,2026-05-19,-24.925556640625018,-59.440000000000055,True
2026-05-19 12:15:00,1223.1768798828125,1249.25,1192.29,2026-05-19,-26.0731201171875,-56.960000000000036,True
2026-05-19 12:30:00,1223.794921875,1232.41,1192.29,2026-05-19,-8.615078125000082,-40.12000000000012,True
2026-05-19 12:45:00,1225.859130859375,1238.09,1192.29,2026-05-19,-12.230869140624918,-45.799999999999955,True
2026-05-19 13:00:00,1231.6009521484375,1251.39,1217.7,2026-05-19,-19.7890478515626,-33.690000000000055,True
2026-05-19 13:15:00,1236.507080078125,1254.99,1217.7,2026-05-19,-18.48291992187501,-37.289999999999964,True
2026-05-19 13:30:00,1240.8447265625,1268.74,1217.7,2026-05-19,-27.89527343750001,-51.039999999999964,True
2026-05-19 13:45:00,1247.81787109375,1265.42,1217.7,2026-05-19,-17.602128906250073,-47.72000000000003,True
2026-05-19 14:00:00,1259.4749755859375,1286.11,1245.49,2026-05-19,-26.6350244140624,-40.61999999999989,True
2026-05-19 14:15:00,1266.557373046875,1290.6,1245.49,2026-05-19,-24.04262695312491,-45.1099999999999,True
2026-05-19 14:30:00,1272.1876220703125,1299.18,1245.49,2026-05-19,-26.992377929687564,-53.690000000000055,True
2026-05-19 14:45:00,1271.229736328125,1299.81,1245.49,2026-05-19,-28.580263671874945,-54.319999999999936,True
2026-05-19 15:00:00,1277.8428955078125,1307.8000000000002,1248.72,2026-05-19,-29.957104492187682,-59.080000000000155,True
2026-05-19 15:15:00,1279.900146484375,1307.37,1248.72,2026-05-19,-27.46985351562489,-58.649999999999864,True
2026-05-19 15:30:00,1281.1204833984375,1307.53,1248.72,2026-05-19,-26.409516601562473,-58.809999999999945,True
2026-05-19 15:45:00,1275.64990234375,1307.11,1248.72,2026-05-19,-31.4600976562499,-58.38999999999987,True
2026-05-19 16:00:00,1279.914794921875,1302.9199999999998,1241.5700000000002,2026-05-19,-23.005205078124845,-61.34999999999968,True
2026-05-19 16:15:00,1277.5750732421875,1294.98,1241.5700000000002,2026-05-19,-17.404926757812518,-53.409999999999854,True
2026-05-19 16:30:00,1275.06591796875,1288.75,1241.5700000000002,2026-05-19,-13.68408203125,-47.179999999999836,True
2026-05-19 16:45:00,1273.5484619140625,1268.29,1241.5700000000002,2026-05-19,5.258461914062536,-26.7199999999998,True
2026-05-19 17:00:00,1246.8177490234375,1263.27,1254.37,2026-05-19,-16.452250976562482,-8.900000000000091,True
2026-05-19 17:15:00,1244.59765625,1272.7900000000002,1254.37,2026-05-19,-28.19234375000019,-18.4200000000003,True
2026-05-19 17:30:00,1249.169921875,1279.12,1254.37,2026-05-19,-29.95007812499989,-24.75,True
2026-05-19 17:45:00,1284.8660888671875,1322.3000000000002,1254.37,2026-05-19,-37.43391113281268,-67.93000000000029,True
2026-05-19 18:00:00,1401.07763671875,1405.83,1396.09,2026-05-19,-4.752363281249927,-9.740000000000009,True
2026-05-19 18:15:00,1437.1365966796875,1459.59,1396.09,2026-05-19,-22.453403320312418,-63.5,True
2026-05-19 18:30:00,1457.13671875,1483.41,1396.09,2026-05-19,-26.273281250000082,-87.32000000000016,True
2026-05-19 18:45:00,1446.050537109375,1486.37,1396.09,2026-05-19,-40.31946289062489,-90.27999999999997,True
2026-05-19 19:00:00,1439.95703125,1484.12,1384.8200000000002,2026-05-19,-44.16296874999989,-99.29999999999973,True
2026-05-19 19:15:00,1441.164306640625,1478.42,1384.8200000000002,2026-05-19,-37.25569335937507,-93.59999999999991,True
2026-05-19 19:30:00,1440.1275634765625,1468.3200000000002,1384.8200000000002,2026-05-19,-28.192436523437664,-83.5,True
2026-05-19 19:45:00,1433.02734375,1459.01,1384.8200000000002,2026-05-19,-25.98265624999999,-74.18999999999983,True
2026-05-19 20:00:00,1424.38671875,1451.62,1335.26,2026-05-19,-27.23328124999989,-116.3599999999999,True
2026-05-19 20:15:00,1409.22705078125,1440.3,1335.26,2026-05-19,-31.072949218749955,-105.03999999999996,True
2026-05-19 20:30:00,1404.022705078125,1429.17,1335.26,2026-05-19,-25.147294921875073,-93.91000000000008,True
2026-05-19 20:45:00,1386.6473388671875,1411.61,1335.26,2026-05-19,-24.9626611328124,-76.34999999999991,True
2026-05-19 21:00:00,1363.994873046875,1395.46,1241.26,2026-05-19,-31.465126953125036,-154.20000000000005,True
2026-05-19 21:15:00,1337.7894287109375,1372.25,1241.26,2026-05-19,-34.4605712890625,-130.99,True
2026-05-19 21:30:00,1328.1568603515625,1353.37,1241.26,2026-05-19,-25.21313964843739,-112.1099999999999,True
2026-05-19 21:45:00,1297.5924072265625,1310.48,1241.26,2026-05-19,-12.887592773437518,-69.22000000000003,True
2026-05-19 22:00:00,1265.1627197265625,1279.37,1129.12,2026-05-19,-14.20728027343739,-150.25,True
2026-05-19 22:15:00,1228.2451171875,1256.7400000000002,1129.12,2026-05-19,-28.494882812500236,-127.62000000000035,True
2026-05-19 22:30:00,1217.0570068359375,1225.24,1129.12,2026-05-19,-8.182993164062509,-96.12000000000012,True
2026-05-19 22:45:00,1175.4927978515625,1188.45,1129.12,2026-05-19,-12.957202148437545,-59.330000000000155,True
2026-05-19 23:00:00,1166.9818115234375,1168.04,1042.63,2026-05-19,-1.0581884765624636,-125.40999999999985,True
2026-05-19 23:15:00,1143.74658203125,1145.1999999999998,1042.63,2026-05-19,-1.453417968749818,-102.56999999999971,True
2026-05-19 23:30:00,1110.4024658203125,1124.25,1042.63,2026-05-19,-13.8475341796875,-81.61999999999989,True
2026-05-20 00:00:00,1071.208984375,1076.9699999999998,984.93,2026-05-20,-5.7610156249998,-92.03999999999985,True
2026-05-20 00:15:00,1046.7264404296875,1056.0,984.93,2026-05-20,-9.2735595703125,-71.07000000000005,True
2026-05-20 00:30:00,1035.0142822265625,1032.9299999999998,984.93,2026-05-20,2.0842822265626637,-47.999999999999886,True
2026-05-20 00:45:00,1012.8779907226562,1017.27,984.93,2026-05-20,-4.392009277343732,-32.34000000000003,True
2026-05-20 01:00:00,997.8265380859375,1003.58,947.4,2026-05-20,-5.753461914062541,-56.180000000000064,True
2026-05-20 01:15:00,998.9579467773438,1001.45,947.4,2026-05-20,-2.4920532226562955,-54.05000000000007,True
2026-05-20 01:30:00,992.5004272460938,990.37,947.4,2026-05-20,2.1304272460937455,-42.97000000000003,True
2026-05-20 01:45:00,986.8870239257812,979.86,947.4,2026-05-20,7.027023925781236,-32.460000000000036,True
2026-05-20 02:00:00,973.2601318359375,977.01,921.87,2026-05-20,-3.749868164062491,-55.139999999999986,True
2026-05-20 02:15:00,971.48828125,962.24,921.87,2026-05-20,9.248281249999991,-40.370000000000005,True
2026-05-20 02:30:00,969.1055908203125,951.01,921.87,2026-05-20,18.09559082031251,-29.139999999999986,True
2026-05-20 02:45:00,965.4119262695312,955.72,921.87,2026-05-20,9.691926269531223,-33.85000000000002,True
2026-05-20 03:00:00,956.8065185546875,954.47,916.57,2026-05-20,2.3365185546874727,-37.89999999999998,True
2026-05-20 03:15:00,957.5279541015625,950.47,916.57,2026-05-20,7.057954101562473,-33.89999999999998,True
2026-05-20 03:30:00,958.9124755859375,953.74,916.57,2026-05-20,5.172475585937491,-37.16999999999996,True
2026-05-20 03:45:00,956.9063110351562,947.89,916.57,2026-05-20,9.016311035156264,-31.319999999999936,True
2026-05-20 04:00:00,956.8832397460938,950.12,933.72,2026-05-20,6.7632397460937455,-16.399999999999977,True
2026-05-20 04:15:00,958.84912109375,961.56,933.72,2026-05-20,-2.7108789062499454,-27.839999999999918,True
2026-05-20 04:30:00,961.3599853515625,958.69,933.72,2026-05-20,2.6699853515624454,-24.970000000000027,True
2026-05-20 04:45:00,967.8612060546875,970.04,933.72,2026-05-20,-2.1787939453124636,-36.319999999999936,True
2026-05-20 05:00:00,991.56591796875,976.9,1001.93,2026-05-20,14.665917968750023,25.029999999999973,True
2026-05-20 05:15:00,1014.6460571289062,985.37,1001.93,2026-05-20,29.276057128906245,16.559999999999945,True
2026-05-20 05:30:00,1027.47216796875,1016.27,1001.93,2026-05-20,11.202167968750018,-14.340000000000032,True
2026-05-20 05:45:00,1037.93896484375,1028.03,1001.93,2026-05-20,9.908964843750027,-26.100000000000023,True
2026-05-20 06:00:00,1104.0428466796875,1075.1999999999998,1091.75,2026-05-20,28.842846679687682,16.550000000000182,True
2026-05-20 06:15:00,1123.87255859375,1093.14,1091.75,2026-05-20,30.7325585937499,-1.3900000000001,True
2026-05-20 06:30:00,1138.422119140625,1078.0,1091.75,2026-05-20,60.422119140625,13.75,True
2026-05-20 06:45:00,1142.448486328125,1085.87,1091.75,2026-05-20,56.57848632812511,5.880000000000109,True
2026-05-20 07:00:00,1136.2308349609375,1116.37,1120.14,2026-05-20,19.86083496093761,3.770000000000209,True
2026-05-20 07:15:00,1152.6529541015625,1128.06,1120.14,2026-05-20,24.592954101562555,-7.919999999999845,True
2026-05-20 07:30:00,1171.462890625,1140.79,1120.14,2026-05-20,30.672890625000036,-20.649999999999864,True
2026-05-20 07:45:00,1185.205810546875,1148.6799999999998,1120.14,2026-05-20,36.525810546875164,-28.539999999999736,True
2026-05-20 08:00:00,1198.281982421875,1185.15,1195.4,2026-05-20,13.131982421874909,10.25,True
2026-05-20 08:15:00,1218.069091796875,1214.3,1195.4,2026-05-20,3.7690917968750455,-18.899999999999864,True
2026-05-20 08:30:00,1231.7652587890625,1208.32,1195.4,2026-05-20,23.445258789062564,-12.919999999999845,True
2026-05-20 08:45:00,1250.1082763671875,1243.29,1195.4,2026-05-20,6.818276367187536,-47.88999999999987,True
2026-05-20 09:00:00,1272.71435546875,1262.23,1230.31,2026-05-20,10.484355468749982,-31.920000000000073,True
2026-05-20 09:15:00,1284.5980224609375,1274.8,1230.31,2026-05-20,9.798022460937545,-44.49000000000001,True
2026-05-20 09:30:00,1287.58447265625,1288.08,1230.31,2026-05-20,-0.49552734374992724,-57.76999999999998,True
2026-05-20 09:45:00,1292.49609375,1290.73,1230.31,2026-05-20,1.7660937499999818,-60.42000000000007,True
2026-05-20 10:00:00,1299.9970703125,1277.25,1250.83,2026-05-20,22.7470703125,-26.420000000000073,True
2026-05-20 10:15:00,1303.187255859375,1304.64,1250.83,2026-05-20,-1.4527441406251,-53.81000000000017,True
2026-05-20 10:30:00,1309.0531005859375,1313.58,1250.83,2026-05-20,-4.526899414062427,-62.75,True
2026-05-20 10:45:00,1312.0914306640625,1304.47,1250.83,2026-05-20,7.621430664062473,-53.6400000000001,True
2026-05-20 11:00:00,1308.031005859375,1323.59,1249.01,2026-05-20,-15.558994140624918,-74.57999999999993,True
2026-05-20 11:15:00,1315.588134765625,1321.46,1249.01,2026-05-20,-5.871865234375036,-72.45000000000005,True
2026-05-20 11:30:00,1315.5308837890625,1320.56,1249.01,2026-05-20,-5.029116210937445,-71.54999999999995,True
2026-05-20 11:45:00,1299.8111572265625,1287.4,1249.01,2026-05-20,12.411157226562409,-38.3900000000001,True
2026-05-20 12:00:00,1251.194091796875,1277.56,1210.32,2026-05-20,-26.365908203124945,-67.24000000000001,True
2026-05-20 12:15:00,1246.833740234375,1267.74,1210.32,2026-05-20,-20.90625976562501,-57.42000000000007,True
2026-05-20 12:30:00,1244.08544921875,1260.4299999999998,1210.32,2026-05-20,-16.344550781249836,-50.1099999999999,True
2026-05-20 12:45:00,1246.43896484375,1259.44,1210.32,2026-05-20,-13.001035156250055,-49.12000000000012,True
2026-05-20 13:00:00,1259.32177734375,1266.81,1229.6,2026-05-20,-7.488222656249945,-37.210000000000036,True
2026-05-20 13:15:00,1264.8399658203125,1281.85,1229.6,2026-05-20,-17.01003417968741,-52.25,True
2026-05-20 13:30:00,1261.6988525390625,1287.8200000000002,1229.6,2026-05-20,-26.121147460937664,-58.220000000000255,True
2026-05-20 13:45:00,1268.044189453125,1277.45,1229.6,2026-05-20,-9.405810546875045,-47.850000000000136,True
2026-05-20 14:00:00,1300.8013916015625,1303.82,1263.79,2026-05-20,-3.0186083984374363,-40.02999999999997,True
2026-05-20 14:15:00,1307.7474365234375,1323.5,1263.79,2026-05-20,-15.7525634765625,-59.710000000000036,True
2026-05-20 14:30:00,1310.2352294921875,1312.86,1263.79,2026-05-20,-2.6247705078124,-49.069999999999936,True
2026-05-20 14:45:00,1314.2998046875,1317.2400000000002,1263.79,2026-05-20,-2.9401953125002365,-53.45000000000027,True
2026-05-20 15:00:00,1324.3192138671875,1322.22,1261.11,2026-05-20,2.0992138671874727,-61.11000000000013,True
2026-05-20 15:15:00,1322.3455810546875,1316.44,1261.11,2026-05-20,5.905581054687445,-55.330000000000155,True
2026-05-20 15:30:00,1323.5509033203125,1330.47,1261.11,2026-05-20,-6.919096679687527,-69.36000000000013,True
2026-05-20 15:45:00,1322.2691650390625,1324.22,1261.11,2026-05-20,-1.9508349609375273,-63.11000000000013,True
2026-05-20 16:00:00,1326.9097900390625,1310.68,1248.59,2026-05-20,16.229790039062436,-62.090000000000146,True
2026-05-20 16:15:00,1314.6251220703125,1296.9499999999998,1248.59,2026-05-20,17.675122070312682,-48.3599999999999,True
2026-05-20 16:30:00,1308.3167724609375,1296.73,1248.59,2026-05-20,11.586772460937482,-48.1400000000001,True
2026-05-20 16:45:00,1303.8594970703125,1290.33,1248.59,2026-05-20,13.529497070312573,-41.74000000000001,True
2026-05-20 17:00:00,1271.9462890625,1290.5700000000002,1244.5,2026-05-20,-18.623710937500164,-46.070000000000164,True
2026-05-20 17:15:00,1276.43798828125,1292.39,1244.5,2026-05-20,-15.9520117187501,-47.8900000000001,True
2026-05-20 17:30:00,1280.9002685546875,1311.87,1244.5,2026-05-20,-30.96973144531239,-67.36999999999989,True
2026-05-20 17:45:00,1310.6968994140625,1356.05,1244.5,2026-05-20,-45.353100585937455,-111.54999999999995,True
2026-05-20 18:00:00,1401.577392578125,1415.8200000000002,1377.77,2026-05-20,-14.242607421875164,-38.05000000000018,True
2026-05-20 18:15:00,1464.565673828125,1467.1799999999998,1377.77,2026-05-20,-2.6143261718748363,-89.40999999999985,True
2026-05-20 18:30:00,1465.8941650390625,1481.17,1377.77,2026-05-20,-15.275834960937573,-103.40000000000009,True
2026-05-20 18:45:00,1466.2421875,1484.1,1377.77,2026-05-20,-17.85781249999991,-106.32999999999993,True
2026-05-20 19:00:00,1465.580322265625,1478.7599999999998,1364.5800000000002,2026-05-20,-13.179677734374764,-114.17999999999961,True
2026-05-20 19:15:00,1460.2392578125,1479.83,1364.5800000000002,2026-05-20,-19.590742187499927,-115.24999999999977,True
2026-05-20 19:30:00,1459.1827392578125,1473.19,1364.5800000000002,2026-05-20,-14.007260742187555,-108.6099999999999,True
2026-05-20 19:45:00,1452.0723876953125,1469.52,1364.5800000000002,2026-05-20,-17.447612304687482,-104.93999999999983,True
2026-05-20 20:00:00,1439.3189697265625,1456.92,1321.33,2026-05-20,-17.601030273437573,-135.59000000000015,True
2026-05-20 20:15:00,1425.4599609375,1448.77,1321.33,2026-05-20,-23.310039062499982,-127.44000000000005,True
2026-05-20 20:30:00,1419.474853515625,1439.14,1321.33,2026-05-20,-19.6651464843751,-117.81000000000017,True
2026-05-20 20:45:00,1401.271484375,1419.27,1321.33,2026-05-20,-17.998515624999982,-97.94000000000005,True
2026-05-20 21:00:00,1380.070068359375,1401.16,1232.1,2026-05-20,-21.089931640625082,-169.06000000000017,True
2026-05-20 21:15:00,1351.576904296875,1378.85,1232.1,2026-05-20,-27.27309570312491,-146.75,True
2026-05-20 21:30:00,1333.6180419921875,1357.33,1232.1,2026-05-20,-23.711958007812427,-125.23000000000002,True
2026-05-20 21:45:00,1306.3355712890625,1326.12,1232.1,2026-05-20,-19.78442871093739,-94.01999999999998,True
2026-05-20 22:00:00,1249.1480712890625,1301.2199999999998,1125.12,2026-05-20,-52.0719287109373,-176.0999999999999,True
2026-05-20 22:15:00,1228.1204833984375,1267.37,1125.12,2026-05-20,-39.24951660156239,-142.25,True
2026-05-20 22:30:00,1203.6922607421875,1230.77,1125.12,2026-05-20,-27.077739257812482,-105.65000000000009,True
2026-05-20 22:45:00,1173.0843505859375,1195.13,1125.12,2026-05-20,-22.04564941406261,-70.01000000000022,True
2026-05-20 23:00:00,1155.6876220703125,1174.85,1042.67,2026-05-20,-19.16237792968741,-132.17999999999984,True
2026-05-20 23:15:00,1145.2373046875,1162.29,1042.67,2026-05-20,-17.052695312499964,-119.61999999999989,True
2026-05-20 23:30:00,1112.7633056640625,1130.24,1042.67,2026-05-20,-17.47669433593751,-87.56999999999994,True
2026-05-21 00:00:00,1041.8489990234375,1110.76,972.27,2026-05-21,-68.91100097656249,-138.49,True
2026-05-21 00:15:00,1034.5015869140625,1069.89,972.27,2026-05-21,-35.3884130859376,-97.62000000000012,True
2026-05-21 00:30:00,1014.3477783203125,1061.29,972.27,2026-05-21,-46.942221679687464,-89.01999999999998,True
2026-05-21 00:45:00,998.5044555664062,1050.67,972.27,2026-05-21,-52.16554443359382,-78.40000000000009,True
2026-05-21 01:00:00,992.9820556640625,1033.13,936.22,2026-05-21,-40.14794433593761,-96.91000000000008,True
2026-05-21 01:15:00,990.1838989257812,1038.66,936.22,2026-05-21,-48.47610107421883,-102.44000000000005,True
2026-05-21 01:30:00,985.9221801757812,1006.95,936.22,2026-05-21,-21.027819824218795,-70.73000000000002,True
2026-05-21 01:45:00,983.6083374023438,1018.13,936.22,2026-05-21,-34.521662597656245,-81.90999999999997,True
2026-05-21 02:00:00,970.9021606445312,981.6,920.43,2026-05-21,-10.697839355468773,-61.17000000000007,True
2026-05-21 02:15:00,963.1328735351562,1000.35,920.43,2026-05-21,-37.21712646484377,-79.92000000000007,True
2026-05-21 02:30:00,969.6990966796875,980.93,920.43,2026-05-21,-11.23090332031245,-60.5,True
2026-05-21 02:45:00,968.631103515625,986.45,920.43,2026-05-21,-17.818896484375045,-66.0200000000001,True
2026-05-21 03:00:00,959.2857055664062,982.62,914.89,2026-05-21,-23.334294433593755,-67.73000000000002,True
2026-05-21 03:15:00,961.2000732421875,968.14,914.89,2026-05-21,-6.939926757812486,-53.25,True
2026-05-21 03:30:00,959.0679321289062,983.18,914.89,2026-05-21,-24.1120678710937,-68.28999999999996,True
2026-05-21 03:45:00,959.8648071289062,969.02,914.89,2026-05-21,-9.155192871093732,-54.129999999999995,True
2026-05-21 04:00:00,962.1287841796875,980.98,935.17,2026-05-21,-18.851215820312518,-45.81000000000006,True
2026-05-21 04:15:00,964.9431762695312,985.21,935.17,2026-05-21,-20.266823730468786,-50.04000000000008,True
2026-05-21 04:30:00,973.5054931640625,958.73,935.17,2026-05-21,14.775493164062482,-23.56000000000006,True
2026-05-21 04:45:00,980.2328491210938,985.2,935.17,2026-05-21,-4.9671508789062955,-50.030000000000086,True
2026-05-21 05:00:00,1002.0545043945312,998.41,1005.93,2026-05-21,3.644504394531282,7.519999999999982,True
2026-05-21 05:15:00,1014.2063598632812,991.47,1005.93,2026-05-21,22.736359863281223,14.459999999999923,True
2026-05-21 05:30:00,1026.835205078125,1028.94,1005.93,2026-05-21,-2.1047949218750546,-23.010000000000105,True
2026-05-21 05:45:00,1034.8675537109375,1048.2,1005.93,2026-05-21,-13.332446289062545,-42.270000000000095,True
2026-05-21 06:00:00,1096.930908203125,1092.53,1083.37,2026-05-21,4.400908203125027,-9.160000000000082,True
2026-05-21 06:15:00,1117.6314697265625,1131.87,1083.37,2026-05-21,-14.23853027343739,-48.5,True
2026-05-21 06:30:00,1125.512451171875,1113.22,1083.37,2026-05-21,12.292451171874973,-29.850000000000136,True
2026-05-21 06:45:00,1132.3621826171875,1117.16,1083.37,2026-05-21,15.202182617187418,-33.79000000000019,True
2026-05-21 07:00:00,1135.3594970703125,1126.75,1122.33,2026-05-21,8.6094970703125,-4.420000000000073,True
2026-05-21 07:15:00,1158.594970703125,1167.62,1122.33,2026-05-21,-9.02502929687489,-45.289999999999964,True
2026-05-21 07:30:00,1170.15087890625,1165.3300000000002,1122.33,2026-05-21,4.820878906249845,-43.00000000000023,True
2026-05-21 07:45:00,1178.8961181640625,1163.65,1122.33,2026-05-21,15.246118164062409,-41.320000000000164,True
2026-05-21 08:00:00,1186.7410888671875,1206.32,1196.5,2026-05-21,-19.578911132812436,-9.819999999999936,True
2026-05-21 08:15:00,1215.3638916015625,1218.63,1196.5,2026-05-21,-3.266108398437609,-22.13000000000011,True
2026-05-21 08:30:00,1232.076171875,1242.21,1196.5,2026-05-21,-10.133828125000036,-45.710000000000036,True
2026-05-21 08:45:00,1241.0406494140625,1253.44,1196.5,2026-05-21,-12.399350585937555,-56.940000000000055,True
2026-05-21 09:00:00,1272.0360107421875,1276.21,1232.59,2026-05-21,-4.173989257812536,-43.62000000000012,True
2026-05-21 09:15:00,1285.6968994140625,1300.69,1232.59,2026-05-21,-14.993100585937555,-68.10000000000014,True
2026-05-21 09:30:00,1287.9776611328125,1308.98,1232.59,2026-05-21,-21.002338867187518,-76.3900000000001,True
2026-05-21 09:45:00,1293.463623046875,1310.4,1232.59,2026-05-21,-16.93637695312509,-77.81000000000017,True
2026-05-21 10:00:00,1289.808349609375,1301.5300000000002,1254.1999999999998,2026-05-21,-11.7216503906252,-47.33000000000038,True
2026-05-21 10:15:00,1298.2093505859375,1330.98,1254.1999999999998,2026-05-21,-32.77064941406252,-76.7800000000002,True
2026-05-21 10:30:00,1306.37451171875,1308.53,1254.1999999999998,2026-05-21,-2.1554882812499727,-54.330000000000155,True
2026-05-21 10:45:00,1310.688720703125,1331.0300000000002,1254.1999999999998,2026-05-21,-20.3412792968752,-76.83000000000038,True
2026-05-21 11:00:00,1310.578369140625,1347.7400000000002,1248.54,2026-05-21,-37.16163085937524,-99.20000000000027,True
2026-05-21 11:15:00,1313.3731689453125,1327.38,1248.54,2026-05-21,-14.00683105468761,-78.84000000000015,True
2026-05-21 11:30:00,1313.5455322265625,1319.69,1248.54,2026-05-21,-6.144467773437555,-71.15000000000009,True
2026-05-21 11:45:00,1304.9791259765625,1314.69,1248.54,2026-05-21,-9.710874023437555,-66.15000000000009,True
2026-05-21 12:00:00,1254.5211181640625,1296.92,1214.34,2026-05-21,-42.39888183593757,-82.58000000000015,True
2026-05-21 12:15:00,1249.1981201171875,1290.65,1214.34,2026-05-21,-41.45187988281259,-76.31000000000017,True
2026-05-21 12:30:00,1247.8134765625,1287.2199999999998,1214.34,2026-05-21,-39.4065234374998,-72.87999999999988,True
2026-05-21 12:45:00,1246.54052734375,1281.0,1214.34,2026-05-21,-34.45947265625,-66.66000000000008,True
2026-05-21 13:00:00,1265.1915283203125,1278.96,1241.34,2026-05-21,-13.768471679687536,-37.62000000000012,True
2026-05-21 13:15:00,1270.191650390625,1304.73,1241.34,2026-05-21,-34.53834960937502,-63.3900000000001,True
2026-05-21 13:30:00,1272.657470703125,1309.89,1241.34,2026-05-21,-37.2325292968751,-68.55000000000018,True
2026-05-21 13:45:00,1279.77880859375,1298.84,1241.34,2026-05-21,-19.061191406249918,-57.5,True
2026-05-21 14:00:00,1309.1636962890625,1341.46,1268.2199999999998,2026-05-21,-32.296303710937536,-73.24000000000024,True
2026-05-21 14:15:00,1311.333251953125,1327.49,1268.2199999999998,2026-05-21,-16.15674804687501,-59.27000000000021,True
2026-05-21 14:30:00,1317.61279296875,1346.45,1268.2199999999998,2026-05-21,-28.837207031250045,-78.23000000000025,True
2026-05-21 14:45:00,1315.8773193359375,1321.38,1268.2199999999998,2026-05-21,-5.502680664062609,-53.16000000000031,True
2026-05-21 15:00:00,1327.4691162109375,1341.9499999999998,1271.02,2026-05-21,-14.480883789062318,-70.92999999999984,True
2026-05-21 15:15:00,1330.77734375,1343.7800000000002,1271.02,2026-05-21,-13.0026562500002,-72.76000000000022,True
2026-05-21 15:30:00,1329.546630859375,1328.3200000000002,1271.02,2026-05-21,1.2266308593748363,-57.30000000000018,True
2026-05-21 15:45:00,1327.9119873046875,1335.74,1271.02,2026-05-21,-7.828012695312509,-64.72000000000003,True
2026-05-21 16:00:00,1320.4268798828125,1311.58,1256.64,2026-05-21,8.846879882812573,-54.93999999999983,True
2026-05-21 16:15:00,1310.6827392578125,1287.16,1256.64,2026-05-21,23.522739257812418,-30.519999999999982,True
2026-05-21 16:30:00,1303.1334228515625,1303.1999999999998,1256.64,2026-05-21,-0.0665771484373181,-46.55999999999972,True
2026-05-21 16:45:00,1301.4664306640625,1290.6,1256.64,2026-05-21,10.866430664062591,-33.95999999999981,True
2026-05-21 17:00:00,1273.2333984375,1295.7800000000002,1241.7,2026-05-21,-22.5466015625002,-54.080000000000155,True
2026-05-21 17:15:00,1277.739501953125,1298.92,1241.7,2026-05-21,-21.180498046875073,-57.22000000000003,True
2026-05-21 17:30:00,1279.8089599609375,1315.96,1241.7,2026-05-21,-36.151040039062536,-74.25999999999999,True
2026-05-21 17:45:00,1321.0211181640625,1365.08,1241.7,2026-05-21,-44.05888183593743,-123.37999999999988,True
2026-05-21 18:00:00,1402.9554443359375,1431.0500000000002,1383.3,2026-05-21,-28.094555664062682,-47.75000000000023,True
2026-05-21 18:15:00,1463.990234375,1476.08,1383.3,2026-05-21,-12.089765624999927,-92.77999999999997,True
2026-05-21 18:30:00,1465.13134765625,1496.59,1383.3,2026-05-21,-31.458652343749918,-113.28999999999996,True
2026-05-21 18:45:00,1464.6397705078125,1497.38,1383.3,2026-05-21,-32.74022949218761,-114.08000000000015,True
2026-05-21 19:00:00,1465.183837890625,1498.06,1371.29,2026-05-21,-32.876162109374945,-126.76999999999998,True
2026-05-21 19:15:00,1460.244384765625,1492.76,1371.29,2026-05-21,-32.51561523437499,-121.47000000000003,True
2026-05-21 19:30:00,1457.65185546875,1492.51,1371.29,2026-05-21,-34.85814453124999,-121.22000000000003,True
2026-05-21 19:45:00,1453.0906982421875,1482.79,1371.29,2026-05-21,-29.699301757812464,-111.5,True
2026-05-21 20:00:00,1436.517333984375,1460.85,1328.87,2026-05-21,-24.33266601562491,-131.98000000000002,True
2026-05-21 20:15:00,1423.326171875,1452.69,1328.87,2026-05-21,-29.363828125000055,-123.82000000000016,True
2026-05-21 20:30:00,1412.595458984375,1436.83,1328.87,2026-05-21,-24.234541015624927,-107.96000000000004,True
2026-05-21 20:45:00,1395.815185546875,1430.98,1328.87,2026-05-21,-35.16481445312502,-102.11000000000013,True
2026-05-21 21:00:00,1384.47998046875,1420.6799999999998,1241.91,2026-05-21,-36.200019531249836,-178.76999999999975,True
2026-05-21 21:15:00,1353.359130859375,1400.26,1241.91,2026-05-21,-46.90086914062499,-158.3499999999999,True
2026-05-21 21:30:00,1330.767822265625,1367.83,1241.91,2026-05-21,-37.06217773437493,-125.91999999999985,True
2026-05-21 21:45:00,1307.3272705078125,1344.89,1241.91,2026-05-21,-37.5627294921876,-102.98000000000002,True
2026-05-21 22:00:00,1256.251953125,1320.88,1133.38,2026-05-21,-64.62804687500011,-187.5,True
2026-05-21 22:15:00,1229.320556640625,1281.87,1133.38,2026-05-21,-52.54944335937489,-148.48999999999978,True
2026-05-21 22:30:00,1208.8116455078125,1264.7,1133.38,2026-05-21,-55.888354492187545,-131.31999999999994,True
2026-05-21 22:45:00,1176.59375,1210.57,1133.38,2026-05-21,-33.976249999999936,-77.18999999999983,True
2026-05-21 23:00:00,1163.633544921875,1216.74,1050.58,2026-05-21,-53.10645507812501,-166.16000000000008,True
2026-05-21 23:15:00,1151.10888671875,1201.52,1050.58,2026-05-21,-50.41111328124998,-150.94000000000005,True
2026-05-21 23:30:00,1140.255615234375,1184.48,1050.58,2026-05-21,-44.22438476562502,-133.9000000000001,True
2026-05-22 00:00:00,1059.9849853515625,1131.4,988.18,2026-05-22,-71.41501464843759,-143.22000000000014,True
2026-05-22 00:15:00,1046.66064453125,1115.48,988.18,2026-05-22,-68.81935546875002,-127.30000000000007,True
2026-05-22 00:30:00,1035.7711181640625,1074.69,988.18,2026-05-22,-38.918881835937555,-86.5100000000001,True
2026-05-22 00:45:00,1018.3944091796875,1075.25,988.18,2026-05-22,-56.8555908203125,-87.07000000000005,True
2026-05-22 01:00:00,1007.1953735351562,1071.21,952.52,2026-05-22,-64.01462646484379,-118.69000000000005,True
2026-05-22 01:15:00,1011.1552734375,1041.37,952.52,2026-05-22,-30.21472656249989,-88.84999999999991,True
2026-05-22 01:30:00,1009.9196166992188,1040.51,952.52,2026-05-22,-30.59038330078124,-87.99000000000001,True
2026-05-22 01:45:00,997.0552978515625,1044.29,952.52,2026-05-22,-47.234702148437464,-91.76999999999998,True
2026-05-22 02:00:00,974.9783325195312,1011.23,926.34,2026-05-22,-36.25166748046877,-84.88999999999999,True
2026-05-22 02:15:00,973.851318359375,1020.42,926.34,2026-05-22,-46.56868164062496,-94.07999999999993,True
2026-05-22 02:30:00,975.3269653320312,1005.92,926.34,2026-05-22,-30.59303466796871,-79.57999999999993,True
2026-05-22 02:45:00,976.2013549804688,982.13,926.34,2026-05-22,-5.9286450195312455,-55.789999999999964,True
2026-05-22 03:00:00,960.1941528320312,1003.92,918.26,2026-05-22,-43.72584716796871,-85.65999999999997,True
2026-05-22 03:15:00,959.1589965820312,994.06,918.26,2026-05-22,-34.901003417968695,-75.79999999999995,True
2026-05-22 03:30:00,959.69580078125,1001.32,918.26,2026-05-22,-41.62419921875005,-83.06000000000006,True
2026-05-22 03:45:00,962.0104370117188,993.94,918.26,2026-05-22,-31.929562988281305,-75.68000000000006,True
2026-05-22 04:00:00,969.3317260742188,1003.37,937.55,2026-05-22,-34.038273925781255,-65.82000000000005,True
2026-05-22 04:15:00,977.1331787109375,1000.07,937.55,2026-05-22,-22.93682128906255,-62.520000000000095,True
2026-05-22 04:30:00,977.5118408203125,1011.55,937.55,2026-05-22,-34.038159179687455,-74.0,True
2026-05-22 04:45:00,986.3339233398438,1016.44,937.55,2026-05-22,-30.106076660156305,-78.8900000000001,True
2026-05-22 05:00:00,992.84423828125,1016.74,1001.61,2026-05-22,-23.89576171875001,-15.129999999999995,True
2026-05-22 05:15:00,1008.5918579101562,1019.16,1001.61,2026-05-22,-10.568142089843718,-17.549999999999955,True
2026-05-22 05:30:00,1016.8763427734375,1041.87,1001.61,2026-05-22,-24.99365722656239,-40.25999999999988,True
2026-05-22 05:45:00,1033.680908203125,1021.93,1001.61,2026-05-22,11.75090820312505,-20.319999999999936,True
2026-05-22 06:00:00,1069.472900390625,1085.35,1053.85,2026-05-22,-15.877099609374909,-31.5,True
2026-05-22 06:15:00,1093.207763671875,1112.61,1053.85,2026-05-22,-19.4022363281249,-58.75999999999999,True
2026-05-22 06:30:00,1100.6044921875,1108.76,1053.85,2026-05-22,-8.155507812499991,-54.91000000000008,True
2026-05-22 06:45:00,1096.841796875,1096.58,1053.85,2026-05-22,0.26179687500007276,-42.73000000000002,True
2026-05-22 07:00:00,1100.5340576171875,1153.4,1093.2,2026-05-22,-52.86594238281259,-60.200000000000045,True
2026-05-22 07:15:00,1119.172607421875,1165.18,1093.2,2026-05-22,-46.007392578125064,-71.98000000000002,True
2026-05-22 07:30:00,1136.619140625,1151.0,1093.2,2026-05-22,-14.380859375,-57.799999999999955,True
2026-05-22 07:45:00,1144.0372314453125,1166.43,1093.2,2026-05-22,-22.392768554687564,-73.23000000000002,True
2026-05-22 08:00:00,1178.9930419921875,1203.93,1176.6,2026-05-22,-24.936958007812564,-27.330000000000155,True
2026-05-22 08:15:00,1204.615234375,1227.14,1176.6,2026-05-22,-22.5247656250001,-50.54000000000019,True
2026-05-22 08:30:00,1215.6513671875,1271.11,1176.6,2026-05-22,-55.4586328124999,-94.50999999999999,True
2026-05-22 08:45:00,1229.6671142578125,1281.56,1176.6,2026-05-22,-51.892885742187445,-104.96000000000004,True
2026-05-22 09:00:00,1244.2711181640625,1258.27,1211.73,2026-05-22,-13.998881835937482,-46.539999999999964,True
2026-05-22 09:15:00,1255.5462646484375,1301.61,1211.73,2026-05-22,-46.0637353515624,-89.87999999999988,True
2026-05-22 09:30:00,1261.9705810546875,1302.12,1211.73,2026-05-22,-40.14941894531239,-90.38999999999987,True
2026-05-22 09:45:00,1272.6849365234375,1310.34,1211.73,2026-05-22,-37.65506347656242,-98.6099999999999,True
2026-05-22 10:00:00,1290.14501953125,1323.77,1240.3,2026-05-22,-33.62498046874998,-83.47000000000003,True
2026-05-22 10:15:00,1299.477783203125,1334.16,1240.3,2026-05-22,-34.68221679687508,-93.86000000000013,True
2026-05-22 10:30:00,1301.860107421875,1340.74,1240.3,2026-05-22,-38.87989257812501,-100.44000000000005,True
2026-05-22 10:45:00,1303.9605712890625,1334.64,1240.3,2026-05-22,-30.6794287109376,-94.34000000000015,True
2026-05-22 11:00:00,1308.953369140625,1355.2800000000002,1240.33,2026-05-22,-46.3266308593752,-114.95000000000027,True
2026-05-22 11:15:00,1312.1729736328125,1357.52,1240.33,2026-05-22,-45.34702636718748,-117.19000000000005,True
2026-05-22 11:30:00,1305.40234375,1345.67,1240.33,2026-05-22,-40.26765625000007,-105.34000000000015,True
2026-05-22 11:45:00,1300.6324462890625,1320.38,1240.33,2026-05-22,-19.74755371093761,-80.05000000000018,True
2026-05-22 12:00:00,1262.014404296875,1294.24,1208.23,2026-05-22,-32.22559570312501,-86.00999999999999,True
2026-05-22 12:15:00,1247.319091796875,1283.1799999999998,1208.23,2026-05-22,-35.860908203124836,-74.94999999999982,True
2026-05-22 12:30:00,1245.082275390625,1287.21,1208.23,2026-05-22,-42.127724609375036,-78.98000000000002,True
2026-05-22 12:45:00,1245.4498291015625,1281.99,1208.23,2026-05-22,-36.54017089843751,-73.75999999999999,True
2026-05-22 13:00:00,1267.5889892578125,1289.84,1233.63,2026-05-22,-22.251010742187418,-56.20999999999981,True
2026-05-22 13:15:00,1271.364013671875,1298.61,1233.63,2026-05-22,-27.2459863281249,-64.97999999999979,True
2026-05-22 13:30:00,1280.004150390625,1286.22,1233.63,2026-05-22,-6.215849609375027,-52.58999999999992,True
2026-05-22 13:45:00,1283.00732421875,1291.62,1233.63,2026-05-22,-8.61267578124989,-57.98999999999978,True
2026-05-22 14:00:00,1307.245361328125,1303.13,1265.36,2026-05-22,4.115361328124891,-37.77000000000021,True
2026-05-22 14:15:00,1314.0838623046875,1337.69,1265.36,2026-05-22,-23.606137695312555,-72.33000000000015,True
2026-05-22 14:30:00,1322.1656494140625,1317.76,1265.36,2026-05-22,4.405649414062509,-52.40000000000009,True
2026-05-22 14:45:00,1319.249755859375,1322.49,1265.36,2026-05-22,-3.240244140625009,-57.13000000000011,True
2026-05-22 15:00:00,1324.197998046875,1329.25,1259.4299999999998,2026-05-22,-5.052001953125,-69.82000000000016,True
2026-05-22 15:15:00,1324.99462890625,1349.1899999999998,1259.4299999999998,2026-05-22,-24.195371093749827,-89.75999999999999,True
2026-05-22 15:30:00,1321.4954833984375,1316.6,1259.4299999999998,2026-05-22,4.895483398437591,-57.17000000000007,True
2026-05-22 15:45:00,1315.385986328125,1315.47,1259.4299999999998,2026-05-22,-0.08401367187502728,-56.04000000000019,True
2026-05-22 16:00:00,1308.5606689453125,1328.84,1241.25,2026-05-22,-20.279331054687418,-87.58999999999992,True
2026-05-22 16:15:00,1302.1444091796875,1294.96,1241.25,2026-05-22,7.184409179687464,-53.710000000000036,True
2026-05-22 16:30:00,1292.232666015625,1295.38,1241.25,2026-05-22,-3.147333984375109,-54.13000000000011,True
2026-05-22 16:45:00,1293.5902099609375,1284.23,1241.25,2026-05-22,9.360209960937482,-42.98000000000002,True
2026-05-22 17:00:00,1242.748291015625,1281.46,1223.99,2026-05-22,-38.711708984375036,-57.47000000000003,True
2026-05-22 17:15:00,1247.34521484375,1287.36,1223.99,2026-05-22,-40.0147851562499,-63.36999999999989,True
2026-05-22 17:30:00,1250.277099609375,1310.42,1223.99,2026-05-22,-60.14290039062507,-86.43000000000006,True
2026-05-22 17:45:00,1283.761962890625,1367.28,1223.99,2026-05-22,-83.51803710937497,-143.28999999999996,True
2026-05-22 18:00:00,1391.9169921875,1431.1,1366.86,2026-05-22,-39.18300781249991,-64.24000000000001,True
2026-05-22 18:15:00,1456.45556640625,1470.91,1366.86,2026-05-22,-14.454433593750082,-104.05000000000018,True
2026-05-22 18:30:00,1455.6201171875,1476.94,1366.86,2026-05-22,-21.319882812500055,-110.08000000000015,True
2026-05-22 18:45:00,1454.6524658203125,1473.56,1366.86,2026-05-22,-18.907534179687445,-106.70000000000005,True
2026-05-22 19:00:00,1453.241455078125,1470.9,1351.4,2026-05-22,-17.65854492187509,-119.5,True
2026-05-22 19:15:00,1450.0849609375,1467.18,1351.4,2026-05-22,-17.095039062500064,-115.77999999999997,True
2026-05-22 19:30:00,1443.4412841796875,1455.12,1351.4,2026-05-22,-11.67871582031239,-103.7199999999998,True
2026-05-22 19:45:00,1436.9991455078125,1445.15,1351.4,2026-05-22,-8.150854492187591,-93.75,True
2026-05-22 20:00:00,1425.5032958984375,1434.37,1302.5700000000002,2026-05-22,-8.86670410156239,-131.79999999999973,True
2026-05-22 20:15:00,1411.5758056640625,1419.58,1302.5700000000002,2026-05-22,-8.004194335937427,-117.00999999999976,True
2026-05-22 20:30:00,1395.4080810546875,1410.92,1302.5700000000002,2026-05-22,-15.511918945312573,-108.34999999999991,True
2026-05-22 20:45:00,1392.0338134765625,1394.5,1302.5700000000002,2026-05-22,-2.4661865234375,-91.92999999999984,True
2026-05-22 21:00:00,1358.455078125,1379.67,1221.66,2026-05-22,-21.214921875000073,-158.01,True
2026-05-22 21:15:00,1337.441650390625,1360.86,1221.66,2026-05-22,-23.4183496093749,-139.19999999999982,True
2026-05-22 21:30:00,1304.5198974609375,1338.14,1221.66,2026-05-22,-33.6201025390626,-116.48000000000002,True
2026-05-22 21:45:00,1276.9517822265625,1312.9699999999998,1221.66,2026-05-22,-36.0182177734373,-91.30999999999972,True
2026-05-22 22:00:00,1241.0211181640625,1276.61,1110.43,2026-05-22,-35.5888818359374,-166.17999999999984,True
2026-05-22 22:15:00,1226.1064453125,1254.85,1110.43,2026-05-22,-28.74355468749991,-144.41999999999985,True
2026-05-22 22:30:00,1200.98876953125,1223.23,1110.43,2026-05-22,-22.241230468750018,-112.79999999999995,True
2026-05-22 22:45:00,1168.4281005859375,1189.0,1110.43,2026-05-22,-20.5718994140625,-78.56999999999994,True
2026-05-22 23:00:00,1120.6357421875,1171.9,1012.68,2026-05-22,-51.26425781250009,-159.22000000000014,True
2026-05-22 23:15:00,1123.6065673828125,1158.89,1012.68,2026-05-22,-35.2834326171876,-146.21000000000015,True
2026-05-23 00:00:00,1064.154296875,1093.51,967.61,2026-05-23,-29.35570312499999,-125.89999999999998,True
2026-05-23 00:15:00,1039.60400390625,1073.91,967.61,2026-05-23,-34.30599609375008,-106.30000000000007,True
2026-05-23 00:30:00,1018.231689453125,1054.38,967.61,2026-05-23,-36.14831054687511,-86.7700000000001,True
2026-05-23 00:45:00,1002.8070068359375,1041.7,967.61,2026-05-23,-38.892993164062545,-74.09000000000003,True
2026-05-23 01:00:00,1006.1038818359375,1024.92,923.79,2026-05-23,-18.816118164062573,-101.13000000000011,True
2026-05-23 01:15:00,999.2465209960938,1009.32,923.79,2026-05-23,-10.0734790039063,-85.53000000000009,True
2026-05-23 01:30:00,997.7886352539062,1007.16,923.79,2026-05-23,-9.371364746093718,-83.37,True
2026-05-23 01:45:00,989.355712890625,996.85,923.79,2026-05-23,-7.494287109375023,-73.06000000000006,True
2026-05-23 02:00:00,976.9168090820312,986.12,893.3700000000001,2026-05-23,-9.203190917968755,-92.74999999999989,True
2026-05-23 02:15:00,966.768798828125,981.07,893.3700000000001,2026-05-23,-14.30120117187505,-87.69999999999993,True
2026-05-23 02:30:00,955.9407958984375,978.65,893.3700000000001,2026-05-23,-22.709204101562477,-85.27999999999986,True
2026-05-23 02:45:00,955.4942626953125,966.54,893.3700000000001,2026-05-23,-11.045737304687464,-73.16999999999985,True
2026-05-23 03:00:00,951.104248046875,964.4199999999998,882.22,2026-05-23,-13.315751953124845,-82.19999999999982,True
2026-05-23 03:15:00,950.0236206054688,952.88,882.22,2026-05-23,-2.8563793945312455,-70.65999999999997,True
2026-05-23 03:30:00,947.364501953125,958.2,882.22,2026-05-23,-10.835498046875045,-75.98000000000002,True
2026-05-23 03:45:00,947.6456909179688,956.45,882.22,2026-05-23,-8.804309082031295,-74.23000000000002,True
2026-05-23 04:00:00,944.3342895507812,958.86,892.17,2026-05-23,-14.525710449218764,-66.69000000000005,True
2026-05-23 04:15:00,945.9600830078125,956.14,892.17,2026-05-23,-10.179916992187486,-63.97000000000003,True
2026-05-23 04:30:00,945.1228637695312,963.34,892.17,2026-05-23,-18.217136230468782,-71.17000000000007,True
2026-05-23 04:45:00,947.4203491210938,962.05,892.17,2026-05-23,-14.629650878906205,-69.88,True
2026-05-23 05:00:00,964.1455078125,966.29,929.58,2026-05-23,-2.1444921874999636,-36.70999999999992,True
2026-05-23 05:15:00,968.16015625,976.19,929.58,2026-05-23,-8.029843750000055,-46.610000000000014,True
2026-05-23 05:30:00,970.8652954101562,991.07,929.58,2026-05-23,-20.2047045898438,-61.49000000000001,True
2026-05-23 05:45:00,974.7061767578125,981.45,929.58,2026-05-23,-6.7438232421875455,-51.870000000000005,True
2026-05-23 06:00:00,975.0460815429688,1011.25,918.79,2026-05-23,-36.20391845703125,-92.46000000000004,True
2026-05-23 06:15:00,973.287109375,1011.8,918.79,2026-05-23,-38.512890624999955,-93.00999999999999,True
2026-05-23 06:30:00,970.1211547851562,980.65,918.79,2026-05-23,-10.528845214843727,-61.860000000000014,True
2026-05-23 06:45:00,968.5216674804688,972.75,918.79,2026-05-23,-4.22833251953125,-53.960000000000036,True
2026-05-23 07:00:00,999.66552734375,1003.24,1005.6,2026-05-23,-3.574472656250009,2.3600000000000136,True
2026-05-23 07:15:00,1008.537841796875,1031.14,1005.6,2026-05-23,-22.6021582031251,-25.540000000000077,True
2026-05-23 07:30:00,1028.83447265625,1050.28,1005.6,2026-05-23,-21.445527343749973,-44.67999999999995,True
2026-05-23 07:45:00,1042.5662841796875,1072.09,1005.6,2026-05-23,-29.523715820312418,-66.4899999999999,True
2026-05-23 08:00:00,1092.4923095703125,1103.01,1104.59,2026-05-23,-10.517690429687491,1.5799999999999272,True
2026-05-23 08:15:00,1117.3311767578125,1116.9499999999998,1104.59,2026-05-23,0.3811767578126819,-12.3599999999999,True
2026-05-23 08:30:00,1128.3604736328125,1131.52,1104.59,2026-05-23,-3.159526367187482,-26.930000000000064,True
2026-05-23 08:45:00,1137.9306640625,1157.24,1104.59,2026-05-23,-19.30933593750001,-52.65000000000009,True
2026-05-23 09:00:00,1155.98828125,1168.23,1159.88,2026-05-23,-12.241718750000018,-8.349999999999909,True
2026-05-23 09:15:00,1166.419677734375,1180.01,1159.88,2026-05-23,-13.590322265624991,-20.12999999999988,True
2026-05-23 09:30:00,1163.6241455078125,1207.43,1159.88,2026-05-23,-43.805854492187564,-47.549999999999955,True
2026-05-23 09:45:00,1178.497314453125,1213.4899999999998,1159.88,2026-05-23,-34.99268554687478,-53.60999999999967,True
2026-05-23 10:00:00,1185.0267333984375,1220.42,1180.19,2026-05-23,-35.39326660156257,-40.23000000000002,True
2026-05-23 10:15:00,1198.162841796875,1228.72,1180.19,2026-05-23,-30.557158203125027,-48.52999999999997,True
2026-05-23 10:30:00,1203.72119140625,1228.1,1180.19,2026-05-23,-24.37880859374991,-47.909999999999854,True
2026-05-23 10:45:00,1210.4659423828125,1218.64,1180.19,2026-05-23,-8.1740576171876,-38.450000000000045,True
2026-05-23 11:00:00,1213.6640625,1233.05,1176.21,2026-05-23,-19.385937499999955,-56.83999999999992,True
2026-05-23 11:15:00,1213.825439453125,1232.64,1176.21,2026-05-23,-18.8145605468751,-56.430000000000064,True
2026-05-23 11:30:00,1212.1956787109375,1230.5,1176.21,2026-05-23,-18.3043212890625,-54.289999999999964,True
2026-05-23 11:45:00,1205.8216552734375,1214.65,1176.21,2026-05-23,-8.828344726562591,-38.440000000000055,True
2026-05-23 12:00:00,1185.446044921875,1202.9299999999998,1139.03,2026-05-23,-17.483955078124836,-63.899999999999864,True
2026-05-23 12:15:00,1180.748046875,1194.75,1139.03,2026-05-23,-14.001953125,-55.72000000000003,True
2026-05-23 12:30:00,1165.9403076171875,1196.47,1139.03,2026-05-23,-30.529692382812527,-57.440000000000055,True
2026-05-23 12:45:00,1163.408447265625,1178.2,1139.03,2026-05-23,-14.791552734375045,-39.17000000000007,True
2026-05-23 13:00:00,1153.399169921875,1187.02,1136.73,2026-05-23,-33.62083007812498,-50.289999999999964,True
2026-05-23 13:15:00,1157.81689453125,1179.63,1136.73,2026-05-23,-21.81310546875011,-42.90000000000009,True
2026-05-23 13:30:00,1156.2691650390625,1175.79,1136.73,2026-05-23,-19.520834960937464,-39.059999999999945,True
2026-05-23 13:45:00,1156.145263671875,1186.81,1136.73,2026-05-23,-30.664736328124945,-50.07999999999993,True
2026-05-23 14:00:00,1149.6988525390625,1178.75,1144.26,2026-05-23,-29.0511474609375,-34.49000000000001,True
2026-05-23 14:15:00,1156.0362548828125,1181.46,1144.26,2026-05-23,-25.423745117187536,-37.200000000000045,True
2026-05-23 14:30:00,1171.9666748046875,1203.8,1144.26,2026-05-23,-31.833325195312455,-59.539999999999964,True
2026-05-23 14:45:00,1176.5206298828125,1187.41,1144.26,2026-05-23,-10.889370117187582,-43.15000000000009,True
2026-05-23 15:00:00,1181.213134765625,1187.98,1144.45,2026-05-23,-6.766865234375018,-43.52999999999997,True
2026-05-23 15:15:00,1181.8963623046875,1197.79,1144.45,2026-05-23,-15.893637695312464,-53.33999999999992,True
2026-05-23 15:30:00,1177.311767578125,1201.75,1144.45,2026-05-23,-24.438232421875,-57.299999999999955,True
2026-05-23 15:45:00,1179.8973388671875,1192.96,1144.45,2026-05-23,-13.062661132812536,-48.50999999999999,True
2026-05-23 16:00:00,1180.97607421875,1191.74,1146.29,2026-05-23,-10.763925781250009,-45.450000000000045,True
2026-05-23 16:15:00,1178.1968994140625,1196.69,1146.29,2026-05-23,-18.493100585937555,-50.40000000000009,True
2026-05-23 16:30:00,1179.192138671875,1183.2900000000002,1146.29,2026-05-23,-4.097861328125191,-37.00000000000023,True
2026-05-23 16:45:00,1176.4031982421875,1179.99,1146.29,2026-05-23,-3.586801757812509,-33.700000000000045,True
2026-05-23 17:00:00,1178.993408203125,1186.53,1199.18,2026-05-23,-7.536591796874973,12.650000000000091,True
2026-05-23 17:15:00,1185.9171142578125,1209.14,1199.18,2026-05-23,-23.2228857421876,-9.960000000000036,True
2026-05-23 17:30:00,1192.3531494140625,1240.08,1199.18,2026-05-23,-47.72685058593743,-40.899999999999864,True
2026-05-23 17:45:00,1225.61181640625,1304.35,1199.18,2026-05-23,-78.73818359374991,-105.16999999999985,True
2026-05-23 18:00:00,1325.03271484375,1355.22,1339.4,2026-05-23,-30.187285156250027,-15.819999999999936,True
2026-05-23 18:15:00,1376.7523193359375,1391.59,1339.4,2026-05-23,-14.837680664062418,-52.18999999999983,True
2026-05-23 18:30:00,1394.2900390625,1399.04,1339.4,2026-05-23,-4.749960937499964,-59.63999999999987,True
2026-05-23 18:45:00,1388.933349609375,1395.95,1339.4,2026-05-23,-7.0166503906250455,-56.549999999999955,True
2026-05-23 19:00:00,1385.8228759765625,1396.47,1317.66,2026-05-23,-10.647124023437527,-78.80999999999995,True
2026-05-23 19:15:00,1376.7869873046875,1394.7399999999998,1317.66,2026-05-23,-17.95301269531228,-77.0799999999997,True
2026-05-23 19:30:00,1376.55126953125,1388.94,1317.66,2026-05-23,-12.388730468750055,-71.27999999999997,True
2026-05-23 19:45:00,1380.2099609375,1378.2399999999998,1317.66,2026-05-23,1.9699609375002183,-60.5799999999997,True
2026-05-23 20:00:00,1347.9449462890625,1366.58,1267.51,2026-05-23,-18.635053710937427,-99.06999999999994,True
2026-05-23 20:15:00,1332.972412109375,1355.39,1267.51,2026-05-23,-22.4175878906251,-87.88000000000011,True
2026-05-23 20:30:00,1309.5452880859375,1341.86,1267.51,2026-05-23,-32.3147119140624,-74.34999999999991,True
2026-05-23 20:45:00,1301.718505859375,1330.94,1267.51,2026-05-23,-29.221494140625055,-63.430000000000064,True
2026-05-23 21:00:00,1264.102294921875,1303.8200000000002,1189.88,2026-05-23,-39.717705078125164,-113.94000000000005,True
2026-05-23 21:15:00,1242.1475830078125,1281.8,1189.88,2026-05-23,-39.652416992187455,-91.91999999999985,True
2026-05-23 21:30:00,1217.7607421875,1261.94,1189.88,2026-05-23,-44.179257812500055,-72.05999999999995,True
2026-05-23 21:45:00,1201.9420166015625,1238.94,1189.88,2026-05-23,-36.997983398437555,-49.059999999999945,True
2026-05-23 22:00:00,1183.9200439453125,1208.71,1083.12,2026-05-23,-24.789956054687536,-125.59000000000015,True
2026-05-23 22:15:00,1156.7518310546875,1186.91,1083.12,2026-05-23,-30.158168945312582,-103.79000000000019,True
2026-05-23 22:30:00,1138.4764404296875,1160.06,1083.12,2026-05-23,-21.583559570312445,-76.94000000000005,True
2026-05-23 22:45:00,1112.7318115234375,1132.03,1083.12,2026-05-23,-19.298188476562473,-48.91000000000008,True
2026-05-23 23:00:00,1082.03125,1105.99,1005.96,2026-05-23,-23.95875000000001,-100.02999999999997,True
2026-05-23 23:15:00,1055.80029296875,1083.01,1005.96,2026-05-23,-27.20970703124999,-77.04999999999995,True
2026-05-23 23:30:00,1057.433837890625,1062.78,1005.96,2026-05-23,-5.346162109374973,-56.819999999999936,True
2026-05-24 00:00:00,1011.6430053710938,1023.27,936.03,2026-05-24,-11.626994628906232,-87.24000000000001,True
2026-05-24 00:15:00,978.0098876953125,999.02,936.03,2026-05-24,-21.010112304687482,-62.99000000000001,True
2026-05-24 00:30:00,972.8330688476562,981.72,936.03,2026-05-24,-8.886931152343777,-45.690000000000055,True
2026-05-24 00:45:00,961.884033203125,966.07,936.03,2026-05-24,-4.18596679687505,-30.040000000000077,True
2026-05-24 01:00:00,952.66015625,952.69,890.4,2026-05-24,-0.02984375000005457,-62.29000000000008,True
2026-05-24 01:15:00,946.6865234375,939.83,890.4,2026-05-24,6.856523437499959,-49.430000000000064,True
2026-05-24 01:30:00,940.0670776367188,928.14,890.4,2026-05-24,11.927077636718764,-37.74000000000001,True
2026-05-24 01:45:00,924.95458984375,920.65,890.4,2026-05-24,4.304589843750023,-30.25,True
2026-05-24 02:00:00,916.4066162109375,911.83,859.42,2026-05-24,4.576616210937459,-52.41000000000008,True
2026-05-24 02:15:00,912.1989135742188,901.55,859.42,2026-05-24,10.648913574218795,-42.129999999999995,True
2026-05-24 02:30:00,909.260986328125,893.11,859.42,2026-05-24,16.150986328124986,-33.690000000000055,True
2026-05-24 02:45:00,902.6834106445312,886.72,859.42,2026-05-24,15.963410644531223,-27.300000000000068,True
2026-05-24 03:00:00,886.9049072265625,884.2299999999998,843.99,2026-05-24,2.674907226562709,-40.23999999999978,True
2026-05-24 03:15:00,888.4248657226562,878.5400000000001,843.99,2026-05-24,9.884865722656173,-34.55000000000007,True
2026-05-24 03:30:00,886.1605224609375,869.51,843.99,2026-05-24,16.65052246093751,-25.519999999999982,True
2026-05-24 03:45:00,881.2489013671875,866.24,843.99,2026-05-24,15.008901367187491,-22.25,True
2026-05-24 04:00:00,875.728271484375,867.0699999999999,840.2700000000001,2026-05-24,8.658271484375064,-26.79999999999984,True
2026-05-24 04:15:00,879.6444091796875,865.3199999999999,840.2700000000001,2026-05-24,14.324409179687564,-25.04999999999984,True
2026-05-24 04:30:00,883.4984741210938,864.1500000000001,840.2700000000001,2026-05-24,19.34847412109366,-23.879999999999995,True
2026-05-24 04:45:00,884.5155639648438,863.37,840.2700000000001,2026-05-24,21.145563964843745,-23.09999999999991,True
2026-05-24 05:00:00,886.0517578125,866.3100000000001,856.63,2026-05-24,19.74175781249994,-9.680000000000064,True
2026-05-24 05:15:00,891.1095581054688,864.99,856.63,2026-05-24,26.11955810546874,-8.360000000000014,True
2026-05-24 05:30:00,887.3084106445312,869.98,856.63,2026-05-24,17.328410644531232,-13.350000000000023,True
2026-05-24 05:45:00,886.602294921875,871.28,856.63,2026-05-24,15.322294921875027,-14.649999999999977,True
2026-05-24 06:00:00,903.4249877929688,881.18,803.57,2026-05-24,22.2449877929688,-77.6099999999999,True
2026-05-24 06:15:00,886.4736938476562,875.79,803.57,2026-05-24,10.683693847656286,-72.21999999999991,True
2026-05-24 06:30:00,878.1318359375,854.81,803.57,2026-05-24,23.321835937500055,-51.239999999999895,True
2026-05-24 06:45:00,867.7195434570312,828.25,803.57,2026-05-24,39.46954345703125,-24.67999999999995,True
2026-05-24 07:00:00,856.776123046875,826.51,844.1500000000001,2026-05-24,30.26612304687501,17.6400000000001,True
2026-05-24 07:15:00,866.5686645507812,837.5400000000001,844.1500000000001,2026-05-24,29.028664550781173,6.610000000000014,True
2026-05-24 07:30:00,876.0720825195312,854.6700000000001,844.1500000000001,2026-05-24,21.402082519531177,-10.519999999999982,True
2026-05-24 07:45:00,876.761962890625,863.4100000000001,844.1500000000001,2026-05-24,13.351962890624918,-19.25999999999999,True
2026-05-24 08:00:00,906.51513671875,888.27,900.84,2026-05-24,18.245136718750018,12.57000000000005,True
2026-05-24 08:15:00,917.0204467773438,899.3699999999999,900.84,2026-05-24,17.65044677734386,1.470000000000141,True
2026-05-24 08:30:00,932.079833984375,916.79,900.84,2026-05-24,15.289833984375036,-15.949999999999932,True
2026-05-24 08:45:00,948.3946533203125,931.86,900.84,2026-05-24,16.534653320312486,-31.019999999999982,True
2026-05-24 09:00:00,957.9736938476562,946.14,942.8100000000002,2026-05-24,11.833693847656264,-3.3299999999998136,True
2026-05-24 09:15:00,952.9679565429688,957.56,942.8100000000002,2026-05-24,-4.592043457031195,-14.749999999999773,True
2026-05-24 09:30:00,965.443359375,968.9,942.8100000000002,2026-05-24,-3.4566406249999773,-26.089999999999804,True
2026-05-24 09:45:00,980.30029296875,979.01,942.8100000000002,2026-05-24,1.290292968750009,-36.19999999999982,True
2026-05-24 10:00:00,988.5960083007812,988.41,964.26,2026-05-24,0.18600830078128183,-24.149999999999977,True
2026-05-24 10:15:00,980.202392578125,996.53,964.26,2026-05-24,-16.327607421874973,-32.26999999999998,True
2026-05-24 10:30:00,991.4833984375,1001.22,964.26,2026-05-24,-9.736601562500027,-36.960000000000036,True
2026-05-24 10:45:00,992.9441528320312,1012.12,964.26,2026-05-24,-19.175847167968755,-47.860000000000014,True
2026-05-24 11:00:00,988.119873046875,1012.3100000000002,962.59,2026-05-24,-24.190126953125173,-49.72000000000014,True
2026-05-24 11:15:00,1000.3422241210938,1018.96,962.59,2026-05-24,-18.617775878906286,-56.370000000000005,True
2026-05-24 11:30:00,995.8727416992188,1017.78,962.59,2026-05-24,-21.907258300781223,-55.18999999999994,True
2026-05-24 11:45:00,1003.4968872070312,1023.33,962.59,2026-05-24,-19.83311279296879,-60.74000000000001,True
2026-05-24 12:00:00,992.6773071289062,1026.71,956.74,2026-05-24,-34.032692871093786,-69.97000000000003,True
2026-05-24 12:15:00,997.5277099609375,1023.42,956.74,2026-05-24,-25.89229003906246,-66.67999999999995,True
2026-05-24 12:30:00,995.5148315429688,1023.65,956.74,2026-05-24,-28.135168457031227,-66.90999999999997,True
2026-05-24 12:45:00,998.709716796875,1021.45,956.74,2026-05-24,-22.740283203125045,-64.71000000000004,True
2026-05-24 13:00:00,980.6522827148438,1021.79,959.48,2026-05-24,-41.137717285156214,-62.309999999999945,True
2026-05-24 13:15:00,990.0181884765625,1027.04,959.48,2026-05-24,-37.021811523437464,-67.55999999999995,True
2026-05-24 13:30:00,984.0704956054688,1026.9,959.48,2026-05-24,-42.82950439453134,-67.42000000000007,True
2026-05-24 13:45:00,987.8098754882812,1024.96,959.48,2026-05-24,-37.150124511718786,-65.48000000000002,True
2026-05-24 14:00:00,999.7762451171875,1030.68,977.57,2026-05-24,-30.903754882812564,-53.110000000000014,True
2026-05-24 14:15:00,990.1083374023438,1036.39,977.57,2026-05-24,-46.28166259765635,-58.82000000000005,True
2026-05-24 14:30:00,1003.997314453125,1041.11,977.57,2026-05-24,-37.1126855468749,-63.53999999999985,True
2026-05-24 14:45:00,1019.7603759765625,1040.28,977.57,2026-05-24,-20.519624023437473,-62.70999999999992,True
2026-05-24 15:00:00,988.796875,1040.78,997.08,2026-05-24,-51.98312499999997,-43.69999999999993,True
2026-05-24 15:15:00,983.9065551757812,1054.12,997.08,2026-05-24,-70.21344482421864,-57.03999999999985,True
2026-05-24 15:30:00,1009.893310546875,1056.6799999999998,997.08,2026-05-24,-46.786689453124836,-59.599999999999795,True
2026-05-24 15:45:00,1016.8241577148438,1056.9499999999998,997.08,2026-05-24,-40.12584228515607,-59.86999999999978,True
2026-05-24 16:00:00,1033.0469970703125,1057.94,1012.35,2026-05-24,-24.893002929687555,-45.59000000000003,True
2026-05-24 16:15:00,1034.039306640625,1066.24,1012.35,2026-05-24,-32.20069335937501,-53.889999999999986,True
2026-05-24 16:30:00,1034.1402587890625,1071.56,1012.35,2026-05-24,-37.419741210937445,-59.20999999999992,True
2026-05-24 16:45:00,1027.1500244140625,1078.27,1012.35,2026-05-24,-51.11997558593748,-65.91999999999996,True
2026-05-24 17:00:00,1095.7750244140625,1092.08,1107.9,2026-05-24,3.6950244140625728,15.820000000000164,True
2026-05-24 17:15:00,1103.205078125,1104.12,1107.9,2026-05-24,-0.9149218749998909,3.7800000000002,True
2026-05-24 17:30:00,1122.8994140625,1141.56,1107.9,2026-05-24,-18.660585937499945,-33.659999999999854,True
2026-05-24 17:45:00,1164.8680419921875,1222.4699999999998,1107.9,2026-05-24,-57.6019580078123,-114.56999999999971,True
2026-05-24 18:00:00,1259.5460205078125,1285.6,1259.62,2026-05-24,-26.05397949218741,-25.980000000000018,True
2026-05-24 18:15:00,1316.636474609375,1326.43,1259.62,2026-05-24,-9.793525390625064,-66.81000000000017,True
2026-05-24 18:30:00,1321.5491943359375,1334.1799999999998,1259.62,2026-05-24,-12.630805664062336,-74.55999999999995,True
2026-05-24 18:45:00,1322.7984619140625,1340.1999999999998,1259.62,2026-05-24,-17.401538085937318,-80.57999999999993,True
2026-05-24 19:00:00,1326.1104736328125,1338.34,1252.3200000000002,2026-05-24,-12.229526367187418,-86.01999999999975,True
2026-05-24 19:15:00,1326.448974609375,1334.87,1252.3200000000002,2026-05-24,-8.42102539062489,-82.54999999999973,True
2026-05-24 19:30:00,1319.17529296875,1332.3200000000002,1252.3200000000002,2026-05-24,-13.144707031250164,-80.0,True
2026-05-24 19:45:00,1319.131591796875,1331.34,1252.3200000000002,2026-05-24,-12.208408203124918,-79.01999999999975,True
2026-05-24 20:00:00,1299.361328125,1324.38,1214.17,2026-05-24,-25.01867187500011,-110.21000000000004,True
2026-05-24 20:15:00,1294.9041748046875,1314.49,1214.17,2026-05-24,-19.58582519531251,-100.31999999999994,True
2026-05-24 20:30:00,1276.6153564453125,1305.55,1214.17,2026-05-24,-28.934643554687455,-91.37999999999988,True
2026-05-24 20:45:00,1259.3692626953125,1295.33,1214.17,2026-05-24,-35.96073730468743,-81.15999999999985,True
2026-05-24 21:00:00,1231.84765625,1272.7399999999998,1133.23,2026-05-24,-40.89234374999978,-139.50999999999976,True
2026-05-24 21:15:00,1205.8035888671875,1253.09,1133.23,2026-05-24,-47.28641113281242,-119.8599999999999,True
2026-05-24 21:30:00,1179.09912109375,1228.4499999999998,1133.23,2026-05-24,-49.35087890624982,-95.2199999999998,True
2026-05-24 21:45:00,1156.1229248046875,1204.19,1133.23,2026-05-24,-48.067075195312555,-70.96000000000004,True
2026-05-24 22:00:00,1099.2305908203125,1178.05,1022.04,2026-05-24,-78.81940917968745,-156.01,True
2026-05-24 22:15:00,1099.349853515625,1147.76,1022.04,2026-05-24,-48.41014648437499,-125.72000000000003,True
2026-05-24 22:30:00,1087.463623046875,1125.24,1022.04,2026-05-24,-37.77637695312501,-103.20000000000005,True
2026-05-24 22:45:00,1052.1055908203125,1093.6,1022.04,2026-05-24,-41.49440917968741,-71.55999999999995,True
2026-05-24 23:00:00,1013.7037963867188,1078.01,940.36,2026-05-24,-64.30620361328124,-137.64999999999998,True
2026-05-24 23:15:00,992.1148681640625,1055.5500000000002,940.36,2026-05-24,-63.43513183593768,-115.19000000000017,True
2026-05-25 00:00:00,947.0348510742188,970.32,889.49,2026-05-25,-23.2851489257813,-80.83000000000004,True
2026-05-25 00:15:00,925.4241943359375,970.02,889.49,2026-05-25,-44.59580566406248,-80.52999999999997,True
2026-05-25 00:30:00,917.835693359375,953.89,889.49,2026-05-25,-36.054306640624986,-64.39999999999998,True
2026-05-25 00:45:00,909.2838745117188,929.94,889.49,2026-05-25,-20.656125488281305,-40.450000000000045,True
2026-05-25 01:00:00,894.453125,920.29,851.94,2026-05-25,-25.836874999999964,-68.34999999999991,True
2026-05-25 01:15:00,888.2605590820312,914.93,851.94,2026-05-25,-26.6694409179687,-62.989999999999895,True
2026-05-25 01:30:00,883.1675415039062,890.85,851.94,2026-05-25,-7.682458496093773,-38.90999999999997,True
2026-05-25 01:45:00,869.1902465820312,891.45,851.94,2026-05-25,-22.259753417968795,-39.50999999999999,True
2026-05-25 02:00:00,870.6838989257812,880.8100000000001,834.15,2026-05-25,-10.12610107421881,-46.66000000000008,True
2026-05-25 02:15:00,864.5662231445312,880.18,834.15,2026-05-25,-15.6137768554687,-46.02999999999997,True
2026-05-25 02:30:00,860.5403442382812,870.15,834.15,2026-05-25,-9.609655761718727,-36.0,True
2026-05-25 02:45:00,861.0867309570312,875.39,834.15,2026-05-25,-14.303269042968736,-41.24000000000001,True
2026-05-25 03:00:00,859.9729614257812,870.88,829.25,2026-05-25,-10.907038574218745,-41.629999999999995,True
2026-05-25 03:15:00,860.4293823242188,870.24,829.25,2026-05-25,-9.810617675781259,-40.99000000000001,True
2026-05-25 03:30:00,857.9144897460938,870.4100000000001,829.25,2026-05-25,-12.495510253906332,-41.16000000000008,True
2026-05-25 03:45:00,858.4691772460938,865.71,829.25,2026-05-25,-7.240822753906286,-36.460000000000036,True
2026-05-25 04:00:00,855.2449951171875,868.98,847.1299999999999,2026-05-25,-13.735004882812518,-21.850000000000136,True
2026-05-25 04:15:00,862.5311279296875,879.18,847.1299999999999,2026-05-25,-16.64887207031245,-32.05000000000007,True
2026-05-25 04:30:00,864.3805541992188,877.0899999999999,847.1299999999999,2026-05-25,-12.709445800781168,-29.960000000000036,True
2026-05-25 04:45:00,871.6024169921875,882.4300000000001,847.1299999999999,2026-05-25,-10.827583007812564,-35.30000000000018,True
2026-05-25 05:00:00,893.3568725585938,892.28,920.51,2026-05-25,1.0768725585937773,28.230000000000018,True
2026-05-25 05:15:00,901.38720703125,906.15,920.51,2026-05-25,-4.762792968749977,14.360000000000014,True
2026-05-25 05:30:00,905.7012939453125,927.89,920.51,2026-05-25,-22.188706054687486,-7.3799999999999955,True
2026-05-25 05:45:00,929.3536376953125,953.69,920.51,2026-05-25,-24.336362304687555,-33.180000000000064,True
2026-05-25 06:00:00,978.030029296875,979.21,1013.81,2026-05-25,-1.1799707031250364,34.59999999999991,True
2026-05-25 06:15:00,991.4940185546875,1027.34,1013.81,2026-05-25,-35.84598144531242,-13.529999999999973,True
2026-05-25 06:30:00,1021.9470825195312,1032.6799999999998,1013.81,2026-05-25,-10.732917480468586,-18.86999999999989,True
2026-05-25 06:45:00,1021.4356079101562,1036.03,1013.81,2026-05-25,-14.594392089843723,-22.220000000000027,True
2026-05-25 07:00:00,1072.085205078125,1077.88,1088.39,2026-05-25,-5.794794921875109,10.509999999999991,True
2026-05-25 07:15:00,1090.8677978515625,1102.8,1088.39,2026-05-25,-11.932202148437455,-14.409999999999854,True
2026-05-25 07:30:00,1113.450439453125,1108.75,1088.39,2026-05-25,4.700439453125,-20.3599999999999,True
2026-05-25 07:45:00,1119.3077392578125,1108.58,1088.39,2026-05-25,10.727739257812573,-20.189999999999827,True
2026-05-25 08:00:00,1128.9786376953125,1142.85,1153.96,2026-05-25,-13.871362304687409,11.110000000000127,True
2026-05-25 08:15:00,1148.403564453125,1168.48,1153.96,2026-05-25,-20.076435546875018,-14.519999999999982,True
2026-05-25 08:30:00,1173.319091796875,1187.71,1153.96,2026-05-25,-14.390908203125036,-33.75,True
2026-05-25 08:45:00,1185.0302734375,1200.75,1153.96,2026-05-25,-15.7197265625,-46.789999999999964,True
2026-05-25 09:00:00,1195.9781494140625,1226.58,1199.98,2026-05-25,-30.601850585937427,-26.59999999999991,True
2026-05-25 09:15:00,1213.6153564453125,1236.61,1199.98,2026-05-25,-22.9946435546874,-36.62999999999988,True
2026-05-25 09:30:00,1220.73583984375,1245.72,1199.98,2026-05-25,-24.984160156250027,-45.74000000000001,True
2026-05-25 09:45:00,1229.9869384765625,1262.18,1199.98,2026-05-25,-32.193061523437564,-62.200000000000045,True
2026-05-25 10:00:00,1244.0606689453125,1271.26,1229.16,2026-05-25,-27.19933105468749,-42.09999999999991,True
2026-05-25 10:15:00,1257.1270751953125,1275.02,1229.16,2026-05-25,-17.892924804687482,-45.8599999999999,True
2026-05-25 10:30:00,1259.8629150390625,1285.48,1229.16,2026-05-25,-25.617084960937518,-56.319999999999936,True
2026-05-25 10:45:00,1267.1136474609375,1278.6,1229.16,2026-05-25,-11.486352539062409,-49.43999999999983,True
2026-05-25 11:00:00,1266.09033203125,1301.15,1243.34,2026-05-25,-35.05966796875009,-57.81000000000017,True
2026-05-25 11:15:00,1268.334716796875,1310.09,1243.34,2026-05-25,-41.75528320312492,-66.75,True
2026-05-25 11:30:00,1269.5645751953125,1305.67,1243.34,2026-05-25,-36.10542480468757,-62.330000000000155,True
2026-05-25 11:45:00,1266.8131103515625,1284.42,1243.34,2026-05-25,-17.606889648437573,-41.080000000000155,True
2026-05-25 12:00:00,1218.08740234375,1252.24,1195.6,2026-05-25,-34.15259765625001,-56.6400000000001,True
2026-05-25 12:15:00,1218.2427978515625,1258.32,1195.6,2026-05-25,-40.077202148437436,-62.72000000000003,True
2026-05-25 12:30:00,1221.7103271484375,1253.5300000000002,1195.6,2026-05-25,-31.8196728515627,-57.93000000000029,True
2026-05-25 12:45:00,1223.55517578125,1251.04,1195.6,2026-05-25,-27.484824218749964,-55.440000000000055,True
2026-05-25 13:00:00,1208.771240234375,1243.29,1207.0100000000002,2026-05-25,-34.518759765624964,-36.279999999999745,True
2026-05-25 13:15:00,1217.9195556640625,1256.3000000000002,1207.0100000000002,2026-05-25,-38.38044433593768,-49.289999999999964,True
2026-05-25 13:30:00,1225.7135009765625,1267.46,1207.0100000000002,2026-05-25,-41.746499023437536,-60.44999999999982,True
2026-05-25 13:45:00,1229.0343017578125,1267.27,1207.0100000000002,2026-05-25,-38.23569824218748,-60.25999999999976,True
2026-05-25 14:00:00,1242.571533203125,1277.39,1229.94,2026-05-25,-34.8184667968751,-47.450000000000045,True
2026-05-25 14:15:00,1247.750732421875,1295.3,1229.94,2026-05-25,-47.549267578124955,-65.3599999999999,True
2026-05-25 14:30:00,1248.184814453125,1292.7199999999998,1229.94,2026-05-25,-44.5351855468748,-62.779999999999745,True
2026-05-25 14:45:00,1251.3997802734375,1298.86,1229.94,2026-05-25,-47.4602197265624,-68.91999999999985,True
2026-05-25 15:00:00,1254.928466796875,1306.69,1230.02,2026-05-25,-51.761533203125055,-76.67000000000007,True
2026-05-25 15:15:00,1254.2838134765625,1312.0300000000002,1230.02,2026-05-25,-57.7461865234377,-82.01000000000022,True
2026-05-25 15:30:00,1252.836669921875,1306.02,1230.02,2026-05-25,-53.18333007812498,-76.0,True
2026-05-25 15:45:00,1256.276611328125,1305.34,1230.02,2026-05-25,-49.06338867187492,-75.31999999999994,True
2026-05-25 16:00:00,1241.82568359375,1290.94,1223.66,2026-05-25,-49.114316406250055,-67.27999999999997,True
2026-05-25 16:15:00,1236.57666015625,1281.67,1223.66,2026-05-25,-45.09333984375007,-58.00999999999999,True
2026-05-25 16:30:00,1234.2528076171875,1279.48,1223.66,2026-05-25,-45.22719238281252,-55.819999999999936,True
2026-05-25 16:45:00,1236.3541259765625,1276.04,1223.66,2026-05-25,-39.685874023437464,-52.37999999999988,True
2026-05-25 17:00:00,1255.691162109375,1284.19,1263.1,2026-05-25,-28.498837890625055,-21.090000000000146,True
2026-05-25 17:15:00,1253.765380859375,1299.9,1263.1,2026-05-25,-46.13461914062509,-36.80000000000018,True
2026-05-25 17:30:00,1261.815673828125,1326.27,1263.1,2026-05-25,-64.45432617187498,-63.17000000000007,True
2026-05-25 17:45:00,1299.353271484375,1373.37,1263.1,2026-05-25,-74.01672851562489,-110.26999999999998,True
2026-05-25 18:00:00,1349.6175537109375,1429.62,1393.34,2026-05-25,-80.00244628906239,-36.27999999999997,True
2026-05-25 18:15:00,1382.017333984375,1456.81,1393.34,2026-05-25,-74.79266601562495,-63.47000000000003,True
2026-05-25 18:30:00,1408.2847900390625,1464.69,1393.34,2026-05-25,-56.405209960937555,-71.35000000000014,True
2026-05-25 18:45:00,1409.0159912109375,1462.5400000000002,1393.34,2026-05-25,-53.52400878906269,-69.20000000000027,True
2026-05-25 19:00:00,1403.73486328125,1458.5,1379.18,2026-05-25,-54.76513671875,-79.31999999999994,True
2026-05-25 19:15:00,1406.5352783203125,1457.17,1379.18,2026-05-25,-50.63472167968757,-77.99000000000001,True
2026-05-25 19:30:00,1405.0782470703125,1448.5800000000002,1379.18,2026-05-25,-43.501752929687655,-69.40000000000009,True
2026-05-25 19:45:00,1403.9193115234375,1442.78,1379.18,2026-05-25,-38.86068847656247,-63.59999999999991,True
2026-05-25 20:00:00,1380.5360107421875,1428.86,1332.05,2026-05-25,-48.3239892578124,-96.80999999999995,True
2026-05-25 20:15:00,1371.570068359375,1420.96,1332.05,2026-05-25,-49.389931640625036,-88.91000000000008,True
2026-05-25 20:30:00,1361.72314453125,1407.39,1332.05,2026-05-25,-45.6668554687501,-75.34000000000015,True
2026-05-25 20:45:00,1355.3271484375,1397.18,1332.05,2026-05-25,-41.852851562500064,-65.13000000000011,True
2026-05-25 21:00:00,1331.1180419921875,1368.76,1243.7,2026-05-25,-37.64195800781249,-125.05999999999995,True
2026-05-25 21:15:00,1306.0648193359375,1343.81,1243.7,2026-05-25,-37.745180664062445,-100.1099999999999,True
2026-05-25 21:30:00,1294.7427978515625,1320.1,1243.7,2026-05-25,-25.35720214843741,-76.39999999999986,True
2026-05-25 21:45:00,1267.198974609375,1289.68,1243.7,2026-05-25,-22.481025390625064,-45.98000000000002,True
2026-05-25 22:00:00,1217.1065673828125,1255.52,1119.04,2026-05-25,-38.41343261718748,-136.48000000000002,True
2026-05-25 22:15:00,1193.2777099609375,1226.77,1119.04,2026-05-25,-33.49229003906248,-107.73000000000002,True
2026-05-25 22:30:00,1191.1505126953125,1202.48,1119.04,2026-05-25,-11.329487304687518,-83.44000000000005,True
2026-05-25 22:45:00,1162.2989501953125,1159.54,1119.04,2026-05-25,2.7589501953125364,-40.5,True
2026-05-25 23:00:00,1115.553466796875,1149.44,1027.58,2026-05-25,-33.886533203125055,-121.86000000000013,True
2026-05-25 23:15:00,1094.8653564453125,1123.7399999999998,1027.58,2026-05-25,-28.87464355468728,-96.15999999999985,True
2026-05-26 00:00:00,1043.023193359375,1055.61,932.43,2026-05-26,-12.5868066406249,-123.17999999999995,True
2026-05-26 00:15:00,1024.290771484375,1032.02,932.43,2026-05-26,-7.729228515624982,-99.59000000000003,True
2026-05-26 00:30:00,998.6177978515625,1018.45,932.43,2026-05-26,-19.832202148437545,-86.0200000000001,True
2026-05-26 00:45:00,989.327880859375,1000.85,932.43,2026-05-26,-11.522119140625023,-68.42000000000007,True
2026-05-26 01:00:00,988.7681884765625,987.86,894.47,2026-05-26,0.9081884765624864,-93.38999999999999,True
2026-05-26 01:15:00,985.8248901367188,979.46,894.47,2026-05-26,6.364890136718714,-84.99000000000001,True
2026-05-26 01:30:00,980.2816772460938,962.7,894.47,2026-05-26,17.581677246093705,-68.23000000000002,True
2026-05-26 01:45:00,969.6195068359375,959.4,894.47,2026-05-26,10.219506835937523,-64.92999999999995,True
2026-05-26 02:00:00,932.7859497070312,951.06,874.0,2026-05-26,-18.274050292968695,-77.05999999999995,True
2026-05-26 02:15:00,928.70703125,940.96,874.0,2026-05-26,-12.252968750000036,-66.96000000000004,True
2026-05-26 02:30:00,925.647216796875,937.44,874.0,2026-05-26,-11.792783203125055,-63.440000000000055,True
2026-05-26 02:45:00,928.581298828125,929.9,874.0,2026-05-26,-1.3187011718749773,-55.89999999999998,True
2026-05-26 03:00:00,911.810546875,929.42,868.9100000000001,2026-05-26,-17.60945312499996,-60.50999999999988,True
2026-05-26 03:15:00,910.6312255859375,923.75,868.9100000000001,2026-05-26,-13.1187744140625,-54.83999999999992,True
2026-05-26 03:30:00,912.527587890625,916.66,868.9100000000001,2026-05-26,-4.132412109374968,-47.749999999999886,True
2026-05-26 03:45:00,912.6954956054688,916.28,868.9100000000001,2026-05-26,-3.5845043945312227,-47.36999999999989,True
2026-05-26 04:00:00,925.3824462890625,924.3,885.23,2026-05-26,1.0824462890625455,-39.069999999999936,True
2026-05-26 04:15:00,928.5209350585938,927.96,885.23,2026-05-26,0.5609350585937136,-42.73000000000002,True
2026-05-26 04:30:00,932.5729370117188,941.0,885.23,2026-05-26,-8.42706298828125,-55.76999999999998,True
2026-05-26 04:45:00,947.3615112304688,942.39,885.23,2026-05-26,4.971511230468764,-57.15999999999997,True
2026-05-26 05:00:00,962.9708862304688,946.24,946.8,2026-05-26,16.73088623046874,0.5599999999999454,True
2026-05-26 05:15:00,969.479248046875,965.28,946.8,2026-05-26,4.199248046875027,-18.480000000000018,True
2026-05-26 05:30:00,978.8417358398438,977.75,946.8,2026-05-26,1.09173583984375,-30.950000000000045,True
2026-05-26 05:45:00,996.0120849609375,997.74,946.8,2026-05-26,-1.727915039062509,-50.940000000000055,True
2026-05-26 06:00:00,1019.5621337890625,1044.47,1005.97,2026-05-26,-24.907866210937527,-38.5,True
2026-05-26 06:15:00,1022.66943359375,1054.49,1005.97,2026-05-26,-31.82056640625001,-48.51999999999998,True
2026-05-26 06:30:00,1033.530517578125,1048.54,1005.97,2026-05-26,-15.009482421874964,-42.569999999999936,True
2026-05-26 06:45:00,1046.1085205078125,1067.56,1005.97,2026-05-26,-21.451479492187445,-61.58999999999992,True
2026-05-26 07:00:00,1073.4439697265625,1085.13,1075.8000000000002,2026-05-26,-11.68603027343761,-9.329999999999927,True
2026-05-26 07:15:00,1089.7991943359375,1113.28,1075.8000000000002,2026-05-26,-23.480805664062473,-37.47999999999979,True
2026-05-26 07:30:00,1111.280029296875,1122.38,1075.8000000000002,2026-05-26,-11.09997070312511,-46.57999999999993,True
2026-05-26 07:45:00,1132.067138671875,1130.32,1075.8000000000002,2026-05-26,1.7471386718750637,-54.519999999999754,True
2026-05-26 08:00:00,1145.76806640625,1159.4299999999998,1146.74,2026-05-26,-13.661933593749836,-12.689999999999827,True
2026-05-26 08:15:00,1159.2115478515625,1183.0,1146.74,2026-05-26,-23.7884521484375,-36.25999999999999,True
2026-05-26 08:30:00,1173.950439453125,1211.69,1146.74,2026-05-26,-37.739560546875055,-64.95000000000005,True
2026-05-26 08:45:00,1191.1634521484375,1225.42,1146.74,2026-05-26,-34.25654785156257,-78.68000000000006,True
2026-05-26 09:00:00,1194.150146484375,1243.48,1188.95,2026-05-26,-49.32985351562502,-54.52999999999997,True
2026-05-26 09:15:00,1205.317626953125,1265.03,1188.95,2026-05-26,-59.71237304687497,-76.07999999999993,True
2026-05-26 09:30:00,1208.2451171875,1262.27,1188.95,2026-05-26,-54.02488281249998,-73.31999999999994,True
2026-05-26 09:45:00,1216.3798828125,1274.07,1188.95,2026-05-26,-57.690117187499936,-85.11999999999989,True
2026-05-26 10:00:00,1227.03369140625,1271.41,1215.5499999999995,2026-05-26,-44.37630859375008,-55.86000000000058,True
2026-05-26 10:15:00,1236.452880859375,1288.23,1215.5499999999995,2026-05-26,-51.77711914062502,-72.68000000000052,True
2026-05-26 10:30:00,1242.81982421875,1291.11,1215.5499999999995,2026-05-26,-48.2901757812499,-75.5600000000004,True
2026-05-26 10:45:00,1246.3203125,1295.06,1215.5499999999995,2026-05-26,-48.739687499999945,-79.51000000000045,True
2026-05-26 11:00:00,1247.397216796875,1313.83,1213.08,2026-05-26,-66.43278320312493,-100.75,True
2026-05-26 11:15:00,1252.4112548828125,1319.68,1213.08,2026-05-26,-67.26874511718756,-106.60000000000014,True
2026-05-26 11:30:00,1256.6959228515625,1327.22,1213.08,2026-05-26,-70.52407714843753,-114.1400000000001,True
2026-05-26 11:45:00,1246.943359375,1296.6999999999998,1213.08,2026-05-26,-49.75664062499982,-83.61999999999989,True
2026-05-26 12:00:00,1216.5032958984375,1273.44,1181.16,2026-05-26,-56.936704101562555,-92.27999999999997,True
2026-05-26 12:15:00,1216.3011474609375,1264.52,1181.16,2026-05-26,-48.21885253906248,-83.3599999999999,True
2026-05-26 12:30:00,1211.4007568359375,1257.74,1181.16,2026-05-26,-46.33924316406251,-76.57999999999993,True
2026-05-26 12:45:00,1215.472412109375,1264.2200000000005,1181.16,2026-05-26,-48.74758789062548,-83.0600000000004,True
2026-05-26 13:00:00,1229.667724609375,1271.86,1210.17,2026-05-26,-42.1922753906249,-61.68999999999983,True
2026-05-26 13:15:00,1234.0555419921875,1276.71,1210.17,2026-05-26,-42.654458007812536,-66.53999999999996,True
2026-05-26 13:30:00,1237.7637939453125,1301.82,1210.17,2026-05-26,-64.05620605468744,-91.64999999999986,True
2026-05-26 13:45:00,1243.41162109375,1301.31,1210.17,2026-05-26,-57.898378906249945,-91.13999999999987,True
2026-05-26 14:00:00,1260.0765380859375,1314.96,1239.67,2026-05-26,-54.883461914062536,-75.28999999999996,True
2026-05-26 14:15:00,1265.5228271484375,1320.92,1239.67,2026-05-26,-55.39717285156257,-81.25,True
2026-05-26 14:30:00,1266.864990234375,1342.21,1239.67,2026-05-26,-75.34500976562504,-102.53999999999996,True
2026-05-26 14:45:00,1265.1627197265625,1336.24,1239.67,2026-05-26,-71.07728027343751,-96.56999999999994,True
2026-05-26 15:00:00,1279.440185546875,1343.9899999999998,1244.06,2026-05-26,-64.54981445312478,-99.92999999999984,True
2026-05-26 15:15:00,1283.1712646484375,1347.8000000000002,1244.06,2026-05-26,-64.62873535156268,-103.74000000000024,True
2026-05-26 15:30:00,1283.0882568359375,1348.13,1244.06,2026-05-26,-65.04174316406261,-104.07000000000016,True
2026-05-26 15:45:00,1284.0316162109375,1330.74,1244.06,2026-05-26,-46.70838378906251,-86.68000000000006,True
2026-05-26 16:00:00,1284.070068359375,1309.59,1239.81,2026-05-26,-25.519931640624918,-69.77999999999997,True
2026-05-26 16:15:00,1278.0096435546875,1310.89,1239.81,2026-05-26,-32.8803564453126,-71.08000000000015,True
2026-05-26 16:30:00,1267.6474609375,1314.0499999999995,1239.81,2026-05-26,-46.4025390624995,-74.23999999999955,True
2026-05-26 16:45:00,1263.755615234375,1309.15,1239.81,2026-05-26,-45.39438476562509,-69.34000000000015,True
2026-05-26 17:00:00,1297.813232421875,1301.08,1273.2800000000002,2026-05-26,-3.2667675781249272,-27.799999999999727,True
2026-05-26 17:15:00,1297.0858154296875,1306.79,1273.2800000000002,2026-05-26,-9.704184570312464,-33.50999999999976,True
2026-05-26 17:30:00,1301.945068359375,1315.65,1273.2800000000002,2026-05-26,-13.704931640625091,-42.36999999999989,True
2026-05-26 17:45:00,1348.840087890625,1363.95,1273.2800000000002,2026-05-26,-15.109912109375045,-90.66999999999985,True
2026-05-26 18:00:00,1425.5216064453125,1441.5,1401.59,2026-05-26,-15.9783935546875,-39.91000000000008,True
2026-05-26 18:15:00,1461.2769775390625,1485.96,1401.59,2026-05-26,-24.683022460937536,-84.37000000000012,True
2026-05-26 18:30:00,1470.476806640625,1489.9499999999998,1401.59,2026-05-26,-19.473193359374818,-88.3599999999999,True
2026-05-26 18:45:00,1473.0653076171875,1491.21,1401.59,2026-05-26,-18.144692382812536,-89.62000000000012,True
2026-05-26 19:00:00,1459.8934326171875,1489.5499999999995,1385.09,2026-05-26,-29.656567382812,-104.45999999999958,True
2026-05-26 19:15:00,1456.778076171875,1470.64,1385.09,2026-05-26,-13.8619238281251,-85.55000000000018,True
2026-05-26 19:30:00,1456.6143798828125,1478.32,1385.09,2026-05-26,-21.705620117187436,-93.23000000000002,True
2026-05-26 19:45:00,1454.86279296875,1464.8300000000002,1385.09,2026-05-26,-9.967207031250155,-79.74000000000024,True
2026-05-26 20:00:00,1430.3831787109375,1458.56,1333.58,2026-05-26,-28.176821289062445,-124.98000000000002,True
2026-05-26 20:15:00,1418.4869384765625,1449.77,1333.58,2026-05-26,-31.283061523437482,-116.19000000000005,True
2026-05-26 20:30:00,1412.2772216796875,1438.14,1333.58,2026-05-26,-25.8627783203126,-104.56000000000017,True
2026-05-26 20:45:00,1400.681884765625,1419.93,1333.58,2026-05-26,-19.248115234375064,-86.35000000000014,True
2026-05-26 21:00:00,1386.9796142578125,1403.7500000000002,1241.83,2026-05-26,-16.770385742187727,-161.9200000000003,True
2026-05-26 21:15:00,1363.2823486328125,1390.08,1241.83,2026-05-26,-26.797651367187427,-148.25,True
2026-05-26 21:30:00,1341.988525390625,1369.34,1241.83,2026-05-26,-27.351474609374918,-127.50999999999999,True
2026-05-26 21:45:00,1313.476806640625,1340.1799999999998,1241.83,2026-05-26,-26.703193359374836,-98.34999999999991,True
2026-05-26 22:00:00,1262.4244384765625,1309.48,1114.8,2026-05-26,-47.05556152343752,-194.68000000000006,True
2026-05-26 22:15:00,1226.5634765625,1285.0500000000002,1114.8,2026-05-26,-58.48652343750018,-170.25000000000023,True
2026-05-26 22:30:00,1207.5987548828125,1251.07,1114.8,2026-05-26,-43.471245117187436,-136.26999999999998,True
2026-05-26 22:45:00,1165.7103271484375,1217.25,1114.8,2026-05-26,-51.5396728515625,-102.45000000000005,True
2026-05-26 23:00:00,1139.6492919921875,1199.56,1017.16,2026-05-26,-59.910708007812445,-182.39999999999998,True
2026-05-26 23:15:00,1104.923828125,1173.02,1017.16,2026-05-26,-68.09617187499998,-155.86,True
