timestamp,demand_mw,actual_total_mwh,optimized_total_mwh,actual_cost_proxy_usd,optimized_cost_proxy_usd,actual_renewable_mwh,optimized_renewable_mwh,unserved_mw,actual_renewable_share,optimized_renewable_share,cost_proxy_saving_usd
2026-04-17 00:00:00,1260.91,327.8175,324.68432500000006,14212.9225,11222.770375000002,103.0675,179.225,0.0,0.31440511870171667,0.5519976980718116,2990.1521249999987
2026-04-17 00:15:00,1234.49,321.045,317.881175,13726.465,10852.472125,106.175,179.14749999999998,0.0,0.33071687769627306,0.5635675028570031,2873.992875
2026-04-17 00:30:00,1218.2199999999998,316.74,313.69165,13437.0325,10615.54825,107.55250000000001,179.27749999999997,0.0,0.3395608385426533,0.5715086773906797,2821.4842499999995
2026-04-17 00:45:00,1175.19,307.31,302.611425,13059.964999999998,10003.510875,103.7075,179.32999999999998,0.0,0.3374686798346946,0.5926081607791245,3056.4541249999984
2026-04-17 01:00:00,1186.24,308.1425,305.45680000000004,13075.1975,10162.381500000001,104.55,179.2825,0.0,0.3392910747462619,0.5869324238321098,2912.815999999999
2026-04-17 01:15:00,1165.05,304.6125,300.000375,12940.27,9857.028125,102.91250000000001,179.3875,0.0,0.33784726496778694,0.597957585886351,3083.2418749999997
2026-04-17 01:30:00,1153.79,300.4375,297.10092499999996,12845.387499999999,9686.058375,99.19000000000001,179.61749999999998,0.0,0.330151861868109,0.6045672863522724,3159.3291249999984
2026-04-17 01:45:00,1142.96,298.58500000000004,294.3122,12750.465,9541.678500000002,99.065,179.4375,0.0,0.3317815697372607,0.6096842060913547,3208.7864999999983
2026-04-17 02:00:00,1137.4,296.725,292.88050000000004,12780.035,9455.685000000003,95.44999999999999,179.58249999999998,0.0,0.3216783216783216,0.6131596333658266,3324.3499999999967
2026-04-17 02:15:00,1120.23,291.945,288.459225,12590.53,9222.639875,93.5375,179.38,0.0,0.3203942523420507,0.6218556539490113,3367.890125
2026-04-17 02:30:00,1121.37,291.72,288.752775,12531.105,9248.160124999999,94.875,179.1925,0.0,0.32522624434389136,0.6205741226209861,3282.944875000001
2026-04-17 02:45:00,1114.34,289.5525,286.94255,12406.89,9145.722749999999,94.99,179.25,0.0,0.3280579514941159,0.6246895066625706,3261.1672500000004
2026-04-17 03:00:00,1111.81,290.12,286.291075,12399.65,9109.641624999998,96.02749999999999,179.255,0.0,0.3309923479939335,0.6261284952735603,3290.0083750000013
2026-04-17 03:15:00,1121.74,291.0725,288.84804999999994,12365.1125,9238.275249999999,98.2925,179.49499999999998,0.0,0.33769078150632575,0.6214166929636534,3126.8372500000005
2026-04-17 03:30:00,1084.32,283.1825,279.2124,12032.3175,8709.9395,95.57000000000001,179.46249999999998,0.0,0.33748554377477424,0.642745451133259,3322.377999999999
2026-04-17 03:45:00,1096.91,286.07,282.45432500000004,12159.244999999999,8887.995375000002,96.43,179.46749999999997,0.0,0.33708532876568675,0.6353859159352576,3271.2496249999967
2026-04-17 04:00:00,1075.0,280.4275,276.8125,11911.6525,8570.695000000002,94.685,179.6075,0.0,0.33764520241417123,0.6488417249943553,3340.9574999999986
2026-04-17 04:15:00,1078.69,281.79,277.762675,11979.015000000001,8614.454625000002,94.83,179.77749999999997,0.0,0.33652720110720746,0.6472341901229169,3364.560374999999
2026-04-17 04:30:00,1098.79,286.05,282.938425,12137.300000000001,8886.745875,96.7975,180.02499999999998,0.0,0.33839363747596574,0.6362691811831496,3250.5541250000006
2026-04-17 04:45:00,1101.6,287.63,283.66200000000003,12181.100000000002,8894.5425,97.73750000000001,180.665,0.0,0.33980287174495016,0.636902369721711,3286.5575000000026
2026-04-17 05:00:00,1125.16,293.18,289.7287,12350.925000000001,9232.461,101.4275,180.57999999999998,0.0,0.345956409031994,0.623272737564487,3118.4640000000018
2026-04-17 05:15:00,1133.61,294.9325,291.90457499999997,12431.582499999999,9374.884124999997,102.0125,180.125,0.0,0.3458842277470269,0.6170680949416433,3056.6983750000018
2026-04-17 05:30:00,1163.51,302.97,299.60382500000003,12827.965,9799.467875000002,103.25500000000001,180.1025,0.0,0.3408093210548899,0.6011355162104488,3028.497124999998
2026-04-17 05:45:00,1187.2,309.5125,305.70399999999995,13321.625,10137.727499999999,99.6575,180.04749999999999,0.0,0.32198214934776465,0.5889602360453249,3183.897500000001
2026-04-17 06:00:00,1208.66,314.475,311.22995000000003,13667.45,10457.654750000003,97.80000000000001,179.7275,0.0,0.31099451466730266,0.5774749505952109,3209.7952499999974
2026-04-17 06:15:00,1214.22,316.76750000000004,312.66165,13831.802500000002,10524.898250000002,96.685,179.95749999999998,0.0,0.30522386292785714,0.575566271079296,3306.9042499999996
2026-04-17 06:30:00,1241.98,322.61249999999995,319.80985,13943.05,10929.17425,102.445,179.73499999999999,0.0,0.3175481421209656,0.5620058294014396,3013.8757499999992
2026-04-17 06:45:00,1265.9699999999998,328.9425,325.98727499999995,14155.8,11182.557624999998,105.4975,181.46249999999998,0.0,0.3207171466137699,0.5566551639170578,2973.2423750000016
2026-04-17 07:00:00,1261.22,328.025,324.76415000000003,14056.445,10965.660750000003,105.7675,184.45499999999998,0.0,0.3224373142290984,0.5679660147217603,3090.784249999997
2026-04-17 07:15:00,1294.03,335.745,333.212725,14491.6325,11329.457374999996,104.7725,186.4725,0.0,0.3120597477252081,0.559619984500892,3162.1751250000034
2026-04-17 07:30:00,1278.3000000000002,332.08,329.1622500000001,14226.3975,10952.556250000003,105.41,189.55499999999998,0.0,0.317423512406649,0.5758710180161909,3273.841249999996
2026-04-17 07:45:00,1307.88,338.4625,336.7791000000001,14347.762499999999,11196.108000000004,110.385,193.0625,0.0,0.32613657347564357,0.5732615236515566,3151.654499999995
2026-04-17 08:00:00,1338.83,347.35,344.748725,14505.815,11483.312375,118.26249999999999,196.08499999999998,0.0,0.34047070677990493,0.5687765777813971,3022.502625000001
2026-04-17 08:15:00,1368.4699999999998,355.0525,352.38102499999997,14546.395,11744.713874999998,127.5025,199.2525,0.0,0.35910886418205756,0.5654461672560264,2801.681125000003
2026-04-17 08:30:00,1416.27,365.485,364.689525,14888.297499999999,12290.806375,132.85,201.86999999999998,0.0,0.36348960969670435,0.5535393428149601,2597.4911249999986
2026-04-17 08:45:00,1418.87,366.27250000000004,365.359025,14761.419999999998,12217.378874999999,136.675,204.075,0.0,0.3731511374727832,0.5585601724221811,2544.0411249999997
2026-04-17 09:00:00,1474.16,380.2825,379.5962,15204.005,12887.7985,144.7475,206.3275,0.0,0.3806315042106855,0.5435446930185286,2316.2064999999984
2026-04-17 09:15:00,1493.84,382.175,384.66380000000004,15394.682499999999,13074.7665,141.7625,208.1625,0.0,0.37093608948780005,0.5411543794867102,2319.9159999999993
2026-04-17 09:30:00,1506.43,387.5625,387.90572499999996,15512.855,13152.447375,145.87,210.17499999999998,0.0,0.37637800354781487,0.5418197939718472,2360.407625
2026-04-17 09:45:00,1516.71,390.945,390.552825,15637.62,13232.787875,147.0675,211.48,0.0,0.3761846295514714,0.541488849811802,2404.832125000001
2026-04-17 10:00:00,1500.71,387.87,386.43282500000004,15460.794999999998,12942.062875000003,146.825,212.7625,0.0,0.3785417794621909,0.5505808156954575,2518.732124999995
2026-04-17 10:15:00,1521.0300000000002,392.59000000000003,391.6652250000001,15685.157500000001,13197.844875000006,147.5525,213.40249999999997,0.0,0.37584375557197075,0.5448594523550053,2487.312624999995
2026-04-17 10:30:00,1551.48,400.2725,399.50609999999995,15960.0125,13595.092999999999,151.305,214.08249999999998,0.0,0.3780049841045788,0.5358679129054601,2364.919500000002
2026-04-17 10:45:00,1553.94,402.265,400.13955,16095.617499999998,13668.807750000002,150.875,213.30499999999998,0.0,0.3750637017886219,0.5330765229280634,2426.8097499999967
2026-04-17 11:00:00,1556.56,402.79499999999996,400.81419999999997,16073.199999999999,13605.413499999999,151.5625,215.315,0.0,0.37627701436214456,0.5371940415284688,2467.7865
2026-04-17 11:15:00,1568.08,405.3325,403.7806,16155.4325,13733.0655,152.8625,216.02499999999998,0.0,0.3771286536362123,0.5350058918135244,2422.367
2026-04-17 11:30:00,1579.77,404.97,406.79077500000005,16117.845000000001,13879.125125000002,153.2025,216.415,0.0,0.3783058004296614,0.5320056729408379,2238.719874999999
2026-04-17 11:45:00,1566.9599999999998,404.4,403.49219999999997,16053.169999999998,13695.8285,154.09,216.4525,0.0,0.3810336300692384,0.536447792547167,2357.3414999999986
2026-04-17 12:00:00,1537.0200000000002,395.99750000000006,395.7826500000001,15849.43,13279.803250000004,147.16250000000002,216.2925,0.0,0.3716248208637681,0.5464931320258731,2569.626749999996
2026-04-17 12:15:00,1106.33,241.68,284.87997500000006,7749.405,7158.281125000001,136.53750000000002,216.73,0.0,0.5649515888778551,0.7607765340473649,591.1238749999984
2026-04-17 12:30:00,1518.98,391.845,391.13735,15549.7775,12919.561750000003,148.35250000000002,218.3875,0.0,0.3785999566154985,0.558339672751784,2630.2157499999976
2026-04-17 12:45:00,1549.35,399.1275,398.957625,16089.6525,13858.551875000001,148.1625,208.20999999999998,0.0,0.37121596482327074,0.5218849996913832,2231.100624999999
2026-04-17 13:00:00,1533.3000000000002,395.595,394.82475000000005,15709.925,13084.868750000003,149.335,219.1375,0.0,0.37749465994261805,0.5550247293261124,2625.056249999996
2026-04-17 13:15:00,1560.77,405.775,401.898275,16068.112500000001,13480.787625,154.83499999999998,219.0,0.0,0.38157846096974923,0.5449140084017529,2587.3248750000002
2026-04-17 13:30:00,1597.94,412.90999999999997,411.46955,16377.03,14027.207750000003,157.23250000000002,218.6,0.0,0.38079121358165224,0.5312665299291284,2349.8222499999974
2026-04-17 13:45:00,1602.0,414.705,412.515,16552.0825,14090.4575,155.20999999999998,218.48499999999999,0.0,0.37426604453768336,0.5296413463752833,2461.625
2026-04-17 14:00:00,1630.92,419.985,419.9619,16794.5025,14504.412,156.5375,218.39749999999998,0.0,0.37272164482064835,0.5200412227871146,2290.0904999999984
2026-04-17 14:15:00,1634.84,421.71999999999997,420.9713,16887.3275,14582.304,156.765,217.95,0.0,0.3717276866167125,0.517731256263788,2305.0234999999993
2026-04-17 14:30:00,1646.81,425.555,424.053575,17101.84,14842.829125,157.3075,216.13,0.0,0.3696525713480044,0.5096761653288738,2259.010875
2026-04-17 14:45:00,1644.27,425.39250000000004,423.399525,17466.16,15321.731375,150.83749999999998,205.83249999999998,0.0,0.35458429567987204,0.4861424915391674,2144.4286250000005
2026-04-17 15:00:00,1631.1699999999998,421.8075,420.02627499999994,16962.1225,14763.202624999998,156.51,213.2925,0.0,0.3710460340321118,0.507807517517803,2198.9198750000032
2026-04-17 15:15:00,1650.51,426.26,425.006325,17225.515,15116.105375000001,156.565,211.71249999999998,0.0,0.36729930089616664,0.4981396453335135,2109.4096249999984
2026-04-17 15:30:00,1628.75,419.96999999999997,419.40312500000005,17056.707499999997,14937.804375000003,152.69,209.11499999999998,0.0,0.3635735885896612,0.4986014350751439,2118.9031249999935
2026-04-17 15:45:00,1632.36,421.5525,420.3327,17144.232500000002,15055.556,153.14499999999998,207.78249999999997,0.0,0.3632880839278618,0.49432865917878854,2088.6765000000014
2026-04-17 16:00:00,1601.59,413.59749999999997,412.409425,16813.5375,14667.775875,150.595,206.8225,0.0,0.36411003451423185,0.5014979955901832,2145.761624999999
2026-04-17 16:15:00,1600.91,413.21000000000004,412.234325,16918.850000000002,14807.895375,148.225,203.8275,0.0,0.35871590716584784,0.49444572574105755,2110.954625000002
2026-04-17 16:30:00,1587.49,409.975,408.778675,16864.4925,14790.334625,146.0975,200.3775,0.0,0.35635709494481366,0.490185795528595,2074.157875000001
2026-04-17 16:45:00,1575.34,407.3075,405.65004999999996,16790.712499999998,14702.38525,144.7175,198.695,0.0,0.3553028117577015,0.4898187489438249,2088.3272499999985
2026-04-17 17:00:00,1549.7999999999995,400.895,399.07349999999985,16584.31,14531.174999999992,142.10250000000002,194.885,0.0,0.35446313872709817,0.4883436259235456,2053.1350000000093
2026-04-17 17:15:00,1526.23,394.80500000000006,393.004225,16507.5625,14431.239875000003,136.76749999999998,190.20749999999998,0.0,0.34641785185091367,0.48398334648946834,2076.322624999997
2026-04-17 17:30:00,1505.74,389.18000000000006,387.72805000000005,16425.71,14349.42525,132.0825,186.04,0.0,0.33938665912945165,0.47982084350100535,2076.284749999999
2026-04-17 17:45:00,1501.17,388.90500000000003,386.55127500000003,16505.0125,14413.077625,130.4325,183.4725,0.0,0.3353839626644039,0.4746394899357142,2091.934875000001
2026-04-17 18:00:00,1538.35,398.1325,396.12512499999997,17309.385,14971.764374999999,122.63499999999999,182.82999999999998,0.0,0.30802559449429523,0.4615460834502734,2337.6206249999996
2026-04-17 18:15:00,1625.5500000000002,421.58000000000004,418.5791250000001,18212.5575,16208.609375000004,133.0925,182.7925,0.0,0.3156992741591157,0.43669760167805777,2003.9481249999953
2026-04-17 18:30:00,1676.76,434.62750000000005,431.7656999999999,18913.3825,16930.496,133.5225,182.85999999999999,0.0,0.3072113476482735,0.42351673604457235,1982.8865000000005
2026-04-17 18:45:00,1678.5,435.1725,432.21375,18847.1,16976.26375,136.2725,182.4375,0.0,0.31314593638154986,0.42210017612813105,1870.8362500000003
2026-04-17 19:00:00,1684.31,436.9425,433.709825,18602.4275,17087.172875,145.7175,181.86499999999998,0.0,0.33349353747918775,0.4193241414348867,1515.2546250000014
2026-04-17 19:15:00,1680.05,436.4325,432.612875,18677.8825,17047.465624999997,143.065,181.4525,0.0,0.3278055598517525,0.4194338876299047,1630.4168750000026
2026-04-17 19:30:00,1677.5,435.365,431.95625,18661.4475,17002.47625,141.86,181.63,0.0,0.32584153526351456,0.42048239839104073,1658.9712499999987
2026-04-17 19:45:00,1663.76,432.02,428.41819999999996,18500.515,16827.1335,141.3725,181.24499999999998,0.0,0.32723600759224114,0.4230562567136503,1673.3814999999995
2026-04-17 20:00:00,1647.34,428.27250000000004,424.19005000000004,18543.4325,16614.58525,134.7825,180.845,0.0,0.3147120116281106,0.42633013197740016,1928.847249999999
2026-04-17 20:15:00,1637.38,424.7825,421.62535,18649.495000000003,16488.02675,126.83000000000001,180.55499999999998,0.0,0.29857633023959324,0.4282356362111528,2161.4682500000017
2026-04-17 20:30:00,1621.3,421.24,417.48474999999996,18584.085,16266.41875,123.375,180.43249999999998,0.0,0.2928852910454848,0.4321894392549668,2317.6662499999984
2026-04-17 20:45:00,1607.77,417.6725,414.000775,18416.4325,16084.675125,122.6725,180.23499999999999,0.0,0.29370499613931966,0.4353494265801797,2331.7573749999992
2026-04-17 21:00:00,1590.6999999999998,412.8825,409.60524999999996,18264.670000000002,15859.796249999998,119.7725,179.89749999999998,0.0,0.2900885845246529,0.4391972515000723,2404.8737500000043
2026-04-17 21:15:00,1564.8,407.2325,402.936,18039.167500000003,15497.1125,117.4975,179.815,0.0,0.2885268243570933,0.4462619373796335,2542.055000000004
2026-04-17 21:30:00,1542.54,399.9575,397.20405,17795.0475,15180.98025,113.27499999999999,179.83249999999998,0.0,0.2832175918691361,0.45274588715799846,2614.06725
2026-04-17 21:45:00,1508.22,392.5125,388.36665,17394.87,14691.54825,113.0,179.89999999999998,0.0,0.28788892073500844,0.4632220609055901,2703.321749999999
2026-04-17 22:00:00,1484.7,385.9675,382.31025,16849.6675,14371.44625,118.0975,179.64,0.0,0.30597783492133407,0.46988015623436724,2478.2212499999987
2026-04-17 22:15:00,1452.54,378.13249999999994,374.02905,16565.289999999997,13920.355249999997,114.16749999999999,179.55249999999998,0.0,0.3019245899254891,0.48004961111977795,2644.9347500000003
2026-04-17 22:30:00,1422.5700000000002,369.875,366.31177500000007,16322.7575,13495.155125000003,108.4425,179.5675,0.0,0.2931868874619804,0.49020400722854174,2827.6023749999968
2026-04-17 22:45:00,1380.7200000000005,359.33,355.5354000000001,15546.695,12887.204500000007,113.635,179.87249999999997,0.0,0.3162413380458075,0.5059200855948519,2659.4904999999926
2026-04-17 23:00:00,1351.5,352.0675,348.01125,15511.82,12479.501250000001,103.825,179.75,0.0,0.29490083577723025,0.5165062911040951,3032.3187499999985
2026-04-17 23:15:00,1335.78,347.8775,343.96335,15354.587500000001,12269.866749999997,101.9375,179.48999999999998,0.0,0.2930269994466443,0.5218288518238934,3084.720750000004
2026-04-17 23:30:00,1322.91,344.19,340.6493250000001,15185.41,12084.970375000003,101.01,179.5425,0.0,0.29347162904209884,0.5270596088807749,3100.4396249999972
2026-04-18 00:00:00,1267.85,329.995,326.47137499999997,14403.3925,11307.683124999996,101.0625,179.49249999999998,0.0,0.30625464022182153,0.5497955218891702,3095.709375000004
2026-04-18 00:15:00,1251.17,326.135,322.17627500000003,14272.09,11075.952625000002,98.905,179.40249999999997,0.0,0.3032639857727628,0.5568457826387122,3196.1373749999984
2026-04-18 00:30:00,1227.92,320.1975,316.18940000000003,14109.5975,10744.799500000001,94.4575,179.44,0.0,0.294997618657235,0.5675079556746684,3364.797999999999
2026-04-18 00:45:00,1207.69,314.0425,310.98017500000003,13662.8075,10459.917125000004,97.395,179.4075,0.0,0.3101331826106339,0.5769097660325131,3202.890374999997
2026-04-18 01:00:00,1182.75,308.4075,304.558125,13604.2425,10102.579375000001,90.57249999999999,179.48999999999998,0.0,0.29367800718205617,0.589345629836669,3501.663124999999
2026-04-18 01:15:00,1178.45,307.205,303.450875,13383.425,10040.180625,94.74249999999999,179.51999999999998,0.0,0.3084015559642584,0.5915949327877206,3343.2443749999984
2026-04-18 01:30:00,1163.36,302.2325,299.5652,13109.505,9828.718500000003,94.77,179.475,0.0,0.3135665423142779,0.5991183221549098,3280.7864999999965
2026-04-18 01:45:00,1154.17,300.72249999999997,297.198775,12762.14,9693.065125000001,101.875,179.58499999999998,0.0,0.33876746834706417,0.6042588836377268,3069.0748749999984
2026-04-18 02:00:00,1151.38,299.34000000000003,296.48035000000004,12805.484999999999,9646.301750000004,98.5975,179.73,0.0,0.3293829758802699,0.606212182358797,3159.1832499999946
2026-04-18 02:15:00,1138.33,296.64,293.119975,12679.447499999998,9451.106125,97.9175,179.9375,0.0,0.33008865965480044,0.6138697985355654,3228.341374999998
2026-04-18 02:30:00,1132.13,294.6025,291.5234750000001,12568.207499999999,9348.673625000003,97.7925,180.23,0.0,0.33194728490084097,0.618234946602499,3219.5338749999955
2026-04-18 02:45:00,1126.81,293.4775,290.153575,12575.230000000001,9281.454125,95.9875,180.0675,0.0,0.32706936647613527,0.6205937665941218,3293.775875000001
2026-04-18 03:00:00,1117.41,291.0025,287.73307500000004,12576.18,9175.326625000003,92.4725,179.52749999999997,0.0,0.3177721840877656,0.6239376547169627,3400.853374999997
2026-04-18 03:15:00,1113.77,290.21999999999997,286.795775,12540.829999999998,9115.275125,92.205,179.6975,0.0,0.31770725656398596,0.6265695511030454,3425.554874999998
2026-04-18 03:30:00,1104.28,288.335,284.35210000000006,12482.5375,8982.873000000001,90.99249999999999,179.6575,0.0,0.3155791006988399,0.6318135157081659,3499.664499999999
2026-04-18 03:45:00,1102.96,286.4675,284.0122,12292.415,8971.303500000002,93.405,179.515,0.0,0.3260579297826106,0.6320679182091473,3321.111499999999
2026-04-18 04:00:00,1092.9,284.7075,281.4217500000001,12091.0425,8836.828750000004,96.28750000000001,179.355,0.0,0.33819797511481087,0.6373174781266904,3254.2137499999953
2026-04-18 04:15:00,1104.6,288.1775,284.43449999999996,12208.695,9000.279999999999,98.25,179.39999999999998,0.0,0.34093570802717077,0.6307251757434489,3208.415000000001
2026-04-18 04:30:00,1101.57,287.315,283.654275,12150.2625,8960.617624999999,98.57,179.33499999999998,0.0,0.34307293388789306,0.6322309085593721,3189.644875000002
2026-04-18 04:45:00,1109.15,288.68,285.606125,12185.14,9066.344375,99.64500000000001,179.36749999999998,0.0,0.3451745877788555,0.6280239963341121,3118.795624999999
2026-04-18 05:00:00,1112.9899999999998,290.2175,286.594925,12260.1175,9127.978374999997,99.955,179.2225,0.0,0.3444141032156917,0.6253512688684212,3132.1391250000033
2026-04-18 05:15:00,1127.13,293.47,290.23597500000005,12391.035,9324.111125000003,101.22250000000001,179.30499999999998,0.0,0.34491600504310493,0.6177904031366199,3066.9238749999968
2026-04-18 05:30:00,1136.23,295.92499999999995,292.57922500000006,12449.3625,9447.239875000003,103.255,179.42,0.0,0.34892286897017827,0.6132356116535613,3002.1226249999963
2026-04-18 05:45:00,1140.61,298.0,293.707075,12554.8025,9500.771625,103.43,179.58999999999997,0.0,0.3470805369127517,0.6114595639209576,3054.0308750000004
2026-04-18 06:00:00,1148.68,299.19,295.78510000000006,12647.755000000001,9617.313000000002,102.7025,179.545,0.0,0.3432684915939704,0.6070116446027874,3030.441999999999
2026-04-18 06:15:00,1119.89,291.845,288.37167500000004,12363.015,9207.449625000003,99.465,179.58749999999998,0.0,0.3408144734362418,0.622764007595406,3155.5653749999965
2026-04-18 06:30:00,1118.32,290.89750000000004,287.9674,12364.41,9190.714500000002,98.0575,179.4775,0.0,0.33708608702377985,0.62325631304099,3173.695499999998
2026-04-18 06:45:00,1121.64,292.26250000000005,288.82230000000004,12391.7725,9158.109000000002,98.78750000000001,181.07,0.0,0.33800949488901244,0.6269252755067735,3233.663499999997
2026-04-18 07:00:00,1134.79,294.8425,292.208425,12198.3925,9210.345874999999,106.9075,183.75,0.0,0.3625918922814723,0.6288319715627638,2988.046625000001
2026-04-18 07:15:00,1186.6799999999998,308.15999999999997,305.57009999999997,12612.855000000001,9798.362999999998,114.47,186.6875,0.0,0.3714628764278297,0.6109481915933529,2814.492000000004
2026-04-18 07:30:00,1216.44,314.9,313.23330000000004,12872.76,10077.964000000004,116.4675,189.52499999999998,0.0,0.36985550968561454,0.6050601899606458,2794.7959999999966
2026-04-18 07:45:00,1242.56,321.3075,319.9592,13111.9825,10297.513500000001,118.47,192.5325,0.0,0.3687122149342919,0.6017407844500173,2814.468999999999
2026-04-18 08:00:00,1272.06,329.8,327.55545,13373.0475,10570.05725,123.0175,195.4375,0.0,0.3730063674954518,0.5966547038066379,2802.9902500000007
2026-04-18 08:15:00,1317.9299999999998,341.37749999999994,339.36697499999997,13840.302499999998,11093.566125,126.71249999999999,197.95999999999998,0.0,0.37117999868181123,0.5833213440995547,2746.7363749999986
2026-04-18 08:30:00,1346.98,349.3125,346.84735,14187.984999999999,11377.48675,128.215,200.51,0.0,0.36704956163893365,0.5780929276236362,2810.4982499999987
2026-04-18 08:45:00,1374.4499999999998,356.85,353.92087499999997,14503.045,11659.905624999998,130.155,202.64249999999998,0.0,0.36473308112652375,0.5725644185299892,2843.1393750000025
2026-04-18 09:00:00,1401.08,363.56,360.7781,14737.61,11936.053000000002,133.08,204.6625,0.0,0.366046869842667,0.5672808299616856,2801.556999999999
2026-04-18 09:15:00,1410.2600000000002,366.215,363.14195000000007,14864.8675,11955.814750000005,132.8125,206.86749999999998,0.0,0.36266264352907446,0.5696601563107758,2909.0527499999953
2026-04-18 09:30:00,1423.4499999999998,368.88,366.538375,14953.2225,12058.868125,133.7975,208.5425,0.0,0.36271280633268277,0.5689513410430763,2894.354374999999
2026-04-18 09:45:00,1447.11,374.4275,372.63082499999996,15108.130000000001,12297.952874999999,137.1825,210.46249999999998,0.0,0.3663793391243966,0.5648016371163067,2810.177125000002
2026-04-18 10:00:00,1457.38,376.225,375.27535000000006,15196.170000000002,12378.651750000005,137.02,211.7575,0.0,0.3641969566084125,0.564272340296265,2817.5182499999974
2026-04-18 10:15:00,1471.8000000000002,380.65999999999997,378.9885,15317.262499999999,12488.625,139.6775,213.64249999999998,0.0,0.36693506015867183,0.5637176325930734,2828.637499999999
2026-04-18 10:30:00,1485.7800000000002,384.3075,382.5883500000001,15400.6425,12582.241750000005,142.1125,215.73,0.0,0.36978851570682336,0.5638697571423696,2818.4007499999952
2026-04-18 10:45:00,1486.54,384.8825,382.78405,15415.395,12592.505250000002,142.565,215.73999999999998,0.0,0.3704117490402915,0.5636076006824213,2822.8897499999985
2026-04-18 11:00:00,1502.01,387.98,386.76757499999997,15685.2175,12972.849124999997,141.01,212.515,0.0,0.36344656941079434,0.5494643650000909,2712.3683750000037
2026-04-18 11:15:00,1505.83,390.44500000000005,387.751225,15570.405,12759.449874999998,145.89749999999998,217.86499999999998,0.0,0.37366978703786696,0.5618679863616163,2810.955125000002
2026-04-18 11:30:00,1493.34,387.4925,384.53505000000007,15419.6,12551.685250000002,145.3675,218.4825,0.0,0.37514919643606004,0.5681731743309224,2867.914749999998
2026-04-18 11:45:00,1506.17,389.7025,387.83877500000006,15518.3175,12729.890125000005,145.95999999999998,218.55249999999998,0.0,0.374542118667445,0.5635137951330419,2788.427374999994
2026-04-18 12:00:00,1482.88,383.4975,381.8416,15279.8725,12430.170500000002,143.39249999999998,217.95,0.0,0.37390726145542014,0.5707864203376478,2849.7019999999975
2026-04-18 12:15:00,1479.3,383.085,380.91975,15277.2925,12372.843750000002,142.8025,218.08249999999998,0.0,0.37276975083858677,0.5725156020395371,2904.4487499999977
2026-04-18 12:30:00,1476.96,381.8075,380.3172,15232.6475,12362.4535,142.26999999999998,217.6275,0.0,0.3726223293151653,0.5722262890029691,2870.1939999999995
2026-04-18 12:45:00,1459.73,377.18,375.880475,14981.552500000002,12071.808624999998,141.85000000000002,218.56,0.0,0.37608038602258875,0.5814614339837684,2909.7438750000038
2026-04-18 13:00:00,1481.19,383.6825,381.40642500000007,15270.255000000001,12478.110875000004,144.4325,216.5125,0.0,0.3764375492757684,0.5676687276571178,2792.144124999997
2026-04-18 13:15:00,1481.75,383.765,381.5506250000001,15194.859999999999,12353.291875000003,145.66,219.1675,0.0,0.37955519653954894,0.5744126352826704,2841.568124999996
2026-04-18 13:30:00,1484.37,384.1825,382.22527499999995,15184.6225,12342.397624999998,146.22000000000003,220.1275,0.0,0.3806003657116085,0.5759103711809744,2842.2248750000017
2026-04-18 13:45:00,1487.81,385.07,383.11107499999997,15202.1,12408.991624999999,147.1925,219.76999999999998,0.0,0.38224868205780765,0.5736456457177596,2793.1083750000016
2026-04-18 14:00:00,1499.2800000000002,387.65250000000003,386.06460000000004,15296.544999999998,12560.935500000001,148.405,219.98,0.0,0.38282998303893306,0.5698010125766516,2735.609499999997
2026-04-18 14:15:00,1501.63,388.5625,386.66972499999997,15455.4325,12734.967375,146.4525,217.165,0.0,0.3769084767572784,0.5616291784933511,2720.4651250000006
2026-04-18 14:30:00,1507.9700000000005,390.245,388.3022750000001,15491.8875,12857.382625000007,148.1975,216.5125,0.0,0.3797550256889902,0.5575875134906174,2634.5048749999933
2026-04-18 14:45:00,1502.13,388.43,386.79847500000005,15505.439999999999,12774.923625000003,145.135,216.5075,0.0,0.37364518703498695,0.5597423826451228,2730.5163749999956
2026-04-18 15:00:00,1513.5,391.98249999999996,389.72625,15946.717499999999,13289.326249999998,140.9725,209.44,0.0,0.3596397798371101,0.5374028564922173,2657.3912500000006
2026-04-18 15:15:00,1515.79,391.4475,390.315925,15813.885,13148.883375,142.5525,212.89749999999998,0.0,0.3641676086831568,0.5454491768430919,2665.001625000001
2026-04-18 15:30:00,1515.64,391.4975,390.2773,16150.58,13550.634000000002,136.365,204.82,0.0,0.3483164004878703,0.5248063364177215,2599.945999999998
2026-04-18 15:45:00,1510.42,391.03,388.93315000000007,16200.567500000001,13590.330750000003,135.1175,202.54749999999999,0.0,0.34554254149298014,0.5207771566913233,2610.236749999998
2026-04-18 16:00:00,1496.63,387.8175,385.382225,16091.292500000001,13449.029875000002,133.675,201.46749999999997,0.0,0.34468532234878524,0.5227732026301939,2642.2626249999994
2026-04-18 16:15:00,1479.89,382.83000000000004,381.071675,15956.44,13311.449625000005,130.60500000000002,199.4775,0.0,0.34115664916542593,0.5234645162225715,2644.9903749999958
2026-04-18 16:30:00,1476.65,381.59250000000003,380.23737500000004,16072.267500000002,13390.438125000004,126.5125,196.98,0.0,0.3315382246768477,0.518044813453701,2681.8293749999975
2026-04-18 16:45:00,1459.38,377.3925,375.7903500000001,15998.595,13260.351750000005,123.065,194.69,0.0,0.3260928608809131,0.5180814249221672,2738.243249999994
2026-04-18 17:00:00,1448.56,375.2425,373.00419999999997,15921.619999999999,13187.2385,122.5125,193.08749999999998,0.0,0.32648887053039033,0.5176550290854633,2734.3814999999995
2026-04-18 17:15:00,1434.03,371.0325,369.262725,15872.927500000002,13091.332374999998,118.3425,190.89,0.0,0.31895453902286186,0.516949009678678,2781.5951250000035
2026-04-18 17:30:00,1421.1,368.1375,365.93325000000004,15718.287499999999,13016.21125,118.9775,188.73,0.0,0.3231876676513531,0.5157497986313077,2702.0762499999983
2026-04-18 17:45:00,1425.89,369.7175,367.16667500000005,15633.815,13072.424625000003,123.5275,188.96249999999998,0.0,0.3341132080575034,0.5146504649421136,2561.390374999997
2026-04-18 18:00:00,1476.56,382.23,380.2142,16466.525,13785.913500000002,119.5925,189.045,0.0,0.3128809878868744,0.49720657460978573,2680.611499999999
2026-04-18 18:15:00,1561.48,405.1075,402.0811,17312.5775,14972.467999999999,130.62,189.36749999999998,0.0,0.3224329344680116,0.4709684190577473,2340.1095000000005
2026-04-18 18:30:00,1615.3199999999997,418.445,415.94489999999996,17503.2375,15673.351999999999,144.86,190.6,0.0,0.3461864761199202,0.4582337708672471,1829.8855000000003
2026-04-18 18:45:00,1628.66,421.425,419.37995,17466.0775,15855.654750000003,150.2475,190.7325,0.0,0.3565225129026517,0.4547964202866636,1610.422749999996
2026-04-18 19:00:00,1628.56,421.7975,419.3542,17449.02,15864.238500000001,151.3325,190.5325,0.0,0.35877998328581845,0.4543474227753055,1584.7814999999991
2026-04-18 19:15:00,1616.89,419.435,416.34917500000006,17289.0,15688.212125000002,152.07,190.74749999999997,0.0,0.3625591569611501,0.4581430958761956,1600.7878749999982
2026-04-18 19:30:00,1606.87,417.0575,413.769025,17124.862500000003,15526.803875,152.835,191.1375,0.0,0.36646026027586126,0.46194250524190394,1598.0586250000033
2026-04-18 19:45:00,1600.37,415.025,412.09527499999996,17057.0075,15443.622624999998,151.70999999999998,190.95999999999998,0.0,0.36554424432263116,0.46338798715903745,1613.3848750000016
2026-04-18 20:00:00,1593.42,412.385,410.30565,17043.5825,15353.943250000002,148.21,190.785,0.0,0.3593971652703178,0.4649826294129754,1689.6392499999984
2026-04-18 20:15:00,1580.2400000000002,409.575,406.9118000000001,16925.0225,15160.906500000006,147.1925,190.9125,0.0,0.35937862418360494,0.4691741551854725,1764.1159999999927
2026-04-18 20:30:00,1564.76,405.585,402.9257,17222.407499999998,14900.545999999998,132.935,191.73499999999999,0.0,0.3277611351504617,0.47585696320686416,2321.861499999999
2026-04-18 20:45:00,1553.5700000000002,402.905,400.044275,17071.3325,14725.442625000001,132.9175,192.0675,0.0,0.32989786674278054,0.4801156072037276,2345.889874999999
2026-04-18 21:00:00,1536.48,398.015,395.6436,17035.175,14439.5305,126.31750000000001,192.945,0.0,0.3173686921347186,0.48767375486422626,2595.6444999999985
2026-04-18 21:15:00,1511.59,392.775,389.234425,16851.01,14156.650875,123.99499999999999,191.55249999999998,0.0,0.3156896441983324,0.49212630665954066,2694.359124999999
2026-04-18 21:30:00,1496.12,388.29249999999996,385.2509,16599.144999999997,13938.057,124.1425,191.5425,0.0,0.3197138754933459,0.49718897476942947,2661.087999999996
2026-04-18 21:45:00,1472.15,381.68,379.0786250000001,16380.8825,13567.331875000003,119.9925,192.1675,0.0,0.3143798469922448,0.5069330933655253,2813.550624999996
2026-04-18 22:00:00,1439.27,373.8925,370.612025,16078.43,13115.418875000001,116.6875,191.89249999999998,0.0,0.3120883676457806,0.5177719206493636,2963.011124999999
2026-04-18 22:15:00,1408.6799999999998,366.02,362.7351,15793.679999999998,12702.312999999998,112.82249999999999,191.48999999999998,0.0,0.30824135293153376,0.527905901579417,3091.367
2026-04-18 22:30:00,1381.25,358.66499999999996,355.671875,15334.14,12317.835625000002,114.33749999999999,191.41,0.0,0.31878633265024464,0.5381645653033431,3016.304374999998
2026-04-18 22:45:00,1350.81,350.36,347.833575,14634.767499999998,11879.729124999998,120.845,191.54999999999998,0.0,0.34491665715264297,0.5506943945822366,2755.038375
2026-04-18 23:00:00,1318.8,342.8275,339.591,14305.3375,11415.1375,118.47250000000001,191.77499999999998,0.0,0.3455746694766319,0.564723446734454,2890.199999999999
2026-04-18 23:15:00,1288.09,334.5225,331.683175,13988.377499999999,10972.207124999999,114.6375,191.93499999999997,0.0,0.3426899535905657,0.5786696898327748,3016.1703749999997
2026-04-19 00:00:00,1214.99,315.78,312.85992500000003,13353.13,9848.928375000001,103.3275,193.695,0.0,0.32721356640699223,0.6191109327920473,3504.201624999998
2026-04-19 00:15:00,1190.91,309.41,306.65932499999997,13031.64,9461.645375,102.22250000000001,194.61999999999998,0.0,0.33037878543033516,0.6346456283369175,3569.9946249999994
2026-04-19 00:30:00,1164.99,303.385,299.984925,12945.9325,9063.553375,95.365,195.23999999999998,0.0,0.3143365690459317,0.6508327043433932,3882.3791250000013
2026-04-19 00:45:00,1145.12,297.9475,294.86839999999995,12676.7525,8736.269499999999,94.235,196.15749999999997,0.0,0.31628055278194983,0.6652374415162832,3940.483000000002
2026-04-19 01:00:00,1120.87,291.645,288.62402499999996,12256.324999999999,8325.328874999997,95.75500000000001,197.5075,0.0,0.32832724716693246,0.6843072055418811,3930.9961250000015
2026-04-19 01:15:00,1104.28,287.75,284.3521,12110.484999999999,8159.4980000000005,94.3925,196.125,0.0,0.32803649000868806,0.6897258715515026,3950.9869999999983
2026-04-19 01:30:00,1087.75,283.555,280.095625,11920.5475,7980.516874999999,93.6775,195.02249999999998,0.0,0.3303680062069087,0.6962711395438611,3940.0306250000012
2026-04-19 01:45:00,1075.81,279.7475,277.021075,11731.03,7860.541625000002,93.485,194.04,0.0,0.33417635546340896,0.7004521226408496,3870.488374999999
2026-04-19 02:00:00,1062.36,276.6225,273.55769999999995,11712.635,7738.805999999999,89.82000000000001,192.665,0.0,0.32470243743730176,0.7042938290532492,3973.8290000000015
2026-04-19 02:15:00,1049.5,274.15999999999997,270.24625000000003,11605.3475,7434.051250000002,88.19749999999999,195.11749999999998,0.0,0.3217008316311643,0.7219989176538063,4171.296249999998
2026-04-19 02:30:00,1038.5300000000002,271.14500000000004,267.42147500000004,11499.745,7242.0636250000025,86.31250000000001,195.85,0.0,0.3183259879400321,0.7323645193416122,4257.681374999998
2026-04-19 02:45:00,1030.37,268.53249999999997,265.320275,11496.109999999999,7254.247624999999,83.425,193.295,0.0,0.31067003062943965,0.72853459842072,4241.862375
2026-04-19 03:00:00,1024.15,266.9125,263.71862500000003,11474.240000000002,7218.031875000002,81.97250000000001,192.2575,0.0,0.30711375450756334,0.7290251115180051,4256.208124999999
2026-04-19 03:15:00,1018.01,265.6375,262.137575,11352.7475,7059.449125000001,82.8575,193.69,0.0,0.3119194390852195,0.7388868230737237,4293.2983749999985
2026-04-19 03:30:00,1010.72,262.835,260.2604,11287.625,7018.5795,80.89,192.4425,0.0,0.30775962105503457,0.7394229010637039,4269.0455
2026-04-19 03:45:00,1000.11,260.8625,257.528325,11182.805,6803.440375,80.335,193.73999999999998,0.0,0.30795917389429295,0.7523055958990141,4379.364625
2026-04-19 04:00:00,992.47,258.475,255.561025,11158.85,6780.488874999999,78.0325,192.035,0.0,0.30189573459715635,0.7514252222145376,4378.361125000001
2026-04-19 04:15:00,988.15,257.75,254.448625,11125.5925,6718.431875,77.8475,192.05249999999998,0.0,0.30202715809893305,0.7547790835969344,4407.160625
2026-04-19 04:30:00,984.29,256.525,253.454675,11320.655,6706.514625,71.055,191.1975,0.0,0.27699054673033824,0.7543656474278881,4614.140375000001
2026-04-19 04:45:00,985.04,256.8025,253.6478,11390.414999999999,6699.7615,69.46000000000001,191.545,0.0,0.27048023286377665,0.7551612905769338,4690.653499999999
2026-04-19 05:00:00,988.63,257.705,254.572225,11414.897500000001,6741.729875,70.07749999999999,191.7225,0.0,0.27192914378844024,0.7531163307387521,4673.167625000001
2026-04-19 05:15:00,992.44,258.645,255.5533,11428.499999999998,6803.564,71.1625,191.565,0.0,0.2751358039011,0.7496087900254076,4624.935999999998
2026-04-19 05:30:00,995.25,259.53,256.276875,11464.252499999999,6875.485625000001,71.7375,190.92249999999999,0.0,0.2764131314298925,0.7449852820313966,4588.7668749999975
2026-04-19 05:45:00,998.39,260.38,257.085425,11735.1625,6943.205875,65.8425,190.45749999999998,0.0,0.2528708042092327,0.7408335186640782,4791.956625000001
2026-04-19 06:00:00,990.64,257.93,255.0898,11659.275,6865.946500000001,64.48,189.80749999999998,0.0,0.24999030744775716,0.7440811039876937,4793.328499999999
2026-04-19 06:15:00,954.2,248.89249999999998,245.7065,11274.0725,6363.49,61.552499999999995,189.535,0.0,0.24730556364695602,0.7713878143231864,4910.5825
2026-04-19 06:30:00,924.38,240.965,238.02785,10805.365000000002,5870.91425,61.942499999999995,190.94,0.0,0.2570601539642686,0.8021750396014584,4934.450750000002
2026-04-19 06:45:00,921.62,239.4275,237.31715,10778.4475,5826.20075,60.345,191.05249999999998,0.0,0.2520387173570287,0.8050513837706208,4952.24675
2026-04-19 07:00:00,931.07,242.16750000000002,239.750525,10737.3225,5785.786375000001,64.305,194.5375,0.0,0.26553934776549293,0.8114163670757342,4951.536125
2026-04-19 07:15:00,944.68,245.425,243.2551,10775.92,5856.2880000000005,67.245,196.9825,0.0,0.2739940918814302,0.8097774722914339,4919.632
2026-04-19 07:30:00,957.17,248.49,246.47127499999996,10757.115,5863.927624999998,71.12,200.36749999999998,0.0,0.28620870055133,0.8129446321888829,4893.187375000001
2026-04-19 07:45:00,971.46,252.29250000000002,250.15095000000002,10790.755,5856.30975,74.3875,204.5675,0.0,0.2948462597976555,0.8177762267143098,4934.445249999999
2026-04-19 08:00:00,992.5700000000002,258.2825,255.58677500000002,10839.922499999999,6009.030125000001,80.935,207.49249999999998,0.0,0.3133584350468963,0.8118279985339616,4830.892374999998
2026-04-19 08:15:00,1008.58,262.4525,259.70935000000003,10748.1,6195.521750000002,89.3325,208.29749999999999,0.0,0.3403758775397453,0.8020408198626655,4552.578249999999
2026-04-19 08:30:00,1021.28,264.8325,262.9796,10468.665,6190.0105,99.11999999999999,212.005,0.0,0.37427430545722296,0.8061651930415895,4278.654500000001
2026-04-19 08:45:00,1035.71,269.1325,266.695325,10389.482499999998,6155.375375000003,105.9725,216.78499999999997,0.0,0.3937558637474107,0.8128563933394781,4234.107124999995
2026-04-19 09:00:00,1050.25,273.1675,270.439375,10367.682499999999,6198.048124999999,111.4125,220.04999999999998,0.0,0.4078541554174636,0.8136758931645955,4169.634375
2026-04-19 09:15:00,1069.48,276.13750000000005,275.39109999999994,10404.3325,6421.392999999997,114.4925,221.02999999999997,0.0,0.41462133900683534,0.8026040057213178,3982.939500000003
2026-04-19 09:30:00,1080.5700000000002,280.015,278.24677500000007,10557.064999999999,6515.705125000005,115.6875,222.28499999999997,0.0,0.41314750995482385,0.7988771837517251,4041.3598749999937
2026-04-19 09:45:00,1085.4,281.69,279.49050000000005,10567.2825,6474.360000000002,117.13000000000001,224.48,0.0,0.415811707905854,0.8031757787831785,4092.922499999997
2026-04-19 10:00:00,1102.42,284.95,283.87315,10679.345,6683.78075,118.725,225.11249999999998,0.0,0.4166520442182839,0.7930038469647446,3995.5642499999994
2026-04-19 10:15:00,1124.39,290.435,289.53042500000004,10709.587500000001,6938.930875000004,125.6675,226.2325,0.0,0.4326871761323532,0.7813772939406971,3770.656624999998
2026-04-19 10:30:00,1129.04,291.9,290.7278,10648.99,6867.036499999999,128.515,228.98749999999998,0.0,0.44027064063035287,0.787635375770738,3781.9535000000005
2026-04-19 10:45:00,1135.48,293.8625,292.3861,10631.83,6860.6179999999995,131.21,230.94,0.0,0.446501339912374,0.7898460289322919,3771.2120000000004
2026-04-19 11:00:00,1150.76,298.4625,296.3207,10783.48,7245.770999999999,135.135,227.565,0.0,0.45277044854881265,0.7679686231842731,3537.7090000000007
2026-04-19 11:15:00,1164.14,301.12,299.76605,10639.0625,7180.390250000002,141.1975,232.66249999999997,0.0,0.4689077444208289,0.7761469319157388,3458.672249999998
2026-04-19 11:30:00,1169.81,302.4425,301.22607500000004,10877.5725,7541.441625000001,138.69,227.04749999999999,0.0,0.458566504376865,0.753744509003744,3336.130874999999
2026-04-19 11:45:00,1178.38,304.4325,303.43285000000003,10742.1,7379.689250000002,143.32,232.70999999999998,0.0,0.4707775943764217,0.7669242140394488,3362.410749999998
2026-04-19 12:00:00,1182.94,305.415,304.6070500000001,10840.0275,7517.020250000001,142.645,231.255,0.0,0.46705302621023853,0.7591912268609671,3323.0072499999987
2026-04-19 12:15:00,1190.54,306.4525,306.56404999999995,10979.602499999999,7765.90525,141.4075,228.42999999999998,0.0,0.4614336642709719,0.7451297697822038,3213.6972499999993
2026-04-19 12:30:00,1196.34,309.0225,308.05755,10907.17,7805.2977500000015,146.885,229.28499999999997,0.0,0.47532137627519033,0.7442927465988092,3101.8722499999985
2026-04-19 12:45:00,1201.5099999999998,309.95000000000005,309.38882499999994,10846.460000000001,7896.017874999996,150.0275,228.935,0.0,0.4840377480238748,0.7399588527478329,2950.442125000005
2026-04-19 13:00:00,1200.0500000000002,310.31,309.012875,10841.375,7882.090625000003,150.7475,228.79999999999998,0.0,0.48579646160291323,0.7404222235076774,2959.2843749999975
2026-04-19 13:15:00,1205.0700000000002,312.645,310.30552500000005,10938.3925,7880.061375000003,151.08249999999998,230.2625,0.0,0.4832397767435909,0.7420509190095792,3058.331124999997
2026-04-19 13:30:00,1216.91,314.85249999999996,313.354325,11103.73,8090.745375000002,150.1975,229.40249999999997,0.0,0.47704083658220914,0.7320865923902596,3012.9846249999973
2026-04-19 13:45:00,1218.36,316.9175,313.7277,11112.0075,8060.281000000001,152.685,230.42249999999999,0.0,0.48178153620421715,0.7344665453512711,3051.726499999999
2026-04-19 14:00:00,1231.5300000000002,318.77750000000003,317.1189750000001,11365.8625,8393.176125000004,149.6175,227.495,0.0,0.46934774254770173,0.7173805982439239,2972.6863749999957
2026-04-19 14:15:00,1243.73,321.0975,320.26047499999993,11769.32,8926.083624999997,144.6925,220.2925,0.0,0.4506185815834754,0.6878541599615127,2843.236375000002
2026-04-19 14:30:00,1246.62,321.9275,321.0046499999999,12083.490000000002,9042.763249999996,137.9675,218.77749999999997,0.0,0.42856699101505774,0.6815399714614727,3040.7267500000053
2026-04-19 14:45:00,1261.89,324.6225,324.93667500000004,12031.9225,9007.524625000002,141.60000000000002,223.8075,0.0,0.4361989695723495,0.6887726662433533,3024.3978749999987
2026-04-19 15:00:00,1264.07,324.7225,325.498025,12044.782500000001,9063.148874999999,141.575,223.3125,0.0,0.43598765099431047,0.6860640705884468,2981.633625000002
2026-04-19 15:15:00,1268.32,326.78,326.59240000000005,12156.16,9248.464500000002,142.5025,220.81,0.0,0.43608084950119347,0.6761026894685852,2907.695499999998
2026-04-19 15:30:00,1266.29,327.0525,326.0696750000001,12437.295,9536.089625000002,137.5325,214.4825,0.0,0.4205211701485235,0.657781193543987,2901.2053749999977
2026-04-19 15:45:00,1275.31,329.135,328.392325,12535.4375,9585.835374999999,137.4275,216.0425,0.0,0.41754143436583774,0.6578792607287639,2949.6021250000013
2026-04-19 16:00:00,1279.82,330.2075,329.55365000000006,12580.5675,9657.958250000003,137.86,215.8775,0.0,0.4174950599244415,0.655060261053094,2922.609249999996
2026-04-19 16:15:00,1282.16,331.1,330.1562,12943.8,10034.4735,131.7825,209.01,0.0,0.3980141951072183,0.6330639860768933,2909.326499999999
2026-04-19 16:30:00,1286.42,332.4,331.25315,13063.577500000001,10142.80575,130.815,208.04999999999998,0.0,0.3935469314079423,0.6280694991126876,2920.7717500000017
2026-04-19 16:45:00,1290.15,333.2425,332.213625,13227.935000000001,10333.631875,128.595,205.29,0.0,0.3858901550672558,0.6179457570411208,2894.303125000002
2026-04-19 17:00:00,1295.66,334.49,333.63245000000006,13342.885,10480.667250000002,127.8275,203.91,0.0,0.3821564172322042,0.6111815562305164,2862.217749999998
2026-04-19 17:15:00,1297.52,335.57,334.1114,13824.82,10890.5095,119.10249999999999,196.23999999999998,0.0,0.3549259468963256,0.5873490099409957,2934.3104999999996
2026-04-19 17:30:00,1304.25,337.395,335.844375,14383.485,11192.698125000003,108.17,192.1025,0.0,0.32060344699832544,0.5719985633226699,3190.786874999998
2026-04-19 17:45:00,1318.46,341.185,339.50345000000004,14681.847500000002,11414.947250000001,105.8875,191.68249999999998,0.0,0.31035215498922875,0.564596618973975,3266.9002500000006
2026-04-19 18:00:00,1397.9499999999998,362.085,359.9721249999999,15271.965,12538.099374999996,120.9875,191.73499999999999,0.0,0.33414115470124417,0.5326384647144554,2733.865625000004
2026-04-19 18:15:00,1489.72,385.325,383.60290000000003,15967.102499999999,13830.542000000001,136.695,191.88,0.0,0.3547524816713164,0.5002047690463236,2136.560499999998
2026-04-19 18:30:00,1550.17,401.335,399.16877500000004,16672.4225,14758.040125000003,141.9325,190.4525,0.0,0.3536509399877908,0.47712274087571094,1914.3823749999974
2026-04-19 18:45:00,1556.62,403.0875,400.82964999999996,16839.427499999998,14898.638249999998,140.36999999999998,189.46749999999997,0.0,0.3482370453065401,0.4726883353065323,1940.7892499999998
2026-04-19 19:00:00,1558.46,403.1875,401.30345,16847.2875,14828.82225,139.6325,191.385,0.0,0.3463215005425515,0.4769084342534309,2018.4652499999993
2026-04-19 19:15:00,1560.9,403.735,401.93175,16746.795000000002,14928.503750000002,143.62,190.08249999999998,0.0,0.35572838619391434,0.47292233071908346,1818.2912500000002
2026-04-19 19:30:00,1560.59,404.18499999999995,401.85192499999994,16667.615,14825.363374999999,145.73499999999999,192.05749999999998,0.0,0.3605650877692146,0.47793101899412327,1842.2516250000026
2026-04-19 19:45:00,1555.21,402.325,400.46657500000003,16464.27,14834.419125000004,149.065,190.3525,0.0,0.37050891692040017,0.47532681098291407,1629.8508749999964
2026-04-19 20:00:00,1550.69,401.56,399.302675,16410.225,14709.779625,148.9625,191.565,0.0,0.37095950791911547,0.47974885217085006,1700.4453749999993
2026-04-19 20:15:00,1541.59,398.97,396.959425,16485.105,14619.150875,143.3575,190.79999999999998,0.0,0.35931899641577053,0.4806536587461048,1865.9541250000002
2026-04-19 20:30:00,1534.88,397.13,395.23159999999996,16716.9325,14657.995499999999,135.2975,188.12249999999997,0.0,0.34068818774708537,0.47598041249738127,2058.937
2026-04-19 20:45:00,1527.8200000000002,395.64750000000004,393.4136500000001,16699.79,14628.508250000004,134.0525,186.71249999999998,0.0,0.33881801350950025,0.4745958865433366,2071.2817499999965
2026-04-19 21:00:00,1508.59,390.775,388.46192500000006,16344.622500000001,14283.413375000002,135.8975,188.1675,0.0,0.34776405860149706,0.4843911021652893,2061.2091249999994
2026-04-19 21:15:00,1495.33,388.085,385.04747499999996,16209.3125,14049.243625,135.23000000000002,189.095,0.0,0.3484545911333858,0.49109528636696037,2160.068875000001
2026-04-19 21:30:00,1471.91,381.4225,379.01682500000004,15906.4075,13702.557875000004,133.4075,189.39499999999998,0.0,0.3497630580262045,0.4997007718588745,2203.8496249999953
2026-04-19 21:45:00,1439.98,373.25,370.79485,15448.6725,13142.849250000003,132.875,191.545,0.0,0.3559946416610851,0.5165794508742503,2305.8232499999976
2026-04-19 22:00:00,1423.77,369.27750000000003,366.620775,15621.265000000001,13074.400124999998,123.4375,188.3225,0.0,0.33426759009146234,0.5136711087908207,2546.864875000003
2026-04-19 22:15:00,1390.23,360.385,357.98422500000004,15342.232499999998,12508.264875000003,117.11999999999999,190.14499999999998,0.0,0.3249857790973542,0.5311546898470176,2833.9676249999957
2026-04-19 22:30:00,1358.94,353.3575,349.92705,14784.485,12019.87025,121.42999999999999,191.04999999999998,0.0,0.34364630721012,0.5459709387999584,2764.6147500000006
2026-04-19 22:45:00,1326.33,343.775,341.529975,14639.785,11528.281125,110.88749999999999,191.64499999999998,0.0,0.3225583593920442,0.5611366908570763,3111.5038750000003
2026-04-19 23:00:00,1291.87,336.02750000000003,332.656525,14356.66,11068.991375,107.22500000000001,191.07,0.0,0.3190959073290133,0.5743762278524372,3287.6686250000002
2026-04-19 23:15:00,1276.7,331.385,328.75025,13948.722499999998,10772.77125,110.7775,192.6975,0.0,0.3342864040315645,0.5861516455120567,3175.9512499999983
2026-04-19 23:30:00,1248.47,324.7025,321.481025,13510.365,10444.963875,113.1975,191.2575,0.0,0.34861912057960753,0.5949262479799546,3065.4011250000003
2026-04-20 00:00:00,1202.95,312.25,309.759625,12795.195,9691.286875000002,113.25,193.4375,0.0,0.36269015212169736,0.6244761563099128,3103.908124999998
2026-04-20 00:15:00,1177.61,305.61249999999995,303.23457500000006,12644.837499999998,9580.784125000002,109.1925,188.47,0.0,0.35729068673565384,0.6215320268145542,3064.053374999996
2026-04-20 00:30:00,1151.29,298.09,296.457175,12399.0525,9296.152125,105.2725,186.70749999999998,0.0,0.3531567647354826,0.6297958549999675,3102.9003749999993
2026-04-20 00:45:00,1131.72,293.61,291.41790000000003,12228.36,8959.742000000002,102.81,187.89249999999998,0.0,0.35015837335240624,0.6447527759962581,3268.6179999999986
2026-04-20 01:00:00,1119.9700000000005,291.4075,288.39227500000015,11849.165,8709.08262500001,109.1925,189.5775,0.0,0.3747072398617056,0.6573598408625886,3140.082374999991
2026-04-20 01:15:00,1107.19,288.15,285.101425,11779.625,8524.210875,106.2025,189.65499999999997,0.0,0.36856671872288743,0.6652194039366867,3255.4141249999993
2026-04-20 01:30:00,1096.34,285.61,282.30755,11752.0975,8359.04775,103.09,189.885,0.0,0.3609467455621302,0.6726175052704045,3393.04975
2026-04-20 01:45:00,1083.97,282.2,279.12227499999995,11561.205,8088.107624999999,102.5075,191.79999999999998,0.0,0.3632441530829199,0.6871540438684086,3473.097375000001
2026-04-20 02:00:00,1083.1,281.39250000000004,278.89824999999996,11604.355000000001,8087.036249999998,100.22,191.575,0.0,0.3561573247332462,0.6868992544772153,3517.318750000003
2026-04-20 02:15:00,1052.2800000000002,273.84749999999997,270.9621000000001,11315.189999999999,7563.423000000004,96.2075,193.3175,0.0,0.3513177954883649,0.7134484859690707,3751.7669999999944
2026-04-20 02:30:00,1043.32,271.675,268.6549,11403.44,7479.152000000001,90.8925,192.46499999999997,0.0,0.3345633569522407,0.7164023436758458,3924.2879999999996
2026-04-20 02:45:00,1041.47,271.23,268.17852500000004,11383.5,7483.201375000002,90.9825,191.85999999999999,0.0,0.335444088043358,0.7154189545937728,3900.2986249999976
2026-04-20 03:00:00,1040.13,270.82,267.833475,11379.6875,7470.4736250000005,90.52,191.73499999999999,0.0,0.3342441474041799,0.7158739212863514,3909.2138749999995
2026-04-20 03:15:00,1030.13,268.36,265.25847500000003,11305.092499999999,7390.848625000002,89.315,190.49499999999998,0.0,0.33281785661052316,0.718148590728345,3914.2438749999965
2026-04-20 03:30:00,1022.05,266.5625,263.177875,11445.225,7417.915624999999,83.85000000000001,187.665,0.0,0.31456037514654167,0.7130728599431089,4027.3093750000016
2026-04-20 03:45:00,1015.41,265.105,261.468075,11316.145,7260.251625,84.725,188.9375,0.0,0.3195903509930027,0.7226025586488906,4055.8933750000006
2026-04-20 04:00:00,1030.19,268.14750000000004,265.273925,11348.692500000001,7373.448375000002,87.6925,190.85999999999999,0.0,0.32703083191154114,0.7194827007592245,3975.2441249999993
2026-04-20 04:15:00,1014.16,264.355,261.1462,11328.664999999999,7283.923500000001,83.5625,188.10999999999999,0.0,0.31609956308751486,0.7203244772468448,4044.7414999999983
2026-04-20 04:30:00,1032.65,268.695,265.90737500000006,11408.4125,7429.663125000005,87.0425,190.43249999999998,0.0,0.32394536556318504,0.7161610316374262,3978.749374999996
2026-04-20 04:45:00,1040.11,270.63,267.828325,11432.6025,7444.940375000001,88.63,192.23999999999998,0.0,0.32749510401655396,0.7177732228284666,3987.662125
2026-04-20 05:00:00,1047.14,273.0,269.63855,11452.2325,7454.502750000001,90.99000000000001,194.04,0.0,0.33329670329670336,0.7196300380639192,3997.7297499999995
2026-04-20 05:15:00,1065.62,277.03,274.3971499999999,11668.5975,7777.725749999996,91.565,192.80999999999997,0.0,0.3305237699888099,0.702667647969376,3890.871750000004
2026-04-20 05:30:00,1092.08,284.61,281.2106,11823.814999999999,8286.590499999998,99.58,190.1275,0.0,0.34988229507044727,0.6761036034914758,3537.2245000000003
2026-04-20 05:45:00,1108.81,288.995,285.51857500000006,11813.177500000002,8449.779125000001,105.8675,191.6025,0.0,0.36632986729874223,0.6710684234817296,3363.3983750000007
2026-04-20 06:00:00,1170.88,304.03999999999996,301.50160000000005,12418.242499999998,9293.470500000003,111.63,192.30999999999997,0.0,0.3671556374161295,0.6378407278767341,3124.7719999999954
2026-04-20 06:15:00,1213.93,315.49,312.58697500000005,12986.48,9866.166125000002,113.0325,193.04999999999998,0.0,0.35827601508764145,0.6175881128764241,3120.313874999998
2026-04-20 06:30:00,1238.46,321.985,318.90345,13334.0925,10137.822250000001,112.75999999999999,194.565,0.0,0.3502026491917325,0.6101062876554016,3196.2702499999996
2026-04-20 06:45:00,1252.15,324.51,322.428625,13459.205,10351.706875000003,113.27250000000001,194.165,0.0,0.34905703984468894,0.6021952920588238,3107.4981249999964
2026-04-20 07:00:00,1273.67,330.6525,327.97002499999996,13703.81,10631.608875,115.61749999999999,194.6625,0.0,0.34966467817421615,0.5935374734322139,3072.2011249999996
2026-04-20 07:15:00,1273.5300000000002,330.0,327.93397500000003,13550.164999999999,10527.501125000003,118.0825,196.70499999999998,0.0,0.3578257575757576,0.5998311092957049,3022.6638749999966
2026-04-20 07:30:00,1275.18,330.8325,328.35885,13593.73,10400.369250000002,117.08500000000001,199.71499999999997,0.0,0.353910211360734,0.6082217671306863,3193.360749999998
2026-04-20 07:45:00,1277.7800000000002,331.21,329.02835000000005,13390.1925,10324.816750000004,122.35749999999999,201.96249999999998,0.0,0.3694257419763896,0.6138148885954658,3065.3757499999956
2026-04-20 08:00:00,1322.78,341.4075,340.61585,13489.475,10651.879250000002,132.6525,208.1675,0.0,0.3885459458272006,0.6111503619106391,2837.5957499999986
2026-04-20 08:15:00,1352.27,349.2375,348.209525,13654.78,11074.656374999999,139.86,208.065,0.0,0.4004724578546119,0.5975281692825606,2580.123625000002
2026-04-20 08:30:00,1376.1,354.9125,354.34575000000007,13907.9825,11356.648750000004,141.0625,209.17499999999998,0.0,0.39745711971260517,0.5903132745348292,2551.333749999996
2026-04-20 08:45:00,1392.87,359.0125,358.664025,14330.84,11801.778875,137.1875,205.02249999999998,0.0,0.3821245778350336,0.5716282808123843,2529.061125
2026-04-20 09:00:00,1411.34,364.115,363.42004999999995,14358.752499999999,11743.110249999998,141.76749999999998,211.42749999999998,0.0,0.389348145503481,0.581771699167396,2615.642250000001
2026-04-20 09:15:00,1440.5499999999995,372.125,370.9416249999999,14641.735,12042.796874999995,145.225,213.70749999999998,0.0,0.3902586496472959,0.5761216471729212,2598.938125000006
2026-04-20 09:30:00,1447.4,373.63,372.70550000000003,14691.724999999999,12016.56,145.245,216.17249999999999,0.0,0.3887401975216123,0.5800088810065855,2675.164999999999
2026-04-20 09:45:00,1455.5300000000002,375.9275,374.79897500000004,14862.797499999999,12154.951125000003,144.2,215.70749999999998,0.0,0.38358460075413475,0.5755285216561757,2707.8463749999955
2026-04-20 10:00:00,1465.11,378.9325,377.265825,14794.1975,12005.877875000002,148.51999999999998,221.40249999999997,0.0,0.39194315610299985,0.5868607367232375,2788.3196249999983
2026-04-20 10:15:00,1477.6,381.445,380.48199999999997,14860.4175,12152.517499999998,150.2525,222.0075,0.0,0.39390344610625383,0.583490151965139,2707.9000000000015
2026-04-20 10:30:00,1488.85,384.83000000000004,383.378875,14819.7825,12163.845625,155.3425,224.96749999999997,0.0,0.40366525478782833,0.5868020244986112,2655.9368749999994
2026-04-20 10:45:00,1487.3000000000002,384.07,382.9797500000001,14835.2975,12079.143750000005,153.3525,226.22249999999997,0.0,0.39928268284427315,0.5906904999546319,2756.153749999996
2026-04-20 11:00:00,1496.54,386.855,385.35905,14952.897500000001,12252.13025,154.61,225.38,0.0,0.39965878688397466,0.584857161133234,2700.767250000001
2026-04-20 11:15:00,1506.37,389.325,387.890275,15046.732499999998,12325.097624999999,155.28,226.70499999999998,0.0,0.39884415334232326,0.5844565193081986,2721.6348749999997
2026-04-20 11:30:00,1511.53,390.72749999999996,389.218975,15326.724999999999,12775.301125000002,152.4475,219.16249999999997,0.0,0.3901632211707648,0.5630827736494604,2551.4238749999968
2026-04-20 11:45:00,1491.16,385.045,383.9737,15023.565000000002,12383.061000000003,151.465,221.23749999999998,0.0,0.3933696061499305,0.5761787851615878,2640.503999999999
2026-04-20 12:00:00,1476.2199999999998,381.3,380.12665000000004,14861.155,11974.723250000001,148.905,225.17249999999999,0.0,0.3905192761605035,0.5923617825795691,2886.4317499999997
2026-04-20 12:15:00,1446.48,374.96000000000004,372.46860000000004,14543.474999999999,11414.905500000003,147.0925,227.945,0.0,0.39228851077448257,0.6119844733220464,3128.569499999996
2026-04-20 12:30:00,1445.98,373.1225,372.33985000000007,14462.495,11579.699250000003,147.7575,224.5075,0.0,0.3960026532841091,0.6029639320099633,2882.7957499999975
2026-04-20 12:45:00,1454.0700000000002,376.305,374.42302500000005,14355.1925,11400.648875000003,153.325,230.38,0.0,0.4074487450339485,0.6152933570257865,2954.5436249999966
2026-04-20 13:00:00,1460.03,377.4325,375.957725,14310.62,11501.682375,156.3225,230.04749999999999,0.0,0.41417339524285796,0.6118972552033609,2808.9376250000005
2026-04-20 13:15:00,1469.54,379.25750000000005,378.40655,14424.1825,11744.36775,156.72500000000002,227.8875,0.0,0.41324166298622966,0.6022292690229596,2679.8147500000014
2026-04-20 13:30:00,1485.79,383.33500000000004,382.590925,14651.545,12119.133375000001,157.6575,224.995,0.0,0.4112786466145799,0.5880824277261673,2532.411624999999
2026-04-20 13:45:00,1482.95,383.345,381.859625,14527.909999999998,12075.161875,160.9875,225.07,0.0,0.4199546100770846,0.5894050726101248,2452.7481249999983
2026-04-20 14:00:00,1503.05,388.21500000000003,387.03537499999993,14820.689999999999,12407.328125,160.64749999999998,224.11999999999998,0.0,0.41381064616256447,0.5790685153779548,2413.3618749999987
2026-04-20 14:15:00,1505.71,389.46000000000004,387.720325,15020.720000000001,12626.875375000003,158.37,220.4825,0.0,0.4066399630257279,0.5686637655634895,2393.844624999998
2026-04-20 14:30:00,1517.91,392.75,390.861825,15249.7575,12824.157874999999,157.2425,219.9925,0.0,0.4003628262253342,0.5628395661305629,2425.5996250000007
2026-04-20 14:45:00,1527.36,394.5025,393.29519999999997,15387.055,13015.3685,156.54,218.84499999999997,0.0,0.39680356905216063,0.5564395395621405,2371.6865
2026-04-20 15:00:00,1532.0800000000002,396.12,394.51060000000007,15871.2475,13540.715500000006,149.07999999999998,209.67499999999998,0.0,0.37635060082803184,0.5314812833926388,2330.531999999994
2026-04-20 15:15:00,1525.34,393.85,392.7750499999999,15667.267500000002,13296.385249999996,150.1725,212.65249999999997,0.0,0.3812936397105497,0.5414104078148549,2370.882250000006
2026-04-20 15:30:00,1519.59,393.0375,391.294425,15636.65,13160.200874999999,149.4075,213.7475,0.0,0.3801354832554145,0.5462574632899511,2476.449125000001
2026-04-20 15:45:00,1523.52,393.5,392.3064,15975.775,13615.1095,143.735,205.7625,0.0,0.36527318932655656,0.5244943748049994,2360.665499999999
2026-04-20 16:00:00,1503.4699999999998,387.77,387.14352499999995,15654.575,13205.776375,143.01749999999998,208.26999999999998,0.0,0.36882043479382104,0.5379658616271575,2448.7986250000013
2026-04-20 16:15:00,1498.23,386.76,385.7942250000001,15771.8225,13217.689875000004,138.9525,206.54749999999999,0.0,0.3592731926776295,0.5353825604828583,2554.1326249999966
2026-04-20 16:30:00,1486.18,384.1875,382.69135,15974.0975,13380.15675,132.0025,199.885,0.0,0.34358874247600457,0.5223138699110915,2593.9407499999998
2026-04-20 16:45:00,1473.32,381.0925,379.3799,15787.745,13350.527000000002,133.51,196.83499999999998,0.0,0.3503348924473717,0.5188334964503917,2437.217999999999
2026-04-20 17:00:00,1462.93,378.65250000000003,376.704475,15536.7275,13153.253625000001,136.315,197.83749999999998,0.0,0.3600002640943873,0.5251795854031199,2383.4738749999997
2026-04-20 17:15:00,1458.4,376.615,375.538,15484.855,13172.597500000002,135.275,196.1675,0.0,0.35918643707765224,0.5223639152362743,2312.257499999998
2026-04-20 17:30:00,1453.25,376.0375,374.2118750000001,15600.7075,13228.035625000002,132.1875,193.6,0.0,0.3515274407472659,0.5173539722650435,2372.671874999998
2026-04-20 17:45:00,1466.59,379.4325,377.646925,15717.475,13449.588375,134.3075,192.9475,0.0,0.3539694148498086,0.5109203523900002,2267.886625000001
2026-04-20 18:00:00,1532.8000000000002,396.9175,394.6960000000001,16726.6325,14408.037500000006,133.17000000000002,192.53249999999997,0.0,0.3355105280064497,0.48779947098526444,2318.594999999994
2026-04-20 18:15:00,1599.6,414.8275,411.897,17618.692499999997,15335.842499999999,135.555,192.89749999999998,0.0,0.32677438212268956,0.4683148942575449,2282.8499999999985
2026-04-20 18:30:00,1636.68,424.2175,421.4451000000001,17956.9125,15818.363000000005,140.0725,193.75,0.0,0.33019029153677065,0.459727732034374,2138.5494999999937
2026-04-20 18:45:00,1640.65,425.47,422.46737500000006,17915.6475,15801.713125000004,142.5375,195.20749999999998,0.0,0.3350118692269725,0.4620652659865154,2113.9343749999953
2026-04-20 19:00:00,1642.42,425.52250000000004,422.92315,17859.597500000003,15876.530750000002,144.48,194.21249999999998,0.0,0.3395355122232079,0.45921463509386984,1983.0667500000018
2026-04-20 19:15:00,1633.2399999999998,423.815,420.55929999999995,17647.7925,15791.518999999997,147.98250000000002,193.3125,0.0,0.34916767929403164,0.45965574890390015,1856.273500000003
2026-04-20 19:30:00,1630.6,422.93499999999995,419.8795,17689.9325,15764.380000000003,145.6075,193.1075,0.0,0.3442786716634944,0.45991171276521,1925.5524999999961
2026-04-20 19:45:00,1622.22,420.51750000000004,417.72164999999995,17516.5825,15898.07325,148.4725,188.05999999999997,0.0,0.35307091857057077,0.4502041012238652,1618.509250000001
2026-04-20 20:00:00,1609.33,417.32000000000005,414.402475,17852.0425,15767.393624999999,135.01749999999998,187.02249999999998,0.0,0.32353469759417225,0.4513064261983474,2084.6488750000008
2026-04-20 20:15:00,1608.6999999999998,417.11249999999995,414.24024999999995,17828.579999999998,15668.721249999997,134.71249999999998,188.8175,0.0,0.3229644280619737,0.45581640123092826,2159.8587500000012
2026-04-20 20:30:00,1604.64,415.82,413.19480000000004,17756.975,15542.346500000003,134.2425,190.195,0.0,0.32283800682987834,0.46030346945314893,2214.6284999999953
2026-04-20 20:45:00,1577.72,409.2975,406.2629,17517.285,15225.842,131.48000000000002,188.89999999999998,0.0,0.3212333327225307,0.4649698508035067,2291.4429999999993
2026-04-20 21:00:00,1550.0,402.09,399.125,17424.86,14814.8825,123.13499999999999,189.26749999999998,0.0,0.3062374095351787,0.4742060757907923,2609.977500000001
2026-04-20 21:15:00,1534.66,398.0525,395.17495,17309.652499999997,14601.254750000002,120.27250000000001,189.195,0.0,0.3021523542748758,0.4787626341193944,2708.3977499999946
2026-04-20 21:30:00,1508.9,391.685,388.5417500000001,17153.4675,14319.178750000003,115.61,187.54,0.0,0.2951606520545847,0.4826765720800916,2834.288749999996
2026-04-20 21:45:00,1481.48,384.2475,381.4811,16674.9475,13991.718,117.915,186.3225,0.0,0.3068725235687936,0.4884186923021874,2683.2294999999976
2026-04-20 22:00:00,1476.52,383.20750000000004,380.20390000000003,16318.560000000001,13883.597000000002,125.735,187.07999999999998,0.0,0.328112054174305,0.4920517648556471,2434.9629999999997
2026-04-20 22:15:00,1418.69,368.88,365.312675,15716.8375,13142.829625000002,121.25,185.515,0.0,0.3286976794621557,0.5078252486038158,2574.0078749999975
2026-04-20 22:30:00,1387.85,359.93,357.371375,15420.185,12652.183125000001,115.585,186.59249999999997,0.0,0.32113188675575804,0.5221249183709803,2768.001874999998
2026-04-20 22:45:00,1367.97,355.21,352.252275,15220.46,12259.382625,113.18499999999999,188.8175,0.0,0.31864249317305254,0.5360291853331536,2961.077374999999
2026-04-20 23:00:00,1340.7,350.045,345.23025,15098.845,11963.29625,109.4275,187.015,0.0,0.3126098073104886,0.5417109306035609,3135.54875
2026-04-20 23:15:00,1321.06,344.315,340.17295,14833.205,11818.644750000003,109.0275,184.345,0.0,0.3166504508952558,0.5419155167981463,3014.560249999997
2026-04-20 23:30:00,1301.6,337.825,335.1619999999999,14715.2175,11591.917499999998,102.91250000000001,183.36749999999998,0.0,0.30463257603788946,0.5471011033470382,3123.300000000003
2026-04-21 00:00:00,1258.6999999999998,326.7075,324.11524999999995,14041.2225,10852.346249999997,103.67500000000001,186.0075,0.0,0.3173327823817942,0.5738930827845959,3188.876250000003
2026-04-21 00:15:00,1228.52,318.63,316.3439,13785.785,10401.922000000002,98.41,186.46749999999997,0.0,0.3088535291717666,0.5894455369615155,3383.8629999999976
2026-04-21 00:30:00,1219.84,316.4325,314.1088,13662.617499999998,10277.241499999998,98.46,186.5025,0.0,0.3111564077646891,0.593751273444106,3385.376
2026-04-21 00:45:00,1190.67,310.28499999999997,306.597525,13698.05,9944.996375,88.9325,184.885,0.0,0.28661553088289804,0.6030218280463939,3753.0536249999986
2026-04-21 01:00:00,1177.87,306.8525,303.30152499999997,13517.23,9762.341375,88.7075,184.9125,0.0,0.28908840566721794,0.6096655794922232,3754.8886249999996
2026-04-21 01:15:00,1169.15,303.7375,301.056125,13339.0125,9683.844375,89.21000000000001,184.0125,0.0,0.2937075599818923,0.6112232395205378,3655.168125
2026-04-21 01:30:00,1155.91,303.33000000000004,297.64682500000004,13254.0025,9461.207875000004,90.655,184.71499999999997,0.0,0.2988659216035341,0.6205844796093489,3792.794624999997
2026-04-21 01:45:00,1136.19,296.195,292.56892500000004,12922.797499999999,9125.298375000004,88.60249999999999,185.8475,0.0,0.2991357045189824,0.6352263829796687,3797.499124999995
2026-04-21 02:00:00,1140.0,297.4675,293.55000000000007,12970.925,9163.132500000003,89.08,186.17,0.0,0.2994612856866717,0.6342020098790664,3807.792499999996
2026-04-21 02:15:00,1144.3200000000002,296.735,294.66240000000005,12870.07,9198.064500000002,90.53250000000001,186.695,0.0,0.3050954555411394,0.6335894908885558,3672.0054999999975
2026-04-21 02:30:00,1130.5700000000002,294.025,291.12177500000007,12632.4,8919.705125000004,92.33999999999999,188.36749999999998,0.0,0.31405492730210016,0.6470402291274843,3712.6948749999956
2026-04-21 02:45:00,1129.67,294.1025,290.89002500000004,12635.94,8942.958875000002,92.6125,187.64749999999998,0.0,0.3148987172839401,0.6450805592250884,3692.9811249999984
2026-04-21 03:00:00,1121.86,292.3925,288.8789499999999,12659.339999999998,8909.099749999998,89.97749999999999,186.11249999999998,0.0,0.3077284814076968,0.6442577418673117,3750.2402500000007
2026-04-21 03:15:00,1121.76,292.26,288.8532,12588.64,8839.183500000003,91.21000000000001,187.4825,0.0,0.31208512967905294,0.6490580682505853,3749.4564999999966
2026-04-21 03:30:00,1106.93,290.0475,285.03447500000004,12514.69,8701.403625000003,90.4275,186.0375,0.0,0.31176790008533084,0.65268420600701,3813.286374999998
2026-04-21 03:45:00,1099.54,286.73,283.13155000000006,12593.627499999999,8587.117750000001,83.295,186.23,0.0,0.29049977330589755,0.6577507875755985,4006.5097499999974
2026-04-21 04:00:00,1104.0700000000002,288.08500000000004,284.29802500000005,12652.5625,8642.898875000003,83.6575,186.39749999999998,0.0,0.29039172466459545,0.6556412060899823,4009.6636249999974
2026-04-21 04:15:00,1122.84,292.695,289.1313,12821.91,8890.479000000001,85.805,186.7625,0.0,0.2931549906899674,0.6459435557478557,3931.4309999999987
2026-04-21 04:30:00,1120.15,291.3,288.43862500000006,12787.835000000001,8883.006875000005,84.8675,186.14999999999998,0.0,0.2913405423961552,0.6453712639907361,3904.8281249999964
2026-04-21 04:45:00,1129.94,294.92,290.95955000000004,12947.135000000002,9033.657750000004,86.02749999999999,185.91,0.0,0.29169774854197744,0.638954796293849,3913.477249999998
2026-04-21 05:00:00,1129.91,295.5725,290.95182500000004,12954.322499999998,9022.107875000002,86.72500000000001,186.1325,0.0,0.29341362948176847,0.6397364924588459,3932.214624999997
2026-04-21 05:15:00,1166.53,303.58,300.381475,13124.0525,9527.113625000002,93.94500000000001,186.40499999999997,0.0,0.3094571447394427,0.6205609050957619,3596.938874999998
2026-04-21 05:30:00,1178.99,307.06499999999994,303.589925,13381.8,9772.703375000001,92.645,185.02249999999998,0.0,0.3017113640434436,0.6094487489991639,3609.0966249999983
2026-04-21 05:45:00,1204.11,313.6,310.05832499999997,13743.8425,10091.215375,92.3125,185.76749999999998,0.0,0.29436383928571425,0.5991372752207186,3652.627125000001
2026-04-21 06:00:00,1249.62,324.65999999999997,321.77715,14195.289999999999,10666.125750000001,96.0625,187.16,0.0,0.2958864658411877,0.5816447811785268,3529.164249999998
2026-04-21 06:15:00,1244.76,323.5,320.52570000000003,14302.452500000001,10726.171000000002,92.3475,184.58249999999998,0.0,0.2854636785162287,0.5758742590687734,3576.281499999999
2026-04-21 06:30:00,1250.7800000000002,324.8075,322.07585000000006,14079.26,10878.554250000001,100.79499999999999,183.23999999999998,0.0,0.3103222678047766,0.5689343053817911,3200.705749999999
2026-04-21 06:45:00,1285.71,334.03999999999996,331.070325,14448.689999999999,11358.750375000003,104.4325,183.52999999999997,0.0,0.3126347144054605,0.5543535199054761,3089.9396249999954
2026-04-21 07:00:00,1290.9,334.98249999999996,332.40675000000005,14474.585,11311.128750000003,104.2825,185.9525,0.0,0.31130730709813204,0.5594125269718498,3163.4562499999956
2026-04-21 07:15:00,1320.97,341.6475,340.14977500000003,14796.91,11715.870125000001,105.33,186.375,0.0,0.308300221719755,0.5479203977130368,3081.0398749999986
2026-04-21 07:30:00,1310.18,339.155,337.37135,14655.442500000001,11493.55675,104.96,187.765,0.0,0.30947501879671535,0.556552890457355,3161.8857500000013
2026-04-21 07:45:00,1338.02,344.335,344.54015000000004,14917.43,11892.215750000003,105.61,187.67749999999998,0.0,0.30670713113682896,0.5447188085336352,3025.2142499999973
2026-04-21 08:00:00,1361.59,352.855,350.609425,15196.53,12170.650875,110.3425,188.785,0.0,0.3127134375309971,0.538448160656263,3025.8791250000013
2026-04-21 08:15:00,1404.35,363.2925,361.62012500000003,15641.3425,12697.864375000001,113.28500000000001,190.3525,0.0,0.31182862294156916,0.5263880156006251,2943.4781249999996
2026-04-21 08:30:00,1440.9,372.0,371.0317500000001,16139.1475,13168.628750000003,112.44500000000001,191.29,0.0,0.3022715053763441,0.5155623474271405,2970.5187499999956
2026-04-21 08:45:00,1475.92,380.345,380.04940000000005,16464.9675,13556.974500000002,115.2875,193.4425,0.0,0.303112963230751,0.5089930414309297,2907.9929999999968
2026-04-21 09:00:00,1492.76,385.28249999999997,384.3857,16623.545,13757.596,118.075,194.2,0.0,0.30646343916476876,0.5052217082997624,2865.9489999999987
2026-04-21 09:15:00,1488.99,384.0275,383.4149250000001,16463.8125,13623.578375000005,119.96,195.8125,0.0,0.3123734628379478,0.5107065146198989,2840.2341249999954
2026-04-21 09:30:00,1526.26,393.0625,393.01195,16933.854999999996,14209.539750000002,121.095,194.64999999999998,0.0,0.3080807759580219,0.4952775608985935,2724.315249999994
2026-04-21 09:45:00,1533.88,394.89750000000004,394.9741,16912.9675,14267.333000000002,124.035,195.65249999999997,0.0,0.31409416367538406,0.4953552650667473,2645.6344999999965
2026-04-21 10:00:00,1551.58,401.5325,399.53185,17230.7425,14543.009250000003,125.485,195.15249999999997,0.0,0.31251517623106473,0.4884529230898612,2687.7332499999975
2026-04-21 10:15:00,1562.83,402.475,402.428725,17346.4025,14713.712375000001,123.84,194.92499999999998,0.0,0.307696130194422,0.484371487149681,2632.690124999999
2026-04-21 10:30:00,1566.66,405.6375,403.4149500000001,17426.12,14643.579750000003,125.5125,197.4125,0.0,0.30942035684570585,0.48935345603825525,2782.5402499999964
2026-04-21 10:45:00,1579.37,407.76,406.687775,17539.684999999998,14851.585125000001,125.795,196.8525,0.0,0.3085025505199137,0.484038400219923,2688.0998749999962
2026-04-21 11:00:00,1575.7,406.80999999999995,405.74275,17471.1475,14745.85875,125.85749999999999,197.92749999999998,0.0,0.30937661316093507,0.4878152474689935,2725.2887499999997
2026-04-21 11:15:00,1583.41,408.90999999999997,407.728075,17584.48,14815.051625,125.635,198.7275,0.0,0.3072436477464479,0.4874020509870457,2769.4283749999995
2026-04-21 11:30:00,1605.0000000000002,415.02250000000004,413.28750000000014,17788.3225,15023.070000000007,128.525,200.68249999999998,0.0,0.30968200519248956,0.48557602153464574,2765.2524999999914
2026-04-21 11:45:00,1558.32,403.38750000000005,401.2674,17190.515000000003,14304.089500000002,126.98,201.83999999999997,0.0,0.31478417154720956,0.5030062247767947,2886.425500000001
2026-04-21 12:00:00,1548.62,400.22,398.76964999999996,17066.505,14146.338249999997,125.48,202.2475,0.0,0.31352755984208686,0.5071787684945432,2920.166750000004
2026-04-21 12:15:00,1547.75,399.66999999999996,398.54562500000003,17141.364999999998,14251.891875000001,123.4675,199.89,0.0,0.30892361197988344,0.5015485993604872,2889.473124999997
2026-04-21 12:30:00,1549.69,400.65,399.04517500000003,17293.934999999998,14316.617125000002,121.0625,199.14499999999998,0.0,0.30216523149881447,0.4990537725459278,2977.317874999995
2026-04-21 12:45:00,1538.2600000000002,397.71000000000004,396.10195000000004,17114.5125,14252.364750000002,122.2275,197.1925,0.0,0.30732820396771515,0.4978326918107825,2862.1477499999983
2026-04-21 13:00:00,1558.94,402.9675,401.42705,17354.425,14556.120249999998,123.635,196.975,0.0,0.3068113433465478,0.4906869131016457,2798.304750000001
2026-04-21 13:15:00,1575.7600000000002,408.19,405.75820000000004,17628.482500000002,14795.583500000002,124.0,196.95,0.0,0.30378010240329256,0.4853876027644049,2832.8989999999994
2026-04-21 13:30:00,1598.14,414.1125,411.52105000000006,18017.1775,15151.540250000005,122.5725,196.17,0.0,0.29598840894684414,0.47669493456045553,2865.637249999996
2026-04-21 13:45:00,1616.64,416.825,416.28479999999996,18098.2525,15348.671499999999,123.9575,197.46749999999997,0.0,0.2973849937023931,0.47435673846366716,2749.581
2026-04-21 14:00:00,1625.32,419.96500000000003,418.5199,18260.1,15520.227,124.5925,196.49499999999998,0.0,0.29667353231816934,0.4694997776688754,2739.872999999998
2026-04-21 14:15:00,1649.54,424.80499999999995,424.75655,18468.3525,15871.617750000001,126.2175,196.3275,0.0,0.2971186779816622,0.4622118246322511,2596.7347499999996
2026-04-21 14:30:00,1639.57,422.53249999999997,422.18927499999995,18340.712499999998,15778.917625,126.63,195.3575,0.0,0.29969292302958944,0.46272492355472555,2561.794874999998
2026-04-21 14:45:00,1642.8200000000002,423.1925,423.02615000000003,18394.3775,15873.945750000003,126.505,194.3775,0.0,0.2989301558983205,0.45949287059440647,2520.431749999996
2026-04-21 15:00:00,1651.4199999999998,424.9725,425.24065,18466.8675,15976.99325,127.06,194.7525,0.0,0.29898405190924116,0.4579818509824966,2489.8742500000008
2026-04-21 15:15:00,1648.9,425.53999999999996,424.59175000000005,18573.785,16059.928750000003,125.8475,192.38,0.0,0.29573600601588573,0.4530940603532687,2513.856249999997
2026-04-21 15:30:00,1651.14,426.26,425.16855,18650.6375,16136.027750000001,125.1525,191.49249999999998,0.0,0.29360601510815,0.4503919680794828,2514.6097499999996
2026-04-21 15:45:00,1640.2199999999998,423.5725,422.35664999999995,18610.804999999997,16078.623249999999,122.9175,189.54749999999999,0.0,0.2901923519586376,0.4487854044680012,2532.181749999998
2026-04-21 16:00:00,1611.37,416.22749999999996,414.927775,18363.1025,15663.785124999999,118.65,189.67249999999999,0.0,0.28506045371821903,0.4571217243772124,2699.3173750000024
2026-04-21 16:15:00,1604.88,414.7075,413.25660000000005,18309.3375,15640.3705,118.32499999999999,188.30249999999998,0.0,0.28532158207893515,0.4556551546908143,2668.9670000000006
2026-04-21 16:30:00,1594.5,412.23,410.58375,18312.7175,15562.613749999999,115.03750000000001,186.9175,0.0,0.27906144627998936,0.4552481680047006,2750.10375
2026-04-21 16:45:00,1579.0100000000002,408.1925,406.59507500000007,18062.4425,15435.736625000003,116.44999999999999,185.0675,0.0,0.2852820666719746,0.4551641458027989,2626.705874999998
2026-04-21 17:00:00,1560.78,403.35,401.90085,17877.325,15279.679250000001,114.97250000000001,183.02499999999998,0.0,0.28504400644601463,0.4553983899262716,2597.6457499999997
2026-04-21 17:15:00,1544.56,399.84000000000003,397.7242,17784.485,15124.088500000002,112.785,181.5425,0.0,0.28207533013205277,0.4564532407130368,2660.396499999999
2026-04-21 17:30:00,1526.8200000000002,395.1825,393.15614999999997,17598.035,14932.845749999999,111.3225,180.34249999999997,0.0,0.28169896187204646,0.458704512189368,2665.1892500000013
2026-04-21 17:45:00,1529.34,395.3225,393.80505,17611.48,14969.28525,111.1725,180.3275,0.0,0.2812197636107229,0.4579105829140586,2642.1947499999987
2026-04-21 18:00:00,1599.91,413.76750000000004,411.97682499999996,18451.15,15979.482875,115.9725,180.11249999999998,0.0,0.2802842175859631,0.4371908541214667,2471.6671250000018
2026-04-21 18:15:00,1671.9,432.80499999999995,430.51425000000006,19119.137499999997,17007.541250000002,126.27749999999999,179.9425,0.0,0.2917653446702326,0.417971065998396,2111.596249999995
2026-04-21 18:30:00,1702.86,441.225,438.48645,19385.805,17409.51225,131.33,180.67249999999999,0.0,0.29764859198821464,0.41203667753017226,1976.2927500000005
2026-04-21 18:45:00,1702.95,441.7,438.509625,19113.195,17362.911875,139.0675,181.63,0.0,0.3148460493547657,0.4141984340708599,1750.283124999998
2026-04-21 19:00:00,1701.27,440.74,438.07702500000005,19190.47,17331.368875,135.4975,181.785,0.0,0.30743181921314156,0.4149612730774913,1859.101125000001
2026-04-21 19:15:00,1695.84,439.2425,436.6788,19447.362500000003,17307.3415,126.7,180.7275,0.0,0.2884511403154294,0.41386827114116825,2140.0210000000043
2026-04-21 19:30:00,1687.58,437.5075,434.55185,19513.4525,17163.35925,122.145,181.26749999999998,0.0,0.27918378542082134,0.4171366431876886,2350.093249999998
2026-04-21 19:45:00,1684.05,437.0075,433.642875,19442.5075,16976.865625,122.36,183.99749999999997,0.0,0.27999519459048183,0.42430652181244755,2465.641875000001
2026-04-21 20:00:00,1666.64,431.705,429.1598,19334.739999999998,16691.7965,117.12,184.76749999999998,0.0,0.2712963713647051,0.4305331021218669,2642.9434999999976
2026-04-21 20:15:00,1655.27,429.6075,426.232025,19074.510000000002,16518.268875,120.94749999999999,185.01749999999998,0.0,0.28153023399265603,0.4340769560898198,2556.2411250000005
2026-04-21 20:30:00,1643.95,425.94000000000005,423.31712500000003,18831.2675,16388.199375000004,122.2825,184.4125,0.0,0.28708855707376624,0.4356367581396571,2443.068124999998
2026-04-21 20:45:00,1631.56,422.765,420.1266999999999,18627.8925,16211.725999999999,123.05250000000001,184.43249999999998,0.0,0.2910659586294987,0.4389925705745434,2416.166500000003
2026-04-21 21:00:00,1606.22,417.16499999999996,413.60165,18543.8325,15901.223250000003,117.34,183.46499999999997,0.0,0.2812795896108255,0.4435789847550172,2642.6092499999977
2026-04-21 21:15:00,1589.38,412.42499999999995,409.26535,18312.464999999997,15677.351749999998,116.65,183.17249999999999,0.0,0.2828393041158999,0.4475641536719392,2635.1132499999985
2026-04-21 21:30:00,1553.89,403.34250000000003,400.1266750000001,17849.635000000002,15178.224625000003,115.6825,183.1025,0.0,0.28680959730254063,0.4576113302118634,2671.4103749999995
2026-04-21 21:45:00,1513.02,392.73,389.60265,17469.31,14582.15325,110.065,183.4475,0.0,0.28025615562854883,0.4708579369262504,2887.156750000002
2026-04-21 22:00:00,1484.3000000000002,385.5325,382.20725000000004,16812.5125,14164.406250000004,117.04,183.6675,0.0,0.3035801132200268,0.4805442596915678,2648.106249999997
2026-04-21 22:15:00,1451.19,376.84499999999997,373.68142500000005,16532.519999999997,13731.985875000002,111.95,182.9375,0.0,0.2970717403707095,0.4895547055891258,2800.5341249999947
2026-04-21 22:30:00,1415.45,367.85749999999996,364.478375,16238.477499999997,13205.568125000002,106.395,183.34249999999997,0.0,0.289228845408888,0.5030271000302828,3032.9093749999956
2026-04-21 22:45:00,1367.31,357.055,352.08232499999997,15795.132500000002,12485.785375,102.05250000000001,184.1025,0.0,0.28581731105852043,0.5228961720813449,3309.347125000002
2026-04-21 23:00:00,1355.78,352.33,349.11335,15666.835,12332.616750000003,98.56750000000001,183.89999999999998,0.0,0.2797590327250022,0.5267630126433147,3334.2182499999963
2026-04-21 23:15:00,1329.53,345.3475,342.353975,15424.83,11978.101125,94.85000000000001,183.55499999999998,0.0,0.27465089511289353,0.5361555974339132,3446.7288750000007
2026-04-21 23:30:00,1307.58,339.3925,336.7018499999999,15038.27,11642.609249999998,96.2725,184.04749999999999,0.0,0.28366124767047,0.5466186182226205,3395.6607500000027
2026-04-22 00:00:00,1268.72,329.40999999999997,326.69539999999995,14318.999999999998,11082.8795,100.8075,184.23499999999999,0.0,0.3060244072736104,0.5639350906073364,3236.120499999999
2026-04-22 00:15:00,1243.0700000000002,323.3625,320.09052500000007,14092.2575,10774.236375000004,98.33,183.14249999999998,0.0,0.3040859716262708,0.5721584542372816,3318.0211249999957
2026-04-22 00:30:00,1227.45,318.66499999999996,316.068375,14043.24,10515.018125000002,92.405,183.90249999999997,0.0,0.2899753659799476,0.5818440392842212,3528.2218749999975
2026-04-22 00:45:00,1191.11,310.3175,306.710825,13483.9075,9990.227875,95.0425,184.105,0.0,0.30627502477301477,0.6002559577086983,3493.679624999999
2026-04-22 01:00:00,1185.83,308.0075,305.351225,13359.66,9901.324875,94.8675,184.3875,0.0,0.30800386354228393,0.6038538080205835,3458.3351249999996
2026-04-22 01:15:00,1192.62,310.0425,307.09965,13289.4825,9962.73825,99.545,185.08249999999998,0.0,0.3210688857172807,0.6026789675598783,3326.7442499999997
2026-04-22 01:30:00,1184.25,307.7575,304.944375,13162.0275,9881.823124999999,99.8575,184.32999999999998,0.0,0.3244681283153132,0.6044708973562801,3280.204375000001
2026-04-22 01:45:00,1152.18,300.5925,296.68635,12999.62,9405.75675,93.4425,184.76749999999998,0.0,0.3108610494273809,0.622770477981208,3593.8632500000003
2026-04-22 02:00:00,1137.14,296.555,292.81355,12837.3475,9204.627750000003,91.91,184.52999999999997,0.0,0.30992564617018764,0.6301962460412094,3632.7197499999966
2026-04-22 02:15:00,1138.7,295.5675,293.2152500000001,12820.637499999999,9241.846250000002,91.0,184.2275,0.0,0.3078822942305903,0.6283012223954926,3578.7912499999966
2026-04-22 02:30:00,1135.9,294.775,292.49425,12613.5825,9131.316250000002,94.92,185.64499999999998,0.0,0.32200831142396746,0.6346962376183463,3482.2662499999988
2026-04-22 02:45:00,1111.6,290.74750000000006,286.23699999999997,12476.132500000002,8744.042499999998,92.34500000000001,186.5075,0.0,0.3176123612412832,0.6515841767486384,3732.090000000004
2026-04-22 03:00:00,1105.36,290.03499999999997,284.6302,12410.8825,8715.1685,93.4675,185.3175,0.0,0.32226283034806147,0.6510816491011846,3695.714
2026-04-22 03:15:00,1128.68,294.045,290.6351000000001,12618.515000000001,9068.688000000002,93.98,184.8525,0.0,0.3196109439031441,0.6360295091680253,3549.8269999999993
2026-04-22 03:30:00,1114.9,292.4425,287.08675000000005,12632.14,8872.153750000001,91.22,184.88,0.0,0.3119245663677475,0.6439865302038494,3759.986249999998
2026-04-22 03:45:00,1121.58,292.5925,288.80685,12736.682499999999,8976.00925,88.6825,184.695,0.0,0.30309218452284326,0.6395104548247383,3760.67325
2026-04-22 04:00:00,1118.83,292.3275,288.098725,12751.352499999999,8961.312375000001,88.0625,184.20999999999998,0.0,0.3012460339858549,0.6393988727301726,3790.0401249999977
2026-04-22 04:15:00,1102.13,289.03,283.79847500000005,12509.029999999999,8680.673625000003,89.4,185.09249999999997,0.0,0.3093104522021936,0.6521969506707178,3828.3563749999958
2026-04-22 04:30:00,1122.74,293.1225,289.10555,12623.5225,8938.187750000001,92.1475,185.77999999999997,0.0,0.3143651545002516,0.6426026757355574,3685.334749999998
2026-04-22 04:45:00,1123.62,292.9275,289.33214999999996,12653.05,8988.775749999997,91.3275,185.01749999999998,0.0,0.31177509793378905,0.639464020849394,3664.274250000002
2026-04-22 05:00:00,1150.33,299.3125,296.209975,12872.39,9386.181125,95.025,184.635,0.0,0.3174775527249948,0.6233247209179907,3486.2088750000003
2026-04-22 05:15:00,1156.12,301.3625,297.7009,12937.605,9408.806999999999,95.8925,185.8225,0.0,0.31819652411962335,0.6241919322380282,3528.7980000000007
2026-04-22 05:30:00,1178.33,307.15250000000003,303.419975,13264.5525,9696.981124999998,95.47749999999999,186.35,0.0,0.3108472175873548,0.6141652341774795,3567.5713750000014
2026-04-22 05:45:00,1189.25,310.4375,306.231875,13399.0325,9837.260625,96.625,186.6375,0.0,0.31125427823636,0.6094646417849219,3561.7718749999985
2026-04-22 06:00:00,1236.15,321.8375,318.308625,13948.9,10453.856875000001,98.375,187.58999999999997,0.0,0.30566667961315885,0.58933370090113,3495.0431249999983
2026-04-22 06:15:00,1282.36,333.57,330.2077,14592.895,11203.305999999999,99.0775,185.69,0.0,0.29702161465359594,0.5623430343992584,3389.5890000000018
2026-04-22 06:30:00,1309.4899999999998,340.4275,337.1936749999999,14839.0075,11540.659624999997,102.28999999999999,186.6275,0.0,0.3004751378781091,0.5534727186089716,3298.347875000003
2026-04-22 06:45:00,1320.37,341.98,339.995275,14885.6125,11706.747625,103.4225,186.3875,0.0,0.30242265629568976,0.548206147864849,3178.8648749999993
2026-04-22 07:00:00,1304.08,339.68,335.8005999999999,14885.757500000002,11539.4155,100.44500000000001,185.11999999999998,0.0,0.29570478097032504,0.5512795391074347,3346.3420000000024
2026-04-22 07:15:00,1308.84,339.49,337.0263,14882.785,11499.329,99.4875,187.26999999999998,0.0,0.2930498689210286,0.5556539652840149,3383.456
2026-04-22 07:30:00,1309.91,340.5025,337.301825,14968.9125,11443.357875,98.16499999999999,188.6925,0.0,0.2882945059140535,0.5594173704811707,3525.5546250000007
2026-04-22 07:45:00,1311.39,340.97749999999996,337.68292499999995,14901.777499999998,11393.443374999999,100.1875,190.10999999999999,0.0,0.29382437257590316,0.56298375169547,3508.3341249999994
2026-04-22 08:00:00,1332.66,345.71,343.15995000000004,15004.46,11570.929750000003,103.57749999999999,192.58499999999998,0.0,0.29960805299239246,0.5612105958169068,3433.530249999996
2026-04-22 08:15:00,1382.9,358.14,356.09675000000004,15348.1,12307.078750000002,112.94,192.09249999999997,0.0,0.31535153850449543,0.5394390709828156,3041.021249999998
2026-04-22 08:30:00,1384.14,359.595,356.41605000000004,15353.0475,12209.140250000004,114.1575,194.40249999999997,0.0,0.3174613106411379,0.5454369970151455,3143.9072499999966
2026-04-22 08:45:00,1408.13,365.215,362.59347499999996,15617.725,12558.773624999998,115.4275,194.20499999999998,0.0,0.3160535574935312,0.5355998201567196,3058.9513750000024
2026-04-22 09:00:00,1409.3,365.9775,362.89475,15678.800000000001,12509.84375,114.45,195.515,0.0,0.3127241428776359,0.538765027600978,3168.956250000001
2026-04-22 09:15:00,1404.41,366.01250000000005,361.635575,15399.394999999999,12194.964125000002,120.3275,200.42749999999998,0.0,0.32875243331853415,0.5542250648321863,3204.4308749999964
2026-04-22 09:30:00,1431.65,370.9475,368.64987500000007,15567.2925,12486.750625000004,122.465,202.30749999999998,0.0,0.33014105769684393,0.5487795160652094,3080.5418749999953
2026-04-22 09:45:00,1422.13,368.6175,366.19847500000003,15429.2525,12525.923625000003,123.955,198.8275,0.0,0.3362699817561564,0.5429501037654512,2903.3288749999974
2026-04-22 10:00:00,1443.48,374.7375,371.6961,15634.289999999999,12717.542999999998,126.7325,201.0425,0.0,0.3381900663797992,0.5408786909520976,2916.747000000001
2026-04-22 10:15:00,1442.36,374.87749999999994,371.4077,15558.979999999998,12645.681,128.58249999999998,202.1625,0.0,0.34299871291288486,0.544314240119416,2913.2989999999972
2026-04-22 10:30:00,1467.23,381.505,377.811725,15603.894999999999,12576.277375,134.2575,210.595,0.0,0.3519154401646112,0.5574072641604757,3027.617624999999
2026-04-22 10:45:00,1496.5300000000002,386.5075,385.35647500000005,15912.489999999998,13037.738625000005,133.68,209.665,0.0,0.3458665097055038,0.5440806463677559,2874.7513749999925
2026-04-22 11:00:00,1494.25,387.305,384.76937499999997,15850.4475,12795.573125,135.0675,213.86249999999998,0.0,0.3487367836717832,0.5558199635820809,3054.8743749999994
2026-04-22 11:15:00,1495.0,387.35249999999996,384.9625000000001,15945.7575,12994.445000000003,133.885,210.0975,0.0,0.34564124408645874,0.5457609507419553,2951.3124999999964
2026-04-22 11:30:00,1491.94,386.4525,384.17454999999995,15945.4175,13187.85775,134.22,205.36249999999998,0.0,0.3473130591728608,0.53455519112341,2757.5597500000003
2026-04-22 11:45:00,1483.47,385.0075,381.993525,15949.915,13133.651375,132.4125,204.04749999999999,0.0,0.34392187165185095,0.5341648133957244,2816.2636250000014
2026-04-22 12:00:00,1459.56,377.3325,375.83669999999995,15808.175,12664.526,123.9175,206.6575,0.0,0.32840399382507474,0.5498598194375377,3143.6489999999994
2026-04-22 12:15:00,1433.71,371.0175,369.18032500000004,15520.9475,12210.800375000003,121.6775,208.41,0.0,0.32795622847978867,0.5645208747242962,3310.1471249999977
2026-04-22 12:30:00,1424.93,369.5675,366.91947500000003,15433.369999999999,11973.453625000002,121.095,210.67,0.0,0.32766679970506063,0.5741586760964377,3459.916374999997
2026-04-22 12:45:00,1444.9499999999998,374.9275,372.0746249999999,15652.677500000002,12313.861874999997,123.535,209.53249999999997,0.0,0.32949036813783994,0.5631464387016449,3338.8156250000047
2026-04-22 13:00:00,1422.1799999999998,368.0775,366.21135,15471.125,12296.00675,120.39999999999999,203.44,0.0,0.3271050254362193,0.5555262009219539,3175.1182499999995
2026-04-22 13:15:00,1454.29,375.0175,374.47967500000004,15793.13,12852.389625000002,122.72749999999999,201.4075,0.0,0.3272580612904731,0.537832927781728,2940.7403749999976
2026-04-22 13:30:00,1461.17,378.60249999999996,376.25127499999996,15575.224999999999,12593.577625,131.4425,208.5325,0.0,0.34717810896652823,0.5542373245113921,2981.6473749999986
2026-04-22 13:45:00,1454.91,376.5725,374.63932500000004,15427.182499999999,12409.420375000002,131.755,210.4425,0.0,0.3498795052745487,0.5617202625485191,3017.7621249999975
2026-04-22 14:00:00,1468.08,380.14,378.0306,15622.2225,12676.8155,132.35500000000002,208.825,0.0,0.34817435681590997,0.5524023716598603,2945.4069999999992
2026-04-22 14:15:00,1510.2099999999998,389.77250000000004,388.87907499999994,15928.490000000002,13159.481624999995,137.595,211.105,0.0,0.35301361691756084,0.542855127908335,2769.0083750000067
2026-04-22 14:30:00,1496.73,387.07,385.4079750000001,16153.587499999998,13706.571125000002,132.68,196.345,0.0,0.3427803756426486,0.5094471643976749,2447.0163749999956
2026-04-22 14:45:00,1496.59,387.3175,385.371925,16090.625,13696.463375,134.6925,196.5075,0.0,0.34775733087195904,0.5099164917112216,2394.1616250000006
2026-04-22 15:00:00,1507.69,389.53499999999997,388.23017500000003,15992.544999999998,13628.167125000002,139.055,201.01749999999998,0.0,0.35697690836510204,0.5177791757170858,2364.3778749999965
2026-04-22 15:15:00,1482.2799999999995,383.1625,381.6870999999999,15928.592499999999,13303.047999999992,131.555,200.3225,0.0,0.34333996672430106,0.524834347296516,2625.5445000000072
2026-04-22 15:30:00,1491.09,385.245,383.955675,16240.7775,13689.569625,128.0525,195.08749999999998,0.0,0.3323923736842789,0.5080990142937722,2551.207875
2026-04-22 15:45:00,1494.38,386.37,384.80285000000003,16082.5175,13570.789250000003,132.83999999999997,198.39499999999998,0.0,0.3438155136268343,0.5155757032464805,2511.7282499999965
2026-04-22 16:00:00,1485.3,384.09749999999997,382.46475,16386.8225,13830.693749999999,123.9675,190.625,0.0,0.3227500829867417,0.49841194515311543,2556.12875
2026-04-22 16:15:00,1467.34,379.16999999999996,377.8400499999999,16066.26,13449.085249999996,124.4125,193.17,0.0,0.32811799456708074,0.5112480797099197,2617.1747500000038
2026-04-22 16:30:00,1463.1,378.41249999999997,376.74825,16178.0475,13594.286249999997,121.7075,189.065,0.0,0.3216265318931061,0.5018337842312472,2583.761250000003
2026-04-22 16:45:00,1457.99,377.40749999999997,375.432425,16012.374999999998,13430.665875000002,124.05,190.89,0.0,0.32868981141074305,0.5084536851072466,2581.7091249999958
2026-04-22 17:00:00,1447.14,374.1075,372.63855,15873.16,13446.75275,124.10000000000001,187.49499999999998,0.0,0.3317228336774858,0.5031551351839469,2426.40725
2026-04-22 17:15:00,1448.7799999999995,375.225,373.06084999999996,15875.449999999999,13557.604249999997,126.31500000000001,185.74249999999998,0.0,0.3366380171896862,0.497887945089923,2317.845750000002
2026-04-22 17:30:00,1448.39,375.1925,372.96042500000004,16024.12,13738.705875000001,123.56,182.01,0.0,0.3293242802028292,0.4880142444067624,2285.4141249999993
2026-04-22 17:45:00,1484.34,384.2975,382.21754999999996,16606.805,14295.347749999999,121.68,181.05999999999997,0.0,0.3166296944424567,0.47370927891720305,2311.4572500000013
2026-04-22 18:00:00,1531.7099999999998,397.29,394.41532499999994,17480.752500000002,14939.475374999998,117.185,181.595,0.0,0.2949608598253165,0.4604156798420549,2541.277125000004
2026-04-22 18:15:00,1579.3000000000002,409.69500000000005,406.66975,17762.184999999998,15675.218750000002,128.4525,180.35999999999999,0.0,0.3135320177204993,0.44350483408220054,2086.966249999996
2026-04-22 18:30:00,1601.7600000000002,416.345,412.45320000000015,18085.85,16018.933500000006,129.77,179.8475,0.0,0.31168862361743266,0.436043410500876,2066.916499999992
2026-04-22 18:45:00,1610.09,417.9075,414.59817499999997,18071.5325,16147.282124999998,132.5525,179.64,0.0,0.3171814336904698,0.433287001323631,1924.2503750000033
2026-04-22 19:00:00,1606.66,417.3025,413.71495000000004,18115.1925,16110.704750000003,130.5575,179.39999999999998,0.0,0.3128605747629118,0.43363190041839184,2004.4877499999984
2026-04-22 19:15:00,1603.01,416.235,412.775075,17987.8825,16036.386625000003,132.2525,179.8525,0.0,0.3177351736398909,0.43571550438213835,1951.4958749999969
2026-04-22 19:30:00,1595.56,414.235,410.85669999999993,17749.4175,15920.625999999998,135.6525,180.05749999999998,0.0,0.32747715668642197,0.4382489077091843,1828.7915000000012
2026-04-22 19:45:00,1587.33,411.22,408.737475,17624.825,15795.443625000002,134.4775,180.23,0.0,0.3270208161081659,0.4409431750783311,1829.381374999999
2026-04-22 20:00:00,1570.11,407.12,404.303325,17682.8975,15519.065374999998,126.585,180.88,0.0,0.3109279819217921,0.4473868722202569,2163.832125000001
2026-04-22 20:15:00,1569.62,407.33,404.17715,17824.635000000002,15505.87575,123.0225,181.005,0.0,0.30202170230525616,0.4478358066506234,2318.759250000003
2026-04-22 20:30:00,1553.0,403.28000000000003,399.89750000000004,17567.030000000002,15246.37,123.795,181.48749999999998,0.0,0.3069703431858758,0.4538350452303402,2320.6600000000017
2026-04-22 20:45:00,1532.19,398.41499999999996,394.53892500000006,17332.2975,14933.523375000002,122.77999999999999,181.85,0.0,0.30817112809507674,0.46091776622547437,2398.774124999998
2026-04-22 21:00:00,1510.79,392.745,389.02842499999997,17092.629999999997,14607.445875000001,120.6675,182.30999999999997,0.0,0.307241339800634,0.46862899542623393,2485.184124999996
2026-04-22 21:15:00,1498.19,389.62,385.783925,16882.662500000002,14390.998375000001,121.43,183.07,0.0,0.31166264565474056,0.47454024944144574,2491.664125000001
2026-04-22 21:30:00,1475.17,383.46999999999997,379.85627500000004,16446.387499999997,14080.727625000001,124.19,182.755,0.0,0.3238584504654862,0.4811161800604715,2365.6598749999957
2026-04-22 21:45:00,1439.0,374.1625,370.5425,15954.5875,13534.47,123.4075,183.43499999999997,0.0,0.3298232719740754,0.49504442810203947,2420.1175000000003
2026-04-22 22:00:00,1409.02,366.4475,362.82265,15565.065,13090.75325,122.3325,183.8175,0.0,0.3338336323757155,0.506631821359554,2474.3117500000008
2026-04-22 22:15:00,1371.81,356.425,353.241075,15186.3275,12532.766625,117.4525,184.4375,0.0,0.3295293540015431,0.5221292569104541,2653.560874999999
2026-04-22 22:30:00,1345.2,348.785,346.389,14944.1025,12119.277500000002,112.385,185.17,0.0,0.32221855871095373,0.5345724027033191,2824.824999999999
2026-04-22 22:45:00,1310.32,340.98,337.4074,14641.0525,11661.789499999999,109.23,184.44,0.0,0.320341368995249,0.5466388703982189,2979.263000000001
2026-04-22 23:00:00,1300.74,337.8575,334.94055000000003,14484.515,11514.48775,108.7375,184.67249999999999,0.0,0.32184426866356375,0.5513590396862965,2970.027249999999
2026-04-22 23:15:00,1281.63,333.28,330.0197250000001,14105.4725,11303.967375000004,112.6,183.47,0.0,0.33785405664906387,0.555936467130866,2801.505124999996
2026-04-22 23:30:00,1257.1,327.435,323.70324999999997,13713.3325,10938.436249999999,114.3825,183.83249999999998,0.0,0.3493288744330936,0.56790440009484,2774.8962500000016
2026-04-23 00:00:00,1215.33,316.1475,312.94747500000005,13087.237500000001,10346.118625000001,114.52,183.8475,0.0,0.36223598162250215,0.5874707888280613,2741.118875
2026-04-23 00:15:00,1199.54,312.21,308.88155,12874.2675,10125.992750000001,114.4475,183.77749999999997,0.0,0.36657217898209543,0.5949772655569747,2748.2747499999987
2026-04-23 00:30:00,1181.29,307.5425,304.18217500000003,12970.88,9879.527125,104.98249999999999,183.5375,0.0,0.3413593243210287,0.6033801947796579,3091.3528749999987
2026-04-23 00:45:00,1144.53,298.165,294.71647500000006,12625.4025,9365.288625000001,100.425,183.41,0.0,0.3368101554508409,0.6223269330294479,3260.113874999999
2026-04-23 01:00:00,1137.4499999999998,295.54,292.89337499999993,12502.535,9275.518124999997,99.9175,183.2,0.0,0.33808452324558436,0.6254835910849811,3227.016875000003
2026-04-23 01:15:00,1140.13,297.19,293.583475,12677.2225,9316.473625000002,97.67,183.14,0.0,0.3286449745953767,0.6238089524623277,3360.7488749999975
2026-04-23 01:30:00,1094.87,285.53999999999996,281.92902499999997,12231.57,8699.728874999999,92.5675,182.65499999999997,0.0,0.3241840022413673,0.647875826194199,3531.841125000001
2026-04-23 01:45:00,1095.85,286.5675,282.181375,12374.0975,8708.233125,90.205,182.7625,0.0,0.31477749570345553,0.6476774025216937,3665.864374999999
2026-04-23 02:00:00,1093.74,284.5225,281.63805,12331.7725,8704.100250000001,88.49,182.24749999999997,0.0,0.3110123100984984,0.6470982880331687,3627.672249999998
2026-04-23 02:15:00,1101.96,287.28499999999997,283.7547,12469.48,8807.766,88.785,182.5025,0.0,0.3090485058391493,0.6431699633521488,3661.714
2026-04-23 02:30:00,1101.59,286.655,283.659425,12444.4625,8842.775875,88.8075,181.6975,0.0,0.30980621304355416,0.6405480797967492,3601.6866250000003
2026-04-23 02:45:00,1076.06,281.6125,277.08545000000004,12133.8975,8479.70725,89.69500000000001,181.7275,0.0,0.31850503795108526,0.6558536364865061,3654.1902499999997
2026-04-23 03:00:00,1078.91,282.78,277.81932500000005,12159.65,8498.445375000003,90.5825,182.16,0.0,0.3203285239408728,0.6556779302519721,3661.2046249999967
2026-04-23 03:15:00,1066.17,278.235,274.53877500000004,11896.9925,8257.140125000002,90.4975,183.3775,0.0,0.32525562923428036,0.6679475422005506,3639.8523749999986
2026-04-23 03:30:00,1084.55,282.9225,279.271625,12089.800000000001,8549.196874999998,92.4775,182.74249999999998,0.0,0.3268651309104083,0.6543539824355589,3540.6031250000033
2026-04-23 03:45:00,1074.43,280.895,276.66572499999995,12020.75,8415.497374999999,91.3975,182.54999999999998,0.0,0.3253795902383453,0.6598215228865086,3605.252625000001
2026-04-23 04:00:00,1071.82,280.1825,275.99365,11938.142500000002,8396.53325,92.69749999999999,182.19,0.0,0.3308468587438544,0.6601238832849958,3541.6092500000013
2026-04-23 04:15:00,1070.79,280.255,275.728425,11933.887499999999,8348.820875000001,92.6875,182.8525,0.0,0.33072558919555406,0.6631615873481306,3585.0666249999977
2026-04-23 04:30:00,1087.8,283.87249999999995,280.1085,12143.599999999999,8637.475,92.73249999999999,181.89749999999998,0.0,0.3266695435450775,0.649382292932917,3506.124999999998
2026-04-23 04:45:00,1091.7,285.2075,281.11275,12194.93,8709.833749999998,93.45,181.55499999999998,0.0,0.3276561801495403,0.6458440607905546,3485.0962500000023
2026-04-23 05:00:00,1096.13,285.95,282.25347500000004,12181.075,8761.448625000003,94.85000000000001,181.77749999999997,0.0,0.33170134638922893,0.6440221860864599,3419.626374999998
2026-04-23 05:15:00,1125.4699999999998,292.71999999999997,289.80852500000003,12287.7825,9157.476375,101.8925,182.1675,0.0,0.34808861710849964,0.6285788176866086,3130.306124999999
2026-04-23 05:30:00,1148.52,299.155,295.7439,12636.3925,9459.922,101.86749999999999,182.64749999999998,0.0,0.3405174575053066,0.6175867025490634,3176.4704999999994
2026-04-23 05:45:00,1137.86,297.1675,292.9989499999999,12565.155,9357.199749999998,101.17750000000001,181.68249999999998,0.0,0.34047296558338314,0.620079013935033,3207.9552500000027
2026-04-23 06:00:00,1200.02,313.0425,309.00514999999996,13426.855,10231.66575,101.445,181.79999999999998,0.0,0.32406142935863336,0.5883397089012918,3195.1892499999994
2026-04-23 06:15:00,1227.94,319.45,316.19455000000005,13726.947499999998,10629.707750000001,102.8775,181.74749999999997,0.0,0.3220457035529817,0.5747964346634057,3097.239749999997
2026-04-23 06:30:00,1249.99,324.92,321.872425,14032.099999999999,10906.240875000003,102.51,182.46249999999998,0.0,0.3154930444417087,0.5668783214343384,3125.8591249999954
2026-04-23 06:45:00,1268.61,329.2725,326.667075,14248.285,11161.821625,103.08,182.625,0.0,0.31305377764617454,0.5590554236297001,3086.4633749999994
2026-04-23 07:00:00,1295.23,336.555,333.52172499999995,14448.9575,11473.827374999999,108.02499999999999,183.92499999999998,0.0,0.32097279790821703,0.5514633267143243,2975.1301250000015
2026-04-23 07:15:00,1286.86,334.11,331.36645,14311.97,11294.037250000001,107.66250000000001,185.14999999999998,0.0,0.3222366885157583,0.5587469703103618,3017.932749999998
2026-04-23 07:30:00,1287.36,334.325,331.4952,14345.7575,11220.8685,106.505,186.755,0.0,0.3185672623943767,0.5633716566635052,3124.888999999999
2026-04-23 07:45:00,1302.78,337.66249999999997,335.46585000000005,14525.6125,11450.25425,106.68249999999999,186.535,0.0,0.3159441750268389,0.5560476573099765,3075.3582499999993
2026-04-23 08:00:00,1336.6,346.235,344.17449999999997,14650.9925,11646.854999999998,114.05250000000001,192.18249999999998,0.0,0.3294077721778561,0.5583868066925353,3004.1375000000025
2026-04-23 08:15:00,1356.2,350.96500000000003,349.22150000000005,14863.0475,11910.940000000002,115.2575,192.4525,0.0,0.32840169247645773,0.5510900674786632,2952.1074999999983
2026-04-23 08:30:00,1407.63,363.98,362.46472500000004,15416.72,12556.067375,119.05499999999999,194.11749999999998,0.0,0.32709214792021535,0.5355486661495128,2860.652624999999
2026-04-23 08:45:00,1404.62,363.86,361.68965,15510.962500000001,12549.43825,116.5825,193.39749999999998,0.0,0.32040482603199033,0.5347056516546713,2961.524250000002
2026-04-23 09:00:00,1414.79,364.925,364.30842499999994,15400.532500000001,12561.095874999999,120.22,196.045,0.0,0.32943755566212235,0.538129196435685,2839.436625000002
2026-04-23 09:15:00,1426.6,369.1975,367.3494999999999,15528.23,12608.854999999998,122.28,198.43499999999997,0.0,0.33120484293636876,0.5401804004088749,2919.375000000002
2026-04-23 09:30:00,1446.91,374.0725,372.57932500000004,15774.337500000001,12806.120375,122.24,200.24249999999998,0.0,0.3267815730907779,0.5374493069361805,2968.217125000001
2026-04-23 09:45:00,1437.9,371.40250000000003,370.25925,15676.345,12617.39125,120.49000000000001,201.46499999999997,0.0,0.3244189255591979,0.544118749227737,3058.9537499999988
2026-04-23 10:00:00,1453.19,375.9225,374.19642500000003,15899.297499999999,12808.935875000003,121.00750000000001,201.96499999999997,0.0,0.3218948054452713,0.539729902550512,3090.361624999996
2026-04-23 10:15:00,1459.31,377.425,375.772325,15871.732500000002,12786.610375000002,123.22,204.14499999999998,0.0,0.32647545870040406,0.5432677885472272,3085.122125
2026-04-23 10:30:00,1482.7,382.71750000000003,381.79525,16182.2875,13266.746249999998,123.74000000000001,201.1675,0.0,0.32331941967639316,0.5268989072022242,2915.541250000002
2026-04-23 10:45:00,1500.9699999999998,386.62,386.49977499999994,16225.679999999998,13423.995124999996,127.655,203.1975,0.0,0.33018209094201023,0.5257376928615289,2801.6848750000026
2026-04-23 11:00:00,1497.84,386.83000000000004,385.69380000000007,15806.6325,12851.666500000005,135.5825,213.7575,0.0,0.35049634206240465,0.5542155461145601,2954.965999999995
2026-04-23 11:15:00,1496.99,386.63750000000005,385.474925,15834.82,12945.003375,135.275,211.64999999999998,0.0,0.3498755294041576,0.5490629513709614,2889.8166249999995
2026-04-23 11:30:00,1506.35,387.3925,387.8851249999999,15670.244999999999,13016.689374999996,140.4175,212.86749999999998,0.0,0.3624682976567693,0.5487900573655667,2653.5556250000027
2026-04-23 11:45:00,1484.9299999999998,383.6275,382.36947499999997,15564.67,12773.203624999996,138.095,211.67,0.0,0.35997158702126414,0.5535745236985772,2791.4663750000036
2026-04-23 12:00:00,1461.9,378.40250000000003,376.43925,15393.447499999998,12438.041249999998,134.8925,211.85,0.0,0.35647888161415425,0.5627734089896311,2955.40625
2026-04-23 12:15:00,1408.0500000000002,364.225,362.57287500000007,15000.7075,11983.140625000004,126.59500000000001,205.695,0.0,0.3475736152103782,0.5673204317890574,3017.566874999997
2026-04-23 12:30:00,1432.15,371.15500000000003,368.77862500000003,15093.6,12204.456875000003,133.54250000000002,208.09499999999997,0.0,0.3598025083859843,0.5642816201725356,2889.143124999997
2026-04-23 12:45:00,1445.8,372.76,372.2935,15301.9425,12552.899999999998,131.3875,204.99249999999998,0.0,0.35247210001073076,0.5506206796519413,2749.0425000000014
2026-04-23 13:00:00,1450.62,377.4475,373.53465,15319.67,12434.913250000001,136.5675,208.71749999999997,0.0,0.36181853105398765,0.5587634239554482,2884.7567499999986
2026-04-23 13:15:00,1464.23,382.53,377.039225,15796.512499999999,12972.414874999999,133.6575,201.8225,0.0,0.3494039683162105,0.5352825027687769,2824.0976250000003
2026-04-23 13:30:00,1474.16,384.3675,379.59620000000007,15820.115,13098.673500000003,135.65,202.10999999999999,0.0,0.35291745529994084,0.5324342024498663,2721.441499999997
2026-04-23 13:45:00,1484.87,382.89,382.35402500000004,15320.192500000001,12611.728875000003,142.47750000000002,214.8825,0.0,0.3721107889994516,0.5619987915649638,2708.4636249999985
2026-04-23 14:00:00,1478.3,382.77750000000003,380.66225000000003,15839.895,13059.556250000001,132.065,204.065,0.0,0.3450176669213838,0.5360788993392436,2780.338749999999
2026-04-23 14:15:00,1495.13,387.53499999999997,384.99597500000004,15861.2325,13385.036125000002,139.1725,202.3225,0.0,0.3591224018475751,0.5255184810698345,2476.1963749999977
2026-04-23 14:30:00,1512.74,390.77,389.53055,15819.2725,13561.812750000001,144.60500000000002,203.77499999999998,0.0,0.37005143690662035,0.5231297006101318,2257.459749999998
2026-04-23 14:45:00,1505.04,389.02750000000003,387.5478,15902.0375,13632.0115,141.0375,200.19,0.0,0.3625386380140221,0.5165556352016448,2270.026
2026-04-23 15:00:00,1527.1799999999998,395.03,393.24885,16252.3175,14029.44425,141.08249999999998,198.5125,0.0,0.35714376123332403,0.5048012219234715,2222.8732499999987
2026-04-23 15:15:00,1540.83,397.3875,396.7637249999999,16355.9725,14180.012374999997,141.48499999999999,199.36749999999998,0.0,0.3560378723538108,0.5024841925758209,2175.9601250000032
2026-04-23 15:30:00,1546.6,398.83,398.2495,16305.5825,14122.105000000001,144.01,202.16,0.0,0.36108116240002003,0.5076214784952648,2183.477499999999
2026-04-23 15:45:00,1520.5300000000002,392.60749999999996,391.53647500000005,16175.74,13957.513625000003,139.70749999999998,198.0675,0.0,0.35584521436803934,0.5058724094607021,2218.2263749999966
2026-04-23 16:00:00,1536.42,396.44500000000005,395.62815,16422.86,14215.930750000001,138.96749999999997,197.39999999999998,0.0,0.3505341220093581,0.49895337326224126,2206.9292499999992
2026-04-23 16:15:00,1519.94,392.4275,391.38455000000005,16345.214999999998,14123.907750000002,136.0875,194.5725,0.0,0.3467838008294526,0.4971389391839815,2221.307249999996
2026-04-23 16:30:00,1478.66,383.8775,380.75495,15842.66,13415.02975,136.0875,197.05749999999998,0.0,0.35450762287448473,0.5175441579945316,2427.63025
2026-04-23 16:45:00,1500.6,386.8775,386.4045,16182.630000000001,13926.255000000001,132.76749999999998,193.04749999999999,0.0,0.34317710386362604,0.49959951294563076,2256.375
2026-04-23 17:00:00,1475.5099999999998,382.2375,379.94382499999995,16141.7275,13939.042874999996,129.5625,185.68499999999997,0.0,0.33895810850583735,0.48871698335931635,2202.6846250000053
2026-04-23 17:15:00,1486.1,384.675,382.67075,16376.665,14199.148749999998,127.61,183.4825,0.0,0.3317345811399233,0.47947876862812217,2177.5162500000024
2026-04-23 17:30:00,1448.38,375.4625,372.9578500000001,16076.0375,13773.689250000007,122.805,181.30749999999998,0.0,0.3270766055198589,0.48613402291974794,2302.3482499999936
2026-04-23 17:45:00,1485.58,384.065,382.5368500000001,16389.454999999998,14235.534250000002,126.665,182.6075,0.0,0.3298009451525133,0.4773592400313851,2153.9207499999957
2026-04-23 18:00:00,1525.6799999999998,396.6425,392.86259999999993,17129.9575,14837.575499999999,125.58749999999999,181.92499999999998,0.0,0.3166264331230264,0.463075385643734,2292.3820000000014
2026-04-23 18:15:00,1604.2400000000002,416.595,413.0918000000001,17640.2125,16007.681500000006,141.85999999999999,180.77499999999998,0.0,0.3405225698820197,0.43761459317275225,1632.5309999999954
2026-04-23 18:30:00,1628.46,422.4175,419.32845000000003,17996.055,16366.322250000003,141.0075,180.46249999999998,0.0,0.33381074410979655,0.4303607351230282,1629.7327499999974
2026-04-23 18:45:00,1633.4499999999998,423.9375,420.613375,18098.27,16417.868124999997,140.37,180.845,0.0,0.33111012826183106,0.4299554192731032,1680.4018750000032
2026-04-23 19:00:00,1627.98,422.58,419.20485,18265.989999999998,16285.024250000002,133.43,181.9525,0.0,0.31575086374177674,0.43404197255828497,1980.9657499999958
2026-04-23 19:15:00,1624.4900000000002,422.11249999999995,418.30617500000005,18300.754999999997,16268.972125000004,132.03,181.285,0.0,0.3127839142408718,0.4333787326950169,2031.7828749999935
2026-04-23 19:30:00,1616.21,419.39750000000004,416.174075,18289.0075,16084.581624999999,127.84,182.6275,0.0,0.3048182213770945,0.43882478744020753,2204.425875000001
2026-04-23 19:45:00,1609.2099999999998,418.34749999999997,414.37157499999995,18271.71,15987.694124999998,126.76249999999999,182.58249999999998,0.0,0.30300766707103544,0.4406250597667082,2284.015875000001
2026-04-23 20:00:00,1599.1799999999998,415.15,411.78884999999997,18146.059999999998,15858.394249999998,125.495,182.3275,0.0,0.30228832951945084,0.4427693950431149,2287.66575
2026-04-23 20:15:00,1583.04,410.73249999999996,407.6328,17908.6525,15602.436499999998,125.1525,182.875,0.0,0.30470561740305435,0.44862680333869115,2306.216000000002
2026-04-23 20:30:00,1575.4299999999998,408.5875,405.6732249999999,17738.247499999998,15479.784874999996,126.465,183.17249999999999,0.0,0.30951754520145625,0.4515272113410986,2258.462625000002
2026-04-23 20:45:00,1553.38,403.125,399.99535000000003,17495.69,15170.251750000001,124.92,183.11749999999998,0.0,0.30987906976744184,0.45779907191421093,2325.4382499999974
2026-04-23 21:00:00,1529.14,396.9675,393.75355,17114.0275,14793.202750000002,125.845,183.7925,0.0,0.31701587661458436,0.4667703948319957,2320.824749999998
2026-04-23 21:15:00,1509.11,391.645,388.595825,16869.9475,14507.402875,124.51499999999999,183.83499999999998,0.0,0.3179282258167473,0.4730750774278133,2362.5446249999986
2026-04-23 21:30:00,1483.48,385.485,381.99610000000007,16553.9175,14150.168000000003,123.94,183.72,0.0,0.3215170499500629,0.4809473185721005,2403.7494999999963
2026-04-23 21:45:00,1452.86,377.76750000000004,374.11145,16122.462500000001,13693.887249999998,123.97,184.17249999999999,0.0,0.32816481036616435,0.492293138849399,2428.5752500000035
2026-04-23 22:00:00,1423.17,369.9125,366.46627500000005,15694.862500000001,13239.902625000004,123.615,184.84249999999997,0.0,0.334173622140371,0.504391570547658,2454.959874999997
2026-04-23 22:15:00,1388.4699999999998,360.885,357.5310249999999,15171.05,12712.838874999996,124.1025,185.55499999999998,0.0,0.3438837856935035,0.5189899254197591,2458.2111250000034
2026-04-23 22:30:00,1353.35,351.92,348.487625,14813.1775,12275.451875,120.87,184.355,0.0,0.34345874062286885,0.5290144807867998,2537.725624999999
2026-04-23 22:45:00,1315.11,341.4875,338.64082500000006,14201.570000000002,11709.377875000002,121.72,184.845,0.0,0.3564405724953329,0.5458438154938937,2492.1921249999996
2026-04-23 23:00:00,1307.48,339.865,336.6761,14089.17,11660.943000000003,122.765,183.65249999999997,0.0,0.36121695379047564,0.5454871908044556,2428.226999999997
2026-04-23 23:15:00,1277.39,331.5525,328.927925,13736.8425,11195.168375000001,119.6525,184.445,0.0,0.36088553094909553,0.5607459445712917,2541.6741249999995
2026-04-24 00:00:00,1204.16,312.615,310.0712000000001,12886.7325,10084.673500000004,113.96249999999999,185.9125,0.0,0.3645458471282568,0.5995800319410508,2802.0589999999956
2026-04-24 00:15:00,1177.08,306.5075,303.09809999999993,12725.189999999999,9722.527999999998,109.4,185.48499999999999,0.0,0.35692438194823944,0.6119635853870414,3002.6620000000003
2026-04-24 00:30:00,1145.78,298.2775,295.03835,12385.17,9239.616750000001,106.0775,186.27749999999997,0.0,0.35563359623169705,0.6313670748226459,3145.553249999999
2026-04-24 00:45:00,1144.84,298.2525,294.7963,12363.86,9201.929,106.445,186.765,0.0,0.35689558344020583,0.6335391590735705,3161.9310000000005
2026-04-24 01:00:00,1124.17,292.92,289.47377500000005,12101.105,8907.440125000001,105.6075,186.79999999999998,0.0,0.3605335927898402,0.6453088885167575,3193.6648749999986
2026-04-24 01:15:00,1115.12,290.46000000000004,287.1434,12049.625,8868.2695,103.9675,185.01999999999998,0.0,0.3579408524409557,0.6443470405379332,3181.3554999999997
2026-04-24 01:30:00,1110.28,289.5875,285.8971,12038.845000000001,8812.973000000002,103.05499999999999,184.755,0.0,0.35586826088833257,0.6462290103677162,3225.8719999999994
2026-04-24 01:45:00,1094.92,284.53999999999996,281.94190000000003,11833.205,8584.437000000004,101.0325,184.975,0.0,0.35507310044282003,0.6560748863506984,3248.7679999999964
2026-04-24 02:00:00,1088.98,283.52,280.41235,11712.147500000001,8524.06175,102.955,184.5,0.0,0.36313134875846503,0.657959608412397,3188.08575
2026-04-24 02:15:00,1079.99,281.915,278.09742499999993,11673.575,8422.115875,101.79,183.99249999999998,0.0,0.36106627884291365,0.6616116636103337,3251.459125000001
2026-04-24 02:30:00,1074.0300000000002,279.9325,276.56272500000006,11617.07,8320.957375000004,100.2525,184.3275,0.0,0.35813097800362587,0.6664943730215268,3296.112624999996
2026-04-24 02:45:00,1061.46,277.10249999999996,273.32595000000003,11506.07,8087.684750000002,98.6575,185.43249999999998,0.0,0.3560325150440722,0.6784299112469927,3418.3852499999975
2026-04-24 03:00:00,1063.67,277.48749999999995,273.89502500000003,11559.2825,8109.858875000001,97.72749999999999,185.61499999999998,0.0,0.35218703545204744,0.6776866429026959,3449.4236249999985
2026-04-24 03:15:00,1052.13,274.2525,270.92347500000005,11470.66,7986.423625000002,95.595,184.815,0.0,0.34856564662127054,0.6821668000530406,3484.2363749999977
2026-04-24 03:30:00,1060.86,276.445,273.17145000000005,11528.715,8061.312250000001,96.94250000000001,185.79,0.0,0.3506755412469027,0.6801223187855098,3467.4027499999993
2026-04-24 03:45:00,1053.44,274.595,271.2608,11487.6825,8007.601500000002,95.66250000000001,184.7625,0.0,0.34837670023124967,0.6811249542875343,3480.080999999999
2026-04-24 04:00:00,1052.63,274.6775,271.052225,11482.1275,7976.879875000002,95.8,185.14749999999998,0.0,0.348772651564107,0.6830694712061485,3505.247624999998
2026-04-24 04:15:00,1059.27,275.97749999999996,272.762025,11537.28,8077.418875,96.2875,185.01749999999998,0.0,0.34889619624788254,0.6783110662123878,3459.8611250000004
2026-04-24 04:30:00,1065.38,277.9125,274.33535000000006,11623.1225,8185.826750000004,96.9975,184.57999999999998,0.0,0.3490217244636351,0.6728261596618881,3437.2957499999957
2026-04-24 04:45:00,1060.43,276.3025,273.06072500000005,11553.4325,8138.097375000003,96.64500000000001,184.1325,0.0,0.3497796798798419,0.6743280272181214,3415.335124999998
2026-04-24 05:00:00,1085.31,283.0475,279.4673250000001,11741.007499999998,8476.335375000002,101.50250000000001,184.415,0.0,0.3586058877043606,0.6598803634736188,3264.6721249999955
2026-04-24 05:15:00,1105.65,287.74,284.704875,11845.8575,8776.275625,105.72749999999999,184.17749999999998,0.0,0.36744109265308955,0.6469067310491258,3069.581875
2026-04-24 05:30:00,1112.69,290.095,286.51767499999994,11867.7875,8853.854625,108.48,184.61999999999998,0.0,0.37394646581292335,0.6443581534716838,3013.9328750000004
2026-04-24 05:45:00,1140.66,296.9325,293.71995000000004,12063.1125,9271.354750000002,113.515,184.1925,0.0,0.3822922718126173,0.6271024491186247,2791.757749999997
2026-04-24 06:00:00,1186.18,308.1525,305.44135000000006,12576.117499999998,9911.281750000002,116.29499999999999,184.2875,0.0,0.3773943096356512,0.6033482369037458,2664.8357499999966
2026-04-24 06:15:00,1191.34,309.67499999999995,306.77004999999997,12782.5225,10001.485249999998,113.10000000000001,183.945,0.0,0.3652216032937758,0.5996185090428483,2781.037250000001
2026-04-24 06:30:00,1216.63,316.385,313.28222500000004,13115.814999999999,10371.904875000004,114.1525,183.7,0.0,0.3608025032792326,0.5863722399188143,2743.910124999995
2026-04-24 06:45:00,1233.16,319.4,317.53869999999995,13174.46,10582.635999999999,116.885,184.1675,0.0,0.36595178459611777,0.5799844239458057,2591.8240000000005
2026-04-24 07:00:00,1255.85,325.365,323.381375,13478.160000000002,10787.108124999999,116.7225,186.505,0.0,0.358743257572265,0.5767338950797646,2691.051875000003
2026-04-24 07:15:00,1258.84,326.735,324.1513,13569.939999999999,10794.454,116.0325,187.20499999999998,0.0,0.35512724379083965,0.5775235206522386,2775.485999999999
2026-04-24 07:30:00,1258.34,326.15,324.0225499999999,13432.57,10713.997749999997,118.36,188.67249999999999,0.0,0.36290050590219225,0.5822820047555334,2718.572250000003
2026-04-24 07:45:00,1276.31,331.285,328.64982499999996,13486.800000000001,10855.372875000001,123.7325,190.93499999999997,0.0,0.37349261210136286,0.5809679040601954,2631.427125
2026-04-24 08:00:00,1308.6799999999998,338.97749999999996,336.9851,13883.3475,11298.187999999998,124.34,191.2475,0.0,0.36680900649748144,0.5675250923557155,2585.1595000000016
2026-04-24 08:15:00,1336.45,346.485,344.135875,14243.630000000001,11596.855625,125.0975,193.14,0.0,0.3610473757882736,0.5612318099645961,2646.774375000001
2026-04-24 08:30:00,1373.31,355.73249999999996,353.62732500000004,14572.29,11967.885375,128.89999999999998,196.16,0.0,0.3623509237980786,0.554708265262024,2604.404625000001
2026-04-24 08:45:00,1374.72,355.2825,353.9904,14467.755000000001,11868.479500000003,130.2175,198.54749999999999,0.0,0.3665181932687368,0.5608838544774095,2599.275499999998
2026-04-24 09:00:00,1395.31,359.73249999999996,359.292325,14593.69,12050.335375000002,132.6575,200.74249999999998,0.0,0.36876706997560693,0.5587163600001753,2543.354624999998
2026-04-24 09:15:00,1413.5,365.5325,363.97625,14905.5825,12295.201249999998,132.76,200.9975,0.0,0.3631961590282669,0.5522269653583166,2610.381250000002
2026-04-24 09:30:00,1413.7600000000002,365.36,364.04320000000007,14853.5975,12115.508500000004,132.62,204.665,0.0,0.3629844536895117,0.5621997609074966,2738.0889999999963
2026-04-24 09:45:00,1426.12,368.86249999999995,367.2259,14975.445,12184.432,133.78750000000002,206.7875,0.0,0.36270290419871914,0.5631070684284523,2791.012999999999
2026-04-24 10:00:00,1440.63,372.025,370.96222500000005,14946.885,12106.679875000002,137.26999999999998,212.4525,0.0,0.36898057926214634,0.5727065606208286,2840.2051249999986
2026-04-24 10:15:00,1444.25,373.9225,371.8943750000001,15204.634999999998,12453.323125000004,135.2,206.545,0.0,0.3615722509343513,0.5553861899632119,2751.311874999994
2026-04-24 10:30:00,1455.4499999999998,375.4925,374.778375,15193.4175,12493.193124999998,137.0025,208.92,0.0,0.3648608161281517,0.5574494526265023,2700.2243750000016
2026-04-24 10:45:00,1452.31,375.405,373.969825,15344.77,12598.597875000001,133.83499999999998,205.92249999999999,0.0,0.3565083043646195,0.5506393463697238,2746.172124999999
2026-04-24 11:00:00,1466.73,378.8775,377.68297500000006,15136.975,12237.446125000002,140.64,217.23,0.0,0.37120177366035195,0.5751649250273989,2899.528874999998
2026-04-24 11:15:00,1485.4699999999998,384.355,382.50852499999996,15283.9525,12452.351374999998,144.45499999999998,218.23999999999998,0.0,0.37583744194819885,0.5705493753374516,2831.601125000001
2026-04-24 11:30:00,1489.8200000000002,384.7975,383.6286500000001,15223.1425,12494.208250000005,146.6175,218.635,0.0,0.3810250846224313,0.5699131178028543,2728.934249999995
2026-04-24 11:45:00,1464.09,378.9675,377.003175,14959.429999999998,12170.557125000001,145.365,217.82,0.0,0.38358170555522575,0.5777670174793621,2788.8728749999973
2026-04-24 12:00:00,1437.49,371.77,370.153675,14569.515,11807.459625,145.3,217.54749999999999,0.0,0.39083304193452945,0.5877221129845597,2762.055375
2026-04-24 12:15:00,1427.78,369.355,367.65334999999993,14267.599999999999,11582.066749999998,149.2525,219.30499999999998,0.0,0.4040895615329425,0.5964993927023922,2685.5332500000004
2026-04-24 12:30:00,1426.81,369.125,367.40357500000005,14214.225,11584.954125,150.47000000000003,218.9725,0.0,0.4076396884524213,0.5959999164406605,2629.270875
2026-04-24 12:45:00,1427.54,369.46500000000003,367.59155,14627.212500000001,12128.79275,143.5625,208.30249999999998,0.0,0.3885686059572625,0.5666683578553424,2498.419750000001
2026-04-24 13:00:00,1459.76,377.38,375.8882,14753.19,12233.858499999998,149.45499999999998,215.3275,0.0,0.39603317610896177,0.5728498526955621,2519.331500000002
2026-04-24 13:15:00,1472.13,380.63,379.07347500000003,14897.172499999999,12241.173625000001,149.215,218.685,0.0,0.39202112287523316,0.5768934373474693,2655.9988749999975
2026-04-24 13:30:00,1477.41,382.115,380.43307500000003,14988.305,12329.201625000003,149.0525,218.42,0.0,0.39007236041505833,0.574135148475195,2659.103374999997
2026-04-24 13:45:00,1495.2599999999998,386.6375,385.02945,15218.607500000002,12656.25225,150.0725,216.935,0.0,0.3881478128738159,0.5634244341569197,2562.3552500000023
2026-04-24 14:00:00,1519.25,392.8925,391.20687499999997,15523.619999999999,13027.760625,151.35,216.29999999999998,0.0,0.38521987566573557,0.5529043936152707,2495.859374999998
2026-04-24 14:15:00,1546.34,398.5475,398.18255,15928.2525,13478.29775,149.29000000000002,214.96249999999998,0.0,0.3745852125530834,0.539859167610434,2449.954750000001
2026-04-24 14:30:00,1539.5099999999998,397.3825,396.42382499999997,15959.897500000001,13438.067874999999,147.1,213.83249999999998,0.0,0.37017231508684956,0.5394037555638842,2521.829625000002
2026-04-24 14:45:00,1552.05,400.7275,399.652875,16445.53,13968.290625,141.425,206.77999999999997,0.0,0.35292062561216786,0.5173990053243079,2477.239374999999
2026-04-24 15:00:00,1562.32,403.03499999999997,402.2973999999999,16757.54,14359.2395,138.1475,201.86999999999998,0.0,0.34276799781656686,0.501792952179159,2398.300500000001
2026-04-24 15:15:00,1568.66,404.925,403.9299500000001,17010.245000000003,14556.529750000003,134.8825,199.72,0.0,0.33310489596838916,0.4944421675094901,2453.7152499999993
2026-04-24 15:30:00,1567.21,405.27500000000003,403.556575,16940.002500000002,14384.619125,136.2375,202.7475,0.0,0.3361606316698538,0.502401676890037,2555.383375000003
2026-04-24 15:45:00,1558.8200000000002,403.33000000000004,401.39615000000003,17179.8525,14696.795750000001,129.89249999999998,194.1275,0.0,0.32205018223291093,0.48363069750419874,2483.0567499999997
2026-04-24 16:00:00,1551.69,400.8975,399.5601750000001,17080.879999999997,14690.942125000003,129.62,192.225,0.0,0.3233245405621138,0.48109149016165076,2389.937874999994
2026-04-24 16:15:00,1537.5300000000002,399.1925,395.91397500000005,16782.657499999998,14199.651125000004,133.10250000000002,198.04,0.0,0.3334293605215529,0.5002096730735508,2583.0063749999936
2026-04-24 16:30:00,1529.46,395.9475,393.83595,16706.072500000002,14160.60975,130.8775,196.535,0.0,0.3305425593039481,0.4990275773453388,2545.4627500000024
2026-04-24 16:45:00,1519.36,393.2075,391.23519999999996,16699.445,14127.6935,127.7575,194.33249999999998,0.0,0.3249111474221626,0.4967152751081702,2571.7515000000003
2026-04-24 17:00:00,1500.48,388.33000000000004,386.3736,16597.1725,14048.680499999999,124.595,190.565,0.0,0.3208482476244431,0.49321433969608686,2548.492000000002
2026-04-24 17:15:00,1491.39,385.875,384.032925,16581.68,14201.443375,123.3425,184.93499999999997,0.0,0.31964366699060576,0.4815602724688254,2380.2366249999995
2026-04-24 17:30:00,1481.94,384.02750000000003,381.59955,16558.2825,14138.607750000003,121.7275,183.515,0.0,0.3169759978126566,0.48090989625118785,2419.6747499999983
2026-04-24 17:45:00,1480.78,384.05,381.30084999999997,16579.267499999998,14208.80425,121.8025,181.7825,0.0,0.31715271449030075,0.4767429708063856,2370.463249999999
2026-04-24 18:00:00,1552.1,401.36,399.66575,17417.65,15229.24875,124.9475,181.575,0.0,0.3113102949970102,0.45431713875907553,2188.401250000001
2026-04-24 18:15:00,1609.1899999999998,417.32,414.36642499999994,17878.085,16060.535875,136.3875,181.11999999999998,0.0,0.32681755008147223,0.4371010513219067,1817.5491249999995
2026-04-24 18:30:00,1641.5300000000002,425.86,422.6939750000001,18307.692499999997,16543.301125000005,137.645,180.625,0.0,0.3232165500399192,0.42731860561769297,1764.391374999992
2026-04-24 18:45:00,1644.25,426.6075,423.3943750000001,18358.392499999998,16604.823125000003,137.5475,180.165,0.0,0.3224216639416794,0.4255252564467819,1753.5693749999955
2026-04-24 19:00:00,1641.67,426.125,422.730025,18309.87,16528.908875,137.865,180.9525,0.0,0.32353182751540044,0.4280568904468046,1780.961124999998
2026-04-24 19:15:00,1638.9499999999998,425.775,422.0296249999999,18328.275,16516.386874999997,137.03,180.43249999999998,0.0,0.321836650813223,0.42753515230121586,1811.888125000005
2026-04-24 19:30:00,1631.0499999999995,423.0325,419.99537499999985,18151.735,16380.003124999994,137.5525,180.92249999999999,0.0,0.3251582325235059,0.43077260076971097,1771.7318750000068
2026-04-24 19:45:00,1619.69,420.56999999999994,417.070175,17981.7725,16201.242125,138.35999999999999,181.27999999999997,0.0,0.32898209572722736,0.4346510752057492,1780.5303749999985
2026-04-24 20:00:00,1603.77,416.16999999999996,412.970775,17914.565,16003.400125,133.83,180.7275,0.0,0.3215753177787924,0.43762782003157485,1911.1648749999986
2026-04-24 20:15:00,1593.59,413.5025,410.349425,17954.357500000002,15847.225875,128.70499999999998,180.96749999999997,0.0,0.31125567560051026,0.4410082943335426,2107.131625000002
2026-04-24 20:30:00,1584.0100000000002,411.21,407.8825750000001,17974.35,15701.674125000005,124.6875,181.165,0.0,0.30322098198001024,0.4441596947356723,2272.6758749999935
2026-04-24 20:45:00,1568.75,407.13500000000005,403.953125,17730.625000000004,15486.304375000002,125.22250000000001,181.14999999999998,0.0,0.30756997064855635,0.44844312072099946,2244.320625000002
2026-04-24 21:00:00,1539.41,399.8175,396.398075,17486.677499999998,15068.526625,120.92250000000001,181.195,0.0,0.30244424018458427,0.4571036325037653,2418.1508749999975
2026-04-24 21:15:00,1518.6999999999998,394.10749999999996,391.06524999999993,17160.3975,14787.596249999995,121.34,180.9475,0.0,0.30788553884409714,0.4627041139554077,2372.801250000004
2026-04-24 21:30:00,1501.34,389.515,386.59505,16995.397500000003,14559.485250000002,119.0975,180.59249999999997,0.0,0.3057584431921749,0.4671360898180149,2435.912250000001
2026-04-24 21:45:00,1465.01,380.3425,377.24007500000005,16546.6475,14060.461625000002,117.7,180.2825,0.0,0.3094579227932719,0.4778985901749701,2486.1858749999974
2026-04-24 22:00:00,1437.73,374.0475,370.215475,16171.477499999999,13639.983625,118.2425,180.96499999999997,0.0,0.31611626865571885,0.4888099288664256,2531.4938749999983
2026-04-24 22:15:00,1416.97,367.875,364.869775,15875.607500000002,13395.970125,117.415,179.96499999999997,0.0,0.3191709140332994,0.49323076979999225,2479.637375000002
2026-04-24 22:30:00,1385.0,359.5225,356.63749999999993,15470.945,12954.445,116.015,179.73999999999998,0.0,0.3226919038446829,0.5039851389716449,2516.5
2026-04-24 22:45:00,1351.02,350.3725,347.88765,15153.4775,12460.20325,110.9025,180.0,0.0,0.31652741011352203,0.5174084219431186,2693.2742500000004
2026-04-24 23:00:00,1339.66,347.54,344.96245000000005,15001.92,12283.567250000004,110.6775,180.315,0.0,0.3184597456407895,0.5227090658707926,2718.3527499999964
2026-04-24 23:15:00,1318.43,342.38,339.4957250000001,14807.964999999998,11959.522375000004,108.085,180.7825,0.0,0.31568724808692095,0.5325030234180413,2848.442624999994
2026-04-24 23:30:00,1297.91,337.25,334.211825,14451.6525,11589.657875,109.53250000000001,182.36749999999998,0.0,0.3247813194959229,0.5456644150756784,2861.9946249999994
2026-04-25 00:00:00,1245.88,323.61,320.81410000000005,13903.385,10783.783000000003,103.59,183.74749999999997,0.0,0.32010753684991194,0.5727538159949951,3119.601999999997
2026-04-25 00:15:00,1229.14,320.0525,316.50355,13805.619999999999,10546.82775,100.94500000000001,183.74499999999998,0.0,0.3154013794611822,0.5805464109328314,3258.7922499999986
2026-04-25 00:30:00,1195.79,311.595,307.915925,13562.3075,10063.258375000001,94.87,183.97,0.0,0.30446573276207894,0.5974682861888354,3499.0491249999995
2026-04-25 00:45:00,1181.63,307.14250000000004,304.26972500000005,13301.3075,9854.467375000002,95.2475,184.135,0.0,0.3101085001261629,0.6051702975049521,3446.840124999999
2026-04-25 01:00:00,1172.01,304.9875,301.792575,13382.175000000001,9759.349125,90.1475,183.3125,0.0,0.2955776876101479,0.6074122267587266,3622.8258750000005
2026-04-25 01:15:00,1153.15,300.435,296.936125,13151.035,9471.994375000002,89.485,183.71749999999997,0.0,0.29785144873267094,0.6187105055001306,3679.040624999998
2026-04-25 01:30:00,1152.08,299.96,296.6606,13146.914999999999,9460.715499999998,88.9175,183.64,0.0,0.29643119082544345,0.6190238946459354,3686.1995000000006
2026-04-25 01:45:00,1140.9,297.3375,293.7817500000001,13149.5925,9304.253750000003,84.96000000000001,183.6025,0.0,0.28573590616723427,0.6249622381240493,3845.338749999997
2026-04-25 02:00:00,1130.46,294.8075,291.09344999999996,13222.332499999999,9202.89725,79.56,182.67249999999999,0.0,0.26987101752838716,0.6275390256977613,4019.4352499999986
2026-04-25 02:15:00,1112.62,290.38,286.49965,13049.3125,9008.613249999999,78.065,181.505,0.0,0.2688373854948688,0.6335260793512314,4040.6992500000015
2026-04-25 02:30:00,1110.84,290.1175,286.0413,12980.81,8947.654,79.27499999999999,182.22,0.0,0.27325135505441756,0.6370408748666714,4033.155999999999
2026-04-25 02:45:00,1107.63,288.935,285.21472500000004,12918.5275,8896.067375000002,79.1575,182.34249999999997,0.0,0.2739630020592867,0.6393165710501095,4022.460124999998
2026-04-25 03:00:00,1103.19,288.0075,284.07142500000003,12885.634999999998,8846.310875000003,78.75999999999999,182.07999999999998,0.0,0.2734651007352239,0.6409655599819657,4039.3241249999955
2026-04-25 03:15:00,1098.05,286.53499999999997,282.747875,12885.725,8844.140625000004,77.065,180.6675,0.0,0.2689549269722722,0.6389703194055835,4041.5843749999967
2026-04-25 03:30:00,1092.09,285.345,281.213175,12851.305000000002,8765.232124999999,76.265,180.55749999999998,0.0,0.26727295028824755,0.6420662901018062,4086.0728750000035
2026-04-25 03:45:00,1095.25,285.655,282.026875,12834.192500000001,8761.485625000001,76.8475,181.52749999999997,0.0,0.2690220720799566,0.6436531979443447,4072.706875
2026-04-25 04:00:00,1085.11,283.9425,279.4158249999999,12993.0975,8625.752874999998,70.0625,181.36999999999998,0.0,0.24674890162620955,0.6491042517008477,4367.3446250000015
2026-04-25 04:15:00,1088.05,284.4575,280.172875,12983.68,8627.890625,70.80499999999999,182.16,0.0,0.24891240343460797,0.6501700066432199,4355.789375
2026-04-25 04:30:00,1097.4899999999998,286.24,282.60367499999995,13101.73,8784.834624999998,70.42750000000001,181.695,0.0,0.24604352990497488,0.642932191168427,4316.895375000002
2026-04-25 04:45:00,1099.65,287.13,283.15987500000006,13341.074999999999,8854.675625000003,65.5575,180.91,0.0,0.22831992477275104,0.6388970188661086,4486.399374999995
2026-04-25 05:00:00,1092.9,285.6775,281.4217500000001,13226.3825,8734.078750000002,66.3225,181.41,0.0,0.2321586404249547,0.6446196855786731,4492.303749999997
2026-04-25 05:15:00,1118.21,291.485,287.939075,13534.8325,9109.781625,66.74,181.065,0.0,0.2289654699212652,0.628830942795798,4425.050875000001
2026-04-25 05:30:00,1132.23,295.3325,291.549225,13832.454999999998,9321.089875000001,64.505,180.80999999999997,0.0,0.21841483751364987,0.6201697157658368,4511.365124999997
2026-04-25 05:45:00,1133.49,296.3375,291.87367499999993,13856.134999999998,9286.434624999998,64.99000000000001,181.85999999999999,0.0,0.21931075209853634,0.6230777749997496,4569.700375
2026-04-25 06:00:00,1155.71,301.58,297.595325,14231.0125,9621.250375000001,62.792500000000004,181.45749999999998,0.0,0.20821175144240336,0.6097458016183553,4609.762124999999
2026-04-25 06:15:00,1141.71,298.10749999999996,293.99032500000004,14075.515,9406.850375000002,61.72,181.77999999999997,0.0,0.20703940692535414,0.6183196674924589,4668.664624999998
2026-04-25 06:30:00,1122.47,292.5875,289.036025,13886.957499999999,9125.363875000001,58.5475,181.95999999999998,0.0,0.20010253343017048,0.629540902384054,4761.593624999998
2026-04-25 06:45:00,1112.5500000000002,289.755,286.48162500000007,13371.859999999999,8893.996875000004,67.62,183.77749999999997,0.0,0.23336957084433402,0.6414983858039759,4477.863124999994
2026-04-25 07:00:00,1146.3000000000002,299.0125,295.1722500000001,13551.315,9269.731250000004,75.8125,185.8225,0.0,0.25354291208561514,0.6295391927933603,4281.583749999996
2026-04-25 07:15:00,1167.13,304.2125,300.535975,13471.044999999998,9363.486125000001,84.2975,189.8475,0.0,0.2771007108517895,0.6316964217012622,4107.558874999997
2026-04-25 07:30:00,1201.2,313.7925,309.30899999999997,13729.11,9705.002499999999,90.5725,192.6675,0.0,0.28863819243608435,0.6228965209547734,4024.107500000002
2026-04-25 07:45:00,1208.12,313.9475,311.0909,13619.0,9729.881999999998,93.265,194.13,0.0,0.2970719626689176,0.624029825366155,3889.118000000002
2026-04-25 08:00:00,1245.03,323.62749999999994,320.595225,13743.7425,10154.744875000002,103.59499999999998,196.08749999999998,0.0,0.32010567705154847,0.6116357472261166,3588.997624999998
2026-04-25 08:15:00,1277.12,332.4425,328.85839999999996,13987.494999999999,10499.2195,109.3375,198.2875,0.0,0.32889146243335315,0.6029570781831938,3488.2754999999997
2026-04-25 08:30:00,1304.69,338.7925,335.957675,14257.612500000001,10770.679624999997,110.64,200.6675,0.0,0.32657157404606063,0.59729994261926,3486.932875000004
2026-04-25 08:45:00,1327.95,345.0875,341.947125,14487.552500000002,11027.474375000003,113.2725,202.11999999999998,0.0,0.3282428369616402,0.5910855369817773,3460.078124999998
2026-04-25 09:00:00,1354.5700000000002,351.62,348.8017750000001,14701.3675,11378.980125000004,117.02499999999999,202.63,0.0,0.33281667709459073,0.5809316767381701,3322.3873749999966
2026-04-25 09:15:00,1371.74,354.9425,353.22305000000006,14729.245,11510.025250000002,120.4225,204.87249999999997,0.0,0.33927326257069806,0.5800088640874369,3219.2197499999984
2026-04-25 09:30:00,1379.7799999999995,357.7475,355.29334999999986,14863.26,11626.016749999993,120.985,204.82999999999998,0.0,0.3381854520297137,0.5765095237498818,3237.243250000007
2026-04-25 09:45:00,1394.9,362.40999999999997,359.18674999999996,14922.6875,11795.02875,125.9925,205.7325,0.0,0.34765183079937095,0.5727730769578778,3127.6587500000005
2026-04-25 10:00:00,1410.23,364.47749999999996,363.134225,15005.904999999999,11931.139875,126.2475,207.3525,0.0,0.3463794061361813,0.5710078690599873,3074.765124999998
2026-04-25 10:15:00,1411.64,365.705,363.4973,15070.465,11963.234,126.4125,207.10999999999999,0.0,0.3456679564129558,0.5697703944430949,3107.2309999999998
2026-04-25 10:30:00,1411.9,365.7125,363.56425,15038.36,11875.29125,126.64750000000001,208.9425,0.0,0.3463034487473084,0.5747058463531549,3163.0687500000004
2026-04-25 10:45:00,1440.93,373.2075,371.03947500000004,15332.8375,12249.803625000004,129.5725,209.67499999999998,0.0,0.34718621678288886,0.5651015973435171,3083.0338749999955
2026-04-25 11:00:00,1449.4599999999998,375.77,373.23594999999995,15266.699999999999,12287.484749999998,134.585,211.33749999999998,0.0,0.3581579157463342,0.5662302894455906,2979.215250000001
2026-04-25 11:15:00,1465.81,379.1125,377.44607500000006,15385.217499999999,12480.916625000002,136.0825,212.1,0.0,0.35895017969600057,0.561934575687401,2904.300874999997
2026-04-25 11:30:00,1476.62,380.9675,380.22965,15455.505000000001,12577.763250000002,136.545,213.22499999999997,0.0,0.35841640034911115,0.5607795183779065,2877.7417499999992
2026-04-25 11:45:00,1463.61,377.2475,376.87957500000005,15383.62,12458.884125,133.41750000000002,211.9175,0.0,0.3536603953637864,0.5622949983426403,2924.7358750000003
2026-04-25 12:00:00,1450.38,375.025,373.47285000000005,15229.977499999999,12200.889250000004,133.76999999999998,213.32999999999998,0.0,0.35669622025198316,0.5712061800476258,3029.0882499999952
2026-04-25 12:15:00,1434.1,370.365,369.28075,14833.7775,11828.573750000003,136.555,216.165,0.0,0.36870384620577,0.585367636953727,3005.203749999997
2026-04-25 12:30:00,1422.61,367.5325,366.322075,14594.217499999999,11531.846625,137.8775,218.84499999999997,0.0,0.37514369477529197,0.597411444560091,3062.3708749999987
2026-04-25 12:45:00,1432.06,370.7,368.75545,14623.39,11610.18225,141.4075,219.95499999999998,0.0,0.38146074993256,0.5964793198310696,3013.2077499999996
2026-04-25 13:00:00,1434.06,370.2575,369.27045,14665.41,11742.882249999999,140.3475,217.86749999999998,0.0,0.37905376663538215,0.5899944065386222,2922.527750000001
2026-04-25 13:15:00,1422.51,367.91999999999996,366.296325,14558.81,11610.055375,139.97,217.2525,0.0,0.380435964340074,0.5931058685887717,2948.7546249999996
2026-04-25 13:30:00,1432.98,370.575,368.99235,14523.119999999999,11643.961750000002,144.0775,219.54,0.0,0.38879444107130806,0.5949716843723183,2879.1582499999968
2026-04-25 13:45:00,1443.37,372.735,371.667775,14683.717499999999,11894.235125,143.6725,217.4775,0.0,0.38545481374166635,0.585139510682625,2789.4823749999996
2026-04-25 14:00:00,1449.41,374.5075,373.2230750000001,14625.390000000001,11763.651625000006,146.365,221.79999999999998,0.0,0.3908199435258306,0.5942826552189998,2861.7383749999954
2026-04-25 14:15:00,1447.08,373.7125,372.62309999999997,14567.575,11700.652999999998,146.535,222.39999999999998,0.0,0.39210623139445433,0.5968497390526781,2866.9220000000023
2026-04-25 14:30:00,1458.39,376.8675,375.5354250000001,14801.287500000002,11937.205875000003,145.445,220.8725,0.0,0.3859313949863015,0.5881535676694148,2864.081624999999
2026-04-25 14:45:00,1469.21,379.435,378.32157500000005,14860.8475,12036.819125000004,147.275,221.945,0.0,0.38814289667531987,0.5866569994058625,2824.0283749999962
2026-04-25 15:00:00,1473.9299999999998,381.5125,379.536975,15013.760000000002,12167.291125,146.6775,220.67249999999999,0.0,0.3844631565151863,0.5814255646633638,2846.4688750000023
2026-04-25 15:15:00,1480.68,382.06,381.2751,15074.4525,12317.888,146.2375,219.5725,0.0,0.3827605611684029,0.5758899545236497,2756.5644999999986
2026-04-25 15:30:00,1480.08,382.1325,381.12059999999997,15081.6525,12307.515499999996,146.1375,219.60999999999999,0.0,0.3824262526741379,0.5762218048565205,2774.1370000000043
2026-04-25 15:45:00,1455.56,376.12,374.8067,14835.5375,12010.876,144.2075,218.5975,0.0,0.38340822078060194,0.5832273008993702,2824.6615
2026-04-25 16:00:00,1464.8100000000002,377.8775,377.1885750000001,14970.064999999999,12262.254125000007,144.03,216.19,0.0,0.3811552685724871,0.5731615810473579,2707.810874999992
2026-04-25 16:15:00,1451.56,374.765,373.7767,14942.832499999999,12229.101000000002,141.22500000000002,213.1,0.0,0.3768361506544102,0.5701264953112379,2713.7314999999962
2026-04-25 16:30:00,1444.3000000000002,374.52,371.90725,14956.5975,12226.78125,141.195,211.08999999999997,0.0,0.3770025632809997,0.5675877520537714,2729.81625
2026-04-25 16:45:00,1441.36,373.60749999999996,371.1502,15006.404999999999,12266.2685,139.0625,209.46749999999997,0.0,0.37221549353265126,0.5643739380983763,2740.1364999999987
2026-04-25 17:00:00,1440.89,372.3725,371.029175,15108.375,12509.612125000001,136.22750000000002,204.46749999999997,0.0,0.36583662864470395,0.5510820004922793,2598.7628749999985
2026-04-25 17:15:00,1423.9,368.02750000000003,366.65425000000005,15126.335000000001,12474.866250000005,130.73000000000002,200.35,0.0,0.35521802039249784,0.5464275949344647,2651.4687499999964
2026-04-25 17:30:00,1429.34,370.24,368.05504999999994,15174.0025,12735.410249999999,134.01999999999998,196.67999999999998,0.0,0.36198141745894546,0.5343765830682122,2438.5922500000015
2026-04-25 17:45:00,1452.5300000000002,375.8625,374.02647500000006,15605.67,13213.463625000004,131.7625,193.6875,0.0,0.35056037779773186,0.5178443584775649,2392.206374999996
2026-04-25 18:00:00,1522.05,393.485,391.927875,16311.3,14206.290624999998,138.945,193.52249999999998,0.0,0.3531138416966339,0.4937706969681603,2105.0093750000015
2026-04-25 18:15:00,1604.56,415.255,413.17420000000004,17252.555,15379.963500000002,145.9025,193.42,0.0,0.3513563954678451,0.468131843663036,1872.5914999999986
2026-04-25 18:30:00,1616.47,418.645,416.24102500000004,17253.155,15526.513875,150.77,193.86249999999998,0.0,0.360138064469897,0.4657457779419988,1726.6411249999983
2026-04-25 18:45:00,1630.7400000000002,422.775,419.91555000000005,17182.559999999998,15801.237750000004,159.32750000000001,192.41,0.0,0.37686121459405125,0.45821118079575757,1381.3222499999938
2026-04-25 19:00:00,1627.87,421.52250000000004,419.17652499999997,17006.5625,15645.341375,161.4125,194.71499999999997,0.0,0.38292736449418474,0.46451790209387317,1361.221125
2026-04-25 19:15:00,1624.58,420.4425,418.32935,16948.045,15597.87175,161.3825,194.7325,0.0,0.38383964513577956,0.46550044839072374,1350.173249999998
2026-04-25 19:30:00,1625.65,420.26750000000004,418.6048750000001,16955.955,15610.025625000004,160.88750000000002,194.7925,0.0,0.38282165525528383,0.46533739006264546,1345.929374999998
2026-04-25 19:45:00,1606.21,415.5925,413.599075,17020.7575,15366.831625000003,152.4125,194.14999999999998,0.0,0.3667354439745664,0.46941594344716553,1653.9258749999972
2026-04-25 20:00:00,1590.54,412.155,409.56405,17149.5075,15192.155250000002,144.155,193.20499999999998,0.0,0.3497591925367884,0.47173329788100293,1957.352249999998
2026-04-25 20:15:00,1583.9199999999998,410.20500000000004,407.85939999999994,17074.6125,15106.1495,143.335,193.04999999999998,0.0,0.3494228495508343,0.47332487617056274,1968.4629999999997
2026-04-25 20:30:00,1570.6899999999998,406.32,404.45267499999994,16907.692499999997,14933.529624999996,142.175,192.755,0.0,0.3499089387674739,0.47658233438559905,1974.1628750000018
2026-04-25 20:45:00,1552.29,401.645,399.71467499999994,16784.247499999998,14570.189624999999,137.84,194.80999999999997,0.0,0.34318863673144195,0.4873726490026917,2214.0578749999986
2026-04-25 21:00:00,645.71,397.96500000000003,166.270325,16643.1475,2797.60585,136.4775,166.270325,0.0,0.34293844936112466,1.0,13845.54165
2026-04-25 21:15:00,1520.38,393.3125,391.49785,16473.8,14208.01425,134.475,193.015,0.0,0.34190370252661684,0.4930167560307163,2265.785749999999
2026-04-25 21:30:00,1497.18,387.6325,385.52385000000004,16530.545,13898.569250000002,124.63250000000001,192.6325,0.0,0.32152231817507565,0.49966428795520684,2631.975749999996
2026-04-25 21:45:00,1461.44,377.9325,376.3208,16097.125,13429.026500000002,122.185,191.89999999999998,0.0,0.3232984726108498,0.5099372662898249,2668.0984999999982
2026-04-25 22:00:00,1430.4499999999998,370.90250000000003,368.340875,15735.542500000001,12980.880625,121.4425,192.08499999999998,0.0,0.3274243231037806,0.5214870600500148,2754.6618750000016
2026-04-25 22:15:00,1413.39,365.39750000000004,363.94792500000005,15376.082499999999,12719.768375000005,122.8375,192.475,0.0,0.3361749875135982,0.5288531319418842,2656.3141249999935
2026-04-25 22:30:00,1388.7199999999998,358.97249999999997,357.5953999999999,15189.752499999999,12369.6295,118.3175,192.48999999999998,0.0,0.32960045685950873,0.5382899220739418,2820.1229999999996
2026-04-25 22:45:00,1350.23,349.935,347.684225,14838.4025,11863.389875000003,114.6525,191.71249999999998,0.0,0.3276394187491963,0.5513983270307992,2975.0126249999976
2026-04-25 23:00:00,1334.56,346.0075,343.6492,14703.672499999999,11634.963500000002,112.41,191.84249999999997,0.0,0.3248773509244742,0.5582509722123606,3068.708999999997
2026-04-25 23:15:00,1294.6,335.865,333.35949999999997,14447.5975,11110.404999999999,104.545,191.015,0.0,0.31127089753323506,0.5730000194984693,3337.192500000001
2026-04-25 23:30:00,1272.38,0.0,775.83,0.0,36049.4075,0.0,178.9525,,,0.2306594228116984,-36049.4075
2026-04-26 00:00:00,1224.41,317.8325,315.2855750000001,13804.794999999998,10158.964125000004,95.41250000000001,190.1625,0.0,0.3001974310367883,0.603143673794781,3645.830874999994
2026-04-26 00:15:00,1201.99,312.0375,309.512425,13612.615000000002,9934.315875,92.645,188.30499999999998,0.0,0.2969034170572447,0.6083923771396252,3678.2991250000014
2026-04-26 00:30:00,1183.27,307.115,304.692025,13371.5375,9682.943875,91.94,188.02999999999997,0.0,0.2993666867460072,0.6171149376161059,3688.5936249999995
2026-04-26 00:45:00,1165.07,302.255,300.005525,13126.0525,9447.186375,91.50500000000001,187.58999999999997,0.0,0.3027410630097104,0.6252884842704146,3678.8661250000005
2026-04-26 01:00:00,1146.58,297.9,295.24435,12971.182499999999,9216.696750000001,89.4375,186.96249999999998,0.0,0.3002265861027191,0.6332466650081533,3754.485749999998
2026-04-26 01:15:00,1129.98,293.7025,290.96985000000006,12911.062500000002,8996.849250000001,84.92999999999999,186.6575,0.0,0.2891701636860428,0.6415011727160046,3914.2132500000007
2026-04-26 01:30:00,1114.99,289.4375,287.10992500000003,12767.555,8795.053375000001,82.5425,186.4475,0.0,0.28518246599006697,0.6493941301402241,3972.501624999999
2026-04-26 01:45:00,1107.24,288.1275,285.1143,12760.875,8667.044000000002,80.6475,186.8125,0.0,0.27990212666267533,0.6552196785640004,4093.8309999999983
2026-04-26 02:00:00,1085.89,283.02750000000003,279.61667500000004,12651.635000000002,8407.174625000003,76.31750000000001,185.96249999999998,0.0,0.26964694243492243,0.6650622678350636,4244.460374999999
2026-04-26 02:15:00,1080.2800000000002,281.35749999999996,278.17210000000006,12616.739999999998,8381.348000000004,75.155,184.89,0.0,0.2671156802288903,0.6646604745767097,4235.391999999994
2026-04-26 02:30:00,1069.42,278.85249999999996,275.37565,12463.3125,8221.41825,75.535,185.0125,0.0,0.270877973121991,0.6718549733790914,4241.894249999999
2026-04-26 02:45:00,1061.35,276.3475,273.297625,12422.74,8184.626875,73.4525,183.46249999999998,0.0,0.2657975918001791,0.671291966038856,4238.113125
2026-04-26 03:00:00,1051.38,273.6975,270.73035000000004,12247.2125,8055.551750000004,74.3425,183.22,0.0,0.2716228683126444,0.6767619515137477,4191.6607499999955
2026-04-26 03:15:00,1042.8,271.40500000000003,268.5210000000001,12096.570000000002,7868.412500000002,74.545,184.5325,0.0,0.27466332602568116,0.6872181319151945,4228.157499999999
2026-04-26 03:30:00,1028.9700000000005,268.89,264.95977500000015,12168.179999999998,7664.920125000008,68.8175,184.68499999999997,0.0,0.2559317936702741,0.6970303322457149,4503.259874999991
2026-04-26 03:45:00,1027.55,267.67,264.5941250000001,12084.095,7633.559375000003,69.19749999999999,184.91,0.0,0.2585179512085777,0.6988439369165885,4450.535624999997
2026-04-26 04:00:00,1021.69,266.355,263.085175,11967.699999999999,7464.317125,69.7825,186.635,0.0,0.2619905764862683,0.7094090345455611,4503.382874999999
2026-04-26 04:15:00,1021.57,266.0425,263.054275,11932.0025,7438.742625000002,70.115,187.11249999999998,0.0,0.26354811731208355,0.7113075809165237,4493.259874999999
2026-04-26 04:30:00,1019.47,265.255,262.513525,11964.8675,7491.376375000002,68.635,185.46499999999997,0.0,0.25875101317600047,0.7064969319199838,4473.491124999999
2026-04-26 04:45:00,1019.23,265.5775,262.451725,11966.91,7471.727375,68.945,185.79,0.0,0.2596040703749376,0.7079016150493962,4495.1826249999995
2026-04-26 05:00:00,1022.89,266.72,263.394175,11940.12,7523.937125000002,71.37,185.7825,0.0,0.2675839832033593,0.7053401997215769,4416.182874999999
2026-04-26 05:15:00,1025.13,266.6375,263.97097500000007,11980.1125,7611.661125000002,70.55999999999999,184.6625,0.0,0.2646289437907271,0.6995560780877517,4368.451374999997
2026-04-26 05:30:00,1032.91,268.905,265.974325,12027.009999999998,7662.345375000003,72.245,185.8525,0.0,0.26866365445045653,0.6987610552259131,4364.664624999996
2026-04-26 05:45:00,1033.95,269.4475,266.2421250000001,12056.33,7705.324375000004,72.4575,185.2875,0.0,0.26891138347915644,0.6959360769825583,4351.005624999996
2026-04-26 06:00:00,1034.73,270.1225,266.44297499999993,12130.862500000001,7809.371124999999,72.1,183.42749999999998,0.0,0.2669159362881655,0.6884306107151071,4321.491375000002
2026-04-26 06:15:00,999.46,260.29499999999996,257.36095,11753.5825,7367.734750000001,68.095,182.26999999999998,0.0,0.2616070228010527,0.7082271028297027,4385.847749999999
2026-04-26 06:30:00,966.59,251.73,248.896925,11209.307499999999,6855.838375000001,69.7475,183.1975,0.0,0.27707265721209234,0.7360376187853666,4353.469124999998
2026-04-26 06:45:00,961.55,250.505,247.599125,11074.05,6676.709374999999,70.825,185.3525,0.0,0.2827288876469532,0.74859917214974,4397.340625
2026-04-26 07:00:00,973.0,253.39249999999998,250.5475,11084.485,6729.620000000001,74.0675,187.5375,0.0,0.2923034422881498,0.7485107614324629,4354.865
2026-04-26 07:15:00,990.05,257.0125,254.937875,11039.315000000002,6803.965624999999,79.49499999999999,190.88,0.0,0.3093040221779096,0.7487314311378802,4235.349375000003
2026-04-26 07:30:00,1006.04,261.39250000000004,259.0553,11042.397500000001,6951.798999999999,85.37,192.4525,0.0,0.32659697581223635,0.7429012261088656,4090.598500000002
2026-04-26 07:45:00,1020.4299999999998,264.34,262.760725,11055.5775,7009.347375,88.36749999999999,195.3775,0.0,0.33429484754482863,0.7435567092456455,4046.230124999999
2026-04-26 08:00:00,1039.18,268.92999999999995,267.58885000000004,11133.164999999999,7094.019250000003,91.82249999999999,198.99499999999998,0.0,0.34143643327259887,0.7436595358887336,4039.145749999996
2026-04-26 08:15:00,1059.16,274.2625,272.73370000000006,11287.31,7275.8610000000035,94.8725,201.01749999999998,0.0,0.3459185998815004,0.7370467969304855,4011.448999999996
2026-04-26 08:30:00,1073.35,277.43499999999995,276.38762499999996,11270.412499999999,7307.826874999997,98.85749999999999,204.39749999999998,0.0,0.3563267071566313,0.7395320249956923,3962.5856250000015
2026-04-26 08:45:00,1085.44,280.7525,279.5008,11256.52,7311.926500000003,102.99,207.73999999999998,0.0,0.36683555800927864,0.7432536865726322,3944.593499999997
2026-04-26 09:00:00,1103.54,285.74,284.16155,11285.4525,7442.767749999999,108.74,210.25,0.0,0.3805557499825015,0.7398960204151477,3842.6847500000003
2026-04-26 09:15:00,1113.77,288.4475,286.79577499999994,11265.9625,7401.025124999998,111.98,213.9825,0.0,0.3882162265230241,0.7461145478869068,3864.9373750000013
2026-04-26 09:30:00,1121.77,290.3425,288.855775,11372.2325,7528.950125000001,112.0275,213.69,0.0,0.38584602667539203,0.7397809512376895,3843.282374999999
2026-04-26 09:45:00,1130.64,292.8275,291.13980000000004,11425.45,7562.696500000003,113.6375,215.52749999999997,0.0,0.3880697680374965,0.7402886860539162,3862.753499999998
2026-04-26 10:00:00,1136.78,294.28,292.72085,11368.612500000001,7505.5292500000005,116.32,218.40999999999997,0.0,0.39526981106429254,0.7461374890104343,3863.0832500000006
2026-04-26 10:15:00,1146.11,296.9175,295.123325,11487.9875,7605.040375,116.785,219.0625,0.0,0.3933247450891241,0.7422744373051503,3882.9471249999997
2026-04-26 10:30:00,1155.25,299.1675,297.47687499999995,11566.2875,7720.485624999998,117.915,219.34249999999997,0.0,0.3941437489032064,0.737343028764841,3845.801875000002
2026-04-26 10:45:00,1163.17,300.76750000000004,299.51627500000006,11535.010000000002,7732.1526250000015,120.4325,221.3525,0.0,0.400417265828256,0.7390332962707952,3802.8573750000005
2026-04-26 11:00:00,1163.97,301.6175,299.7222750000001,11563.3,7737.232625000003,120.8875,221.4775,0.0,0.4007973675267516,0.7389424092687136,3826.067374999996
2026-04-26 11:15:00,1169.66,302.985,301.18745000000007,11630.565,7797.567250000004,120.96000000000001,221.8825,0.0,0.39922768453883856,0.7366923821029061,3832.997749999997
2026-04-26 11:30:00,1170.6,303.02,301.42949999999996,11604.2275,7770.129999999997,121.4375,222.6975,0.0,0.4007573757507755,0.7388045960995855,3834.0975000000035
2026-04-26 11:45:00,1176.53,304.435,302.95647499999995,11651.532500000001,7826.738625,122.07,223.24499999999998,0.0,0.4009722929360947,0.736888029872938,3824.793875000001
2026-04-26 12:00:00,1176.51,304.4275,302.951325,11721.145,7912.2053750000005,120.78,221.52999999999997,0.0,0.39674470933145,0.7312395811439345,3808.939625
2026-04-26 12:15:00,1176.29,304.4375,302.894675,11749.5125,7939.589624999999,120.2425,220.92,0.0,0.39496612605214537,0.7293624425718279,3809.922875000002
2026-04-26 12:30:00,1180.55,305.485,303.99162500000006,11723.9175,7908.296875000003,121.84750000000001,222.7525,0.0,0.3988657380886132,0.732758673861492,3815.620624999997
2026-04-26 12:45:00,1180.74,305.6525,304.04054999999994,11832.82,8024.737749999998,119.9525,220.4775,0.0,0.39244730535493744,0.7251582066931533,3808.0822500000013
2026-04-26 13:00:00,1186.35,306.345,305.485125,11853.682499999999,8070.314375,120.18,221.15499999999997,0.0,0.3923027958674044,0.7239468697534781,3783.368124999999
2026-04-26 13:15:00,1193.75,306.6275,307.390625,11877.662499999999,8181.616875000001,119.99749999999999,221.02499999999998,0.0,0.39134617736504385,0.7190362425659532,3696.045624999998
2026-04-26 13:30:00,1198.62,310.1825,308.6446499999999,12259.2625,8428.338249999995,116.2175,217.46999999999997,0.0,0.37467458673522847,0.7045966939650502,3830.9242500000055
2026-04-26 13:45:00,1189.71,311.1625,306.350325,12137.365000000002,8139.025374999999,119.8225,220.7325,0.0,0.38508014301209176,0.7205231461726048,3998.3396250000023
2026-04-26 14:00:00,1206.37,312.32,310.640275,12183.1775,8372.847624999999,120.28999999999999,220.77499999999998,0.0,0.3851498463114754,0.7107095176245256,3810.3298750000013
2026-04-26 14:15:00,1207.06,313.0125,310.81794999999994,12259.932499999999,8463.744749999998,119.815,219.15249999999997,0.0,0.3827802404057346,0.7050831523726349,3796.187750000001
2026-04-26 14:30:00,1211.74,313.07500000000005,312.02305,12361.207499999999,8641.275250000002,117.9525,216.92749999999998,0.0,0.3767547712209534,0.6952290864408894,3719.932249999996
2026-04-26 14:45:00,1210.23,313.8975,311.634225,12288.242499999998,8484.389875,120.19500000000001,219.6375,0.0,0.3829116192387643,0.7047926138407936,3803.8526249999977
2026-04-26 15:00:00,1209.3300000000002,313.205,311.402475,12759.012499999999,9050.893625,110.51249999999999,208.05249999999998,0.0,0.35284398397215877,0.6681144714729708,3708.1188749999983
2026-04-26 15:15:00,1214.25,313.9075,312.66937500000006,12806.105000000001,9389.323125000003,112.1725,202.67749999999998,0.0,0.35734252924826576,0.6482166665667206,3416.7818749999988
2026-04-26 15:30:00,1215.56,315.185,313.00669999999997,12364.335,8849.501,122.08749999999999,213.84499999999997,0.0,0.3873518727096784,0.6831962382913848,3514.833999999999
2026-04-26 15:45:00,1215.55,313.88,313.004125,12673.3425,9304.234374999998,114.9925,204.7475,0.0,0.36635816235504015,0.6541367466003843,3369.1081250000025
2026-04-26 16:00:00,1213.9499999999998,313.7175,312.59212499999995,12614.894999999999,9277.574374999997,116.3025,204.8275,0.0,0.37072366061823137,0.6552548308758579,3337.320625000002
2026-04-26 16:15:00,1213.34,313.8325,312.43505,12823.06,9556.06025,112.865,199.08499999999998,0.0,0.3596345184134849,0.6372044365700967,3266.999749999999
2026-04-26 16:30:00,1210.61,313.8925,311.732075,12876.189999999999,9568.521625000001,111.8775,198.0625,0.0,0.3564197934006069,0.6353613114723597,3307.6683749999975
2026-04-26 16:45:00,1214.58,314.9925,312.75435,12896.392500000002,9638.74675,113.065,197.78249999999997,0.0,0.3589450542473233,0.6323892857125728,3257.6457500000015
2026-04-26 17:00:00,1221.51,316.27,314.5388250000001,12922.3025,9691.892875000005,113.9475,198.68249999999998,0.0,0.36028551554051924,0.6316628797732678,3230.409624999995
2026-04-26 17:15:00,1225.87,316.7875,315.661525,13165.23,9974.766375,109.705,194.26,0.0,0.34630469952255055,0.6154060112330764,3190.4636250000003
2026-04-26 17:30:00,1235.68,319.6125,318.18760000000003,13450.055,10322.700500000003,107.675,190.07999999999998,0.0,0.3368923305565333,0.5973834304039503,3127.3544999999976
2026-04-26 17:45:00,1267.72,327.5625,326.4379,13787.7875,10936.967,111.4925,186.86999999999998,0.0,0.3403701583667239,0.5724519119869352,2850.8205
2026-04-26 18:00:00,1354.27,349.72,348.7245250000001,14684.7025,12194.981375000003,120.41499999999999,186.225,0.0,0.34431831179229094,0.5340175027838949,2489.7211249999964
2026-04-26 18:15:00,1428.9499999999998,370.2375,367.95462499999996,15308.675,13285.386874999998,134.28,185.57,0.0,0.3626861136432695,0.5043284888727788,2023.288125000001
2026-04-26 18:30:00,1457.58,377.685,375.3268499999999,15700.54,13657.10925,134.5225,186.24499999999998,0.0,0.35617644333240667,0.4962208272602933,2043.4307500000014
2026-04-26 18:45:00,1467.94,380.26,377.99455,15819.925000000001,13796.20775,135.07,186.39749999999998,0.0,0.3552043338768211,0.4931221891955849,2023.7172500000015
2026-04-26 19:00:00,1470.42,380.8375,378.63315,15805.255000000001,13773.70575,135.92000000000002,187.54999999999998,0.0,0.3568976269406243,0.4953343361509682,2031.5492500000018
2026-04-26 19:15:00,1473.42,381.34,379.40565000000004,15726.582499999999,13737.81825,138.24249999999998,189.11749999999998,0.0,0.3625177007394975,0.49845725808247704,1988.7642499999984
2026-04-26 19:30:00,1466.3000000000002,380.0375,377.57225000000005,15638.6725,13649.106250000003,138.7675,188.875,0.0,0.3651415978686314,0.5002353854129904,1989.566249999998
2026-04-26 19:45:00,1460.49,378.04999999999995,376.07617500000003,15412.2525,13457.947125000002,141.1675,191.05249999999998,0.0,0.37340960190451,0.5080154306504525,1954.305374999998
2026-04-26 20:00:00,1453.68,376.3175,374.3226,15391.02,13550.625500000002,140.495,187.26999999999998,0.0,0.37334165963581284,0.5002903912293833,1840.3944999999985
2026-04-26 20:15:00,1443.31,373.36249999999995,371.652325,15357.5975,13311.510375000002,136.3575,189.11499999999998,0.0,0.3652147711674311,0.5088492316037575,2046.0871249999982
2026-04-26 20:30:00,1432.27,371.0,368.809525,15534.192500000001,13193.531375,128.3425,188.3475,0.0,0.3459366576819407,0.5106904438002245,2340.6611250000005
2026-04-26 20:45:00,1420.52,368.7,365.7839,15424.394999999999,13033.372000000001,127.935,188.2225,0.0,0.34698942229454843,0.5145729486726999,2391.0229999999974
2026-04-26 21:00:00,1405.85,364.33,362.00637500000005,15216.0975,12928.608125,127.79249999999999,186.1625,0.0,0.35076029972826833,0.514251993490446,2287.489374999999
2026-04-26 21:15:00,1376.0,357.2525,354.32,14931.98,12459.8575,124.6275,187.08249999999998,0.0,0.3488499030797545,0.5280043463535786,2472.1224999999995
2026-04-26 21:30:00,1362.63,353.165,350.877225,14771.8425,12237.129875,122.645,187.75,0.0,0.3472739371115484,0.5350874511732701,2534.712625
2026-04-26 21:45:00,1336.25,347.40500000000003,344.084375,14300.780000000002,11678.273125000002,125.5125,191.45499999999998,0.0,0.3612858191448022,0.5564187563006893,2622.506875000001
2026-04-26 22:00:00,1317.86,342.88,339.34895000000006,14105.185,11357.699750000002,123.64999999999999,192.6575,0.0,0.3606217918805413,0.5677268192519822,2747.485249999998
2026-04-26 22:15:00,1287.84,334.2925,331.61879999999996,13727.015000000001,10947.041499999996,121.2075,192.36749999999998,0.0,0.36257917841411336,0.5800862315405519,2779.9735000000055
2026-04-26 22:30:00,1266.66,329.1275,326.16495,13540.93,10647.20475,118.55999999999999,192.36499999999998,0.0,0.36022514071294554,0.5897782701666748,2893.7252499999995
2026-04-26 22:45:00,1222.7799999999995,317.96000000000004,314.8658499999999,13018.417500000001,10090.629249999994,116.5375,191.0675,0.0,0.3665162284564096,0.6068219211451482,2927.788250000007
2026-04-26 23:00:00,1230.98,319.48249999999996,316.97735,13157.3225,10179.511749999998,114.85499999999999,191.61249999999998,0.0,0.35950325917695025,0.6044990280851297,2977.8107500000024
2026-04-26 23:15:00,1201.09,311.5825,309.280675,12711.717499999999,9732.694625,114.99,192.08249999999998,0.0,0.3690515353076633,0.6210620822009005,2979.0228749999987
2026-04-27 00:00:00,1105.24,287.7975,284.5993,11819.5525,8306.344000000003,103.26249999999999,193.45999999999998,0.0,0.3588026303216671,0.679762740105123,3513.208499999997
2026-04-27 00:15:00,1091.2800000000002,284.2875,281.0046,11644.4125,8129.135500000001,102.9225,193.04999999999998,0.0,0.3620366706239282,0.686999429902571,3515.276999999999
2026-04-27 00:30:00,1076.16,280.3775,277.11120000000005,11797.8,8022.123500000003,93.7175,190.9075,0.0,0.334254710167542,0.6889201879967318,3775.676499999996
2026-04-27 00:45:00,1035.26,269.6375,266.57945,11458.6475,7371.877250000001,86.42,192.3275,0.0,0.3205043808817394,0.721464088848559,4086.7702499999978
2026-04-27 01:00:00,1039.84,270.93,267.7588,11479.47,7376.1165,87.3525,193.54,0.0,0.3224172295426863,0.7228147123455886,4103.353499999999
2026-04-27 01:15:00,1036.0,268.94,266.77,11597.677499999998,7322.857499999999,81.2075,193.51749999999998,0.0,0.30195396742767905,0.725409528807587,4274.819999999999
2026-04-27 01:30:00,1029.34,269.29999999999995,265.05505,11626.047499999999,7242.285250000001,81.07249999999999,193.24249999999998,0.0,0.3010490159673227,0.7290655280855807,4383.762249999998
2026-04-27 01:45:00,1014.74,264.49,261.29555,11454.060000000001,7056.38775,78.7175,192.825,0.0,0.29761994782411433,0.7379574585177588,4397.672250000001
2026-04-27 02:00:00,1017.0,264.5075,261.8775,11508.3875,7168.77,77.84,191.21749999999997,0.0,0.29428277080990145,0.7301791868335384,4339.6175
2026-04-27 02:15:00,1002.31,262.015,258.094825,11408.137499999999,6987.847875000001,77.035,190.67499999999998,0.0,0.2940098849302521,0.7387788577318433,4420.289624999998
2026-04-27 02:30:00,994.82,259.845,256.16615,11303.7175,6886.8957500000015,76.6675,190.5725,0.0,0.29505089572629833,0.743940992984436,4416.821749999999
2026-04-27 02:45:00,996.32,260.34749999999997,256.55240000000003,11262.3725,6824.264500000001,77.9425,192.25,0.0,0.2993787149867005,0.749359585020448,4438.107999999998
2026-04-27 03:00:00,997.04,258.4575,256.7378,11122.945,6770.5865,78.4525,193.52749999999997,0.0,0.30354120116460154,0.753794338036705,4352.358499999999
2026-04-27 03:15:00,991.26,259.4075,255.24945,11533.055,6800.35225,69.565,191.295,0.0,0.26816880776384644,0.7494433386634134,4732.70275
2026-04-27 03:30:00,967.54,252.9275,249.14155,11328.414999999999,6529.04275,65.91749999999999,190.0025,0.0,0.2606181613308161,0.7626287144797806,4799.372249999999
2026-04-27 03:45:00,986.95,258.77750000000003,254.13962500000002,11785.045,6832.811875000002,62.474999999999994,189.42499999999998,0.0,0.24142361681367192,0.7453579897271037,4952.233124999998
2026-04-27 04:00:00,979.6,256.5425,252.247,11785.557499999999,6794.342500000002,59.599999999999994,188.11249999999998,0.0,0.23232018086671796,0.7457472239511271,4991.214999999997
2026-04-27 04:15:00,989.76,258.3025,254.8632,11826.8475,6872.7335,60.64,189.42249999999999,0.0,0.23476350403112628,0.7432320554713273,4954.114
2026-04-27 04:30:00,985.59,257.265,253.78942500000002,12183.9475,6909.175875000002,50.1175,187.5125,0.0,0.1948088546829145,0.7388507224050016,5274.7716249999985
2026-04-27 04:45:00,1004.62,260.26750000000004,258.68965000000003,12443.455,7231.063250000003,47.935,186.46499999999997,0.0,0.18417589595320197,0.7208057995362395,5212.391749999997
2026-04-27 05:00:00,999.8,261.1325,257.44849999999997,12570.2925,7249.924999999997,46.404999999999994,184.7225,0.0,0.17770671976869978,0.7175124345257402,5320.367500000002
2026-04-27 05:15:00,1040.44,271.65,267.91330000000005,13065.574999999999,7784.489000000004,48.365,185.5425,0.0,0.17804159764402727,0.692546805253789,5281.085999999995
2026-04-27 05:30:00,1048.65,271.92,270.027375,13076.365,7822.888125000002,47.9275,187.1,0.0,0.17625588408355397,0.6928927113408409,5253.476874999998
2026-04-27 05:45:00,1084.3,282.34000000000003,279.20725000000004,13370.480000000001,8318.15625,55.400000000000006,187.2925,0.0,0.19621732662747043,0.6708009910201113,5052.323750000001
2026-04-27 06:00:00,1131.83,298.84749999999997,291.44622499999997,14042.5,8964.549874999999,61.5875,187.8275,0.0,0.20608337028082888,0.6444670882252806,5077.950125000001
2026-04-27 06:15:00,1161.64,305.4725,299.1223,14162.225,9288.234000000002,67.5075,189.79749999999999,0.0,0.22099370647112257,0.6345147118753767,4873.990999999998
2026-04-27 06:30:00,1172.02,304.9975,301.79515000000004,14061.6625,9423.24075,69.435,190.0375,0.0,0.22765760375085042,0.6296903711010596,4638.4217499999995
2026-04-27 06:45:00,1199.74,312.655,308.9330500000001,14112.3175,9687.575250000004,78.5475,192.6025,0.0,0.2512273912139579,0.6234441410525676,4424.742249999996
2026-04-27 07:00:00,1236.48,320.475,318.3936,14053.66,10049.2805,90.6425,195.77499999999998,0.0,0.28283797488103596,0.6148835906249371,4004.379499999999
2026-04-27 07:15:00,1232.2299999999998,322.33000000000004,317.299225,14075.874999999998,9960.339875000001,92.59750000000001,196.35,0.0,0.287275463034778,0.61881651302489,4115.535124999997
2026-04-27 07:30:00,1208.7399999999998,313.59000000000003,311.25055,13428.3575,9425.78775,95.6875,200.3875,0.0,0.3051356867247042,0.6438141233806656,4002.5697500000006
2026-04-27 07:45:00,1225.73,313.93,315.625475,13253.8575,9509.283625,99.805,203.52999999999997,0.0,0.3179211926225592,0.6448465542903341,3744.573875
2026-04-27 08:00:00,1254.84,326.22249999999997,323.1213,13696.675,9793.178999999998,105.20750000000001,206.0975,0.0,0.32250227988566094,0.6378332223842872,3903.496000000001
2026-04-27 08:15:00,1277.53,332.8075,328.963975,13588.432499999999,10036.401124999999,117.3725,207.66,0.0,0.35267384298731247,0.6312545317462193,3552.0313750000005
2026-04-27 08:30:00,1277.7000000000005,332.845,329.00775000000016,13283.205,9871.933750000007,124.505,210.9975,0.0,0.3740630022983671,0.641314680277288,3411.2712499999925
2026-04-27 08:45:00,1325.38,344.3075,341.28535000000005,13531.154999999999,10399.201750000004,133.8025,213.95749999999998,0.0,0.38861337612453983,0.6269167428370422,3131.953249999995
2026-04-27 09:00:00,1341.63,346.5625,345.46972500000004,13615.8825,10639.717375000002,134.9375,213.75,0.0,0.38935978358881873,0.6187228128311387,2976.1651249999977
2026-04-27 09:15:00,1351.99,351.235,348.13742500000006,13819.342499999999,10705.440875000002,135.815,215.37,0.0,0.38667843466624907,0.618635011734231,3113.901624999997
2026-04-27 09:30:00,1348.75,351.2325,347.303125,13719.647500000001,10470.179375000003,137.175,219.15749999999997,0.0,0.39055326599901774,0.6310265708090014,3249.4681249999976
2026-04-27 09:45:00,1391.25,360.94,358.246875,14069.4175,11078.585625,142.1975,219.02749999999997,0.0,0.3939643708095528,0.6113870497823602,2990.831875
2026-04-27 10:00:00,1395.39,363.4725,359.312925,14119.2925,11038.093375,143.91750000000002,221.01,0.0,0.3959515506675196,0.6150905926915933,3081.199124999999
2026-04-27 10:15:00,1396.51,361.53000000000003,359.60132500000003,13915.875,10891.330375000001,145.385,224.2625,0.0,0.4021381351478438,0.6236420291276734,3024.5446249999986
2026-04-27 10:30:00,1423.53,368.9925,366.5589749999999,14114.9725,11157.751124999995,150.28,226.58749999999998,0.0,0.40727115049763885,0.618147461810204,2957.2213750000046
2026-04-27 10:45:00,1421.54,368.7975,366.04655,14031.2525,11006.06775,151.385,229.05749999999998,0.0,0.4104827174804601,0.6257605760797362,3025.1847500000003
2026-04-27 11:00:00,1446.64,373.8475,372.50980000000004,14268.69,11434.546500000004,152.9875,227.59749999999997,0.0,0.4092243495007991,0.6109839257920193,2834.1434999999965
2026-04-27 11:15:00,1424.87,369.755,366.90402499999993,14395.46,11451.353874999997,145.7625,221.09499999999997,0.0,0.3942137361225676,0.6025962784136806,2944.106125000002
2026-04-27 11:30:00,1465.4,379.2125,377.34049999999996,14571.9775,11791.235,153.40499999999997,225.77749999999997,0.0,0.40453571546296596,0.598338900807096,2780.7425000000003
2026-04-27 11:45:00,1438.84,373.0025,370.5013,14262.4275,11405.454000000002,152.4725,225.96999999999997,0.0,0.4087707186949149,0.6099033930515223,2856.9734999999982
2026-04-27 12:00:00,1415.18,367.41499999999996,364.40885000000003,14051.055,11138.744250000003,150.36,224.6025,0.0,0.4092375107167645,0.6163475447975536,2912.310749999997
2026-04-27 12:15:00,1405.81,363.58500000000004,361.996075,13660.2325,10801.541625000002,153.79250000000002,228.6925,0.0,0.42298912221351265,0.6317540873889309,2858.6908749999984
2026-04-27 12:30:00,1400.19,363.5525,360.54892500000005,13629.392500000002,10691.323375000002,154.3625,229.305,0.0,0.4245947971750985,0.6359885832415114,2938.069125
2026-04-27 12:45:00,1400.5800000000002,362.355,360.64935,13617.5825,10729.346750000002,153.13,228.65499999999997,0.0,0.42259662485683924,0.6340091837126559,2888.235749999998
2026-04-27 13:00:00,1398.9699999999998,360.075,360.23477499999996,13484.087500000001,10663.670124999997,153.0475,229.5125,0.0,0.42504339373741584,0.6371192231510687,2820.4173750000045
2026-04-27 13:15:00,1400.46,363.01,360.61845,14139.93,11388.14725,144.6275,215.445,0.0,0.3984118894796287,0.5974319949520054,2751.7827500000003
2026-04-27 13:30:00,1411.79,365.5625,363.535925,13785.17,10993.983375000003,154.1125,226.5375,0.0,0.42157633783552745,0.6231502429918033,2791.1866249999966
2026-04-27 13:45:00,1410.09,365.4125,363.098175,14060.4975,11303.157125000002,148.79000000000002,219.8725,0.0,0.40718366229945613,0.6055455938328524,2757.340374999998
2026-04-27 14:00:00,1418.62,366.705,365.29464999999993,13974.4525,11162.213249999999,151.1975,225.1075,0.0,0.4123137126573131,0.6162354143429147,2812.2392500000005
2026-04-27 14:15:00,1439.52,374.76,370.67639999999994,14560.525000000001,11745.834499999999,149.35250000000002,219.355,0.0,0.3985283915038959,0.591769532670545,2814.6905000000024
2026-04-27 14:30:00,1419.35,366.45500000000004,365.482625,14107.240000000002,11342.676875,148.4325,221.70499999999998,0.0,0.40504973325510635,0.6066088641012688,2764.5631250000024
2026-04-27 14:45:00,1458.58,374.89,375.58435000000003,14762.635,12258.64675,145.79000000000002,214.4975,0.0,0.38888740697271207,0.571103401938872,2503.9882500000003
2026-04-27 15:00:00,1446.7199999999998,374.615,372.5304,14609.400000000001,11861.1795,147.91,219.08749999999998,0.0,0.3948320275482829,0.5881063666213548,2748.2205000000013
2026-04-27 15:15:00,1440.7199999999998,372.4475,370.98539999999997,14495.32,11779.5795,147.79500000000002,219.01999999999998,0.0,0.39682102846709943,0.5903736373452971,2715.7405
2026-04-27 15:30:00,1430.62,372.015,368.38464999999997,15033.407500000001,12327.913249999998,137.4675,205.1925,0.0,0.36952139026652153,0.5570061076106184,2705.4942500000034
2026-04-27 15:45:00,1466.56,378.555,377.63919999999996,15328.32,12753.1635,138.63,206.86749999999998,0.0,0.36620834489043863,0.5477913839453108,2575.156499999999
2026-04-27 16:00:00,1419.04,367.535,365.4028,14906.715,12204.161500000002,134.515,204.3875,0.0,0.3659923544696423,0.5593484778989104,2702.553499999998
2026-04-27 16:15:00,1406.23,364.045,362.10422500000004,15009.632500000002,12286.989875000003,128.4025,199.1025,0.0,0.35271051655701907,0.5498485967679608,2722.6426249999986
2026-04-27 16:30:00,1402.3000000000002,362.6575,361.09225000000004,15073.352499999999,12352.956250000001,125.4725,196.67,0.0,0.3459807118286537,0.5446530630330614,2720.396249999998
2026-04-27 16:45:00,1394.17,360.895,358.998775,14944.085,12185.690125000003,125.97999999999999,197.71249999999998,0.0,0.34907660122750384,0.5507330770139813,2758.3948749999963
2026-04-27 17:00:00,1388.86,360.07000000000005,357.63145,15092.2075,12375.48725,122.61250000000001,192.4125,0.0,0.34052406476518454,0.5380189577846132,2716.7202500000003
2026-04-27 17:15:00,1388.68,359.10749999999996,357.5851,15098.614999999998,12434.687999999998,121.4425,191.17749999999998,0.0,0.338178679086346,0.5346349722066159,2663.9269999999997
2026-04-27 17:30:00,1394.24,361.495,359.01680000000005,15215.5075,12615.931500000002,122.5525,189.1275,0.0,0.33901575402149403,0.5267928965998248,2599.5759999999973
2026-04-27 17:45:00,1421.85,368.4075,366.126375,15599.385,13084.833125000001,123.0,187.57,0.0,0.3338694244824006,0.5123094450652456,2514.551874999999
2026-04-27 18:00:00,1468.3,380.7225,378.08725,16234.427500000002,13792.806249999998,124.49499999999999,186.5675,0.0,0.3269966970693878,0.49345091642206923,2441.621250000004
2026-04-27 18:15:00,1524.53,395.775,392.566475,16490.7175,14563.038625000001,139.76,187.08999999999997,0.0,0.3531299349377803,0.47658170504753355,1927.6788749999978
2026-04-27 18:30:00,1557.32,404.13250000000005,401.0099,16847.2575,15042.427000000003,142.6525,186.79,0.0,0.35298447910029507,0.46579897404029175,1804.8304999999964
2026-04-27 18:45:00,1556.37,404.15999999999997,400.765275,16769.447500000002,14955.847624999999,144.2825,188.2525,0.0,0.35699351741884405,0.46973256353110937,1813.5998750000035
2026-04-27 19:00:00,1553.45,403.63,400.013375,16687.36,14822.243125,145.065,190.0975,0.0,0.35940093650125116,0.47522785956844565,1865.1168749999997
2026-04-27 19:15:00,1550.39,402.9975,399.22542500000003,16686.92,14845.905875000002,144.60750000000002,188.7575,0.0,0.35882976941544303,0.47280931568924994,1841.014124999996
2026-04-27 19:30:00,1546.02,401.88750000000005,398.10015,16686.965,14893.765749999999,143.72750000000002,186.5625,0.0,0.3576311778793817,0.4686320766269493,1793.1992500000015
2026-04-27 19:45:00,1541.3200000000002,400.705,396.8899000000001,16648.574999999997,14825.452000000005,142.995,186.5975,0.0,0.3568585368288392,0.470149278175131,1823.1229999999923
2026-04-27 20:00:00,1528.06,397.1875,393.47545,16504.68,14611.28225,141.47000000000003,187.125,0.0,0.3561793863099922,0.47556969564428986,1893.39775
2026-04-27 20:15:00,1521.38,395.2475,391.75535,16594.3025,14549.551750000002,136.39499999999998,186.46749999999997,0.0,0.345087571711396,0.47597946014011033,2044.7507499999992
2026-04-27 20:30:00,1508.4299999999998,392.3575000000001,388.42072499999995,16700.815000000002,14372.147374999999,129.2625,186.3475,0.0,0.3294508197243584,0.47975684098730836,2328.6676250000037
2026-04-27 20:45:00,1493.18,387.56500000000005,384.49385000000007,16484.232500000002,14161.919250000003,128.0325,186.2325,0.0,0.3303510378904183,0.4843575521429015,2322.3132499999992
2026-04-27 21:00:00,1468.88,381.59749999999997,378.2366,16305.154999999999,13828.8955,124.08,186.01,0.0,0.3251593629413191,0.49178212790618353,2476.2594999999983
2026-04-27 21:15:00,1449.2800000000002,376.6225,373.18960000000004,16106.984999999999,13503.185500000003,121.7025,186.9725,0.0,0.3231418728302212,0.5010120860817128,2603.7994999999955
2026-04-27 21:30:00,1424.76,369.8025,366.87570000000005,15747.165,13187.296000000002,121.51,186.345,0.0,0.3285807965062432,0.5079240734668444,2559.868999999999
2026-04-27 21:45:00,1392.94,362.315,358.68205,15392.372500000001,12776.645250000003,120.25,185.545,0.0,0.3318935180712916,0.517296586210545,2615.727249999998
2026-04-27 22:00:00,1375.31,357.22,354.14232499999997,15047.41,12483.960374999999,121.6975,186.40499999999997,0.0,0.34067941324673867,0.5263561761503655,2563.449625000001
2026-04-27 22:15:00,1341.3,347.54499999999996,345.38475,14652.72,12019.29375,118.10249999999999,186.065,0.0,0.33981930397502486,0.5387180528381754,2633.4262499999986
2026-04-27 22:30:00,1311.37,340.9825,337.677775,14536.535,11602.160124999999,111.53500000000001,185.92999999999998,0.0,0.3270988980372893,0.5506136730496994,2934.3748750000013
2026-04-27 22:45:00,1275.96,331.77250000000004,328.5597,14077.654999999999,11045.291000000003,109.8575,187.0375,0.0,0.33112298336962825,0.5692648854987389,3032.363999999996
2026-04-27 23:00:00,1249.59,324.9475,321.76942500000007,13965.96,10749.950875000002,103.27999999999999,185.475,0.0,0.31783595811631105,0.5764220761497149,3216.009124999997
2026-04-27 23:15:00,1216.24,317.855,313.18179999999995,13637.615000000002,10336.5065,102.025,184.29749999999999,0.0,0.3209796919979236,0.5884681038297883,3301.108500000002
2026-04-27 23:30:00,1199.59,312.3525,308.89442500000007,13227.644999999999,10072.825875000002,104.73,184.855,0.0,0.33529425889019615,0.5984407131983684,3154.8191249999963
2026-04-28 00:00:00,1162.33,302.305,299.29997499999996,12691.3925,9602.006125,104.6875,183.71749999999997,0.0,0.34629761333752335,0.6138239737574318,3089.386375
2026-04-28 00:15:00,1153.92,299.405,297.1344,12527.035,9463.1495,104.67999999999999,184.11249999999998,0.0,0.3496267597401513,0.6196270105379921,3063.8855000000003
2026-04-28 00:30:00,1102.87,288.125,283.98902499999997,12195.062499999998,8706.403875,96.6475,184.7875,0.0,0.3354360086767896,0.650685356590805,3488.658624999998
2026-04-28 00:45:00,1095.53,285.3075,282.098975,12070.3675,8580.826125000001,95.6775,185.22,0.0,0.33534870271549116,0.656578068034455,3489.541374999999
2026-04-28 01:00:00,1085.8200000000002,282.85,279.5986500000001,12012.14,8441.433250000004,93.58500000000001,185.2575,0.0,0.33086441576807496,0.6625836712730907,3570.7067499999957
2026-04-28 01:15:00,1081.18,282.035,278.40385000000003,11971.455,8380.969250000002,93.51,185.15249999999997,0.0,0.331554594287943,0.6650500702486691,3590.485749999998
2026-04-28 01:30:00,1060.6,277.09000000000003,273.1045,11703.162499999999,8039.629999999999,93.06,186.14999999999998,0.0,0.3358475585549821,0.6816072236085454,3663.5324999999993
2026-04-28 01:45:00,1047.44,273.4175,269.71579999999994,11743.079999999998,7898.5015,86.84,185.24499999999998,0.0,0.31760951658178427,0.686815529531455,3844.578499999998
2026-04-28 02:00:00,1044.84,272.21500000000003,269.0463,11669.815,7842.803999999998,86.9,185.62249999999997,0.0,0.3192329592417758,0.6899277187606743,3827.0110000000022
2026-04-28 02:15:00,1020.73,267.0225,262.83797500000003,11429.11,7507.471125000001,85.73,185.5,0.0,0.32105908678107653,0.7057579864553437,3921.6388749999996
2026-04-28 02:30:00,1021.49,267.0625,263.033675,11440.4775,7463.484625000001,85.0975,186.595,0.0,0.3186426398315001,0.7093958596746215,3976.992875
2026-04-28 02:45:00,1031.41,269.675,265.588075,11511.0675,7627.726624999999,87.24000000000001,186.11999999999998,0.0,0.3235005098729953,0.7007844761102319,3883.340875
2026-04-28 03:00:00,1043.58,272.00750000000005,268.72184999999996,11650.090000000002,7823.584249999999,87.11500000000001,185.64999999999998,0.0,0.3202669044052094,0.6908630615634717,3826.505750000003
2026-04-28 03:15:00,1053.97,274.1125,271.39727500000004,11870.375,8052.857625000002,84.8675,184.0075,0.0,0.3096082812713758,0.6780005436679494,3817.5173749999976
2026-04-28 03:30:00,1048.78,274.075,270.06085,11898.19,8007.104250000001,84.255,183.4525,0.0,0.30741585332481985,0.6793006094737537,3891.0857499999993
2026-04-28 03:45:00,1047.55,272.88,269.74412500000005,11840.2,7991.684375000002,84.05999999999999,183.4125,0.0,0.3080474934036939,0.6799499340347077,3848.515624999999
2026-04-28 04:00:00,1046.69,272.765,269.52267500000005,11885.73,8006.754625000001,82.85000000000001,182.86749999999998,0.0,0.30374131578464986,0.6784865132404906,3878.975374999998
2026-04-28 04:15:00,1013.2,265.3,260.899,11592.515,7551.577499999999,79.8125,182.48499999999999,0.0,0.3008386732001508,0.6994469124067167,4040.9375
2026-04-28 04:30:00,1040.12,271.29,267.8309,11863.470000000001,7981.082,81.7325,181.51999999999998,0.0,0.30127354491503555,0.6777410672181589,3882.388000000001
2026-04-28 04:45:00,1052.7,274.15,271.0702500000001,12005.3525,8161.496250000004,82.16499999999999,181.475,0.0,0.2997081889476564,0.6694759015421277,3843.856249999997
2026-04-28 05:00:00,1068.0,278.6375,275.01,12258.5525,8387.8075,82.06,181.2825,0.0,0.29450450854605,0.6591851205410713,3870.744999999999
2026-04-28 05:15:00,1090.53,283.46,280.811475,12561.7725,8685.763625,80.88499999999999,181.70499999999998,0.0,0.28534890284343467,0.6470711355367511,3876.0088749999995
2026-04-28 05:30:00,1103.42,288.11,284.13065,12788.01,8867.94325,81.68,181.71249999999998,0.0,0.28350282878067407,0.6395385362332433,3920.06675
2026-04-28 05:45:00,1132.69,295.1925,291.66767500000003,13117.439999999999,9299.979625,83.4275,181.36249999999998,0.0,0.2826206627878418,0.621812136020901,3817.4603749999987
2026-04-28 06:00:00,1175.96,306.115,302.8097,13467.732500000002,9925.416,90.285,181.10999999999999,0.0,0.2949381768289695,0.5980984096612492,3542.3165000000026
2026-04-28 06:15:00,1174.11,306.5675,302.333325,13510.880000000001,9862.715375,89.535,181.83999999999997,0.0,0.2920563986723968,0.6014553638769394,3648.1646250000013
2026-04-28 06:30:00,1204.01,312.85,310.032575,13782.58,10259.049125000001,91.34,182.3825,0.0,0.291961003675883,0.5882688294931588,3523.5308749999986
2026-04-28 06:45:00,1215.16,316.03999999999996,312.9037,13937.319999999998,10403.836000000001,91.80749999999999,182.64499999999998,0.0,0.2904932919883559,0.5837099401509154,3533.4839999999967
2026-04-28 07:00:00,1222.06,317.525,314.68045,13997.9775,10449.18225,92.0075,183.6925,0.0,0.2897645854657114,0.5837429684621336,3548.795250000001
2026-04-28 07:15:00,1240.71,321.77,319.48282500000005,14084.3725,10574.187875000001,95.005,186.475,0.0,0.29525748205239766,0.5836776984803486,3510.184624999998
2026-04-28 07:30:00,1247.7600000000002,323.1875,321.29820000000007,14127.237500000001,10592.408500000005,95.38,188.1075,0.0,0.29512280023206344,0.585460796232285,3534.828999999996
2026-04-28 07:45:00,1245.02,322.37,320.59265,13843.7825,10257.85325,99.74749999999999,194.02249999999998,0.0,0.3094193008034246,0.6051994641798556,3585.9292499999992
2026-04-28 08:00:00,1283.0,332.86,330.37250000000006,14094.557499999999,10660.120000000003,107.61,196.73499999999999,0.0,0.3232890704800817,0.5954944797160779,3434.4374999999964
2026-04-28 08:15:00,1284.89,332.95000000000005,330.85917500000005,13846.0725,10563.137125000003,113.58999999999999,199.20999999999998,0.0,0.3411623366871902,0.6020990652594111,3282.9353749999973
2026-04-28 08:30:00,1354.5299999999995,350.0375,348.7914749999999,14401.460000000001,11424.913624999994,123.105,201.7,0.0,0.35169089026175765,0.5782824823915208,2976.546375000007
2026-04-28 08:45:00,1365.39,353.53499999999997,351.58792500000004,14379.15,11552.468375,128.72250000000003,202.225,0.0,0.3641011498154356,0.5751761810363651,2826.6816249999993
2026-04-28 09:00:00,1351.07,349.8375,347.900525,13942.032500000001,11175.661375000001,133.8175,205.70499999999998,0.0,0.3825133097509558,0.5912753365347752,2766.3711249999997
2026-04-28 09:15:00,1380.9,356.5825,355.58175000000006,14223.947499999998,11527.753750000005,135.73,207.11249999999998,0.0,0.38064122608372536,0.582460995256365,2696.193749999993
2026-04-28 09:30:00,1371.7000000000005,354.57,353.21275000000014,14174.48,11414.833750000009,134.1975,206.765,0.0,0.37847956679922157,0.5853837382710559,2759.6462499999907
2026-04-28 09:45:00,1394.5700000000002,359.77250000000004,359.1017750000001,14432.7725,11750.105125000004,135.03,206.5375,0.0,0.3753205150477037,0.5751503177615871,2682.6673749999954
2026-04-28 10:00:00,1409.5,363.11,362.94625,14485.5475,11932.05125,138.35750000000002,207.1275,0.0,0.38103467268871694,0.5706836756131245,2553.49625
2026-04-28 10:15:00,1398.43,361.255,360.095725,14523.9425,11928.272375,135.6375,204.0675,0.0,0.37546193132274985,0.5667034786375206,2595.6701249999987
2026-04-28 10:30:00,1428.13,369.5625,367.74347500000005,14755.0375,12175.898625000005,140.525,207.52749999999997,0.0,0.3802469135802469,0.5643268041669535,2579.138874999995
2026-04-28 10:45:00,1441.9,373.3725,371.28925000000004,14770.845000000001,12226.291250000002,144.745,210.42,0.0,0.38766915078105646,0.5667279620942431,2544.553749999999
2026-04-28 11:00:00,1449.57,373.31,373.26427500000005,14836.789999999999,12374.792625000002,143.15,209.6225,0.0,0.38346146634164635,0.561592721403622,2461.997374999997
2026-04-28 11:15:00,1432.1,370.235,368.76575,14550.09,11893.24875,144.6825,214.305,0.0,0.3907855821302686,0.5811412800673598,2656.8412499999995
2026-04-28 11:30:00,1458.3000000000002,376.64,375.51225000000005,14951.94,12472.056250000003,144.8025,210.14999999999998,0.0,0.3844586342395922,0.5596355378552895,2479.8837499999972
2026-04-28 11:45:00,1433.42,369.865,369.10564999999997,14484.4825,11831.44325,145.34,215.915,0.0,0.39295418598677895,0.5849680166098785,2653.03925
2026-04-28 12:00:00,1403.6799999999998,363.225,361.44759999999997,14237.755000000001,11455.000499999998,142.4525,215.01999999999998,0.0,0.392188037717668,0.5948856763746667,2782.7545000000027
2026-04-28 12:15:00,1407.96,363.265,362.54970000000003,13813.9,11228.866000000002,151.95250000000001,220.755,0.0,0.41829656036227003,0.6088958286270819,2585.033999999998
2026-04-28 12:30:00,1383.68,357.47,356.2976000000001,13627.475,10905.375500000004,148.52,220.3475,0.0,0.4154754245111478,0.6184366664271663,2722.0994999999966
2026-04-28 12:45:00,1392.86,359.245,358.66145,13797.122500000001,11171.51225,147.53000000000003,217.625,0.0,0.41066681512616743,0.6067699776488384,2625.6102500000015
2026-04-28 13:00:00,1415.23,365.25750000000005,364.42172500000004,13946.740000000002,11417.702375000004,151.9275,219.0375,0.0,0.4159462844705447,0.6010550002198688,2529.037624999997
2026-04-28 13:15:00,1414.14,364.65999999999997,364.14105000000006,14074.124999999998,11573.890250000002,148.8025,215.605,0.0,0.40805819119179515,0.5920919929241704,2500.234749999996
2026-04-28 13:30:00,1430.98,369.46,368.47735,14170.6575,11589.51175,151.7625,220.0625,0.0,0.41076841877334486,0.5972212403286118,2581.1457499999997
2026-04-28 13:45:00,1414.37,365.9125,364.200275,14211.810000000001,11596.272625,147.0775,215.22249999999997,0.0,0.40194718682745184,0.5909454626304167,2615.5373750000017
2026-04-28 14:00:00,1448.13,374.75,372.893475,14548.59,11925.023625000002,150.0625,218.20999999999998,0.0,0.4004336224149433,0.5851805264224588,2623.5663749999985
2026-04-28 14:15:00,1457.33,377.3275,375.262475,14644.317500000001,12048.318625000002,151.2575,218.34999999999997,0.0,0.40086529606243915,0.5818594038745813,2595.9988749999993
2026-04-28 14:30:00,1455.0,375.86,374.6625,14812.745,12339.57,146.8025,211.86499999999998,0.0,0.39057760868408453,0.5654822673739698,2473.175000000001
2026-04-28 14:45:00,1483.55,382.23,382.014125,15085.475,12745.284375,148.91000000000003,211.83749999999998,0.0,0.3895821887345316,0.5545279248509463,2340.190625000001
2026-04-28 15:00:00,1481.31,381.88250000000005,381.43732500000004,15054.87,12695.685375000003,149.09500000000003,212.195,0.0,0.390421137391737,0.5563037125430763,2359.184624999998
2026-04-28 15:15:00,1470.01,379.7575,378.527575,15121.5775,12681.399125000002,145.1575,209.27999999999997,0.0,0.3822373488344536,0.552879139650526,2440.1783749999977
2026-04-28 15:30:00,1454.22,378.0,374.46164999999996,15180.997500000001,12631.52325,142.16,205.80499999999998,0.0,0.3760846560846561,0.5496023424561634,2549.474250000001
2026-04-28 15:45:00,1476.51,381.45500000000004,380.201325,15473.535,13126.955375,140.65249999999997,202.20999999999998,0.0,0.3687263242060006,0.5318498035218577,2346.5796250000003
2026-04-28 16:00:00,1450.46,375.40999999999997,373.49345000000005,15287.3525,12747.897250000002,136.6275,202.4125,0.0,0.36394208998162014,0.5419439082532772,2539.455249999999
2026-04-28 16:15:00,1447.34,374.255,372.6900499999999,15328.5275,12795.460249999996,134.4425,200.5775,0.0,0.35922699763530214,0.5381885027518175,2533.0672500000037
2026-04-28 16:30:00,1453.4899999999998,375.9125,374.273675,15541.437500000002,12997.184625,131.95749999999998,198.285,0.0,0.35103248761347383,0.5297861250861418,2544.252875000002
2026-04-28 16:45:00,1449.87,374.47,373.34152499999993,15519.91,13026.666374999999,130.9625,196.67,0.0,0.3497276150292413,0.5267830842015231,2493.243625000001
2026-04-28 17:00:00,1423.33,367.945,366.507475,15521.17,13007.043624999998,123.7325,189.545,0.0,0.33627987878623167,0.5171654411686964,2514.1263750000016
2026-04-28 17:15:00,1415.1,366.95,364.38824999999997,15513.2775,12931.86125,122.75750000000001,188.71749999999997,0.0,0.33453467774901213,0.5179022649605194,2581.41625
2026-04-28 17:30:00,1417.09,367.1675,364.90067500000004,15573.600000000002,13076.669625000002,122.27000000000001,186.385,0.0,0.33300877664826,0.5107828315198375,2496.930375
2026-04-28 17:45:00,1439.9,373.8375,370.77425000000005,15841.255000000001,13466.466250000005,125.42,185.04999999999998,0.0,0.3354933627578828,0.4990907540100208,2374.788749999996
2026-04-28 18:00:00,1510.06,391.6075,388.84045000000003,16330.4425,14517.232250000001,139.01500000000001,183.9075,0.0,0.35498554036886426,0.4729639110334328,1813.2102499999983
2026-04-28 18:15:00,1565.66,405.57,403.15745000000004,16639.43,15316.542250000004,151.5025,183.67,0.0,0.37355450353823016,0.4555788315458389,1322.8877499999962
2026-04-28 18:30:00,1595.67,413.5325,410.88502500000004,16937.43,15682.558875000004,154.87,184.85,0.0,0.3745050268116774,0.4498825431761597,1254.871124999996
2026-04-28 18:45:00,1599.42,415.22749999999996,411.85065,17054.4375,15759.54325,154.39499999999998,184.37249999999997,0.0,0.37183230879457646,0.44766834773721975,1294.8942499999994
2026-04-28 19:00:00,1599.0,414.9575,411.7425,17099.5775,15771.220000000001,152.8975,184.01999999999998,0.0,0.368465445256442,0.4469298165722508,1328.3574999999983
2026-04-28 19:15:00,1598.09,414.9575,411.508175,17090.69,15746.207125,153.0525,184.2625,0.0,0.36883897748564615,0.44777360741375305,1344.4828749999979
2026-04-28 19:30:00,1591.11,412.52500000000003,409.710825,17258.572500000002,15702.602875000002,145.28750000000002,183.1575,0.0,0.3521907763165869,0.4470409098905307,1555.9696249999997
2026-04-28 19:45:00,1582.3000000000002,411.08,407.44225000000006,17205.215,15577.956250000005,144.58249999999998,183.15499999999997,0.0,0.35171377833998246,0.44952382822350884,1627.2587499999954
2026-04-28 20:00:00,1574.99,408.44500000000005,405.559925,17076.4525,15472.553375000001,144.13250000000002,183.1925,0.0,0.3528810488560271,0.45170266761440986,1603.899124999998
2026-04-28 20:15:00,1563.66,406.06,402.64245000000005,17023.88,15187.842250000002,141.135,185.67749999999998,0.0,0.3475717874205782,0.46114735294303905,1836.0377499999995
2026-04-28 20:30:00,1547.75,401.26250000000005,398.5456250000001,16926.03,14863.516875000003,135.9525,187.6575,0.0,0.33881187501946974,0.4708557520861005,2062.513124999996
2026-04-28 20:45:00,1532.26,397.6825,394.55695000000003,16795.97,14615.889750000002,133.9475,188.2225,0.0,0.3368202020456017,0.4770477367082242,2180.080249999999
2026-04-28 21:00:00,1506.51,391.3675,387.926325,16653.605000000003,14231.205375,128.26749999999998,188.62249999999997,0.0,0.32774182833270515,0.4862327917549807,2422.3996250000037
2026-04-28 21:15:00,1483.51,384.5775,382.003825,16268.58,13860.592875000002,128.265,189.51999999999998,0.0,0.33352185190241235,0.49612068674966797,2407.987124999998
2026-04-28 21:30:00,1458.4,378.84,375.538,15955.285,13459.972500000003,127.8875,190.42,0.0,0.3375765494667934,0.5070592057261848,2495.3124999999964
2026-04-28 21:45:00,1419.62,368.875,365.55215,15419.147500000001,12883.37575,127.3725,190.96749999999997,0.0,0.34529989833954594,0.5224083622541954,2535.7717500000017
2026-04-28 22:00:00,1403.85,365.56,361.49137500000006,15522.164999999999,12584.533125000002,119.13000000000001,192.4775,0.0,0.3258835758835759,0.5324539209268823,2937.6318749999973
2026-04-28 22:15:00,1366.91,355.615,351.979325,15008.9825,12021.995375000002,117.94,193.265,0.0,0.3316508021315186,0.5490805461371914,2986.987124999998
2026-04-28 22:30:00,1335.89,347.8275,343.9916750000001,14690.355000000001,11571.924625000003,114.9,193.48,0.0,0.3303361580093581,0.5624554722145527,3118.430374999998
2026-04-28 22:45:00,1274.69,331.555,328.232675,14008.6825,10710.554625,109.1725,193.37249999999997,0.0,0.3292741777382335,0.5891323890895384,3298.127875
2026-04-28 23:00:00,1270.03,331.22249999999997,327.032725,14082.357499999998,10763.807375,107.52499999999999,190.98749999999998,0.0,0.3246307240601107,0.5840011882602879,3318.550124999998
2026-04-28 23:15:00,1251.93,323.45000000000005,322.371975,13768.465,10503.216125,104.42500000000001,191.0725,0.0,0.3228474261864276,0.5927081595724938,3265.2488749999993
2026-04-29 00:00:00,1163.91,302.31,299.706825,13091.862500000001,9479.382875000001,92.8525,186.61749999999998,0.0,0.3071433296946843,0.6226668344973458,3612.479625
2026-04-29 00:15:00,1143.94,297.8825,294.56454999999994,12869.327500000001,9181.18275,92.1775,186.92499999999998,0.0,0.3094424815153626,0.634580773552011,3688.1447500000013
2026-04-29 00:30:00,1137.15,296.165,292.81612500000006,12780.387499999999,9011.269375000003,91.51,188.39999999999998,0.0,0.3089831681663937,0.6434071894093946,3769.1181249999954
2026-04-29 00:45:00,1107.46,287.775,285.17095,12376.6175,8597.034750000003,89.995,188.27499999999998,0.0,0.3127269568239076,0.66021802010338,3779.5827499999978
2026-04-29 01:00:00,1080.62,281.8275,278.25964999999997,12162.9175,8289.163249999998,87.4375,186.82999999999998,0.0,0.31025183844727716,0.6714232552222358,3873.754250000002
2026-04-29 01:15:00,1094.58,284.98249999999996,281.85434999999995,12334.5725,8494.621749999998,87.54249999999999,186.67499999999998,0.0,0.30718552893598733,0.6623101612588205,3839.950750000002
2026-04-29 01:30:00,1080.16,282.0275,278.1412,12390.824999999999,8328.523500000003,81.8975,185.9125,0.0,0.2903883486539433,0.6684105051678787,4062.301499999996
2026-04-29 01:45:00,1073.56,280.4325,276.44169999999997,12280.9925,8248.925999999998,82.5925,185.635,0.0,0.2945182887147531,0.671515910949759,4032.0665000000026
2026-04-29 02:00:00,1069.21,278.35,275.321575,12166.92,8171.319125,82.4675,185.95499999999998,0.0,0.29627267828273757,0.6754101998726398,3995.600875
2026-04-29 02:15:00,1041.61,271.855,268.21457499999997,11901.94,7830.684124999999,80.3275,184.95,0.0,0.2954792076658513,0.6895598421525005,4071.2558750000017
2026-04-29 02:30:00,1063.09,275.95000000000005,273.745675,12114.325,8170.894625000002,80.92750000000001,184.23,0.0,0.29326870809929334,0.6729969341068128,3943.430374999999
2026-04-29 02:45:00,1028.71,267.975,264.892825,11824.195,7693.3628750000025,76.98,184.0425,0.0,0.28726560313462074,0.6947809930299168,4130.832124999997
2026-04-29 03:00:00,1049.51,273.3175,270.248825,12131.457499999999,8055.942875000001,77.095,182.68249999999998,0.0,0.28207121754004044,0.6759788872347547,4075.514624999998
2026-04-29 03:15:00,1043.3,272.9175,268.64975,12193.4475,7986.493749999999,74.955,182.3125,0.0,0.2746434362032482,0.678625236018273,4206.9537500000015
2026-04-29 03:30:00,1048.47,273.21000000000004,269.98102499999993,12210.6425,8057.213874999999,74.9075,182.36249999999998,0.0,0.2741755426228908,0.6754641367851686,4153.428625000001
2026-04-29 03:45:00,1050.14,273.40999999999997,270.41105000000005,12136.7875,8080.740250000002,77.19999999999999,182.36499999999998,0.0,0.28235982590249076,0.6743992155646005,4056.0472499999987
2026-04-29 04:00:00,1033.15,269.5925,266.03612499999997,11965.324999999999,7846.244375,76.2025,182.24249999999998,0.0,0.28265808581470186,0.6850291478271983,4119.080624999999
2026-04-29 04:15:00,1042.28,272.625,268.38710000000003,12130.5475,8010.798000000001,76.49249999999999,181.5375,0.0,0.28057771664374137,0.6764017346586328,4119.7495
2026-04-29 04:30:00,1036.87,271.505,266.99402499999997,12110.719999999998,7956.803874999998,75.5225,181.08499999999998,0.0,0.2781624647796541,0.6782361515393462,4153.916125
2026-04-29 04:45:00,1066.94,278.4075,274.73705,12305.1225,8420.545250000001,80.795,180.3275,0.0,0.2902041072887763,0.6563639669276494,3884.5772499999985
2026-04-29 05:00:00,1085.13,283.105,279.42097500000006,12497.19,8677.911125000004,82.585,180.33249999999998,0.0,0.29171155578318997,0.6453792525775846,3819.2788749999963
2026-04-29 05:15:00,1094.3100000000002,285.1725,281.78482500000007,12532.405,8782.797875000004,84.52999999999999,180.83499999999998,0.0,0.2964170808896369,0.6417485398654804,3749.607124999997
2026-04-29 05:30:00,1127.6,293.655,290.35699999999997,12940.252499999999,9232.392499999998,85.96249999999999,181.27249999999998,0.0,0.29273296896017437,0.6243090402504503,3707.8600000000006
2026-04-29 05:45:00,1146.44,297.4525,295.2083,13159.195,9464.339000000002,85.445,181.97,0.0,0.2872559484287407,0.6164122079223382,3694.855999999998
2026-04-29 06:00:00,1186.32,308.7325,305.4774,13773.945,10049.3895,85.74,181.565,0.0,0.2777161458544209,0.5943647549704169,3724.5555000000004
2026-04-29 06:15:00,1211.29,315.64250000000004,311.90717499999994,14069.970000000001,10418.902124999999,88.1225,181.24749999999997,0.0,0.27918452046223174,0.5810943592432589,3651.0678750000025
2026-04-29 06:30:00,1199.18,311.8075,308.78885,13991.4975,10286.144250000003,84.815,180.4725,0.0,0.27201077587934863,0.5844527741205681,3705.3532499999965
2026-04-29 06:45:00,1240.25,322.2,319.364375,14272.465,10841.173125,92.4825,181.005,0.0,0.2870344506517691,0.5667664090586184,3431.291875000001
2026-04-29 07:00:00,1272.22,330.6425,327.59665,14371.0875,11171.323250000001,101.505,183.45749999999998,0.0,0.3069932026282163,0.5600103053556865,3199.7642499999984
2026-04-29 07:15:00,1250.77,325.5025,322.073275,14001.2125,10776.662625000003,103.22250000000001,185.27499999999998,0.0,0.3171173800508445,0.5752572919935688,3224.549874999997
2026-04-29 07:30:00,1242.77,322.515,320.013275,13677.5225,10381.237625,105.5475,190.9175,0.0,0.32726384819310733,0.59659243823557,3296.2848749999994
2026-04-29 07:45:00,1265.95,328.26,325.982125,13916.3325,10638.649375,107.13499999999999,192.33499999999998,0.0,0.32637238774142446,0.5900170139697076,3277.6831249999996
2026-04-29 08:00:00,1304.94,338.4325,336.02205000000004,14186.597500000002,11007.720250000002,113.665,195.9975,0.0,0.33585722411411434,0.5832876146074342,3178.8772499999995
2026-04-29 08:15:00,1322.5,344.36749999999995,340.54374999999993,14180.1375,11080.038749999996,121.42249999999999,199.52499999999998,0.0,0.3525957008138108,0.585901224145209,3100.0987500000047
2026-04-29 08:30:00,1338.2,345.87249999999995,344.5865,14163.794999999998,11187.64,123.295,201.82,0.0,0.35647529075020423,0.5856874834040219,2976.154999999999
2026-04-29 08:45:00,1347.65,349.2075,347.019875,14211.6275,11236.850625000001,126.36500000000001,203.5125,0.0,0.36186221659042267,0.5864577641266224,2974.7768749999996
2026-04-29 09:00:00,1360.5699999999997,352.0675,350.3467749999999,14036.3775,11300.955124999997,134.51749999999998,205.89,0.0,0.38207872069986576,0.5876748829784434,2735.4223750000037
2026-04-29 09:15:00,1384.39,357.275,356.480425,14142.957499999999,11519.430875000002,138.54250000000002,208.26749999999998,0.0,0.3877755230564692,0.5842326405440074,2623.526624999997
2026-04-29 09:30:00,1384.73,358.40250000000003,356.56797500000005,14178.237500000001,11473.371125000001,138.9075,209.285,0.0,0.3875740264088559,0.5869427841914293,2704.8663749999996
2026-04-29 09:45:00,1394.98,359.8625,359.20735,14121.140000000001,11528.036750000003,141.985,211.09499999999997,0.0,0.39455347528569945,0.5876689327208922,2593.1032499999983
2026-04-29 10:00:00,1398.9,362.2875,360.21675000000005,14185.4425,11511.428750000005,143.34500000000003,212.5375,0.0,0.39566642514577516,0.5900266992026327,2674.0137499999946
2026-04-29 10:15:00,1419.24,366.22749999999996,365.4543,14290.485,11659.993999999999,145.3825,215.3275,0.0,0.39697319289239613,0.5892049977247497,2630.491000000002
2026-04-29 10:30:00,1429.8000000000002,368.9675,368.17350000000005,14383.502499999999,11782.300000000001,146.75,215.8725,0.0,0.39773150751759984,0.5863336171669062,2601.2024999999976
2026-04-29 10:45:00,1427.46,369.9475,367.57095000000004,14521.349999999999,11863.909750000003,145.2875,213.5775,0.0,0.39272464336155805,0.5810510868717997,2657.440249999996
2026-04-29 11:00:00,1437.39,373.23249999999996,370.12792500000006,14496.939999999999,11807.043375000005,149.4425,217.52749999999997,0.0,0.4004005546140811,0.5877089657582576,2689.896624999994
2026-04-29 11:15:00,1441.19,373.135,371.10642499999994,14441.39,11840.735874999998,150.6575,217.92999999999998,0.0,0.4037613732295282,0.5872439422195399,2600.654125000001
2026-04-29 11:30:00,1434.92,371.2325,369.49190000000004,14361.692500000001,11689.187000000002,149.54250000000002,219.185,0.0,0.4028270692894615,0.593206508721842,2672.5054999999993
2026-04-29 11:45:00,1437.52,371.08000000000004,370.16140000000007,14471.327500000001,11880.384500000002,147.4375,216.0975,0.0,0.39731998490891446,0.5837926374819199,2590.9429999999993
2026-04-29 12:00:00,1393.33,362.0525,358.782475,14104.13,11143.543624999998,143.16250000000002,218.3175,0.0,0.39541917263380316,0.6084954400295054,2960.5863750000008
2026-04-29 12:15:00,1364.61,353.5175,351.387075,13737.6425,10791.171624999997,140.7625,217.23,0.0,0.3981768936474149,0.6182071437886553,2946.4708750000027
2026-04-29 12:30:00,1397.14,362.005,359.76355,13963.54,11142.127750000003,146.5025,219.42499999999998,0.0,0.4046974489302634,0.6099144841104663,2821.4122499999976
2026-04-29 12:45:00,1370.34,356.3425,352.86254999999994,13638.8475,10698.072749999998,146.40749999999997,220.71499999999997,0.0,0.41086174116194385,0.6254985120976992,2940.7747500000023
2026-04-29 13:00:00,1408.4699999999998,364.71750000000003,362.681025,13846.017500000002,11034.213874999998,151.825,224.7925,0.0,0.4162810942715937,0.6198077222264385,2811.803625000004
2026-04-29 13:15:00,1415.41,365.51,364.468075,13959.132500000002,11192.501625,150.3675,223.59249999999997,0.0,0.4113909332166015,0.6134762283363226,2766.6308750000007
2026-04-29 13:30:00,1415.52,366.55,364.4964,14095.41,11295.0595,148.94,221.5725,0.0,0.4063292865911881,0.6078866622551005,2800.3505000000005
2026-04-29 13:45:00,1436.98,370.9475,370.0223500000001,14211.81,11534.111750000004,151.875,222.86999999999998,0.0,0.4094245142506689,0.602314968271511,2677.698249999996
2026-04-29 14:00:00,1452.85,376.06,374.108875,14477.4375,11734.245625,152.1225,223.36249999999998,0.0,0.4045165665053449,0.59705212820733,2743.1918750000004
2026-04-29 14:15:00,1478.2599999999998,382.3225,380.65194999999994,14719.689999999999,12130.864749999997,155.14249999999998,222.6275,0.0,0.40578961478856196,0.584858425130884,2588.8252500000017
2026-04-29 14:30:00,1487.9299999999998,384.84000000000003,383.14197499999995,14799.38,12163.441124999998,155.9975,224.71499999999997,0.0,0.4053567716453591,0.5865058246358938,2635.9388750000016
2026-04-29 14:45:00,1476.12,381.96500000000003,380.10089999999997,14958.5125,12362.556999999999,149.9975,217.3875,0.0,0.3926995928946369,0.5719205084755127,2595.955500000002
2026-04-29 15:00:00,1492.4499999999998,385.935,384.305875,15279.3225,12679.455625,147.82999999999998,215.67499999999998,0.0,0.383043776801793,0.5612066169948611,2599.8668749999997
2026-04-29 15:15:00,1493.09,386.1725,384.47067499999997,15254.985,12681.644624999999,148.79250000000002,215.8125,0.0,0.3853006104784779,0.5613236952337133,2573.3403750000016
2026-04-29 15:30:00,1516.73,392.34,390.557975,15619.4375,13119.571125,148.83499999999998,213.75,0.0,0.3793520925727685,0.5472939068777177,2499.8663749999996
2026-04-29 15:45:00,1498.46,387.84749999999997,385.85344999999995,15627.08,13063.197249999997,143.3725,209.7025,0.0,0.3696620450048022,0.5434770636364662,2563.8827500000025
2026-04-29 16:00:00,1471.06,380.66499999999996,378.79795,15554.547499999999,12942.519750000003,136.535,204.355,0.0,0.3586749504157199,0.5394828562298185,2612.0277499999956
2026-04-29 16:15:00,1486.64,384.64,382.80980000000005,15795.975,13233.796500000002,136.41500000000002,202.9425,0.0,0.35465630199667225,0.5301392493086644,2562.178499999998
2026-04-29 16:30:00,1470.41,381.01,378.630575,15628.82,13040.689125000003,135.79500000000002,202.20749999999998,0.0,0.3564079682947955,0.5340495811781708,2588.130874999997
2026-04-29 16:45:00,1434.3200000000002,371.695,369.3374,15344.1975,12756.064500000004,131.2325,197.67749999999998,0.0,0.3530650129810732,0.5352219948480711,2588.132999999996
2026-04-29 17:00:00,1423.71,369.52750000000003,366.605325,15322.0575,12705.925375000003,129.3125,195.67499999999998,0.0,0.34994012624229587,0.5337483845877034,2616.1321249999983
2026-04-29 17:15:00,1417.4,367.36,364.9805,15337.72,12760.685,126.68,192.7925,0.0,0.34483885017421606,0.5282268504755733,2577.035
2026-04-29 17:30:00,1412.01,366.0175,363.592575,15406.477499999999,12852.474125000002,124.00750000000001,189.42999999999998,0.0,0.33880210645665854,0.5209952375952671,2554.0033749999966
2026-04-29 17:45:00,1417.14,368.37,364.91355,15588.137499999999,13097.002750000001,123.80250000000001,185.99249999999998,0.0,0.33608192849580587,0.5096892126916087,2491.1347499999974
2026-04-29 18:00:00,1504.4299999999998,390.46,387.390725,16853.0075,14386.497374999999,122.8275,184.92749999999998,0.0,0.31457127490652054,0.4773668755234137,2466.5101250000007
2026-04-29 18:15:00,1567.42,408.50249999999994,403.6106500000001,17299.332499999997,15307.468250000004,137.7875,184.35,0.0,0.3372990373375928,0.45675207034303966,1991.8642499999933
2026-04-29 18:30:00,1591.86,413.4875,409.90395,17265.760000000002,15699.84975,146.43,183.42499999999998,0.0,0.3541340427461532,0.4474828798307505,1565.9102500000026
2026-04-29 18:45:00,1594.09,413.97,410.47817499999996,17194.64,15735.432125,149.09750000000003,183.345,0.0,0.36016498780104844,0.446661993661417,1459.207875
2026-04-29 19:00:00,1588.81,413.27,409.118575,17330.03,15701.529125000001,144.685,182.52749999999997,0.0,0.3500979988869262,0.4461481613246232,1628.500874999998
2026-04-29 19:15:00,1582.23,412.01250000000005,407.4242250000001,17339.815000000002,15551.589875000003,142.1525,183.6625,0.0,0.3450198719699038,0.45078934616614896,1788.225124999999
2026-04-29 19:30:00,1582.49,411.48,407.491175,17396.260000000002,15526.397125,139.6325,184.23999999999998,0.0,0.3393421308447555,0.4521324909674424,1869.8628750000025
2026-04-29 19:45:00,1570.78,408.805,404.4758499999999,17307.732500000002,15373.179249999997,138.1375,183.98749999999998,0.0,0.33790560291581556,0.454878826510903,1934.5532500000045
2026-04-29 20:00:00,1562.58,406.08750000000003,402.36435,17156.15,15246.046750000001,138.1175,184.20749999999998,0.0,0.34011758549573673,0.45781267649581775,1910.1032500000001
2026-04-29 20:15:00,1556.12,404.425,400.70089999999993,17067.455,15140.556999999999,137.945,184.48749999999998,0.0,0.34108920071706744,0.46041199308511666,1926.8980000000029
2026-04-29 20:30:00,1544.95,400.5675,397.8246250000001,16889.855,15051.611875000002,137.4975,183.1025,0.0,0.3432567544795821,0.4602593416634276,1838.2431249999972
2026-04-29 20:45:00,1525.62,395.61750000000006,392.84714999999994,16864.1425,14830.600749999998,131.205,182.04749999999999,0.0,0.33164609755635177,0.463405423712505,2033.541750000004
2026-04-29 21:00:00,1502.9299999999998,390.2,387.00447499999996,16709.3525,14436.253624999998,126.8225,183.5075,0.0,0.32501922091235264,0.4741741035423428,2273.0988750000033
2026-04-29 21:15:00,1485.61,385.8575,382.544575,16557.332500000004,14169.459125,124.325,183.9375,0.0,0.3222044407585702,0.48082631939036125,2387.8733750000047
2026-04-29 21:30:00,1458.1,378.87,375.46074999999996,16203.29,13774.59875,123.47,184.0425,0.0,0.3258901470161269,0.490177734956317,2428.6912500000017
2026-04-29 21:45:00,1429.8200000000002,371.985,368.17865000000006,15862.654999999999,13341.083250000003,122.21,184.7025,0.0,0.3285347527454064,0.5016654279111512,2521.5717499999955
2026-04-29 22:00:00,1418.09,368.11,365.15817499999997,15645.7875,13164.832124999999,122.24,184.90499999999997,0.0,0.33207465159870686,0.5063696027071009,2480.9553750000014
2026-04-29 22:15:00,1381.11,358.9525,355.63582500000007,15273.3075,12603.102875,118.42750000000001,185.665,0.0,0.32992526866368116,0.5220649522583951,2670.2046250000003
2026-04-29 22:30:00,1348.18,350.6075,347.1563500000001,15075.035,12174.231750000003,111.64500000000001,184.915,0.0,0.3184330055689054,0.5326562512827432,2900.803249999997
2026-04-29 22:45:00,1285.97,335.6,331.137275,14373.240000000002,11275.182625000001,108.17750000000001,185.27499999999998,0.0,0.3223405840286055,0.5595111574195324,3098.0573750000003
2026-04-29 23:00:00,1294.86,336.72,333.42645,14366.7775,11349.212249999999,109.6525,186.3125,0.0,0.3256489071038251,0.5587814044146768,3017.5652500000015
2026-04-29 23:15:00,1250.6799999999998,325.16,322.05010000000004,13812.932499999999,10765.138,107.73,185.48,0.0,0.33131381473736005,0.575935234921523,3047.794499999998
2026-04-29 23:30:00,1242.95,323.795,320.059625,13753.4975,10658.536875000002,107.3275,185.42249999999999,0.0,0.33146744081903673,0.5793373656549151,3094.960624999998
2026-04-30 00:00:00,1190.01,310.01,306.42757500000005,13491.4525,9868.774125,93.6375,186.2225,0.0,0.30204670817070417,0.6077210903751072,3622.6783749999995
2026-04-30 00:15:00,1147.19,298.805,295.401425,12914.3975,9253.085875000002,92.5125,186.4075,0.0,0.3096082729539332,0.6310311468538108,3661.3116249999966
2026-04-30 00:30:00,1156.2800000000002,300.27,297.74210000000005,12984.78,9345.823000000002,92.535,187.1275,0.0,0.3081726446198422,0.6284885476390473,3638.9569999999985
2026-04-30 00:45:00,1130.5,294.5125,291.10375,12655.5125,8955.713749999999,92.7,187.6275,0.0,0.314757438139298,0.6445382445262213,3699.7987500000017
2026-04-30 01:00:00,1100.97,287.615,283.499775,12350.7,8587.995124999998,91.04,186.61749999999998,0.0,0.31653425586287226,0.6582633090273174,3762.704875000003
2026-04-30 01:15:00,1110.62,289.605,285.98465,12408.8725,8715.288249999998,92.36,186.80499999999998,0.0,0.3189171457675109,0.6531993937436852,3693.5842500000017
2026-04-30 01:30:00,1084.68,282.855,279.30510000000004,12144.5575,8408.413000000004,89.895,185.595,0.0,0.3178130137349525,0.6644884035415034,3736.1444999999967
2026-04-30 01:45:00,1093.77,284.3225,281.64577500000007,12181.4875,8530.275125000002,91.03,185.7325,0.0,0.3201646018165991,0.6594542382182014,3651.2123749999973
2026-04-30 02:00:00,1077.29,280.6225,277.40217499999994,11972.3175,8246.252124999999,90.8275,186.74499999999998,0.0,0.32366435335726823,0.6731922703922564,3726.065375
2026-04-30 02:15:00,1054.6799999999998,275.6,271.5801,11904.7025,7951.788,85.37,186.23,0.0,0.30976052249637154,0.6857277097990611,3952.9145
2026-04-30 02:30:00,1056.15,276.5125,271.95862500000004,11924.962500000001,7945.731875000002,85.99,186.76749999999998,0.0,0.3109805162515257,0.6867496848095918,3979.2306249999992
2026-04-30 02:45:00,1070.19,278.5925,275.57392500000003,12063.1025,8264.698375,86.1925,184.36499999999998,0.0,0.3093855721169809,0.669021933043919,3798.404125000001
2026-04-30 03:00:00,1058.43,275.9325,272.54572500000006,11870.5525,8033.397375000002,86.9875,185.66,0.0,0.315249200438513,0.6812067956670388,3837.1551249999975
2026-04-30 03:15:00,1051.17,276.375,270.67627500000003,11937.21,7982.702625000001,86.21000000000001,184.61749999999998,0.0,0.31193125282677525,0.6820601473106572,3954.5073749999983
2026-04-30 03:30:00,1039.91,271.425,267.77682500000003,11693.7325,7809.732875000002,85.3375,184.8875,0.0,0.31440545270332504,0.6904537015105768,3883.9996249999976
2026-04-30 03:45:00,1059.38,276.435,272.79035000000005,11946.49,8117.3517500000025,86.1775,184.25,0.0,0.311745980067647,0.6754271182979895,3829.1382499999972
2026-04-30 04:00:00,1042.39,271.57,268.415425,11750.525,7868.605875000003,84.18499999999999,184.4125,0.0,0.3099937401038406,0.6870413650780315,3881.9191249999967
2026-04-30 04:15:00,1069.52,277.905,275.4014000000001,11994.0825,8234.084500000003,86.88749999999999,184.7875,0.0,0.3126518054730933,0.6709751657035874,3759.997999999998
2026-04-30 04:30:00,1061.1,276.3725,273.23325,11981.9775,8119.586249999999,84.97,184.6925,0.0,0.30744737627658325,0.6759517738049816,3862.3912500000015
2026-04-30 04:45:00,1045.15,272.52750000000003,269.12612500000006,11829.31,7968.319375000004,83.905,183.2,0.0,0.30787718670592873,0.6807217248046802,3860.990624999996
2026-04-30 05:00:00,1072.11,279.445,276.06832499999996,12079.81,8294.640374999997,87.0275,184.30999999999997,0.0,0.3114297983503015,0.6676245817045472,3785.1696250000023
2026-04-30 05:15:00,1103.62,288.03499999999997,284.18215,12369.9675,8793.650749999999,92.32499999999999,183.255,0.0,0.32053396288645475,0.6448504946563323,3576.316750000002
2026-04-30 05:30:00,1127.2,293.2375,290.254,12585.462500000001,9085.7275,93.94,184.09249999999997,0.0,0.3203546613240121,0.6342462119385089,3499.7350000000006
2026-04-30 05:45:00,1140.41,297.315,293.65557500000006,12751.859999999999,9289.689125000003,95.62249999999999,183.755,0.0,0.3216201671627735,0.625750081536848,3462.170874999996
2026-04-30 06:00:00,1186.94,308.895,305.63705000000004,13147.412499999999,9924.420250000003,101.975,184.23999999999998,0.0,0.33012836076984087,0.6028064987539958,3222.9922499999957
2026-04-30 06:15:00,1211.6699999999998,315.4275,312.005025,13552.912499999999,10204.783875000001,100.235,185.6375,0.0,0.31777508302224755,0.5949824045301835,3348.1286249999976
2026-04-30 06:30:00,1210.39,313.9575,311.675425,13523.515,10260.030875000002,99.36,184.17,0.0,0.31647595614056045,0.590903180768904,3263.484124999997
2026-04-30 06:45:00,1201.75,312.5525,309.450625,13619.567500000001,10073.916875,94.2275,185.445,0.0,0.30147735180489676,0.5992716931820706,3545.650625
2026-04-30 07:00:00,1241.32,322.3925,319.6399,13948.47,10467.077,98.79,188.79,0.0,0.30642772397000556,0.5906333971447244,3481.393
2026-04-30 07:15:00,1256.33,326.875,323.504975,14127.724999999999,10640.031125000001,100.33,189.58249999999998,0.0,0.30693690248565964,0.586026536377068,3487.693874999997
2026-04-30 07:30:00,1267.93,327.58,326.491975,14178.9625,10682.191125000001,99.135,192.02499999999998,0.0,0.3026283655900849,0.5881461558128648,3496.7713749999984
2026-04-30 07:45:00,1254.06,324.28999999999996,322.92044999999996,14241.1675,10476.757249999999,92.5,192.20499999999998,0.0,0.285238521076814,0.5952085103312597,3764.410250000001
2026-04-30 08:00:00,1275.35,331.28999999999996,328.402625,14371.419999999998,10572.276875,97.9375,196.325,0.0,0.29562467928401104,0.5978179985619786,3799.1431249999987
2026-04-30 08:15:00,1321.44,342.325,340.2708,14653.267500000002,10942.776499999998,104.74,201.97,0.0,0.305966552252976,0.5935566613414962,3710.4910000000036
2026-04-30 08:30:00,1326.38,342.85,341.5428500000001,14676.7475,10945.739250000004,104.415,203.31,0.0,0.30455009479364153,0.5952693783517937,3731.0082499999953
2026-04-30 08:45:00,1362.96,351.945,350.96220000000005,14944.644999999999,11292.803500000002,109.4925,206.73,0.0,0.31110684908153263,0.5890377938136926,3651.841499999997
2026-04-30 09:00:00,1382.23,358.3825,355.92422500000004,15024.64,11395.339875000001,115.7025,210.1375,0.0,0.32284640014509636,0.5903995436107221,3629.300124999998
2026-04-30 09:15:00,1363.32,352.45000000000005,351.0549,14597.645,11106.276999999998,118.275,210.5625,0.0,0.3355795148247978,0.5997993476234059,3491.368000000002
2026-04-30 09:30:00,1403.86,362.325,361.4939499999999,14976.375,11574.674749999998,121.975,212.67749999999998,0.0,0.33664527703029046,0.5883293482505033,3401.7002500000017
2026-04-30 09:45:00,1390.56,358.5075,358.0692,14570.5975,11292.0635,126.605,214.5625,0.0,0.3531446343521405,0.5992207651481892,3278.5339999999997
2026-04-30 10:00:00,1415.8000000000002,365.4,364.56850000000003,14787.169999999998,11629.275000000003,130.85500000000002,214.96749999999997,0.0,0.35811439518336075,0.589649133153303,3157.894999999995
2026-04-30 10:15:00,1407.27,363.03,362.372025,14679.0,11520.843875000002,130.3425,214.71999999999997,0.0,0.3590405751590778,0.5925402216134095,3158.1561249999977
2026-04-30 10:30:00,1412.25,365.68,363.654375,14590.914999999999,11489.998125,135.95,216.7475,0.0,0.37177313498140446,0.5960261030820817,3100.916874999999
2026-04-30 10:45:00,1437.41,371.1275,370.13307499999996,14824.7625,12019.951625,138.9475,213.27499999999998,0.0,0.37439289731965425,0.576211677381169,2804.810875000001
2026-04-30 11:00:00,1450.34,374.54999999999995,373.46254999999996,14795.419999999998,11965.697749999998,143.16,218.02249999999998,0.0,0.3822186623948739,0.5837867812984193,2829.7222500000007
2026-04-30 11:15:00,1448.67,373.855,373.032525,14840.33,12243.296375,143.03,211.9975,0.0,0.3825814821254229,0.5683083532729485,2597.033625
2026-04-30 11:30:00,1444.96,373.515,372.0772,14739.130000000001,11900.128499999999,143.2175,217.81,0.0,0.38343172295624006,0.5853892686786506,2839.001500000002
2026-04-30 11:45:00,1424.0099999999998,369.5125,366.68257499999993,14617.09,11780.424124999998,141.81,214.26999999999998,0.0,0.3837759209769629,0.5843473745650445,2836.6658750000024
2026-04-30 12:00:00,1412.39,365.15,363.690425,14275.907500000001,11454.855875000001,143.415,217.48999999999998,0.0,0.39275640147884433,0.5980085948097204,2821.051625
2026-04-30 12:15:00,1395.1,360.64,359.23825,13955.369999999999,11131.486249999998,144.8225,219.06,0.0,0.4015708185448092,0.609790299334773,2823.883750000001
2026-04-30 12:30:00,1403.05,361.7425,361.285375,14260.2725,11507.953125,140.075,213.78249999999997,0.0,0.3872229555554019,0.5917275228757876,2752.319374999999
2026-04-30 12:45:00,1392.2199999999998,359.145,358.49664999999993,14018.335,11217.573249999998,141.79,216.52249999999998,0.0,0.39479875816174526,0.6039735657223018,2800.7617500000015
2026-04-30 13:00:00,1417.95,366.70500000000004,365.12212500000004,14320.2325,11551.599375000002,144.655,217.13,0.0,0.3944723960676838,0.5946777396740884,2768.6331249999985
2026-04-30 13:15:00,1402.75,362.5075,361.208125,14225.255,11449.829374999998,141.78,214.85999999999999,0.0,0.3911091494658731,0.5948371177973917,2775.4256250000017
2026-04-30 13:30:00,1419.3200000000002,366.8525,365.47490000000005,14250.5275,11522.877000000004,146.42000000000002,218.09249999999997,0.0,0.399124988926067,0.5967372861994078,2727.650499999996
2026-04-30 13:45:00,1437.0099999999998,371.4175,370.03007499999995,14969.457499999999,12420.161624999999,138.32,205.15749999999997,0.0,0.37241110071550204,0.5544346631824454,2549.295875
2026-04-30 14:00:00,1464.24,377.7175,377.04179999999997,14786.257500000002,12182.6815,148.2575,217.61999999999998,0.0,0.3925089517959851,0.5771773845764581,2603.576000000001
2026-04-30 14:15:00,1483.12,383.7625,381.9034,15130.4075,12451.569500000001,147.9525,217.58999999999997,0.0,0.385531415914791,0.5697514083404337,2678.837999999998
2026-04-30 14:30:00,1477.85,386.355,380.546375,15328.1575,12423.308125,146.78750000000002,216.6625,0.0,0.3799290807676878,0.5693458517375182,2904.849375
2026-04-30 14:45:00,1466.66,379.6175,377.66495000000003,15016.735,12385.20475,146.035,214.255,0.0,0.3846898522855242,0.5673150235413691,2631.53025
2026-04-30 15:00:00,1490.53,384.06,383.8114750000001,15402.622500000001,12905.513625000003,143.49,210.60999999999999,0.0,0.37361349789095455,0.5487329423905315,2497.108874999998
2026-04-30 15:15:00,1488.15,384.535,383.19862500000005,15315.942500000001,12824.306875000002,146.20499999999998,211.56,0.0,0.38021246440506057,0.5520896636829007,2491.635624999999
2026-04-30 15:30:00,1463.42,377.51,376.8306500000001,15407.317500000001,12942.568250000004,136.58499999999998,202.19,0.0,0.36180498529840266,0.5365540196902772,2464.749249999997
2026-04-30 15:45:00,1466.34,378.9625,377.58254999999997,15499.25,13013.172749999996,136.465,201.605,0.0,0.36010159316555074,0.5339362213640435,2486.077250000004
2026-04-30 16:00:00,1448.58,373.405,373.00935,15281.984999999999,12812.39675,134.4325,200.58999999999997,0.0,0.36001794298415934,0.5377613188516588,2469.588249999999
2026-04-30 16:15:00,1430.81,370.15749999999997,368.433575,15220.642499999998,12614.729125,131.64249999999998,199.51,0.0,0.3556391536035336,0.5415087373619518,2605.9133749999983
2026-04-30 16:30:00,1417.4299999999998,366.34749999999997,364.98822499999994,15144.48,12538.734874999998,128.83499999999998,197.23999999999998,0.0,0.35167429830966496,0.5404009951279936,2605.7451250000013
2026-04-30 16:45:00,1401.79,362.41,360.960925,14976.0,12410.733374999998,128.1925,195.36999999999998,0.0,0.3537223034684473,0.541249721143639,2565.266625000002
2026-04-30 17:00:00,1393.87,360.5725,358.921525,14958.3975,12406.816374999999,126.69749999999999,193.20499999999998,0.0,0.3513787102455123,0.5382931547501922,2551.5811250000006
2026-04-30 17:15:00,1395.38,360.625,359.3103500000001,14925.545,12485.701750000004,128.0675,192.05499999999998,0.0,0.3551265164644714,0.5345100690809489,2439.8432499999963
2026-04-30 17:30:00,1392.02,360.4225,358.44515,14986.707499999999,12551.115749999999,126.9075,189.795,0.0,0.352107595946424,0.5294952379743455,2435.5917499999996
2026-04-30 17:45:00,1410.94,365.555,363.31705000000005,15216.407500000001,12817.820250000002,128.32,189.82,0.0,0.3510278891001354,0.5224637819777519,2398.5872499999987
2026-04-30 18:00:00,1491.4899999999998,385.975,384.05867499999994,16223.619999999999,13876.484624999997,130.875,191.46249999999998,0.0,0.3390763650495498,0.4985240861959439,2347.1353750000017
2026-04-30 18:15:00,1547.38,400.79499999999996,398.45035,16971.5275,14653.65175,132.59,191.75,0.0,0.33081750021831613,0.481239381518927,2317.8757499999992
2026-04-30 18:30:00,1566.53,406.825,403.381475,16651.3675,14911.488625000002,150.1125,192.01749999999998,0.0,0.3689854359982794,0.47601962881413923,1739.8788749999985
2026-04-30 18:45:00,1562.89,404.39,402.4441750000001,16507.305,14874.312125000002,150.4875,191.73,0.0,0.3721345730606593,0.47641390262388555,1632.992874999998
2026-04-30 19:00:00,1555.11,402.5125,400.44082499999996,16454.225,14756.127874999998,149.075,191.89,0.0,0.37036116890779786,0.47919689507182495,1698.0971250000002
2026-04-30 19:15:00,1547.56,400.52,398.4967,16297.4025,14603.076,150.0275,192.8125,0.0,0.3745817936682313,0.483849678052541,1694.326500000001
2026-04-30 19:30:00,1544.76,399.775,397.77570000000003,16104.5425,14572.671000000002,154.19750000000002,192.6275,0.0,0.3857107122756551,0.48426160773521354,1531.8714999999975
2026-04-30 19:45:00,1532.3300000000002,396.95,394.574975,15946.095,14353.506125000004,153.9775,193.48999999999998,0.0,0.3879014989293362,0.4903757517820282,1592.5888749999958
2026-04-30 20:00:00,1523.58,394.09250000000003,392.32185000000004,16133.225,14255.584250000002,144.85500000000002,192.97,0.0,0.3675659902180326,0.4918665631292266,1877.6407499999987
2026-04-30 20:15:00,1506.19,390.09499999999997,387.843925,15920.199999999999,14094.298375000002,145.26749999999998,191.26999999999998,0.0,0.372390058831823,0.49316229460085,1825.9016249999968
2026-04-30 20:30:00,1495.89,387.26,385.19167500000003,15811.024999999998,13925.799625000003,143.845,191.7225,0.0,0.3714429582192842,0.49773271969078764,1885.2253749999945
2026-04-30 20:45:00,1475.9299999999998,381.39750000000004,380.05197499999997,15904.4525,13715.991125,133.1175,190.265,0.0,0.3490256228737734,0.50062889424532,2188.461374999999
2026-04-30 21:00:00,1450.7400000000002,376.61249999999995,373.5655500000001,15857.609999999999,13361.987750000006,127.28999999999999,190.20999999999998,0.0,0.33798665737329486,0.509174360430184,2495.622249999993
2026-04-30 21:15:00,1428.55,370.44,367.851625,15640.25,13089.096875000001,124.28,189.3825,0.0,0.335492927329662,0.5148339361012745,2551.153124999999
2026-04-30 21:30:00,1409.5500000000002,365.5825,362.95912500000003,15503.8025,12823.259375000001,120.77,189.3175,0.0,0.3303495107123563,0.5215945459423289,2680.5431249999983
2026-04-30 21:45:00,1381.71,357.475,355.790325,15178.085,12434.100375000002,117.5575,189.21499999999997,0.0,0.32885516469683196,0.5318160351887027,2743.9846249999973
2026-04-30 22:00:00,1349.36,350.065,347.4602,14870.349999999999,11932.5685,114.55499999999999,190.08249999999998,0.0,0.32723922700069985,0.5470626563848175,2937.781499999999
2026-04-30 22:15:00,1318.09,341.845,339.408175,14532.882500000002,11482.332124999999,111.405,190.23,0.0,0.3258933142213576,0.5604755984442625,3050.5503750000025
2026-04-30 22:30:00,1287.2000000000005,334.38,331.4540000000001,14244.2925,10989.977500000008,107.7225,191.3275,0.0,0.3221559303786112,0.577236961991709,3254.3149999999914
2026-04-30 22:45:00,1253.88,325.84749999999997,322.8741,13856.439999999999,10506.833000000002,105.4425,191.55249999999998,0.0,0.32359462632059477,0.5932730435795253,3349.6069999999963
2026-04-30 23:00:00,1234.82,320.53499999999997,317.96614999999997,13631.2425,10284.64575,103.9675,190.5975,0.0,0.3243561545541049,0.5994270144793715,3346.5967500000006
2026-04-30 23:15:00,1216.5500000000002,316.08500000000004,313.261625,13427.405,9984.021875000002,102.5675,191.43499999999997,0.0,0.3244934115823275,0.6111026206928474,3443.3831249999985
2026-04-30 23:30:00,1193.85,309.9825,307.416375,13119.9925,9476.158124999998,100.495,195.1625,0.0,0.32419572072617003,0.6348474442846448,3643.834375000002
2026-05-01 00:00:00,1141.5500000000002,296.815,293.94912500000004,11960.692500000001,8643.084375000002,111.605,197.01,0.0,0.37600862490103265,0.6702180181689602,3317.608124999999
2026-05-01 00:15:00,1123.12,291.64750000000004,289.2034,11804.300000000001,8436.444499999998,108.5325,195.92249999999999,0.0,0.37213588321518265,0.6774557283904684,3367.8555000000033
2026-05-01 00:30:00,1106.3200000000002,287.3025,284.8774,11617.55,8156.389500000001,106.825,196.765,0.0,0.37182064200624776,0.6907006312189032,3461.160499999998
2026-05-01 00:45:00,1090.73,283.3825,280.862975,11381.835,7957.846125,107.525,196.32,0.0,0.37943415701392996,0.6989885370259287,3423.988874999999
2026-05-01 01:00:00,1083.39,280.88,278.97292500000003,11293.365,7848.393375000001,106.1575,196.42999999999998,0.0,0.3779460979777841,0.7041185089915086,3444.971624999999
2026-05-01 01:15:00,1062.3000000000002,276.4575,273.5422500000001,11129.904999999999,7555.206250000005,104.04,196.32,0.0,0.37633270936762436,0.7176953468796865,3574.698749999994
2026-05-01 01:30:00,1054.89,273.53249999999997,271.634175,10973.572499999998,7455.637125000003,103.955,196.21249999999998,0.0,0.3800462467896868,0.7223409940961956,3517.9353749999955
2026-05-01 01:45:00,1035.56,269.015,266.6567,10800.5,7161.251,101.7725,196.625,0.0,0.3783153355760831,0.7373713092526833,3639.249
2026-05-01 02:00:00,1036.44,268.965,266.8833,10841.9375,7192.464000000001,100.71,196.25,0.0,0.3744353354525682,0.7353401280634644,3649.473499999999
2026-05-01 02:15:00,1024.95,266.0225,263.924625,10708.17,7021.361875,99.8925,196.4175,0.0,0.375503951733406,0.7442181645611886,3686.8081250000005
2026-05-01 02:30:00,1019.63,264.39,262.554725,10644.4825,6951.767375000001,99.22749999999999,196.30249999999998,0.0,0.37530731116910626,0.7476631776480122,3692.715124999999
2026-05-01 02:45:00,1011.55,262.8275,260.474125,10520.822500000002,6845.584375000001,100.305,196.1375,0.0,0.3816381466931733,0.7530018576701236,3675.2381250000008
2026-05-01 03:00:00,1002.69,260.83500000000004,258.192675,10434.0825,6720.104625000001,99.6875,196.1375,0.0,0.3821860563191289,0.7596555556814305,3713.9778749999996
2026-05-01 03:15:00,999.53,259.4425,257.378975,10382.0975,6672.851125000001,99.005,196.1875,0.0,0.3816067143972171,0.7622514620706683,3709.246374999999
2026-05-01 03:30:00,991.89,258.42499999999995,255.411675,10405.564999999999,6657.399625000001,97.50999999999999,194.33249999999998,0.0,0.3773241752926381,0.7608598941297416,3748.1653749999978
2026-05-01 03:45:00,980.35,255.1025,252.44012500000002,10203.210000000001,6421.714375000002,97.5325,195.77749999999997,0.0,0.38232671181191874,0.7755403385258186,3781.4956249999987
2026-05-01 04:00:00,990.48,258.03999999999996,255.04860000000002,10304.0925,6532.805500000002,98.945,196.42499999999998,0.0,0.38344830258874596,0.7701473366252548,3771.2869999999984
2026-05-01 04:15:00,993.38,258.23,255.79535,10409.6475,6496.376750000001,95.83000000000001,197.975,0.0,0.37110328002168613,0.7739585571043414,3913.270749999998
2026-05-01 04:30:00,982.87,255.545,253.08902500000002,10245.557499999999,6337.403875000002,96.2025,198.17749999999998,0.0,0.37646011465690976,0.7830347443947835,3908.153624999997
2026-05-01 04:45:00,992.71,258.08750000000003,255.622825,10338.7,6535.887875000001,97.88000000000001,196.99499999999998,0.0,0.3792512229379571,0.7706471438925689,3802.8121249999995
2026-05-01 05:00:00,983.79,255.9025,253.32592499999998,10190.575,6385.308374999999,98.465,197.48,0.0,0.38477545158800713,0.7795491124724009,3805.266625000002
2026-05-01 05:15:00,999.23,260.6775,257.30172500000003,10297.932499999999,6556.102375000001,102.325,198.4375,0.0,0.3925348371071535,0.7712249111427448,3741.8301249999977
2026-05-01 05:30:00,1006.07,261.39750000000004,259.06302500000004,10359.84,6635.5988750000015,101.6,198.785,0.0,0.3886800753641484,0.7673229323250587,3724.2411249999986
2026-05-01 05:45:00,1013.35,262.985,260.937625,10432.747500000001,6708.2018750000025,101.77499999999999,199.39499999999998,0.0,0.3869992585128429,0.764148136935024,3724.545624999999
2026-05-01 06:00:00,1019.12,265.2525,262.4234,10455.54,6804.919500000002,104.635,199.09499999999997,0.0,0.394473190639108,0.7586785324784298,3650.620499999999
2026-05-01 06:15:00,979.88,255.055,252.3191,10133.945,6293.183000000001,98.4775,198.21499999999997,0.0,0.38610299739271925,0.7855727132825061,3840.761999999999
2026-05-01 06:30:00,946.93,246.00750000000002,243.834475,9804.565000000002,5843.153625,94.04750000000001,197.8825,0.0,0.3822952552259586,0.8115443888728203,3961.4113750000024
2026-05-01 06:45:00,946.36,245.75,243.6877,9813.4175,5812.956,93.27,198.325,0.0,0.3795320447609359,0.8138490371077407,4000.4614999999994
2026-05-01 07:00:00,959.99,248.635,247.197425,9846.585000000001,5909.990875000001,95.98749999999998,200.24499999999998,0.0,0.3860578760029762,0.810061027132463,3936.5941249999996
2026-05-01 07:15:00,975.68,252.615,251.2376,9911.02,6072.825500000001,99.745,201.43249999999998,0.0,0.39484987035607544,0.8017609625310861,3838.1944999999996
2026-05-01 07:30:00,984.4699999999998,255.29,253.50102499999994,9983.2025,6124.313874999997,101.2575,202.89249999999998,0.0,0.39663715774217556,0.8003616553424193,3858.8886250000023
2026-05-01 07:45:00,990.07,256.7,254.943025,9954.455,6123.873875000001,103.57,204.48749999999998,0.0,0.40346708219711724,0.8020909769937812,3830.581124999999
2026-05-01 08:00:00,1018.06,263.445,262.15045,9988.8,6340.532249999999,111.405,208.08249999999998,0.0,0.42287764049422083,0.7937522136620403,3648.26775
2026-05-01 08:15:00,1049.58,271.75,270.26685,10170.3875,6699.05925,118.22500000000001,209.83999999999997,0.0,0.435050597976081,0.7764178255675825,3471.3282500000005
2026-05-01 08:30:00,1069.06,276.41499999999996,275.2829499999999,10229.902499999998,6828.944749999997,122.525,212.76,0.0,0.44326465640431967,0.7728775065800482,3400.9577500000014
2026-05-01 08:45:00,1077.39,278.9,277.427925,10110.4825,6716.168375000001,127.825,217.375,0.0,0.4583183936894945,0.7835368411453173,3394.314124999999
2026-05-01 09:00:00,1098.88,283.565,282.9616,10480.5775,7251.1455000000005,126.3775,212.7625,0.0,0.44567383139668154,0.7519129804185445,3229.431999999999
2026-05-01 09:15:00,1126.61,290.395,290.102075,10428.07,7053.746624999999,133.8025,224.565,0.0,0.4607603436698291,0.774089602771714,3374.323375000001
2026-05-01 09:30:00,1134.03,291.81500000000005,292.01272500000005,10530.18,7294.582375000001,134.10750000000002,221.85,0.0,0.4595634220310813,0.7597271659993583,3235.5976249999994
2026-05-01 09:45:00,1151.22,296.21000000000004,296.43915000000004,10756.740000000002,7464.410750000003,134.0,223.3225,0.0,0.45238175618648924,0.7533502238149042,3292.329249999999
2026-05-01 10:00:00,1168.45,299.7825,300.875875,10779.165,7550.555625000001,137.595,226.48,0.0,0.4589827625028145,0.752735658849351,3228.609375
2026-05-01 10:15:00,1175.04,301.9625,302.57280000000003,10817.1125,7549.261499999999,139.14499999999998,228.3725,0.0,0.4608022519352568,0.7547687696977388,3267.8510000000006
2026-05-01 10:30:00,1189.84,305.1275,306.3838,10825.154999999999,7592.7415,142.465,231.695,0.0,0.46690317981827273,0.756224709008766,3232.4134999999987
2026-05-01 10:45:00,1201.47,309.18,309.378525,10939.4525,7822.5763750000015,145.85750000000002,230.39249999999998,0.0,0.47175593505401386,0.7446945452985141,3116.876124999998
2026-05-01 11:00:00,1200.31,309.58000000000004,309.0798249999999,10946.535,7758.022874999997,145.9225,231.355,0.0,0.4713563537696233,0.7485283130336963,3188.512125000003
2026-05-01 11:15:00,1225.51,315.0075,315.56882499999995,11188.382499999998,8133.917874999998,147.5875,230.975,0.0,0.46852059077958463,0.7319322496447488,3054.4646249999996
2026-05-01 11:30:00,1229.9499999999998,316.73,316.712125,11206.457499999999,8133.549375,149.21499999999997,232.23999999999998,0.0,0.4711110409497047,0.733284208806341,3072.908124999999
2026-05-01 11:45:00,1221.92,314.26250000000005,314.6444,11105.855000000001,8002.9495000000015,148.14749999999998,232.5775,0.0,0.47141322938626135,0.739175717095235,3102.9055
2026-05-01 12:00:00,1219.48,314.22749999999996,314.01609999999994,11571.7575,8522.893,139.39999999999998,221.48749999999998,0.0,0.44362762648081405,0.705338038399942,3048.8644999999997
2026-05-01 12:15:00,1209.83,312.0725,311.53122500000006,11259.527499999998,7909.099875000001,141.28250000000003,231.03,0.0,0.45272332550929684,0.7415950038395026,3350.4276249999975
2026-05-01 12:30:00,1218.54,314.14,313.77405,11350.565,8010.70525,141.7425,231.46499999999997,0.0,0.4512080601005921,0.7376805060839161,3339.8597500000005
2026-05-01 12:45:00,1220.5700000000002,314.09749999999997,314.2967750000001,11341.54,8053.580125000004,142.0225,231.1825,0.0,0.452160555241605,0.7355547953045333,3287.959874999997
2026-05-01 13:00:00,1223.11,314.7875,314.950825,11446.189999999999,8226.552875000001,141.1825,228.4425,0.0,0.44850097287852914,0.7253275173989463,3219.6371249999975
2026-05-01 13:15:00,1226.08,315.4325,315.7156,11344.5475,8088.115499999999,143.62,232.05249999999998,0.0,0.455311358214515,0.7350048588033027,3256.4320000000016
2026-05-01 13:30:00,1219.67,313.955,314.06502500000005,11424.935,8105.333875000003,140.01,229.89249999999998,0.0,0.4459556305840009,0.7319901348454829,3319.6011249999965
2026-05-01 13:45:00,1229.98,317.1175,316.71984999999995,11456.824999999999,8209.84925,143.5575,230.72249999999997,0.0,0.4526949789904373,0.7284750229579864,3246.9757499999996
2026-05-01 14:00:00,1239.48,319.4325,319.16610000000003,11815.4475,8872.893000000004,141.01999999999998,220.15249999999997,0.0,0.4414704201983204,0.6897740706171487,2942.5544999999966
2026-05-01 14:15:00,1248.7,320.8025,321.54025,11810.24,8592.59625,140.31,228.37,0.0,0.43737190327382114,0.7102376763095756,3217.6437499999993
2026-05-01 14:30:00,1242.62,320.5375,319.97465,11821.224999999999,8554.98825,139.96,227.39999999999998,0.0,0.43664157859844793,0.7106812992841776,3266.236749999998
2026-05-01 14:45:00,1253.77,322.275,322.84577500000006,12053.002499999999,8795.650125000002,136.86,225.745,0.0,0.42466837328368634,0.6992347971721171,3257.3523749999968
2026-05-01 15:00:00,1258.22,324.5525,323.99165000000005,12322.154999999999,9068.423250000002,134.445,221.54999999999998,0.0,0.41424730975728113,0.6838139192784751,3253.731749999997
2026-05-01 15:15:00,1257.21,323.83,323.731575,12199.3375,8983.619125000001,136.195,222.95999999999998,0.0,0.42057561065991417,0.6887187324869376,3215.7183749999986
2026-05-01 15:30:00,1262.56,324.7575,325.1092,12328.6325,9151.638500000001,134.7275,221.11499999999998,0.0,0.41485570002232436,0.6801253240449671,3176.993999999999
2026-05-01 15:45:00,1259.8,325.2125,324.3985,12384.26,9208.550000000001,134.575,219.195,0.0,0.41380635738171195,0.6756967125310381,3175.709999999999
2026-05-01 16:00:00,1257.15,324.225,323.71612500000003,12418.2225,9362.894375000003,133.5375,215.3575,0.0,0.41186675919500343,0.6652665201648511,3055.3281249999964
2026-05-01 16:15:00,1252.4299999999998,323.2875,322.50072499999993,12368.78,9390.297374999998,134.14249999999998,213.47249999999997,0.0,0.4149325290956192,0.6619287445012721,2978.4826250000024
2026-05-01 16:30:00,1248.93,322.3575,321.599475,12437.6275,9527.603625000002,132.2125,209.73499999999999,0.0,0.4101424660508907,0.6521621342820911,2910.023874999999
2026-05-01 16:45:00,1236.02,318.5375,318.27514999999994,12296.9825,9438.640749999999,130.995,207.8575,0.0,0.4112388651257701,0.6530748630548129,2858.3417500000014
2026-05-01 17:00:00,1235.99,319.295,318.267425,12401.560000000001,9578.090875,130.2775,205.06,0.0,0.40801609796583094,0.6443009365473077,2823.4691250000014
2026-05-01 17:15:00,1238.48,320.03499999999997,318.9086000000001,12566.422499999999,9867.480500000003,128.7075,199.9775,0.0,0.40216695048979023,0.6270683826024132,2698.9419999999955
2026-05-01 17:30:00,1239.83,320.5,319.256225,12820.815,10118.099875,124.14999999999999,195.3475,0.0,0.3873634945397816,0.611883135559847,2702.7151250000006
2026-05-01 17:45:00,1263.64,326.3675,325.38730000000004,13149.650000000001,10565.309000000003,124.7575,193.14749999999998,0.0,0.3822607949627337,0.5935926202405563,2584.3409999999985
2026-05-01 18:00:00,1358.38,351.3225,349.78285000000005,14084.982499999998,11827.939250000005,136.01749999999998,194.73,0.0,0.38715852244020804,0.5567168315999482,2257.0432499999933
2026-05-01 18:15:00,1423.56,367.52500000000003,366.56669999999997,14332.555000000002,12787.176,153.66500000000002,194.0075,0.0,0.41810761172709343,0.5292556579743878,1545.3790000000026
2026-05-01 18:30:00,1453.16,375.84000000000003,374.18870000000004,14710.2025,13217.636000000004,155.8975,193.7825,0.0,0.4147975202213708,0.5178737358984918,1492.5664999999954
2026-05-01 18:45:00,1463.4299999999998,378.3325,376.83322499999997,14769.6525,13351.584874999999,157.915,194.0125,0.0,0.4173973951484475,0.5148497720709208,1418.0676250000015
2026-05-01 19:00:00,1465.79,378.53499999999997,377.440925,14808.785,13394.133375,157.2225,193.82999999999998,0.0,0.4153446841111126,0.513537317131151,1414.6516250000004
2026-05-01 19:15:00,1459.97,377.0525,375.942275,14742.8,13305.707625000001,156.76,193.95,0.0,0.41575112219120675,0.5159036716474623,1437.0923749999984
2026-05-01 19:30:00,1453.08,375.44,374.1681,14706.805,13235.752999999999,155.53,193.39749999999998,0.0,0.4142606008949499,0.5168732983918191,1471.0520000000015
2026-05-01 19:45:00,1446.0,373.975,372.345,14708.295,13213.107500000004,153.85750000000002,191.845,0.0,0.41141119058760617,0.5152345271186668,1495.1874999999964
2026-05-01 20:00:00,1435.62,371.4925,369.67215,14592.087500000001,13027.600749999998,153.0375,192.61499999999998,0.0,0.4119531349892662,0.5210427672195485,1564.4867500000037
2026-05-01 20:15:00,1423.58,368.60249999999996,366.5718499999999,14595.365,12834.959249999998,148.4975,193.05749999999998,0.0,0.40286623123825804,0.5266566431655896,1760.4057500000017
2026-05-01 20:30:00,1418.36,366.79999999999995,365.22769999999997,14575.6625,12696.905999999999,145.89999999999998,194.33999999999997,0.0,0.39776444929116683,0.5321064092345679,1878.7565000000013
2026-05-01 20:45:00,1402.31,362.89750000000004,361.094825,14366.9125,12520.347875000001,146.0975,193.325,0.0,0.4025861296922684,0.5353856843559028,1846.564624999999
2026-05-01 21:00:00,1379.99,358.305,355.347425,14368.317500000001,12247.240875,139.535,192.46499999999997,0.0,0.3894307922021741,0.5416248619221034,2121.0766250000015
2026-05-01 21:15:00,1356.66,353.24,349.33995000000004,14460.914999999999,11933.079750000004,129.6175,192.14,0.0,0.3669389083908957,0.5500086663434857,2527.8352499999946
2026-05-01 21:30:00,1338.17,349.03499999999997,344.578775,14285.6325,11678.090124999999,128.1525,192.0025,0.0,0.3671623189651468,0.5572093057675999,2607.542375000001
2026-05-01 21:45:00,1324.34,345.32,341.0175499999999,14174.9925,11529.472749999999,125.9525,191.05749999999998,0.0,0.3647413992818256,0.5602570894078619,2645.5197500000013
2026-05-01 22:00:00,1292.59,336.9175,332.841925,13825.6475,11110.188375000002,123.1175,190.45,0.0,0.3654232861160373,0.572193542024491,2715.4591249999976
2026-05-01 22:15:00,1272.21,331.2125,327.594075,13708.670000000002,10788.306625000001,117.565,191.11499999999998,0.0,0.3549533909499189,0.5833896721117438,2920.363375000001
2026-05-01 22:30:00,1252.7399999999998,323.0875,322.58054999999996,13326.0825,10507.93775,115.795,191.20749999999998,0.0,0.35840136186017724,0.5927434248593103,2818.1447500000013
2026-05-01 22:45:00,1226.67,317.25,315.867525,13156.1375,10115.846375000001,111.55000000000001,191.665,0.0,0.3516154452324666,0.6067891911332132,3040.2911249999997
2026-05-01 23:00:00,1192.56,309.75,307.0842,12953.1175,9577.138500000001,105.4975,192.77749999999997,0.0,0.340589184826473,0.6277675634239729,3375.9789999999994
2026-05-01 23:15:00,1160.77,303.7025,298.898275,12841.324999999999,9117.037625000003,99.46000000000001,192.975,0.0,0.32749154188720875,0.6456209892813868,3724.2873749999962
2026-05-02 00:00:00,1087.79,286.1325,280.105925,12594.76,8038.083375,79.6875,193.8825,0.0,0.27849859767764934,0.6921756474805022,4556.676625
2026-05-02 00:15:00,1069.48,282.275,275.3911,12461.205,7802.893000000001,77.73249999999999,193.39999999999998,0.0,0.2753786201399344,0.7022739660068897,4658.311999999999
2026-05-02 00:30:00,1056.64,278.195,272.0848,12300.2125,7629.0465,76.075,193.23999999999998,0.0,0.27345926418519384,0.7102197550175533,4671.165999999999
2026-05-02 00:45:00,1043.48,272.96500000000003,268.6961,12141.285,7479.168,72.85249999999999,192.51,0.0,0.2668931914347993,0.716459970948592,4662.117
2026-05-02 01:00:00,1034.75,267.9875,266.448125,11928.929999999998,7338.404375,71.07249999999999,192.8525,0.0,0.265208265310882,0.7237900435591356,4590.525624999998
2026-05-02 01:15:00,1016.3,264.36,261.69725,11740.68,7054.606250000001,70.61,193.30249999999998,0.0,0.26709789680738383,0.7386493362081565,4686.07375
2026-05-02 01:30:00,1003.9,261.395,258.50425,11603.305,6919.491250000001,70.19999999999999,192.49249999999998,0.0,0.26855907725855505,0.7446395949002772,4683.813749999999
2026-05-02 01:45:00,993.23,258.675,255.75672500000002,11538.515,6797.502375,68.1125,191.91,0.0,0.2633130375954383,0.7503615007581912,4741.012624999999
2026-05-02 02:00:00,980.75,255.2425,252.54312500000003,11224.895,6672.504375000001,71.85,190.875,0.0,0.28149700774753417,0.7558115074405608,4552.390624999999
2026-05-02 02:15:00,972.69,252.635,250.467675,11127.3,6574.479625000002,70.725,190.55249999999998,0.0,0.2799493340194351,0.76078679614046,4552.8203749999975
2026-05-02 02:30:00,959.69,249.8725,247.12017500000002,10998.95,6441.242125000001,70.445,189.535,0.0,0.28192378112837546,0.7669750152936723,4557.707875
2026-05-02 02:45:00,955.66,248.7975,246.08245,10966.04,6403.16725,69.87,189.15499999999997,0.0,0.28083079612938233,0.7686651364207402,4562.87275
2026-05-02 03:00:00,950.56,247.1825,244.76919999999998,10924.44,6348.5635,68.7175,188.80249999999998,0.0,0.2780030948792896,0.7713490913072396,4575.8765
2026-05-02 03:15:00,943.14,245.44,242.85855,10835.17,6224.97775,68.41,189.17249999999999,0.0,0.27872392438070404,0.7789410749590656,4610.19225
2026-05-02 03:30:00,935.14,243.60500000000002,240.79855,10727.24,6210.67775,69.295,187.1925,0.0,0.284456394573182,0.7773821727747114,4516.56225
2026-05-02 03:45:00,937.64,243.69,241.4423,10764.647500000001,6363.083999999999,69.2325,184.8525,0.0,0.28410070171119045,0.7656177065907672,4401.563500000002
2026-05-02 04:00:00,937.46,243.7625,241.39595000000003,10815.605,6474.659750000002,68.765,182.57,0.0,0.2820983539305677,0.7563092918501738,4340.945249999998
2026-05-02 04:15:00,931.88,243.04000000000002,239.9591,10766.197500000002,6364.133000000001,68.805,183.2,0.0,0.2831015470704411,0.7634634402279388,4402.064500000001
2026-05-02 04:30:00,933.03,243.0375,240.255225,10754.5325,6378.4198750000005,69.10249999999999,183.23999999999998,0.0,0.2843285501208661,0.7626889279931373,4376.112624999999
2026-05-02 04:45:00,938.57,244.10500000000002,241.68177500000002,10760.914999999999,6417.130125000001,70.2375,184.035,0.0,0.28773478626001103,0.7614765325188463,4343.7848749999985
2026-05-02 05:00:00,943.78,245.1125,243.02335,10780.4125,6405.79175,70.61,185.73749999999998,0.0,0.28807180376357794,0.7642784119303762,4374.62075
2026-05-02 05:15:00,956.68,248.84250000000003,246.3451,11153.6275,6576.362999999999,65.9825,185.98,0.0,0.26515768005867163,0.7549571718698687,4577.264500000001
2026-05-02 05:30:00,962.37,250.5075,247.81027500000002,11197.69,6643.197625000001,67.17,186.255,0.0,0.26813568456034254,0.7516032174210693,4554.492375
2026-05-02 05:45:00,970.28,252.22000000000003,249.8471,11304.597500000002,6848.973,67.485,184.38,0.0,0.2675640314011577,0.7379713432735461,4455.624500000002
2026-05-02 06:00:00,976.17,254.0325,251.363775,11385.935000000001,6976.015125,68.2875,183.5075,0.0,0.26881402970092405,0.7300475177857271,4409.919875000001
2026-05-02 06:15:00,960.71,250.12,247.38282500000003,11234.6975,6771.062875000001,66.6575,183.2275,0.0,0.266502079002079,0.7406637869868289,4463.634624999999
2026-05-02 06:30:00,937.18,243.98250000000002,241.32385,10967.0975,6447.19425,64.8325,183.04,0.0,0.26572602543215185,0.7584828436973801,4519.90325
2026-05-02 06:45:00,943.09,245.21749999999997,242.84567500000006,11026.039999999999,6465.394625000003,64.61500000000001,184.35,0.0,0.26350076972483616,0.7591240815797933,4560.645374999996
2026-05-02 07:00:00,972.23,251.9725,250.34922500000002,11188.8475,6729.5898750000015,69.2125,187.32,0.0,0.27468275307821294,0.7482347908207024,4459.257624999998
2026-05-02 07:15:00,990.68,256.805,255.10009999999997,11317.57,6946.137999999999,72.6025,188.21499999999997,0.0,0.28271451101029965,0.737808413246408,4371.432000000001
2026-05-02 07:30:00,1024.13,264.9925,263.713475,11411.77,7312.123625000002,81.47,190.36999999999998,0.0,0.3074426634716077,0.7218819591983305,4099.646374999998
2026-05-02 07:45:00,1045.13,270.645,269.12097500000004,11633.655,7564.286125000003,83.5575,191.27499999999998,0.0,0.3087346893532118,0.7107398447854165,4069.3688749999974
2026-05-02 08:00:00,1089.41,281.07500000000005,280.52307499999995,11777.805,7993.1516249999995,93.7725,195.23999999999998,0.0,0.33362091968335844,0.6959855263243496,3784.653375000001
2026-05-02 08:15:00,1123.71,289.76,289.355325,11811.432499999999,8292.675375,104.465,198.96499999999997,0.0,0.36052250138045283,0.6876147864221955,3518.7571249999983
2026-05-02 08:30:00,1156.64,297.76750000000004,297.83480000000003,11843.517500000002,8624.796500000002,114.5575,201.64999999999998,0.0,0.38472130101505364,0.6770531851885675,3218.7209999999995
2026-05-02 08:45:00,1187.65,306.1375,305.819875,12017.41,8944.850625000003,121.46249999999999,204.03249999999997,0.0,0.396757992732024,0.667165598704139,3072.559374999997
2026-05-02 09:00:00,1219.14,314.6975,313.92855,12255.935,9258.45275,126.81,206.67999999999998,0.0,0.4029583965554223,0.6583663703094224,2997.482249999999
2026-05-02 09:15:00,1254.72,322.375,323.0904,12479.539999999999,9632.9795,131.26999999999998,209.26749999999998,0.0,0.4071965878247382,0.6477057195137955,2846.5604999999996
2026-05-02 09:30:00,1270.09,326.6625,327.048175,12759.415,9827.657125000002,129.91750000000002,209.7275,0.0,0.3977117055064478,0.6412740263724144,2931.7578749999993
2026-05-02 09:45:00,1285.02,330.855,330.89265,12947.1475,10099.47825,131.5,208.51999999999998,0.0,0.39745507850871226,0.6301741667577082,2847.669249999999
2026-05-02 10:00:00,1296.6799999999998,333.8325,333.89509999999996,13179.805,10256.362999999998,129.57999999999998,208.68499999999997,0.0,0.38815873229838316,0.625001684660841,2923.4420000000027
2026-05-02 10:15:00,1311.9699999999998,337.365,337.832275,13203.037499999999,10482.782624999998,134.27249999999998,208.48749999999998,0.0,0.3980036459028055,0.6171331617146408,2720.2548750000005
2026-05-02 10:30:00,1317.16,338.485,339.16870000000006,13212.207499999999,10485.911000000004,135.195,209.89499999999998,0.0,0.39941208620766055,0.6188513267881144,2726.296499999995
2026-05-02 10:45:00,1320.95,338.515,340.144625,12996.245,10140.211875,138.27,217.8825,0.0,0.40846048181025957,0.6405584095294758,2856.033125
2026-05-02 11:00:00,1321.37,339.3375,340.25277500000004,13174.532500000001,10259.785125,135.4725,215.60999999999999,0.0,0.39922643386009504,0.6336759487119538,2914.747375000001
2026-05-02 11:15:00,1321.37,339.605,340.252775,13023.205,10067.660124999999,138.61,219.4525,0.0,0.40815064560298,0.6449690233973845,2955.5448750000014
2026-05-02 11:30:00,1319.29,339.14,339.717175,13025.6325,10064.077125,138.035,218.935,0.0,0.4070148021466061,0.6444625591861819,2961.555375
2026-05-02 11:45:00,1305.86,335.33250000000004,336.25894999999997,12737.105,9689.124749999999,138.875,222.63,0.0,0.4141411882236287,0.6620790316510535,3047.9802500000005
2026-05-02 12:00:00,1289.33,332.21000000000004,332.002475,12879.94,9606.143624999999,131.435,219.6075,0.0,0.39563830107462145,0.6614634424035544,3273.7963750000017
2026-05-02 12:15:00,1282.61,329.535,330.272075,12488.4575,9441.346624999998,137.55,221.0,0.0,0.41740634530474763,0.6691452796909942,3047.110875000002
2026-05-02 12:30:00,1261.73,325.645,324.89547500000003,12342.59,9342.383625000002,137.0925,217.065,0.0,0.42098757849805774,0.6681071812403665,3000.206374999998
2026-05-02 12:45:00,1265.71,325.7075,325.920325,12141.562500000002,9159.875375,140.94,221.84249999999997,0.0,0.43271954130623336,0.6806648219929211,2981.687125000002
2026-05-02 13:00:00,1259.48,325.1325,324.3161,12525.984999999999,9609.143,133.4725,211.09249999999997,0.0,0.4105172506593466,0.6508850470266507,2916.8419999999987
2026-05-02 13:15:00,1259.27,324.60249999999996,324.262025,12667.1275,9763.418875,129.97500000000002,207.9475,0.0,0.4004128125938649,0.6412946443543612,2903.708625000001
2026-05-02 13:30:00,1265.08,325.6825,325.7581,12478.01,9542.703000000001,134.5625,214.0075,0.0,0.4131708028524713,0.6569521985792525,2935.306999999999
2026-05-02 13:45:00,1260.02,324.33000000000004,324.45515,12267.515000000001,9315.415750000002,137.14749999999998,217.11999999999998,0.0,0.4228640582123145,0.6691833986916219,2952.0992499999993
2026-05-02 14:00:00,1258.9,324.57000000000005,324.16675000000004,12434.807499999999,9430.428750000003,133.90250000000003,214.5025,0.0,0.41255353236589953,0.661704200076041,3004.378749999996
2026-05-02 14:15:00,1261.7700000000002,326.0475,324.90577500000006,12644.315,9783.950125000003,132.635,208.24499999999998,0.0,0.40679655571657497,0.6409396693549074,2860.3648749999975
2026-05-02 14:30:00,1260.74,324.8275,324.64055,12638.5825,9924.98775,132.07,205.1325,0.0,0.4065850335947541,0.6318757776870448,2713.59475
2026-05-02 14:45:00,1265.0300000000002,326.46999999999997,325.745225,12907.67,10030.369875000002,127.5525,204.23999999999998,0.0,0.39070205531901864,0.6269930741118307,2877.300124999998
2026-05-02 15:00:00,1262.9,325.9875,325.19675,13170.092499999999,10239.95375,121.42750000000001,199.445,0.0,0.372491276506001,0.6133056372795853,2930.1387499999983
2026-05-02 15:15:00,1266.73,327.5425,326.182975,13202.25,10303.821124999999,122.9375,199.2525,0.0,0.3753329720570613,0.6108611278684916,2898.4288750000014
2026-05-02 15:30:00,1262.8000000000002,325.87,325.17100000000005,13146.6475,10345.412500000002,122.6375,197.30749999999998,0.0,0.37633872403105534,0.6067807399798874,2801.234999999997
2026-05-02 15:45:00,1260.1,325.23,324.47575,13127.457499999999,10296.173750000002,122.1275,197.52749999999997,0.0,0.37551117670571593,0.6087588980070159,2831.283749999997
2026-05-02 16:00:00,1257.53,324.77250000000004,323.813975,13013.0025,10146.526125000004,123.745,199.7925,0.0,0.38102056054622846,0.6169977685490565,2866.4763749999966
2026-05-02 16:15:00,1256.8,324.47749999999996,323.626,13227.2275,10404.562499999998,119.4025,194.42499999999998,0.0,0.367983912597946,0.6007706426554109,2822.6650000000027
2026-05-02 16:30:00,1258.38,325.0675,324.03285000000005,13277.1875,10505.314250000001,119.48,192.8575,0.0,0.3675544310027917,0.5951788530082673,2771.8732499999987
2026-05-02 16:45:00,1254.2,324.565,322.9565,13270.77,10469.74,119.0725,192.385,0.0,0.36686796173339703,0.5956994208198317,2801.0300000000007
2026-05-02 17:00:00,1266.15,326.98249999999996,326.03362500000003,13317.6125,10608.731875000001,121.1875,192.98999999999998,0.0,0.3706238101427447,0.5919328106111753,2708.880624999998
2026-05-02 17:15:00,1278.44,330.355,329.1983,13412.32,10736.039000000004,123.3125,193.92499999999998,0.0,0.3732726914985394,0.5890826289200156,2676.2809999999954
2026-05-02 17:30:00,1293.2800000000002,334.32,333.0196000000001,13843.4,11196.585500000003,119.315,188.9175,0.0,0.3568886097152429,0.5672864299879045,2646.8144999999968
2026-05-02 17:45:00,1338.4500000000005,345.7975,344.65087500000016,14560.289999999999,11961.430625000012,117.88000000000001,186.415,0.0,0.3408931527845054,0.5408806810660205,2598.8593749999873
2026-05-02 18:00:00,1396.65,361.385,359.637375,15133.505,12875.938124999999,126.1925,184.60999999999999,0.0,0.349191305671237,0.5133226211541556,2257.5668750000004
2026-05-02 18:15:00,1454.8500000000004,376.135,374.6238750000001,15551.2,13691.070625000008,136.76500000000001,184.7925,0.0,0.36360615204647273,0.4932747545788424,1860.1293749999932
2026-05-02 18:30:00,1486.78,384.34000000000003,382.84585,15493.107500000002,14122.40425,150.385,185.20999999999998,0.0,0.39128115730863294,0.4837717321475471,1370.7032500000023
2026-05-02 18:45:00,1490.17,384.8225,383.71877500000005,15484.015000000001,14180.665125000003,151.42000000000002,185.005,0.0,0.39348011096024793,0.48213695042678056,1303.349874999998
2026-05-02 19:00:00,1494.27,386.31,384.7745249999999,15568.53,14286.481374999998,151.6825,184.04999999999998,0.0,0.39264450829644587,0.4783320829257083,1282.048625000003
2026-05-02 19:15:00,1489.96,384.6125,383.66470000000004,15421.322500000002,14085.941000000003,152.1575,186.83999999999997,0.0,0.3956124670935032,0.4869877265226641,1335.3814999999995
2026-05-02 19:30:00,1485.05,384.155,382.40037499999994,15438.747500000001,13781.028124999999,149.3525,191.54749999999999,0.0,0.3887818719006651,0.5009082430946884,1657.7193750000024
2026-05-02 19:45:00,1476.67,381.72249999999997,380.242525,15297.2875,13630.346375,149.335,192.1875,0.0,0.39121351243377067,0.5054339989984024,1666.9411250000012
2026-05-02 20:00:00,1463.7600000000002,378.74249999999995,376.91820000000007,15310.7125,13510.133500000004,144.9825,190.93499999999997,0.0,0.382799659399196,0.5065687992779333,1800.578999999996
2026-05-02 20:15:00,1452.49,375.8325,374.01617500000003,15365.497500000001,13252.522125000003,138.4875,192.89499999999998,0.0,0.36848197002654115,0.5157397270318589,2112.975374999998
2026-05-02 20:30:00,1444.22,373.5675,371.88665000000003,15295.0075,13094.023250000002,136.735,193.7225,0.0,0.3660248817148173,0.5209181345982706,2200.9842499999977
2026-05-02 20:45:00,1428.27,369.0875,367.77952500000004,15033.505000000001,12861.631375,137.09750000000003,193.8525,0.0,0.3714498594506724,0.5270888856577863,2171.873625
2026-05-02 21:00:00,1399.96,362.11,360.4897000000001,14855.965,12472.941000000004,131.61,193.6075,0.0,0.3634530943635912,0.537068049378387,2383.023999999996
2026-05-02 21:15:00,1382.22,358.64,355.92165,14774.52,12287.07325,129.1125,192.29999999999998,0.0,0.36000585545393715,0.5402874480942645,2487.446750000001
2026-05-02 21:30:00,1363.39,353.3125,351.07292500000005,14532.439999999999,11980.768375000003,127.4575,193.09249999999997,0.0,0.3607500442243057,0.5500068112629305,2551.6716249999954
2026-05-02 21:45:00,1334.63,345.74,343.66722500000003,14249.614999999998,11596.579875000001,124.0075,192.63,0.0,0.35867270203042745,0.560513153385517,2653.0351249999967
2026-05-02 22:00:00,1300.73,337.0725,334.937975,14113.1625,11119.846125,114.835,192.5625,0.0,0.3406833841384272,0.5749198788223402,2993.3163750000003
2026-05-02 22:15:00,1275.6,331.04,328.467,13647.65,10738.4425,118.27000000000001,193.0725,0.0,0.35726800386660224,0.5877987743060947,2909.2075000000004
2026-05-02 22:30:00,1246.45,323.8125,320.96087500000004,13229.8975,10278.355625000004,118.485,194.01749999999998,0.0,0.3659061957151129,0.6044895659011397,2951.5418749999953
2026-05-02 22:45:00,1212.5700000000002,314.4425,312.236775,12770.2075,9801.280125000001,117.0,193.96249999999998,0.0,0.37208710654571187,0.6212032519231598,2968.9273749999993
2026-05-02 23:00:00,1188.68,309.2575,306.0851,12708.344999999998,9480.438,111.08749999999999,193.61249999999998,0.0,0.35920713321423087,0.6325446746672738,3227.9069999999974
2026-05-02 23:15:00,1162.14,301.91,299.25105,12292.6225,9094.065250000001,111.3275,193.8225,0.0,0.3687439965552648,0.6476919629855935,3198.557249999998
2026-05-02 23:30:00,1138.0,296.21999999999997,293.035,11981.945,8739.9325,111.17999999999999,194.0675,0.0,0.37532914725541827,0.6622673059532137,3242.012499999999
2026-05-03 00:00:00,1094.33,284.7675,281.78997499999997,11617.2375,8136.331124999999,104.11749999999999,193.76999999999998,0.0,0.3656228326617328,0.6876397927215119,3480.9063750000005
2026-05-03 00:15:00,1074.79,280.59000000000003,276.758425,11426.4175,7841.095875,102.935,194.14,0.0,0.3668519904486974,0.7014781934822761,3585.3216249999996
2026-05-03 00:30:00,1057.03,275.4075,272.185225,11235.157500000001,7585.944875000001,100.375,194.21249999999998,0.0,0.3644599366393435,0.7135306481092057,3649.212625
2026-05-03 00:45:00,1032.35,269.06,265.830125,10885.91,7235.539375,100.3725,194.23,0.0,0.3730487623578384,0.7306545862700851,3650.3706249999996
2026-05-03 01:00:00,1016.81,264.7925,261.828575,10687.784999999998,7014.579125000001,99.3775,194.24749999999997,0.0,0.3753033035301226,0.7418880845988639,3673.205874999997
2026-05-03 01:15:00,1001.73,261.50750000000005,257.945475,10522.11,6802.1336249999995,98.98,194.225,0.0,0.37849774863053637,0.7529692079304745,3719.976375000001
2026-05-03 01:30:00,991.23,258.56,255.241725,10358.3025,6646.552375000001,98.97749999999999,194.36249999999998,0.0,0.3828028310643564,0.7614840402759383,3711.7501249999987
2026-05-03 01:45:00,976.26,254.93,251.38695,10118.644999999999,6437.914750000001,100.0825,194.295,0.0,0.39258816145608594,0.772892148936132,3680.730249999998
2026-05-03 02:00:00,970.0700000000002,252.85750000000002,249.79302500000006,10023.9225,6352.123875000003,99.575,194.2575,0.0,0.3937988788151429,0.7776738361689641,3671.7986249999976
2026-05-03 02:15:00,959.2,250.18,246.99400000000003,9887.41,6199.677500000002,99.295,194.2275,0.0,0.396894236149972,0.786365255836174,3687.7324999999983
2026-05-03 02:30:00,953.07,248.255,245.41552500000003,9831.414999999999,6176.986375000002,98.39750000000001,192.945,0.0,0.3963565688505771,0.7861972057391233,3654.428624999997
2026-05-03 02:45:00,940.63,245.59249999999997,242.21222500000002,9727.9625,6005.679875000001,97.27,192.8475,0.0,0.3960625833443611,0.7961922648619407,3722.282624999999
2026-05-03 03:00:00,938.05,244.8825,241.547875,9720.352499999999,5968.390625000001,96.41499999999999,192.86249999999998,0.0,0.39371943687278593,0.7984442007614432,3751.961874999998
2026-05-03 03:15:00,933.68,243.6025,240.4226,9620.1075,5934.3755,97.41749999999999,192.30499999999998,0.0,0.3999035313676994,0.7998624089415887,3685.732
2026-05-03 03:30:00,931.32,242.8425,239.81490000000002,9602.04,5884.077000000001,96.6575,192.64249999999998,0.0,0.3980254691827007,0.8032966258560247,3717.9629999999997
2026-05-03 03:45:00,925.78,241.54250000000002,238.38835,9553.907500000001,5752.116750000001,95.65,193.71249999999998,0.0,0.3959965637517207,0.8125921421915122,3801.79075
2026-05-03 04:00:00,922.19,241.1075,237.46392500000002,9639.22,5700.898375000001,92.695,193.72,0.0,0.38445506672334956,0.8157870716573054,3938.3216249999987
2026-05-03 04:15:00,924.97,241.52750000000003,238.179775,9578.230000000001,5742.020125000001,94.98,193.68499999999997,0.0,0.39324714577015035,0.8131882734375745,3836.2098750000005
2026-05-03 04:30:00,926.05,241.265,238.457875,9555.5775,5765.565625000001,95.25999999999999,193.51999999999998,0.0,0.394835554266056,0.8115479516036113,3790.0118749999983
2026-05-03 04:45:00,924.65,240.92000000000002,238.097375,9536.7075,5739.738125,95.215,193.64,0.0,0.3952141789805744,0.8132807008057102,3796.9693750000006
2026-05-03 05:00:00,930.34,242.64,239.56255000000002,9607.46,5814.697750000001,95.82,193.7525,0.0,0.3949060336300692,0.8087762465376996,3792.762249999998
2026-05-03 05:15:00,929.47,242.35,239.338525,9633.9825,5840.501375000001,94.94,192.98999999999998,0.0,0.3917474726635032,0.8063474110572043,3793.4811249999993
2026-05-03 05:30:00,933.25,243.1325,240.31187500000001,9673.945,5922.410625,95.2225,192.42249999999999,0.0,0.39164858667598945,0.8007198978410865,3751.5343749999993
2026-05-03 05:45:00,937.36,244.4525,241.3702,9722.904999999999,5978.9935000000005,95.85,192.45499999999998,0.0,0.3921007148628057,0.7973436654566304,3743.9114999999983
2026-05-03 06:00:00,937.78,244.5175,241.47835,9746.06,6005.81675,95.4675,192.0375,0.0,0.39043217765599597,0.795257628685967,3740.2432499999995
2026-05-03 06:15:00,909.96,237.70250000000001,234.31470000000002,9556.142500000002,5718.191000000001,91.2175,189.91,0.0,0.3837464898349828,0.8104911898399886,3837.951500000001
2026-05-03 06:30:00,881.6200000000001,229.9225,227.01715000000004,9434.08,5316.950750000002,82.9525,189.9075,0.0,0.3607846122062869,0.8365337156245682,4117.129249999998
2026-05-03 06:45:00,877.13,228.7475,225.860975,9314.2025,5144.736124999999,83.6825,192.07999999999998,0.0,0.365829134744642,0.8504346534411267,4169.466375
2026-05-03 07:00:00,885.52,230.6825,228.02139999999997,9307.9125,5144.184499999999,85.89,194.46749999999997,0.0,0.3723299340001951,0.852847583603995,4163.728000000001
2026-05-03 07:15:00,903.6,235.36499999999998,232.67700000000005,9410.085,5268.742500000002,89.16499999999999,197.0975,0.0,0.37883712531599856,0.8470863041899284,4141.342499999997
2026-05-03 07:30:00,919.04,239.18249999999998,236.65279999999996,9447.984999999999,5313.036499999998,92.58999999999999,200.58499999999998,0.0,0.38711026099317464,0.8475919152446116,4134.9485
2026-05-03 07:45:00,938.62,243.10500000000002,241.69464999999997,9445.682499999999,5452.588249999999,97.515,203.33999999999997,0.0,0.4011229715555007,0.8413094787162232,3993.09425
2026-05-03 08:00:00,955.01,248.1575,245.915075,9480.705,5544.336625000001,103.09249999999999,206.14749999999998,0.0,0.4154317318638364,0.8382873640422409,3936.368374999999
2026-05-03 08:15:00,972.9,251.99,250.52175,9409.4025,5689.32875,109.955,208.315,0.0,0.4363466804238263,0.8315246081428059,3720.0737500000005
2026-05-03 08:30:00,986.44,255.6375,254.00830000000002,9493.9475,5794.714000000001,112.485,210.0425,0.0,0.4400176030511956,0.8269119552392579,3699.2334999999994
2026-05-03 08:45:00,1005.34,259.9475,258.87505,9498.625,5943.510249999999,117.93,212.42,0.0,0.4536685292222468,0.820550300231714,3555.1147500000006
2026-05-03 09:00:00,1019.43,264.14,262.503225,9608.0275,6059.059874999999,120.61500000000001,214.1,0.0,0.4566328462179148,0.8156090272795696,3548.967625000001
2026-05-03 09:15:00,1037.09,268.7125,267.050675,9635.735,6175.669625000001,125.725,216.76999999999998,0.0,0.4678792389635763,0.8117185998500096,3460.065374999999
2026-05-03 09:30:00,1046.42,270.045,269.45315000000005,9640.835,6251.180750000002,127.17,217.90249999999997,0.0,0.4709215130811531,0.8086841812760398,3389.654249999997
2026-05-03 09:45:00,1062.84,274.82500000000005,273.68129999999996,9723.715,6431.728999999999,131.67000000000002,218.9425,0.0,0.47910488492677156,0.7999907191320709,3291.986000000001
2026-05-03 10:00:00,1074.49,276.225,276.681175,9757.64,6589.722125,132.785,219.08249999999998,0.0,0.4807131867137297,0.7918229348274236,3167.917874999999
2026-05-03 10:15:00,1086.23,279.005,279.70422500000006,9839.302500000002,6812.864875000002,135.11,217.945,0.0,0.48425655454203337,0.7791980975618081,3026.4376249999996
2026-05-03 10:30:00,1097.29,281.6625,282.552175,9854.59,6838.627124999999,137.72750000000002,220.5625,0.0,0.4889806062219856,0.7806080416829211,3015.962875000001
2026-05-03 10:45:00,1102.16,283.84000000000003,283.80620000000005,9935.7875,6915.098500000003,138.8225,220.4125,0.0,0.48908716178128514,0.7766303202678446,3020.6889999999976
2026-05-03 11:00:00,1112.49,286.46000000000004,286.466175,10161.3275,7059.772125000003,136.61,220.445,0.0,0.4768903162745235,0.7695323889460945,3101.5553749999963
2026-05-03 11:15:00,1118.81,288.11,288.093575,10225.685,7156.279125,137.3725,220.30499999999998,0.0,0.4768057339210718,0.7646994557237176,3069.4058749999995
2026-05-03 11:30:00,1128.46,290.58000000000004,290.5784500000001,10320.937499999998,7284.447250000003,138.41000000000003,220.475,0.0,0.47632321563769014,0.7587451856804932,3036.4902499999953
2026-05-03 11:45:00,1126.71,291.2025,290.12782500000003,10320.454999999998,7245.662875000002,139.25,220.755,0.0,0.47818957598234907,0.7608887565334348,3074.7921249999963
2026-05-03 12:00:00,1130.79,291.555,291.178425,10634.619999999999,7403.695874999999,131.9875,218.75,0.0,0.4527018915813483,0.7512575837306628,3230.9241249999995
2026-05-03 12:15:00,1132.72,291.17,291.6754000000001,10678.005000000001,7439.904500000002,130.305,218.5725,0.0,0.44752206614692447,0.7493689903228038,3238.1004999999986
2026-05-03 12:30:00,1128.12,291.575,290.49089999999995,10825.21,7425.131999999997,127.2825,217.565,0.0,0.43653433936380004,0.7489563356373643,3400.0780000000022
2026-05-03 12:45:00,1129.24,291.245,290.77930000000003,10780.885000000002,7448.119000000001,128.04,217.42249999999999,0.0,0.43962986489038436,0.7477234452383645,3332.7660000000014
2026-05-03 13:00:00,1135.63,292.69,292.42472499999997,10875.162499999999,7573.492375,127.885,216.725,0.0,0.4369298575284431,0.7411309012943417,3301.6701249999987
2026-05-03 13:15:00,1138.94,292.99,293.27705000000003,10913.33,7656.745250000002,127.55499999999999,215.99749999999997,0.0,0.4353561555001877,0.7364964288886565,3256.584749999998
2026-05-03 13:30:00,1144.69,294.3875,294.75767499999995,10930.015,7694.929625,128.8775,216.86249999999998,0.0,0.437781835166235,0.7357314784084927,3235.0853749999997
2026-05-03 13:45:00,1151.4699999999998,296.14,296.50352499999997,11082.26,7875.576374999997,127.9625,215.17,0.0,0.4321013709731884,0.7256912038398194,3206.6836250000033
2026-05-03 14:00:00,1149.78,297.2525,296.06835,11265.2425,7935.141750000001,125.2575,213.5,0.0,0.42138417675208784,0.7211172690360181,3330.1007499999996
2026-05-03 14:15:00,1159.0,299.2475,298.4425,11421.345000000001,8105.345000000001,124.2825,212.70749999999998,0.0,0.41531675285507813,0.7127252318285766,3316.0
2026-05-03 14:30:00,1162.27,301.33750000000003,299.28452500000003,11649.6375,8232.531375000002,121.78750000000001,211.08999999999997,0.0,0.4041564690753723,0.7053154519098506,3417.1061249999984
2026-05-03 14:45:00,1170.29,303.6125,301.349675,11831.4375,8424.989625,120.81,209.5125,0.0,0.3979085182592943,0.6952471410496792,3406.447875
2026-05-03 15:00:00,1173.65,304.2,302.214875,11915.442500000001,8536.200625000001,119.86,208.23999999999998,0.0,0.394017094017094,0.6890461629329131,3379.2418749999997
2026-05-03 15:15:00,1178.0800000000002,305.565,303.35560000000004,12076.1675,8681.815500000002,118.1275,206.58249999999998,0.0,0.3865871418519791,0.680991219545642,3394.351999999997
2026-05-03 15:30:00,1183.81,306.835,304.831075,12213.699999999999,8860.341625,116.9825,204.635,0.0,0.3812553978522659,0.6713062308362099,3353.358375
2026-05-03 15:45:00,1189.83,308.3875,306.38122500000003,12379.0,9039.849875000002,115.485,202.75,0.0,0.37448015889100567,0.6617572600932057,3339.1501249999983
2026-05-03 16:00:00,1191.4499999999998,308.6375,306.79837499999996,12553.267499999998,9148.293125,111.7475,201.04,0.0,0.3620671499736746,0.6552837836901843,3404.974374999998
2026-05-03 16:15:00,1195.61,309.63,307.86957499999994,12814.892499999998,9433.209124999998,107.74,196.51999999999998,0.0,0.347963698608016,0.638322250582897,3381.6833750000005
2026-05-03 16:30:00,1197.1,310.1,308.25325,12941.53,9768.31125,107.2225,190.23999999999998,0.0,0.3457674943566591,0.6171548880668736,3173.21875
2026-05-03 16:45:00,1195.4,309.9225,307.81550000000004,12950.6675,9774.235000000002,106.9225,189.64,0.0,0.3449975397075075,0.6160833356344952,3176.432499999997
2026-05-03 17:00:00,1197.66,310.385,308.39745000000005,13047.03,9954.867250000001,106.05,186.6675,0.0,0.3416724390676096,0.6052822421197062,3092.1627499999995
2026-05-03 17:15:00,1209.8200000000002,313.12,311.52865,13216.615,10241.333250000001,106.33500000000001,184.3825,0.0,0.3395982370975984,0.5918637017815215,2975.2817499999983
2026-05-03 17:30:00,1225.92,317.615,315.6744000000001,13619.3025,10554.974500000004,102.735,182.67,0.0,0.32345764526234594,0.5786658658415124,3064.327999999996
2026-05-03 17:45:00,1280.36,331.27250000000004,329.6927,14336.827500000001,11376.981,104.00250000000001,181.64999999999998,0.0,0.3139484865178969,0.5509676131743286,2959.8465000000015
2026-05-03 18:00:00,1348.1799999999998,348.84,347.15635,14961.56,12311.981749999999,113.0525,182.16,0.0,0.3240812406834079,0.5247203457462323,2649.5782500000005
2026-05-03 18:15:00,1419.23,367.4125,365.451725,15423.82,13327.227375000002,128.23000000000002,181.98,0.0,0.34900826727452117,0.497959066960212,2096.5926249999975
2026-05-03 18:30:00,1444.24,374.1925,371.8918,15416.135,13710.806499999999,138.7225,181.39249999999998,0.0,0.3707249610828651,0.4877561161606682,1705.3285000000014
2026-05-03 18:45:00,1448.03,374.9,372.867725,15312.0975,13754.732375000001,142.51749999999998,181.58749999999998,0.0,0.3801480394771939,0.48700246179794715,1557.3651249999984
2026-05-03 19:00:00,1451.46,375.91499999999996,373.75095,15482.557499999999,13770.68475,139.19,182.23999999999998,0.0,0.37026987483872686,0.4875974228292931,1711.8727499999986
2026-05-03 19:15:00,1445.92,375.06,372.3244,15507.227499999999,13722.8495,137.4675,181.6275,0.0,0.3665213565829467,0.48782056722578476,1784.3779999999988
2026-05-03 19:30:00,1446.46,374.355,372.46345,15322.7725,13724.12225,141.36,181.755,0.0,0.37760948831991026,0.4879807669719001,1598.6502499999988
2026-05-03 19:45:00,1438.63,372.59749999999997,370.44722500000006,15199.82,13597.854875000003,141.9625,182.0625,0.0,0.3810076557142762,0.491466766959855,1601.965124999997
2026-05-03 20:00:00,1439.91,373.5425,370.77682500000003,15275.9475,13644.482875000002,141.51,181.49249999999998,0.0,0.3788323952428438,0.48949256739549446,1631.4646249999987
2026-05-03 20:15:00,1434.08,371.09000000000003,369.2756,15323.3125,13589.4155,136.7775,180.9425,0.0,0.3685830930502034,0.48999311083645924,1733.8970000000008
2026-05-03 20:30:00,1421.3,366.915,365.9847500000001,15447.420000000002,13416.293750000003,127.2725,180.785,0.0,0.34687189130997637,0.493968669459588,2031.1262499999993
2026-05-03 20:45:00,1415.31,366.75,364.442325,15635.67,13344.710375,122.0325,180.51999999999998,0.0,0.3327402862985685,0.4953321489209575,2290.9596249999995
2026-05-03 21:00:00,1395.95,361.4575,359.457125,15378.125,13086.399375,121.2375,180.2025,0.0,0.33541287703256956,0.5013184813070543,2291.725624999999
2026-05-03 21:15:00,1373.15,355.955,353.58612500000004,15135.4975,12754.869375000002,119.55499999999999,180.375,0.0,0.3358711073028894,0.5101303112501939,2380.6281249999975
2026-05-03 21:30:00,1351.73,350.73,348.070475,14997.442500000001,12462.633624999999,115.5975,180.15249999999997,0.0,0.3295911384825934,0.5175747813715024,2534.8088750000024
2026-05-03 21:45:00,1323.39,343.295,340.77292500000004,14592.857500000002,12058.393375000003,115.46,180.20999999999998,0.0,0.3363288134112061,0.5288272241698778,2534.4641249999986
2026-05-03 22:00:00,1298.03,336.815,334.24272499999995,14550.422499999999,11709.982375,107.05,179.99499999999998,0.0,0.31783026290396804,0.538515834563041,2840.440124999999
2026-05-03 22:15:00,1258.79,326.8225,324.138425,14128.585,11147.870874999999,103.5525,180.12249999999997,0.0,0.3168463003618172,0.5556962276225041,2980.7141250000004
2026-05-03 22:30:00,1229.14,319.74,316.50355,13867.622500000001,10723.327750000002,100.045,180.21499999999997,0.0,0.31289485206730466,0.5693932974843409,3144.294749999999
2026-05-03 22:45:00,1195.11,310.635,307.740825,13398.949999999999,10251.002874999998,99.24499999999999,180.02249999999998,0.0,0.3194907206206641,0.5849808844829086,3147.9471250000006
2026-05-03 23:00:00,1172.17,304.89,301.83377500000006,13113.465000000002,9928.115125000002,98.435,179.9825,0.0,0.3228541441175506,0.596296753072117,3185.349875
2026-05-03 23:15:00,1149.4500000000005,299.27750000000003,295.98337500000014,13002.415,9594.468125000009,93.01,180.22,0.0,0.3107817995004636,0.6088855497373794,3407.9468749999924
2026-05-04 00:00:00,1068.67,278.4325,275.18252499999994,12009.982499999998,8443.421374999998,88.7975,180.35999999999999,0.0,0.3189193071929462,0.6554195256403001,3566.561125
2026-05-04 00:15:00,1065.02,277.35,274.24265,11974.644999999999,8398.353250000004,88.19000000000001,180.2275,0.0,0.3179736794663782,0.6571826081756429,3576.291749999995
2026-05-04 00:30:00,1042.14,271.24,268.35105,11613.96,8048.9402500000015,88.6775,180.73499999999999,0.0,0.32693371184191117,0.6735021159783052,3565.0197499999977
2026-05-04 00:45:00,1025.6,267.1975,264.092,11441.17,7828.442499999999,87.43499999999999,180.45999999999998,0.0,0.32722985806379173,0.6833224785302091,3612.727500000001
2026-05-04 01:00:00,1005.29,261.975,258.862175,11255.805,7547.677124999998,84.73,180.3225,0.0,0.32342780799694626,0.6965965576083103,3708.127875000002
2026-05-04 01:15:00,993.98,258.71250000000003,255.94985,11165.575,7374.124250000001,82.22500000000001,180.58999999999997,0.0,0.31782383920374935,0.7055679071505608,3791.45075
2026-05-04 01:30:00,991.01,257.79499999999996,255.185075,11158.345000000001,7334.686625,81.07499999999999,180.5375,0.0,0.31449407474931634,0.707476720572314,3823.658375000001
2026-05-04 01:45:00,977.68,255.21249999999998,251.7526,11117.234999999999,7151.275500000001,78.385,180.42999999999998,0.0,0.30713621002106095,0.716695676628563,3965.959499999998
2026-05-04 02:00:00,963.17,251.175,248.016275,10901.145,6933.527625000001,78.1375,180.67499999999998,0.0,0.3110878869314223,0.7284804192789364,3967.617375
2026-05-04 02:15:00,959.4,250.35500000000002,247.0455,10931.607500000002,6870.135,76.025,180.875,0.0,0.3036687903177488,0.7321525791807582,4061.4725000000017
2026-05-04 02:30:00,956.63,249.48250000000002,246.332225,10862.6575,6847.404875,76.7075,180.545,0.0,0.3074664555630154,0.7329329323437077,4015.252624999999
2026-05-04 02:45:00,943.78,246.58499999999998,243.02335,10762.83,6653.541749999999,75.015,180.7825,0.0,0.30421558488959183,0.7438894246170172,4109.2882500000005
2026-05-04 03:00:00,946.01,246.55,243.597575,10774.342499999999,6686.999125000001,74.665,180.74499999999998,0.0,0.3028391806935713,0.7419819347544817,4087.3433749999976
2026-05-04 03:15:00,944.86,246.4525,243.30145000000002,10778.515000000001,6664.337250000002,74.3625,180.87249999999997,0.0,0.3017315709923819,0.7434090507886408,4114.177749999999
2026-05-04 03:30:00,923.34,240.965,237.76005,10580.525,6350.81025,71.495,181.04749999999999,0.0,0.2967028406615069,0.7614714919516545,4229.714749999999
2026-05-04 03:45:00,937.94,245.17249999999999,241.51955,10691.225,6562.207750000001,74.78999999999999,180.95499999999998,0.0,0.30505052565030744,0.7492354138619419,4129.017249999999
2026-05-04 04:00:00,943.66,246.46499999999997,242.99245,10699.265,6588.21725,76.1075,182.05499999999998,0.0,0.3087963808248636,0.7492208091239048,4111.04775
2026-05-04 04:15:00,952.04,248.27999999999997,245.1503,10731.619999999999,6683.274,77.765,182.52749999999997,0.0,0.3132149186402449,0.7445534433365979,4048.3459999999986
2026-05-04 04:30:00,953.31,248.8875,245.47732499999998,10770.4225,6717.010375,77.73,182.21249999999998,0.0,0.31230977851438907,0.7422783346689964,4053.4121250000007
2026-05-04 04:45:00,960.27,250.46,247.26952500000002,10784.005000000001,6800.581375000002,79.595,182.5125,0.0,0.31779525672762116,0.7381115808751603,3983.4236249999994
2026-05-04 05:00:00,972.63,253.86499999999998,250.452225,10883.944999999998,6965.254875,81.8825,182.72,0.0,0.32254347783270637,0.7295602983762671,3918.6901249999983
2026-05-04 05:15:00,990.26,258.0175,254.99195,10960.83,7245.93975,86.195,182.1,0.0,0.33406648773823483,0.7141401914844763,3714.8902500000004
2026-05-04 05:30:00,1014.32,263.8725,261.1874,11179.5225,7567.4395,88.85249999999999,182.48499999999999,0.0,0.3367251229286871,0.6986745915002024,3612.0829999999987
2026-05-04 05:45:00,1043.3200000000002,272.1225,268.6549000000001,11473.96,7941.402000000004,92.89999999999999,183.22,0.0,0.3413903664709827,0.6819901665668481,3532.5579999999954
2026-05-04 06:00:00,1094.88,285.15500000000003,281.9316,12153.1175,8679.870500000003,93.97500000000001,183.05499999999998,0.0,0.329557609019656,0.6492886927183755,3473.2469999999976
2026-05-04 06:15:00,1114.65,289.445,287.022375,12483.815,8945.738125000002,91.31500000000001,183.33749999999998,0.0,0.3154830796869872,0.6387568216589385,3538.076874999999
2026-05-04 06:30:00,1135.9299999999998,294.63,292.50197499999996,12736.482500000002,9253.366124999999,92.23750000000001,183.21249999999998,0.0,0.31306214574211727,0.6263632920769168,3483.1163750000032
2026-05-04 06:45:00,1158.71,301.20500000000004,298.36782500000004,12991.0225,9564.362875000003,95.05000000000001,183.445,0.0,0.3155658106605136,0.6148283582521002,3426.6596249999966
2026-05-04 07:00:00,1174.16,306.3675,302.3462,13175.8825,9648.2985,96.78,186.14249999999998,0.0,0.3158951259516757,0.615660127363929,3527.583999999999
2026-05-04 07:15:00,1182.41,306.6525,304.47057500000005,13382.267499999998,9629.139125000002,90.67,188.86249999999998,0.0,0.2956767024563635,0.620298037010637,3753.1283749999966
2026-05-04 07:30:00,1167.51,303.85249999999996,300.633825,13083.054999999998,9217.867875,93.1875,192.86749999999998,0.0,0.30668663249438466,0.6415362609313838,3865.1871249999986
2026-05-04 07:45:00,1171.15,303.9925,301.57112500000005,12874.740000000002,8996.794375000003,97.11000000000001,198.32,0.0,0.3194486706086499,0.657622642088164,3877.9456249999985
2026-05-04 08:00:00,1202.3000000000002,311.5325,309.59225000000004,13209.7625,9282.706250000003,98.1725,201.42499999999998,0.0,0.31512763515845055,0.6506138315800862,3927.056249999998
2026-05-04 08:15:00,1237.99,320.82,318.782425,13320.794999999998,9668.290874999999,108.135,203.8225,0.0,0.33705816345614364,0.6393780962046449,3652.5041249999995
2026-05-04 08:30:00,1261.48,326.38,324.8311,13460.0275,9891.842999999999,111.87,206.005,0.0,0.3427599730375636,0.6341911227096174,3568.184500000001
2026-05-04 08:45:00,1281.5,331.97,329.98625,13519.657500000001,9950.12625,116.985,210.51,0.0,0.35239630087056056,0.6379356715620726,3569.531250000002
2026-05-04 09:00:00,1313.45,339.28,338.21337500000004,13677.965,10351.368125000003,123.21249999999999,211.53499999999997,0.0,0.36315874793680736,0.6254483578598864,3326.5968749999975
2026-05-04 09:15:00,1344.27,346.9625,346.1495249999999,13856.4025,10596.481375,128.465,215.36249999999998,0.0,0.37025615160139785,0.6221661000401489,3259.9211250000008
2026-05-04 09:30:00,1361.5,351.8675,350.58624999999995,14079.2325,10746.75125,129.075,217.23749999999998,0.0,0.3668284226306777,0.6196406733007926,3332.4812500000007
2026-05-04 09:45:00,1367.71,352.8075,352.18532500000003,13897.925000000001,10700.575375,134.43,219.92,0.0,0.38102931485300057,0.6244439628482532,3197.3496250000007
2026-05-04 10:00:00,1384.26,357.755,356.44695,13888.227499999999,10750.46475,140.75,223.60999999999999,0.0,0.39342566840435494,0.6273303783354016,3137.76275
2026-05-04 10:15:00,1392.85,359.605,358.65887499999997,13879.287499999999,10719.620625,142.67000000000002,226.66,0.0,0.3967408684528858,0.6319654016647435,3159.666874999999
2026-05-04 10:30:00,1416.98,366.0775,364.87235000000004,14282.5275,11411.736750000004,143.85500000000002,219.65249999999997,0.0,0.3929632386584809,0.6019982056738472,2870.7907499999965
2026-05-04 10:45:00,1420.67,366.85,365.82252500000004,13846.0275,10951.246375000004,153.1975,229.90749999999997,0.0,0.417602562355186,0.6284673148543818,2894.781124999996
2026-05-04 11:00:00,1448.85,374.93,373.07887500000004,14132.407500000001,11255.595625000002,156.8025,231.80249999999998,0.0,0.4182180673725762,0.6213230379232808,2876.8118749999994
2026-05-04 11:15:00,1467.96,379.78249999999997,377.99969999999996,14460.657500000001,11598.241,155.64999999999998,230.36249999999998,0.0,0.4098398425414546,0.609425086845307,2862.416500000001
2026-05-04 11:30:00,1474.5,380.88,379.68375000000003,14524.8675,11648.738750000002,155.25,231.20499999999998,0.0,0.4076086956521739,0.6089409936559044,2876.128749999998
2026-05-04 11:45:00,1459.98,377.9525,375.9448500000001,14420.4975,11475.599250000003,153.9475,230.55499999999998,0.0,0.40731970287271546,0.6132681429204309,2944.8982499999966
2026-05-04 12:00:00,1438.25,371.59000000000003,370.349375,14209.6425,11259.848125,150.83499999999998,228.71499999999997,0.0,0.4059178126429666,0.6175655082447485,2949.7943749999995
2026-05-04 12:15:00,1437.35,371.5075,370.117625,14170.927500000002,11132.726874999998,150.95499999999998,231.0025,0.0,0.4063309623628056,0.624132665932891,3038.200625000003
2026-05-04 12:30:00,1432.1799999999998,369.935,368.78634999999997,13963.442500000001,11005.756749999999,153.8475,232.0775,0.0,0.41587711354697443,0.6293006777501391,2957.6857500000024
2026-05-04 12:45:00,1439.7600000000002,372.62,370.7382000000001,14114.182499999999,11148.733500000006,154.015,231.36499999999998,0.0,0.4133299339809994,0.6240657153754318,2965.4489999999932
2026-05-04 13:00:00,1450.43,375.015,373.485725,14182.687500000002,11294.347375000001,155.685,231.475,0.0,0.41514339426422947,0.6197693365656746,2888.3401250000006
2026-05-04 13:15:00,1463.2599999999998,377.7275,376.78945,14270.9175,11443.677249999999,157.10500000000002,232.1225,0.0,0.41592153073313437,0.61605360765807,2827.2402500000007
2026-05-04 13:30:00,1467.62,379.4,377.91215,14471.865000000002,11583.675749999999,154.70999999999998,230.55749999999998,0.0,0.4077754348972061,0.6100822638277176,2888.189250000003
2026-05-04 13:45:00,1473.75,380.3875,379.490625,14600.49,11719.366875000002,153.04500000000002,229.57999999999998,0.0,0.40233971936512114,0.60496883157522,2881.1231249999983
2026-05-04 14:00:00,1492.1,385.46,384.21575,15056.797499999999,12295.873749999999,150.47750000000002,223.2475,0.0,0.3903842162610907,0.5810472371317417,2760.92375
2026-05-04 14:15:00,1506.7600000000002,389.02500000000003,387.99070000000006,14848.710000000001,12145.121000000003,158.8825,230.415,0.0,0.4084120557804768,0.5938673272323278,2703.588999999998
2026-05-04 14:30:00,1509.5700000000002,389.965,388.71427500000004,15387.555,12752.167625000004,149.7025,219.07,0.0,0.38388701550139115,0.5635759067505303,2635.3873749999966
2026-05-04 14:45:00,1515.96,391.3575,390.3597000000001,15090.905,12375.541000000003,156.5075,228.4125,0.0,0.39990929009920595,0.5851334038836487,2715.3639999999978
2026-05-04 15:00:00,1527.4,393.65,393.30550000000005,15264.140000000001,12607.185000000003,155.7225,227.01999999999998,0.0,0.39558618061729967,0.5772103364941501,2656.954999999998
2026-05-04 15:15:00,1526.86,394.575,393.16645000000005,15394.195,12682.787250000001,154.16750000000002,225.355,0.0,0.3907178609896725,0.5731796291367179,2711.4077499999985
2026-05-04 15:30:00,1523.31,393.6375,392.252325,15377.7425,12680.385375,153.555,224.39749999999998,0.0,0.39009240735448225,0.5720743656522622,2697.3571250000005
2026-05-04 15:45:00,1531.71,395.31,394.415325,15641.650000000001,12965.350375000002,150.075,221.0775,0.0,0.37963876451392575,0.5605195487776748,2676.2996249999997
2026-05-04 16:00:00,1528.0700000000002,394.355,393.478025,15611.914999999999,12990.423875000002,149.9975,219.545,0.0,0.3803616031240887,0.5579600029760239,2621.491124999997
2026-05-04 16:15:00,1519.48,391.61249999999995,391.26610000000005,15585.970000000001,13043.518000000002,147.85,216.04999999999998,0.0,0.37754157489865625,0.5521817504762103,2542.4519999999993
2026-05-04 16:30:00,1515.1,390.03999999999996,390.13824999999997,15856.31,13290.861249999998,140.38,209.86249999999998,0.0,0.35991180391754696,0.5379182892218335,2565.4487500000014
2026-05-04 16:45:00,1487.15,384.4125,382.94112500000006,15578.720000000001,12807.894375000002,138.905,211.605,0.0,0.36134360875361754,0.5525784152851172,2770.8256249999995
2026-05-04 17:00:00,1474.46,381.5875,379.67345,15625.14,12861.04725,135.0875,206.9475,0.0,0.3540144789858159,0.5450670833054037,2764.09275
2026-05-04 17:15:00,1457.23,376.775,375.23672500000004,15521.0775,12782.277375000001,131.9075,203.64249999999998,0.0,0.3500962112666711,0.5427040756738295,2738.800124999998
2026-05-04 17:30:00,1448.04,375.16499999999996,372.8703,15543.0075,12784.249,129.85,201.0,0.0,0.3461143763410766,0.5390614377170829,2758.7585
2026-05-04 17:45:00,1463.73,379.1075,376.910475,15733.8075,13095.583625000001,131.18,199.21749999999997,0.0,0.34602322560223686,0.5285538959881653,2638.2238749999997
2026-05-04 18:00:00,1539.37,398.52,396.387775,16649.6525,14167.710125,135.29000000000002,199.2,0.0,0.3394810799959852,0.5025382026476473,2481.9423750000005
2026-05-04 18:15:00,1600.87,414.5475,412.224025,17005.3125,15011.703875,149.3125,199.73999999999998,0.0,0.3601818850674531,0.4845423553370039,1993.6086250000008
2026-05-04 18:30:00,1614.0,418.225,415.605,16982.5925,15221.407500000001,155.56,199.265,0.0,0.37195289616833044,0.47945765811287155,1761.1849999999977
2026-05-04 18:45:00,1614.95,418.60249999999996,415.84962499999995,16747.27,15245.361874999999,162.55499999999998,199.05499999999998,0.0,0.38832782890689854,0.4786706252290116,1501.9081250000017
2026-05-04 19:00:00,1615.92,418.24,416.09940000000006,16777.1075,15241.3495,161.085,199.41,0.0,0.38514967482785006,0.479236451674768,1535.757999999998
2026-05-04 19:15:00,1607.71,416.8225,413.985325,16671.5,15105.200375000002,161.6925,199.80749999999998,0.0,0.387916919072267,0.48264391980561144,1566.2996249999978
2026-05-04 19:30:00,1601.81,415.31,412.466075,16620.9925,15030.641625,160.8725,199.6275,0.0,0.387355228624401,0.4839852586664249,1590.350875
2026-05-04 19:45:00,1596.31,413.9275,411.049825,16617.5,14954.622875000001,158.92499999999998,199.58999999999997,0.0,0.3839440481726872,0.48556157395274396,1662.877124999999
2026-05-04 20:00:00,1590.71,412.155,409.60782500000005,16575.695,14858.937875000003,157.305,199.9175,0.0,0.38166466499253926,0.4880705098834476,1716.7571249999964
2026-05-04 20:15:00,1580.82,409.78,407.06115,16489.6475,14752.995749999998,156.34,199.23499999999999,0.0,0.38152179218117044,0.4894473471614768,1736.651750000001
2026-05-04 20:30:00,1567.97,405.9175,403.75227499999994,16398.79,14564.382624999998,153.0075,199.36749999999998,0.0,0.37694235897688566,0.49378669135672365,1834.4073750000025
2026-05-04 20:45:00,1548.91,400.5175,398.844325,16581.86,14307.945375000003,140.1275,199.0975,0.0,0.349866110719257,0.4991859919280536,2273.9146249999976
2026-05-04 21:00:00,1530.65,396.86,394.142375,16503.555,14052.963125000002,136.8325,199.02499999999998,0.0,0.34478783450083156,0.504957123678975,2450.5918749999983
2026-05-04 21:15:00,1509.66,391.37750000000005,388.7374500000001,16261.235,13717.692250000002,134.96499999999997,199.785,0.0,0.3448460884951229,0.5139329899910594,2543.5427499999987
2026-05-04 21:30:00,1493.03,386.72,384.45522500000004,16254.817500000001,13481.794875000001,128.2125,199.7925,0.0,0.33153832230037233,0.5196769012568367,2773.0226249999996
2026-05-04 21:45:00,1458.96,378.63,375.6822,15768.447499999998,12973.0285,129.14749999999998,200.3175,0.0,0.341091566965111,0.533209984396386,2795.418999999998
2026-05-04 22:00:00,1427.36,370.5425,367.54519999999997,15533.677499999998,12555.993499999999,123.685,199.70749999999998,0.0,0.3337943690669761,0.5433549397461863,2977.6839999999993
2026-05-04 22:15:00,1393.88,362.925,358.9241,15188.0075,12063.458,121.575,200.075,0.0,0.3349865674726183,0.5574298298721094,3124.549499999999
2026-05-04 22:30:00,1365.75,354.5525,351.680625,14759.415,11679.941875,120.81750000000001,199.77749999999997,0.0,0.34076053616883256,0.5680651301162808,3079.4731250000004
2026-05-04 22:45:00,1329.27,345.14750000000004,342.287025,14263.887499999999,11145.543875000001,120.105,200.1325,0.0,0.34798166001492115,0.584692043176337,3118.3436249999977
2026-05-04 23:00:00,1328.56,344.65999999999997,342.1042,14583.5425,11158.1135,110.89999999999999,199.67999999999998,0.0,0.32176637845993156,0.5836818139034832,3425.429
2026-05-04 23:15:00,1310.43,340.65,337.43572500000005,14365.0575,10931.347375000003,111.05499999999999,199.07999999999998,0.0,0.32600910024952295,0.5899790248942964,3433.710124999998
2026-05-05 00:00:00,1224.29,317.8375,315.254675,13814.055,9744.264625,92.2675,198.42249999999999,0.0,0.29029771502733315,0.6294038304110795,4069.7903750000005
2026-05-05 00:15:00,1205.75,313.48,310.48062500000003,13415.815,9435.316875000004,96.2275,199.35,0.0,0.30696535664157204,0.6420690502024079,3980.4981249999964
2026-05-05 00:30:00,1159.37,300.1575,298.53777499999995,12780.345000000001,8782.210124999998,93.625,199.27499999999998,0.0,0.31191957555616634,0.6675034675260108,3998.1348750000034
2026-05-05 00:45:00,1146.23,298.99749999999995,295.154225,12743.904999999999,8589.989875000001,92.84249999999999,199.39749999999998,0.0,0.31051262970426174,0.6755705428238405,4153.915124999998
2026-05-05 01:00:00,1163.03,302.18,299.480225,12925.5675,8848.419875,92.80749999999999,198.98749999999998,0.0,0.3071265470911377,0.6644428693079818,4077.1476249999996
2026-05-05 01:15:00,1139.76,296.6375,293.4882,12685.3175,8527.4835,91.1225,198.815,0.0,0.3071846951245207,0.6774207617205734,4157.833999999999
2026-05-05 01:30:00,1136.94,295.56,292.76205000000004,12558.4175,8527.670250000003,93.2325,198.0125,0.0,0.31544356475842467,0.6763598628988967,4030.7472499999967
2026-05-05 01:45:00,1106.1999999999998,288.41999999999996,284.84649999999993,12127.109999999999,8057.314999999998,94.03,198.71249999999998,0.0,0.32601761320296796,0.697612573789743,4069.795000000001
2026-05-05 02:00:00,1111.1,289.15999999999997,286.10825,12121.0775,8102.08625,95.12,199.20499999999998,0.0,0.32895282888366306,0.6962574480113732,4018.991249999999
2026-05-05 02:15:00,1096.41,286.145,282.325575,12017.44,7893.789125000001,93.4375,199.20999999999998,0.0,0.3265389924688532,0.7056038051104649,4123.650874999999
2026-05-05 02:30:00,1101.64,286.65,283.67230000000006,12184.310000000001,7998.359000000002,89.89250000000001,198.6,0.0,0.31359672073957795,0.700103605463064,4185.950999999999
2026-05-05 02:45:00,1085.45,282.95,279.503375,11981.65,7748.818125,89.72749999999999,199.005,0.0,0.31711433115391413,0.7119949803826161,4232.831875
2026-05-05 03:00:00,1072.2399999999998,279.26,276.1018,11780.489999999998,7594.2315,89.9075,198.355,0.0,0.3219490797106639,0.7184125565280631,4186.258499999998
2026-05-05 03:15:00,1088.2,283.49,280.2115,12024.105,7814.765000000001,89.5725,198.46499999999997,0.0,0.3159635260503016,0.7082685757008544,4209.339999999998
2026-05-05 03:30:00,1075.55,279.16999999999996,276.954125,11798.75,7610.484375,89.065,198.96749999999997,0.0,0.3190349965970556,0.7184132029086044,4188.265625
2026-05-05 03:45:00,1077.4499999999998,281.1425,277.44337499999995,11940.45,7628.518124999997,88.10499999999999,199.14499999999998,0.0,0.31338200378811454,0.7177861068046769,4311.931875000004
2026-05-05 04:00:00,1080.84,280.01,278.3163,11950.9625,7674.404,86.1225,199.1875,0.0,0.30756937252240996,0.715687510936298,4276.558499999999
2026-05-05 04:15:00,1092.68,284.1175,281.36510000000004,12166.4625,7840.463000000003,86.3925,199.21999999999997,0.0,0.3040731387542126,0.708048013062032,4325.999499999996
2026-05-05 04:30:00,1088.35,283.5475,280.2501249999999,12187.62,7746.639374999997,84.745,199.86999999999998,0.0,0.29887408635237483,0.7131843384548001,4440.980625000004
2026-05-05 04:45:00,1092.19,285.16,281.238925,12257.42,7788.148375,85.16499999999999,200.1275,0.0,0.29865689437508763,0.7115924653744143,4469.271625
2026-05-05 05:00:00,1090.32,283.375,280.7574000000001,12380.130000000001,7756.664500000003,79.16,200.2275,0.0,0.27934715483017203,0.7131690918921458,4623.465499999998
2026-05-05 05:15:00,1115.01,290.465,287.115075,12746.304999999998,8136.211624999999,80.01249999999999,199.63,0.0,0.2754634809701685,0.6952961282161865,4610.0933749999995
2026-05-05 05:30:00,1110.04,289.94,285.8353,12827.932499999999,8118.6990000000005,77.39750000000001,198.5725,0.0,0.2669431606539284,0.6947095057888231,4709.2334999999985
2026-05-05 05:45:00,1159.15,300.57,298.481125,13316.282500000001,8839.094375,80.17500000000001,198.075,0.0,0.2667431879429085,0.6636098011222652,4477.188125000001
2026-05-05 06:00:00,1163.61,302.8575,299.62957499999993,13350.747500000001,8856.884124999999,82.325,198.9825,0.0,0.2718275096373707,0.6640949912904961,4493.863375000003
2026-05-05 06:15:00,1178.33,305.95500000000004,303.419975,13301.6475,9031.356124999998,88.01750000000001,199.6625,0.0,0.2876811949469693,0.6580400647650174,4270.291375000001
2026-05-05 06:30:00,1154.36,299.485,297.2477,12978.077500000001,8777.256000000001,87.745,197.95499999999998,0.0,0.29298629313655106,0.6659597366102411,4200.8215
2026-05-05 06:45:00,1179.29,305.69500000000005,303.667175,13234.590000000002,9104.952125,89.86500000000001,198.46249999999998,0.0,0.2939694793830452,0.6535526930100364,4129.637875000002
2026-05-05 07:00:00,1199.3,311.9975,308.81975,13372.015,9193.468749999998,94.15,202.35999999999999,0.0,0.30176523850351367,0.6552689716250336,4178.546250000001
2026-05-05 07:15:00,1207.09,312.4825,310.82567499999993,13014.702500000001,9094.169624999999,103.05499999999999,206.55249999999998,0.0,0.3297944684902354,0.6645284370411164,3920.5328750000026
2026-05-05 07:30:00,1234.5,320.03999999999996,317.88375,13049.2225,9333.488750000002,112.31,209.52999999999997,0.0,0.35092488438945135,0.6591403303880742,3715.7337499999976
2026-05-05 07:45:00,1268.28,329.0425,326.5821,13274.142500000002,9652.773000000001,118.49499999999999,212.71249999999998,0.0,0.3601206531071214,0.6513293288272687,3621.3695000000007
2026-05-05 08:00:00,1305.13,336.625,336.07097500000003,13480.6625,10034.536125000002,123.2,215.515,0.0,0.36598588934274046,0.6412782299929352,3446.126374999998
2026-05-05 08:15:00,1345.49,349.1,346.46367499999997,13822.725000000002,10537.259624999999,132.015,216.89249999999998,0.0,0.37815812088226863,0.6260180089586592,3285.4653750000034
2026-05-05 08:30:00,1362.15,353.0675,350.75362500000006,13843.89,10584.206875000005,136.0125,220.67249999999999,0.0,0.38523086945130885,0.6291381878091779,3259.683124999994
2026-05-05 08:45:00,1400.39,360.4225,360.600425,14062.259999999998,11057.655875,140.565,222.035,0.0,0.3900006242673529,0.6157369337543072,3004.604124999998
2026-05-05 09:00:00,1398.9,360.53,360.21675000000005,14032.2825,10971.803750000003,141.07999999999998,223.32999999999998,0.0,0.39131278950434084,0.619987826773741,3060.4787499999966
2026-05-05 09:15:00,1434.39,369.6575,369.35542499999997,14386.4975,11367.055875,144.32,225.4775,0.0,0.3904154521415093,0.6104621314280141,3019.4416249999995
2026-05-05 09:30:00,1445.73,372.9,372.27547500000003,14513.595,11454.033625000002,145.1875,226.95,0.0,0.3893470099222312,0.6096291999896044,3059.5613749999975
2026-05-05 09:45:00,1429.35,369.765,368.057625,14205.0,11068.676875,147.79,230.01749999999998,0.0,0.399686287236488,0.6249496936790808,3136.323125000001
2026-05-05 10:00:00,1478.0,381.135,380.58500000000004,14779.6325,11794.932500000003,149.4225,229.27249999999998,0.0,0.39204612538864186,0.6024212725146812,2984.699999999997
2026-05-05 10:15:00,1493.04,385.065,384.4578,14948.2825,11960.436500000002,150.3725,230.22249999999997,0.0,0.3905119914819576,0.5988238501078661,2987.8459999999977
2026-05-05 10:30:00,1496.79,385.09250000000003,385.42342500000007,14963.5475,11988.170875000002,149.8225,230.73,0.0,0.38905587618559173,0.5986403135720149,2975.376624999999
2026-05-05 10:45:00,1507.66,389.3575,388.2224500000001,15098.225,12089.117250000003,152.15,231.79,0.0,0.3907719769106798,0.5970546010412328,3009.1077499999974
2026-05-05 11:00:00,1536.78,395.90250000000003,395.72085,15429.0575,12468.77925,152.7075,232.445,0.0,0.38571996893174454,0.5873963931897953,2960.278250000001
2026-05-05 11:15:00,1542.87,398.40999999999997,397.2890249999999,15687.925,12631.028874999998,149.9725,230.92499999999998,0.0,0.37642754950929946,0.5812518984132522,3056.896125000001
2026-05-05 11:30:00,1521.44,393.1875,391.77079999999995,15491.655,12362.901499999998,147.7625,230.21749999999997,0.0,0.37580670799554916,0.5876331263075247,3128.7535000000025
2026-05-05 11:45:00,1513.36,390.9375,389.69020000000006,15280.55,12287.468500000003,150.3975,229.4375,0.0,0.3847098321342926,0.5887689759711688,2993.0814999999966
2026-05-05 12:00:00,1507.08,389.03499999999997,388.0731,15018.0775,12103.778000000002,153.9975,231.33249999999998,0.0,0.395844846864678,0.5961054760043919,2914.2994999999974
2026-05-05 12:15:00,1481.5,383.095,381.4862499999999,14639.062500000002,11702.876249999998,155.14,232.105,0.0,0.404964825957008,0.6084229772370565,2936.1862500000043
2026-05-05 12:30:00,1514.84,389.1575,390.07130000000006,14856.4625,12127.929000000002,157.945,233.04749999999999,0.0,0.405863949686181,0.5974484664726678,2728.5334999999977
2026-05-05 12:45:00,1516.49,390.28999999999996,390.496175,15172.390000000001,12336.672125000001,152.39249999999998,229.33999999999997,0.0,0.39045965820287476,0.5873040881898522,2835.7178750000003
2026-05-05 13:00:00,1543.35,397.95,397.412625,15689.3625,12776.951875,150.2275,228.14249999999998,0.0,0.3775034552079407,0.5740695832197077,2912.4106249999986
2026-05-05 13:15:00,1552.91,400.425,399.87432500000006,15695.2875,12832.095375000003,153.1825,229.7475,0.0,0.38254979084722485,0.5745492661975734,2863.1921249999978
2026-05-05 13:30:00,1562.09,403.3625,402.238175,15889.9975,12976.107125000002,152.385,229.46749999999997,0.0,0.3777867302984288,0.5704766833729791,2913.890374999997
2026-05-05 13:45:00,1572.08,407.06,404.81059999999997,16080.94,13143.465499999998,152.9025,228.95,0.0,0.3756264432761755,0.5655731346955836,2937.474500000002
2026-05-05 14:00:00,1584.24,409.22249999999997,407.9418,16208.8225,13288.1815,152.46750000000003,229.5,0.0,0.372578487253267,0.5625802504180744,2920.6409999999996
2026-05-05 14:15:00,1620.5100000000002,418.03,417.28132500000015,16695.1525,13855.480375000006,152.7925,228.42749999999998,0.0,0.3655060641580748,0.547418459237302,2839.6721249999937
2026-05-05 14:30:00,1626.2199999999998,420.23749999999995,418.75165,16849.7525,13971.84825,152.14499999999998,227.71749999999997,0.0,0.3620452720187989,0.5438008423369795,2877.9042499999996
2026-05-05 14:45:00,1604.6,414.3725,413.1845,16599.017499999998,13725.655,150.625,226.51749999999998,0.0,0.3635014389227084,0.5482236143901815,2873.3624999999975
2026-05-05 15:00:00,1622.86,416.57500000000005,417.88644999999997,16835.965,14210.88725,149.0875,221.98499999999999,0.0,0.35788873552181477,0.5312088965794416,2625.0777500000004
2026-05-05 15:15:00,1638.5099999999998,420.66999999999996,421.9163249999999,17518.824999999997,15052.780374999995,141.0775,209.57999999999998,0.0,0.33536382437540113,0.4967335644099574,2466.0446250000023
2026-05-05 15:30:00,1613.2099999999998,416.77250000000004,415.401575,17362.76,14670.719125000001,139.33499999999998,210.05499999999998,0.0,0.3343190829529299,0.5056673172218954,2692.040874999997
2026-05-05 15:45:00,1626.4,420.3925,418.798,17414.995,14683.647500000001,142.08249999999998,213.53249999999997,0.0,0.3379758202156318,0.5098699134188797,2731.347499999998
2026-05-05 16:00:00,1586.39,410.775,408.495425,16946.71,14059.005875,140.03500000000003,214.6925,0.0,0.3409043880469844,0.5255689216103215,2887.7041249999984
2026-05-05 16:15:00,1598.36,413.3675,411.57769999999994,17129.357500000002,14360.905999999999,139.8825,212.045,0.0,0.3383974308575299,0.5152004105178682,2768.451500000003
2026-05-05 16:30:00,1577.52,406.655,406.2114,16898.5725,14157.634500000002,136.7875,210.20749999999998,0.0,0.3363723549446091,0.5174830150015484,2740.9379999999965
2026-05-05 16:45:00,1557.16,402.355,400.9687,16920.712499999998,14027.286000000002,130.9075,207.04749999999999,0.0,0.3253532328416448,0.5163682352263406,2893.426499999996
2026-05-05 17:00:00,1536.1,397.90999999999997,395.54575,16892.01,13870.148749999998,126.06750000000001,204.225,0.0,0.31682415621622984,0.5163119563286926,3021.86125
2026-05-05 17:15:00,1524.59,393.98249999999996,392.58192499999996,16747.6075,13763.763374999999,124.53,203.09249999999997,0.0,0.3160800289352954,0.5173251417522597,2983.8441249999996
2026-05-05 17:30:00,1506.71,389.65500000000003,387.97782499999994,16737.8525,13653.787874999998,119.3675,200.2275,0.0,0.3063415072307554,0.5160797527539107,3084.0646250000027
2026-05-05 17:45:00,1528.78,395.84749999999997,393.66085,16611.7725,14053.85425,132.595,198.4775,0.0,0.33496485388943975,0.5041839949286295,2557.918249999999
2026-05-05 18:00:00,1607.5,415.6075,413.93125000000003,17425.47,15181.726250000003,140.0675,198.21749999999997,0.0,0.3370187015393129,0.4788657536728622,2243.743749999998
2026-05-05 18:15:00,1672.63,434.83000000000004,430.70222500000006,18015.6375,16071.254875000002,152.46,198.875,0.0,0.3506197824437136,0.46174593131019925,1944.3826249999984
2026-05-05 18:30:00,1698.79,439.8625,437.43842499999994,18108.357500000002,16439.995874999997,157.4225,198.91,0.0,0.3578902497939697,0.45471542651974395,1668.361625000005
2026-05-05 18:45:00,1699.45,439.72749999999996,437.608375,18040.73,16524.468125,159.57750000000001,197.4075,0.0,0.36290088748145166,0.45110539760579305,1516.2618750000001
2026-05-05 19:00:00,1702.14,440.61249999999995,438.30105000000003,18061.065,16527.56525,160.0975,198.1075,0.0,0.36335215183409464,0.4519895628814943,1533.499749999999
2026-05-05 19:15:00,1689.16,438.03000000000003,434.9587,17982.5825,16392.861,158.72500000000002,197.125,0.0,0.3623610255005365,0.45320394786907353,1589.7214999999997
2026-05-05 19:30:00,1678.39,435.26500000000004,432.185425,17960.1925,16268.080875000001,155.41500000000002,196.57,0.0,0.3570583437675899,0.45482792484267603,1692.1116249999995
2026-05-05 19:45:00,1670.73,432.6825,430.21297500000003,17889.947500000002,16172.096125000002,153.5625,196.32,0.0,0.3549080445823439,0.4563321224795695,1717.8513750000002
2026-05-05 20:00:00,1663.14,431.1825,428.25855,17851.825,15995.852750000002,151.88,197.695,0.0,0.3522406405640303,0.46162534291492835,1855.972249999999
2026-05-05 20:15:00,1642.7,425.7875,422.99524999999994,18001.075,15789.746249999997,140.41250000000002,196.02749999999997,0.0,0.32977130610926814,0.46342718978522807,2211.328750000004
2026-05-05 20:30:00,1629.91,422.5625,419.70182500000004,17990.9875,15665.357875000003,136.29,194.89249999999998,0.0,0.3225321697973672,0.46435942945923564,2325.629624999996
2026-05-05 20:45:00,1612.72,417.94,415.2754,17758.5475,15375.5295,135.375,195.82,0.0,0.32391013064076185,0.4715424992667516,2383.018
2026-05-05 21:00:00,1591.04,412.59000000000003,409.6927999999999,17677.18,15076.111499999997,129.675,195.6675,0.0,0.3142950628953683,0.4775956521569333,2601.068500000003
2026-05-05 21:15:00,1575.02,408.55,405.56765,17454.475000000002,14857.60325,129.7475,195.5,0.0,0.31758046750703706,0.48204041915078777,2596.871750000002
2026-05-05 21:30:00,1547.84,402.1925,398.5688,17277.152500000004,14420.4165,124.7225,196.545,0.0,0.3101064788627336,0.4931269080770998,2856.7360000000044
2026-05-05 21:45:00,1520.54,394.51750000000004,391.53905,16946.1775,14038.905249999998,122.29500000000002,196.4425,0.0,0.30998624902570865,0.5017187940768616,2907.2722500000036
2026-05-05 22:00:00,1497.66,388.55,385.64745000000005,16684.4,13739.492250000003,120.6725,195.95,0.0,0.3105713550379616,0.5081065620944725,2944.9077499999985
2026-05-05 22:15:00,1462.3200000000002,379.3975,376.54740000000004,16362.384999999998,13209.7395,115.56500000000001,196.535,0.0,0.30460137454780284,0.5219396017606283,3152.6454999999987
2026-05-05 22:30:00,1430.36,371.2825,368.31769999999995,16167.6925,12775.730999999998,108.89500000000001,196.1625,0.0,0.29329418973423205,0.5325904782745984,3391.9615000000013
2026-05-05 22:45:00,1379.34,358.71000000000004,355.18004999999994,15216.557499999999,12043.910249999997,115.84750000000001,196.3475,0.0,0.32295586964400214,0.5528111728122118,3172.647250000002
2026-05-05 23:00:00,1348.4299999999998,350.395,347.22072499999996,14934.9625,11632.397374999997,111.2825,195.8225,0.0,0.3175915752222492,0.5639712318439517,3302.565125000003
2026-05-05 23:15:00,1317.76,342.8275,339.32319999999993,14825.2675,11239.908499999998,103.2925,194.98499999999999,0.0,0.30129584120293734,0.5746291441316127,3585.359000000002
2026-05-05 23:30:00,1316.4499999999998,341.555,338.98587499999996,14685.329999999998,11215.230624999997,105.14,195.1075,0.0,0.3078274362840538,0.5755623298463395,3470.0993750000016
2026-05-06 00:00:00,1250.94,325.6425,322.11704999999995,14130.695,10216.445249999997,95.9775,196.52749999999997,0.0,0.29473272069831186,0.6101120695101362,3914.2497500000027
2026-05-06 00:15:00,1221.8100000000002,318.2925,314.616075,14116.545000000002,9803.641625000002,85.4325,196.5325,0.0,0.2684087749475718,0.6246740571027719,4312.903375
2026-05-06 00:30:00,1200.02,312.2125,309.00514999999996,13704.345,9529.16575,87.775,195.85,0.0,0.28113864755575135,0.6338082067564247,4175.179249999999
2026-05-06 00:45:00,1181.64,308.26,304.2723,13500.89,9312.484,87.70500000000001,194.9775,0.0,0.28451631739440736,0.6407993760851711,4188.405999999999
2026-05-06 01:00:00,1171.36,304.78,301.6252,13346.275,9155.3935,86.63,195.20749999999998,0.0,0.284237810879979,0.6471856462921532,4190.8814999999995
2026-05-06 01:15:00,1157.52,301.3075,298.0614,13038.1875,8881.1345,89.24499999999999,196.77249999999998,0.0,0.2961924280012943,0.6601743801780438,4157.053
2026-05-06 01:30:00,1130.12,294.4225,291.0059,12493.2175,8452.957,93.4575,197.575,0.0,0.31742648744576246,0.6789381246222155,4040.2605000000003
2026-05-06 01:45:00,1139.88,297.15250000000003,293.51910000000004,12662.050000000001,8616.433000000003,93.13000000000001,197.07,0.0,0.31340809853526386,0.6714043481327109,4045.6169999999984
2026-05-06 02:00:00,1108.9199999999998,289.2175,285.5469,12185.21,8180.8369999999995,94.2425,197.0125,0.0,0.3258533802415138,0.6899479560100285,4004.3729999999996
2026-05-06 02:15:00,1121.56,292.15999999999997,288.8017,12212.58,8364.225999999999,97.9075,196.92499999999998,0.0,0.33511603231106246,0.6818692549247459,3848.354000000001
2026-05-06 02:30:00,1096.15,285.8475,282.25862500000005,11913.595000000001,7972.731875000003,96.38250000000001,197.55749999999998,0.0,0.3371815391073912,0.6999166101655881,3940.863124999998
2026-05-06 02:45:00,1108.32,286.87,285.3924,11970.26,8128.589500000001,96.255,197.8875,0.0,0.33553525987381044,0.6933874202676735,3841.6704999999993
2026-05-06 03:00:00,1084.4,283.075,279.233,11913.835000000001,7830.1975,92.4225,197.07999999999998,0.0,0.3264947452088669,0.7057905047039569,4083.6375000000007
2026-05-06 03:15:00,1080.65,282.15250000000003,278.267375,11846.9375,7707.463124999998,92.37,198.4725,0.0,0.3273761529669239,0.7132438720133828,4139.474375000002
2026-05-06 03:30:00,1073.6799999999998,279.94,276.47259999999994,11763.2675,7631.8754999999965,91.50500000000001,198.01,0.0,0.32687361577480895,0.7162011714723269,4131.3920000000035
2026-05-06 03:45:00,1097.9,285.235,282.70925000000005,11990.6225,7962.266250000003,93.1425,198.2625,0.0,0.3265465318071064,0.701294704718717,4028.356249999996
2026-05-06 04:00:00,1085.7,282.775,279.56775,12019.6675,7757.35875,88.475,198.90499999999997,0.0,0.3128812660242242,0.711473336963938,4262.308749999999
2026-05-06 04:15:00,1088.59,283.6725,280.311925,11958.782500000001,7750.663374999996,91.12,199.8575,0.0,0.32121548616802825,0.7129825104657963,4208.119125000005
2026-05-06 04:30:00,1103.33,286.87,284.1074749999999,12098.8025,8025.418624999997,92.55250000000001,198.5375,0.0,0.3226287168403807,0.6988112509183366,4073.383875000003
2026-05-06 04:45:00,1107.0,288.18,285.0525,12171.6225,8153.645,93.0675,197.0125,0.0,0.3229491984176556,0.6911446137115093,4017.977499999999
2026-05-06 05:00:00,1116.59,290.8325,287.521925,12302.5525,8284.588375,93.4375,197.10999999999999,0.0,0.32127599219482006,0.6855477195347798,4017.9641250000004
2026-05-06 05:15:00,1132.1799999999998,294.3275,291.53634999999997,12524.3675,8444.506749999999,92.21,198.3275,0.0,0.31329046725161597,0.6802839508692484,4079.8607500000016
2026-05-06 05:30:00,1157.58,300.9575,298.07685,12914.195,8780.109249999998,91.36,198.81,0.0,0.30356445677545835,0.6669756473875781,4134.085750000002
2026-05-06 05:45:00,1176.1,305.6975,302.84575,13043.6375,9000.77375,94.615,199.64249999999998,0.0,0.30950531162341854,0.6592217325156453,4042.8637500000004
2026-05-06 06:00:00,1213.04,315.6775,312.3578,13387.03,9597.686499999998,100.6875,198.1675,0.0,0.31895684678192143,0.6344246886103052,3789.3435000000027
2026-05-06 06:15:00,1233.07,318.8225,317.51552499999997,13544.945000000002,9875.736375,101.055,198.27999999999997,0.0,0.316963200526939,0.6244734017336633,3669.208625000001
2026-05-06 06:30:00,1225.17,318.73749999999995,315.48127500000004,13637.2375,9814.477625000003,98.78999999999999,197.26749999999998,0.0,0.3099415663359348,0.625290676918939,3822.759874999996
2026-05-06 06:45:00,1274.54,330.98249999999996,328.19405,14163.117499999998,10470.055250000001,102.4725,198.14,0.0,0.30960096077587185,0.6037281906847488,3693.062249999997
2026-05-06 07:00:00,1304.13,338.8175,335.81347500000004,14222.839999999998,10838.248625000004,112.1475,199.15749999999997,0.0,0.33099677555025936,0.593059882424313,3384.5913749999945
2026-05-06 07:15:00,1303.22,337.3325,335.57915,13964.475,10727.110750000002,116.2325,201.12249999999997,0.0,0.3445635982302328,0.5993295471426039,3237.3642499999987
2026-05-06 07:30:00,1293.22,334.535,333.00415000000004,13784.980000000001,10353.485750000003,115.295,205.7625,0.0,0.34464256355837203,0.6178977048784526,3431.494249999998
2026-05-06 07:45:00,1298.62,335.7925,334.39464999999996,13758.997500000001,10273.213249999999,116.76499999999999,208.89749999999998,0.0,0.3477296246938213,0.624703475369597,3485.7842500000024
2026-05-06 08:00:00,1375.59,356.52250000000004,354.214425,14409.1075,11207.925875,128.91750000000002,212.005,0.0,0.361597094152543,0.598521644057833,3201.1816249999993
2026-05-06 08:15:00,1386.62,358.49,357.05465,14411.64,11226.638249999998,130.8075,214.755,0.0,0.36488465508103435,0.6014625492204064,3185.0017500000013
2026-05-06 08:30:00,1432.13,369.9175,368.77347499999996,14802.805,11716.798625,136.1375,217.84249999999997,0.0,0.3680212479809687,0.5907217160887182,3086.006375000001
2026-05-06 08:45:00,1447.61,374.28999999999996,372.759575,14968.2,11833.284124999998,137.445,219.89749999999998,0.0,0.36721526089395923,0.5899177774306669,3134.9158750000024
2026-05-06 09:00:00,1488.22,383.29999999999995,383.21665,15131.880000000001,12174.048250000002,144.76749999999998,224.58499999999998,0.0,0.3776871901904513,0.5860523022681816,2957.8317499999994
2026-05-06 09:15:00,1488.37,382.9175,383.255275,15114.422499999999,12102.422624999997,144.1525,226.06,0.0,0.37645837549863875,0.5898418488825757,3011.9998750000013
2026-05-06 09:30:00,1510.24,390.1475,388.8868,15460.255,12366.906500000001,145.235,226.96499999999997,0.0,0.37225664652471185,0.5836274206272879,3093.3484999999982
2026-05-06 09:45:00,1539.35,397.405,396.3826249999999,15719.8875,12706.801874999996,148.4975,228.41249999999997,0.0,0.3736679206351204,0.5762424626962396,3013.085625000005
2026-05-06 10:00:00,1545.17,399.6875,397.88127499999996,15786.3725,12645.352625,149.0825,231.29,0.0,0.3729976544175137,0.581304058603914,3141.019875
2026-05-06 10:15:00,1546.48,396.58500000000004,398.21860000000004,15568.9225,12577.780500000003,149.7425,233.0125,0.0,0.3775798378657791,0.5851371583346433,2991.141999999998
2026-05-06 10:30:00,1555.14,401.8125,400.44855,15769.2675,12797.42775,152.78,231.0725,0.0,0.3802270959713797,0.5770341782983107,2971.839749999999
2026-05-06 10:45:00,1570.91,406.6,404.509325,15919.935,12948.270375,155.315,232.52249999999998,0.0,0.3819847515986227,0.5748260562349211,2971.6646249999994
2026-05-06 11:00:00,1611.37,415.365,414.927775,16376.335000000003,13487.285124999999,155.76999999999998,233.2025,0.0,0.37501956110890416,0.5620315487436337,2889.0498750000042
2026-05-06 11:15:00,1601.35,413.4175,412.34762500000005,16206.247500000001,13261.126875000004,156.88,234.8875,0.0,0.3794711157607019,0.5696346620160597,2945.1206249999977
2026-05-06 11:30:00,1605.56,414.10749999999996,413.4317,16233.005,13288.376,156.95499999999998,235.53499999999997,0.0,0.37901994047439375,0.5697071608200338,2944.628999999999
2026-05-06 11:45:00,1569.62,406.2025,404.17715,15829.920000000002,12769.625750000001,156.03,235.73,0.0,0.384118758500994,0.5832343565191649,3060.294250000001
2026-05-06 12:00:00,1572.76,405.59749999999997,404.98570000000007,15813.965,12836.596000000001,155.72000000000003,235.28,0.0,0.38392741572618183,0.5809587844706615,2977.368999999999
2026-05-06 12:15:00,1567.44,404.9125,403.61580000000004,15713.6375,12749.751500000002,157.3325,235.51,0.0,0.38855925662951873,0.5835004477029888,2963.8859999999986
2026-05-06 12:30:00,1563.69,403.52250000000004,402.65017500000005,15669.137499999999,12734.142125000002,156.73250000000002,234.76,0.0,0.38841080732796807,0.5830371239749242,2934.995374999997
2026-05-06 12:45:00,1574.03,405.7875,405.312725,15785.935,12886.957375,156.9875,234.6325,0.0,0.386871207220528,0.578892508247798,2898.9776249999995
2026-05-06 13:00:00,1565.07,404.405,403.0055249999999,15782.76,12811.186374999997,155.3775,233.60999999999999,0.0,0.3842126086472719,0.5796694722733641,2971.5736250000027
2026-05-06 13:15:00,1580.21,408.0425,406.90407500000003,15960.7075,13031.981625000004,156.01999999999998,233.4825,0.0,0.38236213139562664,0.5738023144644102,2928.7258749999964
2026-05-06 13:30:00,1606.3200000000002,414.33000000000004,413.6274000000001,16336.4225,13491.514500000005,155.8425,231.6875,0.0,0.37613134458040687,0.5601357647003075,2844.907999999996
2026-05-06 13:45:00,1600.3,413.39750000000004,412.07725,16316.029999999999,13373.88125,154.78,232.33499999999998,0.0,0.3744096178617432,0.5638141877524178,2942.1487499999985
2026-05-06 14:00:00,1645.4,425.5075,423.69050000000004,16914.6825,14075.360000000002,157.04250000000002,231.07999999999998,0.0,0.3690710504515197,0.545398114897549,2839.3224999999966
2026-05-06 14:15:00,1661.19,429.6825,427.75642500000004,17092.037500000002,14284.918375000001,158.4925,231.4975,0.0,0.3688595649113008,0.5411900008281582,2807.119125000001
2026-05-06 14:30:00,1667.46,432.1625,429.37095,17265.9025,14460.39225,158.11,229.785,0.0,0.36585775026754985,0.5351666199122228,2805.5102499999994
2026-05-06 14:45:00,1655.85,427.93,426.38137500000005,17072.875,14354.318125000002,157.555,228.7275,0.0,0.3681793751314467,0.5364387691652807,2718.5568749999984
2026-05-06 15:00:00,1674.05,432.75750000000005,431.06787499999996,17249.530000000002,14725.330624999999,160.835,226.545,0.0,0.37165156005384076,0.5255436861306355,2524.199375000004
2026-05-06 15:15:00,1682.18,434.1125,433.16134999999997,17508.3125,15063.02425,157.4375,222.11249999999998,0.0,0.3626652077514469,0.5127708185414049,2445.2882499999996
2026-05-06 15:30:00,1683.8200000000002,433.9625,433.58365000000003,17385.085,14943.708250000001,159.3225,224.74249999999998,0.0,0.3671342569922516,0.5183371190311258,2441.3767499999976
2026-05-06 15:45:00,1645.24,425.22,423.64930000000004,17173.2125,14626.694000000001,153.525,220.015,0.0,0.36104839847608294,0.5193328538486903,2546.5185
2026-05-06 16:00:00,1679.8200000000002,433.375,432.55365,17728.055,15368.808250000002,152.425,214.96749999999997,0.0,0.3517161811364292,0.4969730344432418,2359.2467499999984
2026-05-06 16:15:00,1654.2,425.0725,425.9565,17304.1025,15010.715,151.575,214.8725,0.0,0.3565862294079245,0.5044470503443427,2293.3875000000007
2026-05-06 16:30:00,1640.67,423.6125,422.472525,17525.5825,15081.471375000001,145.2625,209.625,0.0,0.3429136297913777,0.4961861129312492,2444.1111249999994
2026-05-06 16:45:00,1599.02,413.87750000000005,411.74765,17006.487500000003,14449.10325,144.5225,210.475,0.0,0.34919148781946346,0.5111747450167596,2557.384250000003
2026-05-06 17:00:00,1569.38,406.27750000000003,404.11535000000003,16939.695,14296.45175,136.90750000000003,205.1325,0.0,0.33698026595122793,0.5076087805127917,2643.2432499999995
2026-05-06 17:15:00,1555.15,402.60249999999996,400.45112500000005,16883.76,14236.669375000001,133.9525,202.29749999999999,0.0,0.33271651318608303,0.5051740084386077,2647.090624999997
2026-05-06 17:30:00,1538.5200000000002,398.45500000000004,396.1689,16880.195,14171.397,129.07999999999998,198.89249999999998,0.0,0.3239512617485035,0.5020396603569841,2708.797999999999
2026-05-06 17:45:00,1566.5500000000002,406.2125,403.38662500000004,17064.75,14644.371875,136.1575,197.3725,0.0,0.3351878634950919,0.4892886570049267,2420.3781249999993
2026-05-06 18:00:00,1625.95,421.675,418.68212500000004,17865.2525,15463.624375000003,137.35250000000002,197.8125,0.0,0.3257307167842533,0.47246464128364685,2401.6281249999956
2026-05-06 18:15:00,1690.68,438.1475,435.35010000000005,18217.177499999998,16341.988000000003,152.0575,198.57999999999998,0.0,0.34704637137037186,0.45613863417052153,1875.189499999995
2026-05-06 18:30:00,1710.0500000000002,443.87,440.33787500000005,18378.190000000002,16598.565625000003,156.0875,198.935,0.0,0.35165138441435556,0.4517780806386459,1779.6243749999994
2026-05-06 18:45:00,1710.28,443.515,440.3971,18366.722500000003,16616.448000000004,155.9725,198.64249999999998,0.0,0.35167356233723773,0.4510531518032248,1750.2744999999995
2026-05-06 19:00:00,1703.45,442.355,438.638375,18365.21,16563.968125,154.6,197.7575,0.0,0.3494930542211572,0.45084404664776534,1801.2418749999997
2026-05-06 19:15:00,1700.1,441.07500000000005,437.77574999999996,18304.245000000003,16516.523749999997,154.345,197.7575,0.0,0.349929150371252,0.4517324223646468,1787.721250000006
2026-05-06 19:30:00,1697.13,440.88,437.01097500000003,18314.365,16506.961125,154.01,197.1075,0.0,0.34932407911449825,0.4510355832596652,1807.403875
2026-05-06 19:45:00,1690.54,438.19499999999994,435.31404999999995,18185.14,16391.38025,153.355,197.55249999999998,0.0,0.34996976232042815,0.45381604384237084,1793.759750000001
2026-05-06 20:00:00,1671.96,434.59749999999997,430.52970000000005,17981.3075,16129.116,153.5225,197.535,0.0,0.35325214710162856,0.45881852053412336,1852.191499999999
2026-05-06 20:15:00,1658.2800000000002,430.3225,427.00710000000004,18302.627500000002,15951.248000000003,138.595,197.21749999999997,0.0,0.32207239918898034,0.46186000185945375,2351.379499999999
2026-05-06 20:30:00,1650.41,428.435,424.98057500000004,18246.475000000002,15839.164125000001,137.3025,197.23,0.0,0.32047451772147467,0.464091799960504,2407.310875000001
2026-05-06 20:45:00,1636.0200000000002,424.9275,421.27515000000005,18237.4375,15624.990750000003,132.26,197.4375,0.0,0.3112530961163963,0.4686663811050806,2612.4467499999973
2026-05-06 21:00:00,1614.9500000000005,419.0425,415.8496250000001,18047.035,15320.461875000006,128.615,197.56,0.0,0.3069259084699046,0.4750755756963829,2726.5731249999935
2026-05-06 21:15:00,1589.03,412.05,409.175225,17695.947500000002,14949.869875,127.685,197.63,0.0,0.30987744205800266,0.4829960073951202,2746.0776250000017
2026-05-06 21:30:00,1561.4900000000002,405.40000000000003,402.0836750000001,17341.112500000003,14536.709625000007,127.2275,198.09249999999997,0.0,0.3138320177602368,0.49266486633659007,2804.402874999996
2026-05-06 21:45:00,1529.09,397.11,393.740675,16926.05,14075.719625,126.1075,198.135,0.0,0.3175631437133288,0.503211917336201,2850.3303749999995
2026-05-06 22:00:00,1523.94,394.84749999999997,392.41454999999996,16725.8725,13987.907750000002,128.05,198.43249999999998,0.0,0.3243024205547712,0.5056705975861496,2737.964749999999
2026-05-06 22:15:00,1468.7,382.5,378.19025,16369.6425,13221.44625,119.43499999999999,198.11499999999998,0.0,0.3122483660130719,0.5238500992555994,3148.196249999999
2026-05-06 22:30:00,1455.95,378.73,374.90712499999995,16250.06,13044.374375,117.0875,198.045,0.0,0.30915823937897713,0.5282508301222603,3205.685625
2026-05-06 22:45:00,1425.23,369.9625,366.996725,15865.715,12597.927375000001,114.3625,198.27249999999998,0.0,0.30911916748319085,0.540256864690005,3267.787624999999
2026-05-06 23:00:00,1408.3000000000002,365.7175,362.63725000000005,15553.087500000001,12390.281250000004,116.7275,197.63,0.0,0.3191739525726825,0.5449798662437463,3162.806249999998
2026-05-06 23:15:00,1376.94,355.80499999999995,354.56205,15105.305,11971.77025,114.27499999999999,197.11749999999998,0.0,0.3211731144868678,0.5559464133287811,3133.5347500000007
2026-05-07 00:00:00,1292.78,335.45,332.89085,14296.5275,10750.47925,105.67,197.70499999999998,0.0,0.3150096884781637,0.5939033770378488,3546.04825
2026-05-07 00:15:00,1264.72,328.135,325.66540000000003,14056.7425,10319.7045,101.0425,198.3725,0.0,0.30792966309598185,0.6091298000954353,3737.0380000000005
2026-05-07 00:30:00,1220.07,317.165,314.168025,13731.5625,9686.723875,93.52000000000001,198.385,0.0,0.2948622956505289,0.6314614607899706,4044.8386250000003
2026-05-07 00:45:00,1220.27,316.8875,314.219525,13705.37,9651.431375,93.5475,199.14749999999998,0.0,0.29520728965326815,0.6337846128435207,4053.9386250000007
2026-05-07 01:00:00,1189.51,310.15,306.29882499999997,13339.240000000002,9199.042875,93.31,199.4825,0.0,0.30085442527809125,0.6512675979086763,4140.197125000002
2026-05-07 01:15:00,1192.57,310.415,307.086775,13422.915,9300.380125,91.85000000000001,198.3225,0.0,0.2958942061433887,0.6458190848498767,4122.534875000001
2026-05-07 01:30:00,1191.78,309.27,306.88334999999995,13334.592499999999,9300.566749999998,92.615,198.095,0.0,0.2994632521744754,0.645505857518826,4034.0257500000007
2026-05-07 01:45:00,1166.47,302.735,300.36602500000004,13029.085,8908.988875000003,90.92500000000001,198.7575,0.0,0.3003451863841314,0.6617176493246864,4120.096124999996
2026-05-07 02:00:00,1156.81,301.57,297.878575,13341.7075,8791.179125,80.8775,198.3775,0.0,0.26818814868853,0.665967668201716,4550.528375
2026-05-07 02:15:00,1150.44,299.99,296.2383,13195.654999999999,8702.214,82.48500000000001,198.3525,0.0,0.27495916530551023,0.6695707476042092,4493.440999999999
2026-05-07 02:30:00,1148.34,299.13750000000005,295.69755,13231.8025,8721.097749999999,80.58250000000001,197.38,0.0,0.26938280890894656,0.6675063760250973,4510.704750000001
2026-05-07 02:45:00,1132.96,295.1725,291.73720000000003,13047.05,8507.2785,79.71,197.29999999999998,0.0,0.27004548187924005,0.676293595743018,4539.771499999999
2026-05-07 03:00:00,1100.79,286.685,283.453425,12630.33,8041.545874999998,78.285,197.5025,0.0,0.27306974553952945,0.6967723180624824,4588.784125000002
2026-05-07 03:15:00,1107.31,289.9375,285.1323249999999,12820.1725,8150.760374999998,78.10750000000002,197.165,0.0,0.26939426600560473,0.6914859618249177,4669.412125000003
2026-05-07 03:30:00,1091.3,285.245,281.00974999999994,12570.965,7873.143749999999,77.51,198.18249999999998,0.0,0.2717313186909499,0.7052513302474381,4697.821250000001
2026-05-07 03:45:00,1101.08,288.27250000000004,283.5281,12752.07,8021.527999999998,77.185,197.98499999999999,0.0,0.26775013225333666,0.6982905750788017,4730.542000000001
2026-05-07 04:00:00,1126.1999999999998,293.1275,289.99649999999997,13002.1475,8431.289999999999,78.02250000000001,196.90499999999997,0.0,0.2661725699567595,0.678990953339092,4570.8575
2026-05-07 04:15:00,1117.4199999999998,291.9225,287.73564999999996,12841.9675,8275.56825,80.34,197.5325,0.0,0.27521003005934797,0.6865068683703254,4566.39925
2026-05-07 04:30:00,1124.3200000000002,292.7325,289.51240000000007,12901.320000000002,8408.164500000004,80.185,196.83499999999998,0.0,0.2739190216323777,0.6798845230808764,4493.155499999997
2026-05-07 04:45:00,1131.79,295.355,291.435925,13017.902499999998,8479.458375,80.69,197.52499999999998,0.0,0.2731966616444617,0.6777647608132044,4538.444124999998
2026-05-07 05:00:00,1146.09,297.69,295.11817499999995,13019.22,8752.732124999999,84.6225,196.10999999999999,0.0,0.2842638315025698,0.6645134614294765,4266.487875000001
2026-05-07 05:15:00,1155.21,301.0725,297.46657500000003,13150.335,8839.644125000003,85.81,196.95499999999998,0.0,0.28501440682892,0.6621080032269171,4310.690874999997
2026-05-07 05:30:00,1157.6,301.8925,298.082,13207.9525,8866.4925,85.4225,197.095,0.0,0.2829566816002385,0.6612106735730436,4341.459999999999
2026-05-07 05:45:00,1189.04,311.2125,306.1778,13765.345000000001,9325.0115,84.30499999999999,196.82999999999998,0.0,0.27089207535044385,0.6428617620219362,4440.333500000001
2026-05-07 06:00:00,1233.75,322.2125,317.690625,14273.74,9964.841875,86.9625,196.6975,0.0,0.26989176397563724,0.6191479525088283,4308.898125
2026-05-07 06:15:00,1269.09,330.115,326.79067499999996,14215.0975,10423.094624999998,99.9975,197.5425,0.0,0.30291716523029855,0.6044924629504805,3792.002875000002
2026-05-07 06:30:00,1272.5700000000002,329.14,327.686775,14185.48,10513.130125000001,99.635,196.7275,0.0,0.30271313119037496,0.6003522723796222,3672.349874999998
2026-05-07 06:45:00,1261.53,328.0275,324.843975,14099.275,10332.776125,100.1425,197.20749999999998,0.0,0.30528690429918226,0.6070837545932628,3766.4988749999993
2026-05-07 07:00:00,1300.5500000000002,337.08,334.89162500000003,14396.5625,10723.646875000002,104.4275,200.4425,0.0,0.3098003441319568,0.5985294496391182,3672.915624999998
2026-05-07 07:15:00,1299.07,337.375,334.510525,14291.8225,10551.936375,106.63749999999999,203.45749999999998,0.0,0.3160800296406076,0.6082245095277645,3739.886125000001
2026-05-07 07:30:00,1326.33,344.36,341.5299749999999,14480.86,10748.881124999998,110.5825,207.23999999999998,0.0,0.3211246950865373,0.6067988615054946,3731.9788750000025
2026-05-07 07:45:00,1318.59,342.1325,339.536925,14218.9725,10523.013374999999,113.5325,209.565,0.0,0.3318378113742483,0.6172082756536715,3695.959125000001
2026-05-07 08:00:00,1383.3000000000002,357.9475,356.19975000000005,14862.08,11309.968750000004,118.75,212.15499999999997,0.0,0.33175256147898785,0.5956068189267397,3552.1112499999963
2026-05-07 08:15:00,1400.49,362.61,360.626175,15035.230000000001,11446.547124999997,120.25,214.2925,0.0,0.3316235073494939,0.5942233671751641,3588.682875000004
2026-05-07 08:30:00,1440.81,371.5,371.008575,15362.652500000002,11837.829125000002,123.3525,217.8875,0.0,0.33203903095558546,0.5872842696425548,3524.823375
2026-05-07 08:45:00,1452.13,376.475,373.92347500000005,15450.9525,11848.898625000002,127.3125,220.8725,0.0,0.3381698651968922,0.5906890440617562,3602.053874999998
2026-05-07 09:00:00,1458.79,377.5725,375.638425,15572.7725,11939.095874999999,125.6225,220.95499999999998,0.0,0.33271093631024506,0.588211922142949,3633.676625
2026-05-07 09:15:00,1481.17,383.795,381.401275,15748.965000000002,12137.552625,129.2775,223.325,0.0,0.3368399796766503,0.5855381579413965,3611.4123750000017
2026-05-07 09:30:00,1490.9499999999998,387.8125,383.9196249999999,16121.9025,12403.061874999994,126.06250000000001,220.785,0.0,0.32506043513295735,0.5750813077086123,3718.840625000006
2026-05-07 09:45:00,1529.1999999999998,394.91,393.76899999999995,16229.5475,12726.902499999998,132.1725,225.14249999999998,0.0,0.33469018257324457,0.5717628863623089,3502.6450000000023
2026-05-07 10:00:00,1550.63,399.47,399.28722500000003,16272.47,12866.279875000002,136.6375,228.42499999999998,0.0,0.342046962224948,0.5720819142160132,3406.1901249999974
2026-05-07 10:15:00,1556.44,402.2025,400.7833,16375.2175,13009.064,138.34749999999997,227.21499999999997,0.0,0.3439747390928698,0.5669273145862115,3366.1535000000003
2026-05-07 10:30:00,1559.83,402.39750000000004,401.65622499999995,16280.155,13006.324874999998,140.85000000000002,228.23,0.0,0.3500270255158146,0.5682222403001472,3273.830125000002
2026-05-07 10:45:00,1560.92,404.6225,401.93690000000004,16286.702500000001,12921.012000000002,143.27249999999998,230.24499999999998,0.0,0.3540893054637347,0.5728386719407946,3365.690499999999
2026-05-07 11:00:00,1568.34,404.41,403.84755,16284.075,13030.347750000003,143.0575,230.15999999999997,0.0,0.3537437254271655,0.5699180297119544,3253.727249999998
2026-05-07 11:15:00,1570.4699999999998,406.41749999999996,404.39602499999995,16366.0325,13016.888874999997,143.51999999999998,231.03249999999997,0.0,0.3531343999704737,0.5713025987335063,3349.1436250000024
2026-05-07 11:30:00,1564.33,404.44,402.814975,16196.23,12833.556125000001,144.4925,232.95999999999998,0.0,0.3572656018198002,0.5783300384996858,3362.6738749999986
2026-05-07 11:45:00,1545.4499999999998,399.935,397.95337499999994,15946.065,12521.043124999997,144.24,233.86249999999998,0.0,0.3606586070236414,0.5876630647999908,3425.021875000004
2026-05-07 12:00:00,1518.53,393.4225,391.02147499999995,15855.645,12193.788624999997,137.3825,232.78249999999997,0.0,0.34919838087552185,0.5953189655376345,3661.856375000003
2026-05-07 12:15:00,1509.0,389.78499999999997,388.5675,15685.7475,12041.07,136.4425,233.1375,0.0,0.3500455379247534,0.5999922793337065,3644.6775
2026-05-07 12:30:00,1504.1,389.4225,387.30575,15742.1825,11953.04875,134.2475,233.51,0.0,0.3447348317059235,0.6029086839015428,3789.133750000001
2026-05-07 12:45:00,1514.47,391.38,389.976025,15794.0075,12127.788875,135.9525,232.9525,0.0,0.34736700904491796,0.5973508243231106,3666.2186249999995
2026-05-07 13:00:00,1526.18,395.05500000000006,392.99135,16075.970000000003,12308.256749999999,133.8975,232.66,0.0,0.33893381934161065,0.5920232086533203,3767.7132500000043
2026-05-07 13:15:00,1548.75,399.5525,398.803125,16517.5875,12901.154375000002,130.5675,227.195,0.0,0.326784339980353,0.5696921256572399,3616.4331249999996
2026-05-07 13:30:00,1563.88,405.0975,402.6991,16606.5175,12877.557999999999,134.735,231.9525,0.0,0.332598942229957,0.5759945825555607,3728.9595000000027
2026-05-07 13:45:00,1592.0,410.9375,409.94,16933.957499999997,13244.307499999999,134.345,232.58249999999998,0.0,0.32692319391634983,0.5673574181587548,3689.649999999998
2026-05-07 14:00:00,1613.94,416.5525,415.58955,16963.545000000002,13686.03275,142.8125,229.96249999999998,0.0,0.3428439392393516,0.5533404292769152,3277.5122500000016
2026-05-07 14:15:00,1627.7799999999995,419.88,419.1533499999999,17091.0275,13898.291749999993,144.4275,229.6375,0.0,0.3439732780794513,0.5478603475315181,3192.735750000007
2026-05-07 14:30:00,1637.3200000000002,422.73,421.60990000000004,17223.52,14131.152000000002,145.76999999999998,227.68249999999998,0.0,0.3448300333546235,0.5400311994571284,3092.3679999999986
2026-05-07 14:45:00,1643.3,423.91,423.14975,17162.322500000002,14232.84375,149.2975,227.34249999999997,0.0,0.35219150291335427,0.537262517583905,2929.478750000002
2026-05-07 15:00:00,1644.6799999999998,424.405,423.50509999999997,17344.9125,14309.887999999999,145.5025,226.1925,0.0,0.34283879784639676,0.53409628361028,3035.0244999999995
2026-05-07 15:15:00,1640.93,424.5,422.539475,17431.4,14452.278624999999,144.68,222.28249999999997,0.0,0.34082449941107185,0.5260632749165033,2979.1213750000024
2026-05-07 15:30:00,1644.48,425.3325,423.45359999999994,17435.8275,14517.805499999997,145.905,221.9775,0.0,0.3430375059512264,0.5242073747867535,2918.0220000000027
2026-05-07 15:45:00,1642.43,424.365,422.92572500000006,17569.05,14735.147375000002,142.5975,217.04999999999998,0.0,0.3360255911774062,0.513210682561341,2833.902624999997
2026-05-07 16:00:00,1634.6,421.32500000000005,420.9095,17512.0975,14699.629999999997,140.1475,215.5425,0.0,0.332635139144366,0.5120875152497152,2812.4675000000025
2026-05-07 16:15:00,1611.55,416.35,414.97412499999996,17370.4875,14423.059375,136.93,214.545,0.0,0.3288819502822145,0.5170081387604589,2947.4281249999985
2026-05-07 16:30:00,1581.96,408.7075,407.3547,17408.2875,14419.116000000002,127.46499999999999,206.24249999999998,0.0,0.3118734057975447,0.506297091944686,2989.1714999999967
2026-05-07 16:45:00,1570.27,405.67500000000007,404.344525,17137.057500000003,14081.681375000002,129.07999999999998,209.67999999999998,0.0,0.31818573981635534,0.5185676744355572,3055.3761250000007
2026-05-07 17:00:00,1564.25,404.2025,402.794375,17193.475000000002,14464.423125000001,128.655,200.32,0.0,0.31829342965469043,0.4973257136473169,2729.051875000001
2026-05-07 17:15:00,1549.9699999999998,400.48,399.11727499999995,16934.5225,14233.682624999998,129.92000000000002,200.89,0.0,0.32441070715141834,0.5033357676637775,2700.8398750000015
2026-05-07 17:30:00,1536.46,397.45,395.63845000000003,16849.71,14137.597250000004,128.3775,198.98499999999999,0.0,0.3230028934457164,0.5029465664927156,2712.112749999995
2026-05-07 17:45:00,1557.96,403.375,401.17470000000003,17158.412500000002,14553.216000000002,129.6225,196.7625,0.0,0.3213449023861171,0.4904658743435216,2605.1965
2026-05-07 18:00:00,1625.9699999999998,421.0125,418.6872749999999,18030.65,15533.282624999996,132.385,196.42499999999998,0.0,0.3144443454766782,0.4691449005704796,2497.3673750000053
2026-05-07 18:15:00,1687.4299999999998,437.5425,434.513225,18390.9025,16308.709874999999,146.5525,198.325,0.0,0.33494460538119153,0.4564302962240102,2082.1926250000015
2026-05-07 18:30:00,1705.39,442.7975,439.137925,18590.204999999998,16542.443375000003,148.8325,198.73749999999998,0.0,0.33611865468978486,0.4525628252217113,2047.7616249999955
2026-05-07 18:45:00,1706.77,442.81500000000005,439.49327500000004,18563.272500000003,16500.237625,149.1525,199.9725,0.0,0.33682802073100504,0.4550069622794569,2063.034875000001
2026-05-07 19:00:00,1700.92,441.67999999999995,437.9869,18541.945,16454.137000000002,148.29999999999998,199.23749999999998,0.0,0.33576344865060676,0.4548937422557615,2087.8079999999973
2026-05-07 19:15:00,1695.23,440.35,436.52172499999995,18573.0425,16479.927375,146.23,197.10999999999999,0.0,0.33207675712501417,0.4515468273658087,2093.1151250000003
2026-05-07 19:30:00,1684.9,437.38,433.86175000000003,18422.1725,16326.128750000002,145.84,197.26,0.0,0.3334400292651699,0.45466096054791644,2096.043749999999
2026-05-07 19:45:00,1674.2800000000002,434.235,431.12710000000004,18201.275,16149.723000000004,146.9525,197.77999999999997,0.0,0.3384169861941114,0.4587510272492728,2051.551999999998
2026-05-07 20:00:00,1656.3000000000002,429.56999999999994,426.49725000000007,18395.19,16145.956250000005,136.54000000000002,192.7625,0.0,0.3178527364573877,0.45196657188293704,2249.233749999994
2026-05-07 20:15:00,1645.42,426.48,423.69565,18440.71,15955.368250000003,130.46,193.49249999999998,0.0,0.30589945601200524,0.4566780423636636,2485.341749999996
2026-05-07 20:30:00,1633.52,423.765,420.6314,18377.895,15827.834499999997,128.41,192.67249999999999,0.0,0.3030217219449459,0.4580554376111721,2550.0605000000032
2026-05-07 20:45:00,1619.94,420.65500000000003,417.13455,18331.295000000002,15501.88275,124.1075,195.345,0.0,0.2950339351725285,0.46830213416750066,2829.412250000001
2026-05-07 21:00:00,1600.7,415.875,412.18025,18201.215,15279.521250000002,120.87,194.34249999999997,0.0,0.29064021641118126,0.47149881635522317,2921.6937499999985
2026-05-07 21:15:00,1578.61,410.0975,406.492075,17945.667500000003,14966.171624999997,119.185,194.3525,0.0,0.2906260096684325,0.4781212524254009,2979.495875000006
2026-05-07 21:30:00,1551.18,403.1875,399.42885,17776.9575,14606.069249999999,113.6725,193.785,0.0,0.2819345837854596,0.4851552410397997,3170.888250000002
2026-05-07 21:45:00,1520.98,394.505,391.65234999999996,17433.5875,14253.23675,110.5725,192.2875,0.0,0.2802816187374051,0.4909647548393365,3180.3507500000014
2026-05-07 22:00:00,1476.12,383.3125,380.10089999999997,16988.5225,13787.781999999997,107.1575,188.89,0.0,0.2795564976357411,0.4969469948637322,3200.7405000000017
2026-05-07 22:15:00,1447.82,376.2475,372.81365,16771.2975,13602.733250000001,104.0425,184.575,0.0,0.2765267543305936,0.4950864862378295,3168.5642499999994
2026-05-07 22:30:00,1415.5099999999998,367.445,364.49382499999996,16345.772500000001,13163.517874999998,102.58749999999999,184.20749999999998,0.0,0.2791914436174121,0.5053789320024832,3182.254625000003
2026-05-07 22:45:00,1382.48,358.9425,355.9886,15906.335000000001,12590.730500000001,101.0875,186.30749999999998,0.0,0.28162588715462783,0.5233524331958944,3315.6044999999995
2026-05-07 23:00:00,1368.14,354.93000000000006,352.29605000000004,16020.637500000003,12296.39025,91.39250000000001,188.1325,0.0,0.2574944355224974,0.5340181929374456,3724.247250000002
2026-05-07 23:15:00,1338.48,347.4225,344.65860000000004,15732.5325,11850.455500000004,87.8375,188.64999999999998,0.0,0.2528261698652218,0.5473532359267982,3882.0769999999957
2026-05-07 23:30:00,1298.71,338.3075,334.417825,15244.912499999999,11325.337875,87.735,187.8875,0.0,0.259335072382374,0.5618345852228421,3919.5746249999993
2026-05-08 00:00:00,1234.33,322.305,317.839975,14633.1175,10427.431124999997,80.58,187.60999999999999,0.0,0.25001163494205797,0.5902655888391635,4205.686375000003
2026-05-08 00:15:00,1220.37,316.855,314.245275,14211.27,10227.597625,83.86500000000001,187.65249999999997,0.0,0.2646794274983826,0.5971529723080163,3983.672375
2026-05-08 00:30:00,1195.49,311.29499999999996,307.838675,13779.5375,9904.609625000001,87.475,187.065,0.0,0.2810035496875954,0.6076721841399557,3874.9278749999994
2026-05-08 00:45:00,1173.57,305.215,302.194275,13116.664999999999,9274.667625000002,94.1075,193.45499999999998,0.0,0.3083318316596498,0.640167653738642,3841.997374999997
2026-05-08 01:00:00,1162.07,300.725,299.233025,13000.45,9232.173874999999,91.42,191.04749999999999,0.0,0.3039986698811206,0.6384572692135168,3768.276125000002
2026-05-08 01:15:00,1134.25,295.9225,292.069375,12428.302499999998,8608.048125,98.12750000000001,195.64999999999998,0.0,0.3315986449154762,0.6698750938882243,3820.2543749999986
2026-05-08 01:30:00,1118.04,291.405,287.8953,12175.82,8405.349,98.425,195.11249999999998,0.0,0.33776016197388514,0.6777203379145126,3770.4709999999995
2026-05-08 01:45:00,1102.03,287.27,283.7727249999999,12149.099999999999,8181.732374999998,93.0225,195.04999999999998,0.0,0.3238155741984892,0.6873458328315382,3967.3676250000008
2026-05-08 02:00:00,1102.72,287.385,283.9504,12192.63,8230.004500000001,92.2875,194.27999999999997,0.0,0.32112845138055224,0.6842040018256709,3962.6254999999983
2026-05-08 02:15:00,1088.28,283.4025,280.2321,12034.755,8022.373000000001,90.6125,194.34249999999997,0.0,0.3197307716057551,0.6935054906272335,4012.381999999998
2026-05-08 02:30:00,1077.59,280.555,277.479425,11928.92,7893.725875,89.4,193.8875,0.0,0.31865409634474523,0.698745501580883,4035.194125
2026-05-08 02:45:00,1067.0,278.245,274.75249999999994,11968.0325,7910.369999999999,86.08000000000001,190.55499999999998,0.0,0.30936764362342545,0.6935514690494172,4057.6625000000004
2026-05-08 03:00:00,1063.23,277.075,273.78172499999994,12131.0725,7766.352374999999,79.2975,192.36749999999998,0.0,0.28619507353604623,0.7026309005833024,4364.720125000002
2026-05-08 03:15:00,1052.96,274.6225,271.1372,12307.425,7681.6535,71.3125,191.15249999999997,0.0,0.2596746442844268,0.7050028546433318,4625.771499999999
2026-05-08 03:30:00,1038.84,271.90749999999997,267.50129999999996,12112.247499999998,7365.803999999997,71.7375,193.47,0.0,0.26383053060323824,0.723248821594512,4746.4435
2026-05-08 03:45:00,1029.12,268.7975,264.9984,11844.0525,7161.8945,73.89750000000001,194.795,0.0,0.2749188515518188,0.7350799099164371,4682.157999999999
2026-05-08 04:00:00,1020.91,267.33000000000004,262.884325,12128.8325,7385.1203749999995,66.405,188.005,0.0,0.24840085287846478,0.7151624578605058,4743.712125000001
2026-05-08 04:15:00,1030.13,269.01,265.25847500000003,12187.357499999998,7509.573625000001,67.2775,188.1275,0.0,0.2500929333482027,0.7092233339575671,4677.783874999997
2026-05-08 04:30:00,1027.77,268.975,264.65077499999995,12381.5725,7599.400124999998,62.8425,185.6625,0.0,0.23363695510735197,0.7015377151266609,4782.172375000002
2026-05-08 04:45:00,1042.42,272.9,268.42315,12651.68,7829.755750000002,61.537499999999994,185.20499999999998,0.0,0.22549468669842432,0.6899740204971142,4821.924249999998
2026-05-08 05:00:00,1040.9299999999998,272.36,268.0394749999999,12684.12,7779.403624999997,59.652499999999996,185.79,0.0,0.21902078131884267,0.6931441721410626,4904.716375000004
2026-05-08 05:15:00,1054.42,275.1175,271.51315000000005,12813.0575,7986.580750000004,60.38,185.46749999999997,0.0,0.21946986287677084,0.683088461829565,4826.476749999997
2026-05-08 05:30:00,1080.26,281.78249999999997,278.16694999999993,13013.392499999998,8307.289749999998,64.555,186.37249999999997,0.0,0.22909513543247012,0.6700023133589379,4706.10275
2026-05-08 05:45:00,1099.44,286.955,283.10580000000004,13135.0125,8728.801500000001,70.01,183.375,0.0,0.2439755362339043,0.647726044468181,4406.210999999999
2026-05-08 06:00:00,1147.93,298.9925,295.59197500000005,13461.015,9320.166125000003,78.4225,185.2825,0.0,0.2622891878558827,0.6268184378144906,4140.848874999996
2026-05-08 06:15:00,1174.37,306.185,302.40027499999997,13793.284999999998,9633.247624999998,79.7025,186.51,0.0,0.2603083103352548,0.6167653121347195,4160.037375
2026-05-08 06:30:00,1176.92,306.89,303.05690000000004,13835.735,9602.737000000005,79.135,187.84249999999997,0.0,0.25786112287790414,0.6198258478853309,4232.997999999996
2026-05-08 06:45:00,1189.04,309.34,306.1778,13857.8,9685.0115,81.5525,189.63,0.0,0.26363386564944724,0.619346013982725,4172.788499999999
2026-05-08 07:00:00,1199.85,312.655,308.961375,13980.37,9810.358124999999,82.9725,190.18499999999997,0.0,0.26538037133581743,0.6155623821909777,4170.011875000002
2026-05-08 07:15:00,1214.06,315.5,312.62044999999995,14064.9675,9941.857249999997,84.425,191.57999999999998,0.0,0.26759112519809825,0.6128197947383162,4123.110250000003
2026-05-08 07:30:00,1220.3200000000002,316.4525,314.2324,14019.5775,9942.264500000001,86.4475,193.345,0.0,0.2731768590862768,0.6152930124328364,4077.3129999999983
2026-05-08 07:45:00,1189.48,309.76,306.29110000000003,13527.31,9182.993,87.5375,199.795,0.0,0.28259781766528924,0.6523042948358603,4344.316999999999
2026-05-08 08:00:00,1237.0700000000002,321.9375,318.545525,13978.725,9647.611375,91.9675,203.9825,0.0,0.2856688021743351,0.6403558800582743,4331.113625
2026-05-08 08:15:00,1256.33,326.0025,323.504975,13839.752499999999,9547.381125,99.145,211.4425,0.0,0.3041234346362374,0.6535989129688037,4292.371374999999
2026-05-08 08:30:00,1285.37,333.7825,330.982775,13976.447499999998,9804.910125,105.935,214.51749999999998,0.0,0.3173773340423779,0.6481228517103345,4171.537374999998
2026-05-08 08:45:00,1296.18,336.365,333.7663500000001,13955.2225,9865.506750000004,109.69749999999999,216.36749999999998,0.0,0.3261263805687274,0.6482603773567944,4089.7157499999958
2026-05-08 09:00:00,1310.15,340.0825,337.36362500000007,13920.99,9995.231875000001,115.67,217.73,0.0,0.34012335242183883,0.6453867099631738,3925.7581249999985
2026-05-08 09:15:00,1329.19,344.5825,342.266425,14130.7675,10287.010875,116.84500000000001,217.2875,0.0,0.3390915092902281,0.634849006881116,3843.756625
2026-05-08 09:30:00,1341.6,346.44,345.462,14101.322499999998,10533.642499999998,120.9,215.87,0.0,0.3489781780394874,0.6248733579959591,3567.6800000000003
2026-05-08 09:45:00,1336.2600000000002,346.1825,344.08695000000006,13783.715,10278.889750000004,127.8425,219.4525,0.0,0.3692922085894001,0.6377821071098452,3504.8252499999962
2026-05-08 10:00:00,1355.2800000000002,350.81,348.98460000000006,13739.8525,10411.760500000002,134.9475,222.1825,0.0,0.38467404007867506,0.6366541675477942,3328.0919999999987
2026-05-08 10:15:00,1355.78,352.02,349.11334999999997,13733.067500000001,10431.71675,137.01999999999998,221.92499999999998,0.0,0.389239247770013,0.6356817921743755,3301.3507500000014
2026-05-08 10:30:00,1350.98,349.5675,347.87735,13670.8375,10302.36175,134.625,223.15249999999997,0.0,0.38511875388873396,0.6414688970121222,3368.4757499999996
2026-05-08 10:45:00,1361.72,352.79999999999995,350.64289999999994,13817.054999999998,10450.091999999999,135.4475,223.23999999999998,0.0,0.383921485260771,0.636659119577211,3366.9629999999997
2026-05-08 11:00:00,1379.93,358.3175,355.33197499999994,14072.67,10733.866124999997,136.9225,222.72249999999997,0.0,0.3821261869710523,0.626801176561721,3338.8038750000032
2026-05-08 11:15:00,1386.8100000000002,359.03499999999997,357.10357500000003,14169.62,10941.054125000002,136.14,220.52749999999997,0.0,0.3791830879997772,0.6175449237661649,3228.5658749999984
2026-05-08 11:30:00,1386.02,359.3325,356.90014999999994,14087.369999999999,10876.115749999997,138.4275,221.60249999999996,0.0,0.3852351234580786,0.6209089573092081,3211.254250000002
2026-05-08 11:45:00,1365.48,354.4425,351.61109999999996,13807.75,10524.968,138.2925,222.80749999999998,0.0,0.39016906832560994,0.6336759561913716,3282.7819999999992
2026-05-08 12:00:00,1332.02,345.5625,342.99514999999997,13494.92,10088.46575,133.81,222.05999999999997,0.0,0.38722372942665945,0.6474144022153083,3406.4542500000007
2026-05-08 12:15:00,1324.23,343.03499999999997,340.98922500000003,13401.794999999998,10018.014875000003,132.85000000000002,221.2625,0.0,0.38727826606614496,0.6488841399607274,3383.7801249999957
2026-05-08 12:30:00,1319.37,342.68,339.73777499999994,13303.202500000001,9848.935124999996,134.2825,223.26749999999998,0.0,0.3918597525388117,0.6571759646097641,3454.267375000005
2026-05-08 12:45:00,1311.51,340.1175,337.71382499999993,13383.545,9933.367874999998,129.6775,219.3525,0.0,0.3812726484229715,0.6495218251725408,3450.177125000002
2026-05-08 13:00:00,1320.43,342.7475,340.01072500000004,13457.320000000002,10007.322375000003,131.225,220.39999999999998,0.0,0.3828620194166259,0.6482148467522604,3449.997624999998
2026-05-08 13:15:00,1315.99,341.43,338.867425,13398.707499999999,9947.190875000004,130.87,220.34499999999997,0.0,0.38329965146589345,0.6502395442701521,3451.5166249999947
2026-05-08 13:30:00,1336.09,347.0925,344.04317499999996,13574.857499999998,10234.857124999999,134.5475,220.28499999999997,0.0,0.38764162291031934,0.6402830109912804,3340.0003749999996
2026-05-08 13:45:00,1342.54,348.305,345.70405,13577.62,10267.830249999999,135.865,221.4525,0.0,0.3900747907724552,0.6405840486971442,3309.7897500000017
2026-05-08 14:00:00,1359.07,352.6175,349.96052499999996,13783.975,10587.561375,137.3,219.73999999999998,0.0,0.3893737548476749,0.6278993895097169,3196.413625000001
2026-05-08 14:15:00,1360.41,351.8125,350.305575,13783.645,10674.164125,136.5875,218.3875,0.0,0.38823947415171434,0.6234199955281899,3109.480875000001
2026-05-08 14:30:00,1369.97,354.04,352.76727500000004,13838.94,10922.807625000001,139.2,216.1225,0.0,0.39317591232629073,0.6126489482336478,2916.1323749999992
2026-05-08 14:45:00,1355.8000000000002,352.265,349.11850000000004,13755.9575,10795.875000000004,139.3225,214.64749999999998,0.0,0.3955048046215207,0.6148270572885709,2960.082499999997
2026-05-08 15:00:00,1362.4499999999998,352.5475,350.830875,13811.52,10931.930624999999,138.535,213.81,0.0,0.3929541409313638,0.6094389497503605,2879.5893750000014
2026-05-08 15:15:00,1360.63,352.6725,350.362225,13898.6925,11010.779875000004,137.1,211.71749999999997,0.0,0.3887459328413755,0.6042817544043168,2887.9126249999954
2026-05-08 15:30:00,1366.86,354.015,351.96644999999995,14061.587500000001,11208.512249999998,135.4625,209.52749999999997,0.0,0.38264621555583805,0.5953053195837273,2853.0752500000035
2026-05-08 15:45:00,1367.4599999999998,354.34749999999997,352.12094999999994,14254.075,11345.884749999997,131.66,206.95,0.0,0.3715561701437149,0.5877241896569915,2908.1902500000033
2026-05-08 16:00:00,1360.21,352.33000000000004,350.25407499999994,14268.72,11369.831624999999,129.155,204.4175,0.0,0.36657395055771574,0.5836263289727608,2898.8883750000005
2026-05-08 16:15:00,1354.29,351.5025,348.72967499999993,14305.422499999999,11351.739624999998,127.39500000000001,203.1025,0.0,0.36242985469520134,0.5824067022687416,2953.6828750000004
2026-05-08 16:30:00,1340.98,347.895,345.30235,14274.0325,11343.486749999998,124.14750000000001,199.4975,0.0,0.3568533609278662,0.5777472988527301,2930.545750000001
2026-05-08 16:45:00,1329.5,344.84,342.34625,14205.409999999998,11326.27625,122.4825,196.58999999999997,0.0,0.3551864632873217,0.5742431821584141,2879.1337499999972
2026-05-08 17:00:00,1326.97,343.835,341.694775,14335.81,11512.195125,119.0225,192.15499999999997,0.0,0.34616167638547557,0.5623586137657504,2823.6148749999993
2026-05-08 17:15:00,1320.09,342.4125,339.923175,14646.765000000001,11607.757125,109.86,188.295,0.0,0.32084109078961776,0.5539339881724745,3039.007875000001
2026-05-08 17:30:00,1329.96,345.085,342.4647,14865.9825,11883.041,108.86,185.58499999999998,0.0,0.3154585102221192,0.5419098669147506,2982.941500000001
2026-05-08 17:45:00,1357.76,352.915,349.6232,15100.58,12296.508499999998,114.2975,185.19,0.0,0.3238669367978125,0.5296845289443035,2804.071500000002
2026-05-08 18:00:00,1415.2799999999995,367.605,364.4345999999998,15639.032500000001,13121.635499999991,121.655,184.98,0.0,0.3309394594741638,0.5075807840419106,2517.39700000001
2026-05-08 18:15:00,1470.79,382.70000000000005,378.728425,16119.8375,13897.295875,131.02499999999998,185.19,0.0,0.3423700026130127,0.4889783490637123,2222.541625
2026-05-08 18:30:00,1495.73,388.7025,385.15047500000003,16164.487500000001,14259.633625000002,138.805,185.0075,0.0,0.3570982949685171,0.48035121857242935,1904.8538749999989
2026-05-08 18:45:00,1495.66,388.96,385.13245,16208.59,14288.76725,138.20749999999998,184.40499999999997,0.0,0.35532574043603454,0.47880930313714143,1919.8227499999994
2026-05-08 19:00:00,1492.96,388.14,384.4372,16190.515000000001,14260.9035,137.55,184.1975,0.0,0.35438243932601643,0.4791354738823402,1929.611500000001
2026-05-08 19:15:00,1487.61,386.9275,383.059575,16107.2175,14146.509125,137.72750000000002,184.97,0.0,0.35595169637722834,0.48287528121441686,1960.7083750000002
2026-05-08 19:30:00,1481.85,385.305,381.576375,16022.884999999998,14030.433124999998,137.35250000000002,185.66,0.0,0.35647733613630767,0.486560521468343,1992.4518750000007
2026-05-08 19:45:00,1468.37,381.9125,378.105275,15919.097499999998,13884.397625000001,135.43,184.7625,0.0,0.3546100219291068,0.48865358992941843,2034.6998749999966
2026-05-08 20:00:00,1455.54,378.2225,374.80155,16025.947500000002,13697.067750000002,127.0175,184.875,0.0,0.3358274560609165,0.49326103373905467,2328.87975
2026-05-08 20:15:00,1443.45,375.57750000000004,371.68837499999995,16245.865000000002,13538.718125,117.2325,184.61749999999998,0.0,0.3121393054695768,0.4966996882805388,2707.146875000002
2026-05-08 20:30:00,1434.85,372.9825,369.473875,16133.310000000001,13418.045624999999,116.425,184.595,0.0,0.3121460122123692,0.49961583887358746,2715.2643750000025
2026-05-08 20:45:00,1416.79,368.385,364.823425,15884.8175,13129.270874999998,116.07499999999999,185.255,0.0,0.3150915482443639,0.5077935990541178,2755.546625000001
2026-05-08 21:00:00,1395.56,362.895,359.3567,15845.720000000001,12800.725999999999,108.775,185.8125,0.0,0.29974234971548247,0.5170698083547628,3044.9940000000024
2026-05-08 21:15:00,1361.3000000000002,354.79,350.53475000000003,15599.515000000001,12289.018750000003,103.19500000000001,186.34249999999997,0.0,0.2908622001747513,0.5315949417283165,3310.4962499999983
2026-05-08 21:30:00,1346.63,350.5025,346.75722500000006,15401.32,12037.379875000006,101.87,187.22,0.0,0.2906398670480239,0.539916652061107,3363.9401249999937
2026-05-08 21:45:00,1311.42,342.0825,337.69065,15046.3275,11578.46825,99.22749999999999,186.42499999999998,0.0,0.2900689161240344,0.55205851864717,3467.8592499999995
2026-05-08 22:00:00,1287.06,335.0475,331.41795,14589.5325,11145.46975,100.4975,188.18499999999997,0.0,0.29995000708854713,0.567817766056425,3444.062749999999
2026-05-08 22:15:00,1263.71,328.78499999999997,325.405325,14062.285,10886.525375,105.9425,186.75,0.0,0.3222242498897456,0.5738996434677275,3175.7596250000006
2026-05-08 22:30:00,1234.2800000000002,320.9675,317.8271000000001,13634.9675,10399.848000000005,105.38,188.14749999999998,0.0,0.3283198454672202,0.591980671251759,3235.1194999999952
2026-05-08 22:45:00,1204.68,313.3225,310.2051,13094.132500000002,9903.013,108.0875,189.7,0.0,0.34497203360754497,0.6115308871453112,3191.1195000000007
2026-05-08 23:00:00,1184.59,308.37,305.031925,12999.64,9742.363374999997,104.14999999999999,187.2225,0.0,0.3377436196776599,0.6137800166326852,3257.2766250000022
2026-05-08 23:15:00,1164.74,303.09499999999997,299.92055,12825.797499999999,9503.612749999998,101.30499999999999,186.375,0.0,0.33423514079743977,0.6214145712922973,3322.1847500000003
2026-05-08 23:30:00,1145.92,298.15,295.07439999999997,12788.155,9234.699499999999,94.955,186.42249999999999,0.0,0.31848063055508974,0.6317813405703782,3553.455500000002
2026-05-09 00:00:00,1100.6799999999998,286.0975,283.4251,12309.7325,8613.988,90.11,186.02249999999998,0.0,0.3149625564711331,0.6563374238908268,3695.7445000000007
2026-05-09 00:15:00,1080.86,281.8375,278.32144999999997,12072.5375,8342.787249999998,90.255,185.83249999999998,0.0,0.3202377256397747,0.6676901834192083,3729.750250000003
2026-05-09 00:30:00,1066.67,278.27750000000003,274.667525,11791.81,8157.071375000001,92.6575,185.52749999999997,0.0,0.33296799058493765,0.6754620882101005,3634.738624999998
2026-05-09 00:45:00,1054.08,274.8725,271.4256,11680.6075,8048.640499999999,91.0925,184.13,0.0,0.3313991032205841,0.6783811106984751,3631.9670000000015
2026-05-09 01:00:00,1045.59,272.5575,269.239425,11604.35,7931.275874999999,89.7325,184.0725,0.0,0.32922410867431645,0.6836758769634128,3673.074125000001
2026-05-09 01:15:00,1037.45,270.205,267.143375,11514.2375,7820.118124999999,88.69999999999999,183.98999999999998,0.0,0.3282692770304028,0.6887312852134176,3694.119375
2026-05-09 01:30:00,1020.51,266.8525,262.781325,11343.134999999998,7582.205375,88.355,183.95,0.0,0.3311005143290769,0.7000116922311735,3760.929624999999
2026-05-09 01:45:00,1015.95,265.1875,261.607125,11214.325,7499.999374999999,89.2375,184.30249999999998,0.0,0.3365071883101579,0.7045010719795953,3714.3256250000013
2026-05-09 02:00:00,1003.87,262.675,258.496525,11208.9725,7320.041375000001,85.58500000000001,184.48,0.0,0.3258208813172171,0.7136652997559637,3888.931124999999
2026-05-09 02:15:00,1002.15,261.5075,258.053625,11151.4625,7273.431875,85.2475,184.92499999999998,0.0,0.3259849143906007,0.716614618376316,3878.0306249999994
2026-05-09 02:30:00,995.2,259.8125,256.264,11087.24,7192.6275000000005,84.5875,184.5725,0.0,0.32557132547510226,0.7202435769362844,3894.6124999999993
2026-05-09 02:45:00,993.14,259.0075,255.73355,11045.165,7143.45275,84.3875,184.9725,0.0,0.32581102863816686,0.723301655179776,3901.7122500000005
2026-05-09 03:00:00,986.83,257.74,254.10872500000002,11000.515000000001,7076.837375000002,83.87,184.51749999999998,0.0,0.3254054473500427,0.7261360270096981,3923.6776249999994
2026-05-09 03:15:00,970.76,254.2825,249.9707,10915.905,6886.996,81.2825,183.7625,0.0,0.3196543214731647,0.7351361579577126,4028.9090000000006
2026-05-09 03:30:00,980.68,256.19,252.52509999999998,10989.289999999999,7074.8629999999985,82.4675,182.815,0.0,0.3218997618954682,0.7239478372644937,3914.4270000000006
2026-05-09 03:45:00,978.77,255.415,252.033275,10707.374999999998,7078.4376250000005,89.15,182.2025,0.0,0.3490397979758433,0.7229303352900525,3628.9373749999977
2026-05-09 04:00:00,981.77,256.3025,252.80577499999998,10678.5425,7120.425125,91.245,182.21249999999998,0.0,0.35600511114795996,0.7207608291384957,3558.117375
2026-05-09 04:15:00,985.9,257.62,253.86924999999997,10717.865,7158.541249999998,91.9975,182.61999999999998,0.0,0.35710542659731387,0.7193466715642008,3559.3237500000014
2026-05-09 04:30:00,977.99,255.705,251.832425,10621.0925,7061.265875000001,91.87,182.325,0.0,0.3592812029487104,0.7239933459720288,3559.8266249999997
2026-05-09 04:45:00,990.13,258.37,254.958475,10805.6825,7272.323625,91.1175,181.5425,0.0,0.35266284785385305,0.7120473245692264,3533.358875000001
2026-05-09 05:00:00,997.39,260.2875,256.827925,10806.005,7342.893375,93.7325,182.1875,0.0,0.36011141526196994,0.7093757425326704,3463.1116249999995
2026-05-09 05:15:00,1008.91,263.28,259.794325,10898.96,7473.170375000001,95.4375,182.845,0.0,0.3624943026435734,0.7038067517448658,3425.7896249999985
2026-05-09 05:30:00,1022.92,266.47749999999996,263.4019,10976.325,7644.9619999999995,97.9125,183.3775,0.0,0.36743252244560987,0.696188979654285,3331.363000000001
2026-05-09 05:45:00,1028.45,267.90749999999997,264.825875,11010.387499999999,7646.780625000001,98.58,184.9075,0.0,0.36796282298927807,0.6982229361084902,3363.6068749999977
2026-05-09 06:00:00,1050.89,273.9125,270.60417500000005,11212.04,7949.462125000004,101.94999999999999,185.20999999999998,0.0,0.372199151188792,0.6844314209121125,3262.577874999997
2026-05-09 06:15:00,1065.1999999999998,277.90250000000003,274.289,11395.975,8138.627499999998,102.815,185.48,0.0,0.3699678844198954,0.6762210661018123,3257.3475000000026
2026-05-09 06:30:00,1036.71,270.47249999999997,266.95282499999996,11047.0825,7709.887874999999,101.0225,185.98499999999999,0.0,0.37350377579975785,0.6966961297375295,3337.194625000001
2026-05-09 06:45:00,1028.69,267.6,264.887675,10897.2675,7522.429625000001,100.2825,187.46249999999998,0.0,0.3747477578475336,0.7077056340956596,3374.8378749999993
2026-05-09 07:00:00,1048.75,273.14,270.053125,11015.8825,7480.029375000001,103.0175,193.99249999999998,0.0,0.37716006443582045,0.7183493988451345,3535.8531249999987
2026-05-09 07:15:00,1077.53,280.255,277.463975,11183.144999999999,7693.626125,107.71000000000001,197.87249999999997,0.0,0.38432855792046533,0.7131466346216656,3489.518874999999
2026-05-09 07:30:00,1091.93,283.3425,281.1719750000001,11118.88,7641.566125000004,112.2375,202.99249999999998,0.0,0.3961195373090871,0.7219513964718565,3477.3138749999953
2026-05-09 07:45:00,1113.48,289.27,286.72110000000004,11223.384999999998,7773.268000000004,117.00500000000001,206.46249999999998,0.0,0.4044837003491548,0.7200812915408038,3450.1169999999947
2026-05-09 08:00:00,1143.54,296.6775,294.46155,11467.37,8038.617749999998,120.295,209.67,0.0,0.40547395741166753,0.712045426643988,3428.752250000003
2026-05-09 08:15:00,1168.52,302.875,300.89390000000003,11584.865,8121.022,124.42500000000001,215.0975,0.0,0.410813041683863,0.7148616173342164,3463.843
2026-05-09 08:30:00,1191.08,307.765,306.70309999999995,11718.58,8334.152999999998,127.33250000000001,217.225,0.0,0.4137328806069567,0.7082582471452034,3384.4270000000015
2026-05-09 08:45:00,1212.97,314.405,312.33977500000003,11960.5325,8537.295125000004,129.9125,219.36249999999998,0.0,0.4132011259362924,0.7023200935583691,3423.237374999995
2026-05-09 09:00:00,1224.15,316.96,315.218625,11980.66,8501.881875000001,131.805,223.23749999999998,0.0,0.41584111559818276,0.7081989523937553,3478.778124999999
2026-05-09 09:15:00,1244.21,321.8425,320.384075,12124.005,8681.231625,134.4525,225.33249999999998,0.0,0.4177586863139579,0.7033199137628797,3442.773374999999
2026-05-09 09:30:00,1247.2199999999998,323.07000000000005,321.15914999999995,12153.99,8644.985749999996,134.91250000000002,226.91,0.0,0.4175952579936237,0.7065344393893185,3509.0042500000036
2026-05-09 09:45:00,1252.4499999999998,324.51250000000005,322.50587499999995,12184.7525,8706.555624999995,136.13750000000002,227.16,0.0,0.41951388621393626,0.704359261672365,3478.196875000005
2026-05-09 10:00:00,1267.52,328.47,326.3863999999999,12149.880000000001,8872.984499999997,142.6325,228.09999999999997,0.0,0.434232958869912,0.6988649036847124,3276.895500000004
2026-05-09 10:15:00,1269.52,327.5225,326.9014000000001,12064.217499999999,8794.684500000003,142.79000000000002,230.2325,0.0,0.4359700478593075,0.7042872866252635,3269.532999999996
2026-05-09 10:30:00,1266.3200000000002,328.025,326.07740000000007,12036.425000000001,8703.739500000003,143.9675,231.14499999999998,0.0,0.4388918527551254,0.7088654411498617,3332.685499999998
2026-05-09 10:45:00,1259.63,324.5725,324.354725,11801.685,8558.867374999998,144.8275,232.14749999999998,0.0,0.44621001471165916,0.7157210365904181,3242.8176250000015
2026-05-09 11:00:00,1259.51,325.55,324.32382499999994,11704.445,8449.917875,148.155,234.2925,0.0,0.4550913838120104,0.7224029871995992,3254.5271250000005
2026-05-09 11:15:00,1255.74,324.88,323.35305,11675.335000000001,8357.27525,147.67000000000002,235.0775,0.0,0.4545370598374785,0.72699948245424,3318.0597500000003
2026-05-09 11:30:00,1260.06,325.9925,324.46545,11681.475000000002,8459.33225,149.445,234.26,0.0,0.4584307921194506,0.7219875028296542,3222.1427500000027
2026-05-09 11:45:00,1245.29,322.0125,320.662175,11503.3875,8247.027125,148.32,234.3225,0.0,0.46060323745196224,0.7307456827422817,3256.360375
2026-05-09 12:00:00,1224.72,317.185,315.36539999999997,11338.825,7983.579499999998,145.7875,233.765,0.0,0.45962923845705184,0.7412512596499172,3355.2455000000027
2026-05-09 12:15:00,1220.66,315.84,314.31995,11284.015,7929.70475,145.29500000000002,233.6925,0.0,0.4600272289766971,0.7434860561666544,3354.3102499999995
2026-05-09 12:30:00,1214.86,313.8125,312.8264499999999,11164.009999999998,7786.437249999997,145.09499999999997,234.91499999999996,0.0,0.4623620792670782,0.7509435343462806,3377.572750000001
2026-05-09 12:45:00,1205.7199999999998,311.72,310.4729,11160.41,7760.617,142.81,232.84249999999997,0.0,0.4581355062235339,0.7499607856273446,3399.7929999999997
2026-05-09 13:00:00,1215.65,313.1675,313.02987499999995,11208.2975,7885.250624999999,143.555,233.1625,0.0,0.45839686429785975,0.7448570204361485,3323.046875000002
2026-05-09 13:15:00,1199.1,309.6275,308.76824999999997,11101.5975,7711.111249999999,141.6,231.95749999999998,0.0,0.4573237196308467,0.7512349472460332,3390.486250000001
2026-05-09 13:30:00,1211.69,313.49749999999995,312.010175,11267.0125,7832.917125000002,142.48499999999999,233.08749999999998,0.0,0.4545012320672414,0.7470509575529066,3434.095374999999
2026-05-09 13:45:00,1207.96,312.1825,311.04970000000003,11303.925,7881.466000000001,140.245,231.06,0.0,0.44924042827512756,0.7428394883518614,3422.458999999998
2026-05-09 14:00:00,1202.69,311.69,309.692675,11182.1775,7852.954625,143.1275,230.1375,0.0,0.4591982418428567,0.7431157356240343,3329.2228749999995
2026-05-09 14:15:00,1199.0300000000002,310.57500000000005,308.750225,11219.1825,7928.494875,141.365,227.58999999999997,0.0,0.4551718586492795,0.7371330660568749,3290.6876250000005
2026-05-09 14:30:00,1192.3,308.4825,307.01725,11123.457499999999,7918.68125,141.4425,225.88,0.0,0.4585106124334443,0.7357241327645271,3204.776249999999
2026-05-09 14:45:00,1196.54,309.53249999999997,308.10905,11159.972499999998,8027.980250000001,142.3625,224.89499999999998,0.0,0.45992747126715294,0.729920137042388,3131.9922499999966
2026-05-09 15:00:00,1201.46,311.03,309.37595000000005,11140.53,8153.6597500000025,145.5075,223.77499999999998,0.0,0.46782464714014727,0.7233109102372047,2986.870249999998
2026-05-09 15:15:00,1201.19,310.60749999999996,309.30642500000005,11207.744999999999,8262.210875000002,143.8525,221.52749999999997,0.0,0.4631327318239257,0.716207236884911,2945.5341249999965
2026-05-09 15:30:00,1199.91,310.7025,308.97682499999996,11156.73,8253.332875,145.4375,221.34249999999997,0.0,0.4680924678752183,0.7163724981638995,2903.3971249999995
2026-05-09 15:45:00,1205.31,311.18499999999995,310.36732499999994,11360.8325,8572.310375,142.34249999999997,216.49249999999998,0.0,0.45742082683933993,0.6975363788697796,2788.5221250000013
2026-05-09 16:00:00,1193.98,308.85,307.44984999999997,11328.009999999998,8549.72425,140.7275,213.73499999999999,0.0,0.4556499919054557,0.6951865483102366,2778.285749999999
2026-05-09 16:15:00,1189.56,307.7075,306.3117,11344.96,8581.250999999997,139.23250000000002,211.8525,0.0,0.45248328363787044,0.6916239242575455,2763.7090000000026
2026-05-09 16:30:00,1190.41,308.1425,306.53057500000006,11422.595,8644.039125000005,138.1375,210.83749999999998,0.0,0.44829096927557865,0.6878188252509556,2778.5558749999946
2026-05-09 16:45:00,1191.1,308.64,306.7082499999999,11618.165,8835.061249999995,134.865,207.21249999999998,0.0,0.43696539657853817,0.6756013247116764,2783.1037500000057
2026-05-09 17:00:00,1195.06,309.2525,307.72794999999996,11705.915,8984.51975,134.06,205.345,0.0,0.4334968997825402,0.6672939523367962,2721.3952500000014
2026-05-09 17:15:00,1203.54,312.1,309.9115499999999,11949.14,9266.617749999998,132.85750000000002,202.105,0.0,0.42568888176866393,0.6521376825097356,2682.522250000002
2026-05-09 17:30:00,1230.02,319.28,316.73015,12568.775000000001,9874.515749999999,128.42000000000002,197.4475,0.0,0.4022174893510399,0.6233934470715844,2694.259250000003
2026-05-09 17:45:00,1280.2000000000005,332.155,329.65150000000006,13296.4075,10561.315000000006,127.725,197.92499999999998,0.0,0.38453432885249356,0.6004067932346734,2735.0924999999934
2026-05-09 18:00:00,1334.6799999999998,345.51,343.6800999999999,13783.535,11261.887999999997,133.9125,199.345,0.0,0.3875792307024399,0.5800306738737565,2521.6470000000027
2026-05-09 18:15:00,1387.82,360.265,357.36365,14248.9475,12060.108250000001,143.5875,198.43249999999998,0.0,0.39856078164684333,0.5552677223886648,2188.839249999999
2026-05-09 18:30:00,1414.72,366.97,364.29040000000003,14206.1,12411.204500000003,154.5025,199.02999999999997,0.0,0.42102215439954216,0.5463498351864335,1794.895499999997
2026-05-09 18:45:00,1416.45,367.25,364.735875,14054.39,12463.955625000002,159.2175,198.46499999999997,0.0,0.4335398230088496,0.5441334774101944,1590.434374999997
2026-05-09 19:00:00,1412.05,366.7075,363.602875,14125.649999999998,12373.515625,156.2875,199.02749999999997,0.0,0.4261911741646953,0.5473760349117152,1752.1343749999978
2026-05-09 19:15:00,1408.88,365.63250000000005,362.7866,14223.275000000001,12309.6205,151.91750000000002,199.4075,0.0,0.4154923317812284,0.5496550864888614,1913.6545000000006
2026-05-09 19:30:00,1403.9,364.4225,361.50425,14172.130000000001,12233.591250000001,151.4625,199.51749999999998,0.0,0.41562334927179306,0.5519091407639052,1938.5387499999997
2026-05-09 19:45:00,1397.69,362.52,359.90517500000004,14080.582499999999,12142.267125000002,151.08499999999998,199.58499999999998,0.0,0.4167632130641068,0.5545488474846185,1938.3153749999965
2026-05-09 20:00:00,1386.02,359.2675,356.90015,13943.794999999998,11989.49075,150.035,199.33499999999998,0.0,0.4176136165948771,0.5585175573616318,1954.3042499999974
2026-05-09 20:15:00,1369.48,355.9375,352.64109999999994,13954.725,11788.742999999997,145.025,198.665,0.0,0.4074451273046532,0.5633631474039754,2165.9820000000036
2026-05-09 20:30:00,1353.75,350.775,348.590625,14122.3525,11592.216874999998,133.005,198.14,0.0,0.3791746846268976,0.5684031232911098,2530.1356250000026
2026-05-09 20:45:00,1342.41,348.025,345.67057500000004,14143.28,11424.989125000004,128.305,198.27249999999998,0.0,0.36866604410602694,0.5735880180139717,2718.290874999997
2026-05-09 21:00:00,1323.36,343.3325,340.76519999999994,14217.187499999998,11250.943499999998,120.005,196.3575,0.0,0.34952997458731694,0.5762252131379614,2966.2440000000006
2026-05-09 21:15:00,1308.24,339.3775,336.8718,14106.68,11119.6815,117.69500000000001,194.7,0.0,0.3467967086798624,0.5779646738017251,2986.9984999999997
2026-05-09 21:30:00,1286.5700000000002,334.03499999999997,331.29177500000003,13897.8825,10826.780125000001,115.495,194.42,0.0,0.34575718113371356,0.5868542918096894,3071.1023749999986
2026-05-09 21:45:00,1260.48,327.45000000000005,324.57359999999994,13553.645,10463.655499999999,115.055,194.2925,0.0,0.35136662085814624,0.5986084512110659,3089.9895000000015
2026-05-09 22:00:00,1243.46,322.97,320.19095000000004,13329.255000000001,10194.484750000001,114.2625,194.855,0.0,0.3537867294175929,0.6085587365913995,3134.7702499999996
2026-05-09 22:15:00,1213.39,316.0725,312.44792500000005,13088.410000000002,9822.868375000004,110.89999999999999,193.76999999999998,0.0,0.3508688671111849,0.6201673446863184,3265.541624999998
2026-05-09 22:30:00,1185.6,308.195,305.292,12661.467499999999,9426.9175,110.71249999999999,193.8175,0.0,0.35922873505410535,0.6348594132830209,3234.5499999999993
2026-05-09 22:45:00,1157.06,300.46000000000004,297.94295,12277.710000000001,9032.844749999998,109.6575,193.61499999999998,0.0,0.3649653864075084,0.6498391722307911,3244.8652500000026
2026-05-09 23:00:00,1128.42,293.79499999999996,290.56814999999995,12106.36,8630.980749999999,104.4075,193.54,0.0,0.35537534675539073,0.6660743787644999,3475.379250000002
2026-05-09 23:15:00,1106.08,287.625,284.8155999999999,11881.35,8319.965499999998,101.355,193.43249999999998,0.0,0.3523859191655802,0.679149948247217,3561.384500000002
2026-05-09 23:30:00,1080.64,281.34,278.26480000000004,11575.035,7956.296500000002,100.2675,193.5,0.0,0.35639262102793773,0.6953808027461611,3618.7384999999977
2026-05-10 00:00:00,1036.15,269.275,266.808625,10613.3275,7325.831875,108.3225,193.5075,0.0,0.40227462631139177,0.7252670336275673,3287.4956249999996
2026-05-10 00:15:00,1017.44,265.05,261.99080000000004,10403.382500000002,7068.851500000002,107.7725,193.3475,0.0,0.4066119600075457,0.737993471526481,3334.531
2026-05-10 00:30:00,996.25,259.7125,256.534375,10101.98,6763.498125000001,107.9475,193.4525,0.0,0.4156422967704674,0.7540997186049627,3338.4818749999986
2026-05-10 00:45:00,988.1,256.7625,254.43574999999998,9780.5725,6641.44875,112.20249999999999,193.58499999999998,0.0,0.43698943576262106,0.7608404086296835,3139.1237500000007
2026-05-10 01:00:00,971.35,252.96749999999997,250.122625,9612.5625,6409.976874999999,111.1425,193.47,0.0,0.4393548578374693,0.7735005979567022,3202.5856250000006
2026-05-10 01:15:00,962.12,250.645,247.7459,9505.375,6280.382,110.595,193.4475,0.0,0.4412415966805641,0.7808302781196379,3224.9930000000004
2026-05-10 01:30:00,951.21,247.7175,244.93657499999998,9311.957499999999,6114.369124999999,111.39,193.67749999999998,0.0,0.4496654455175755,0.7907251091430506,3197.5883749999994
2026-05-10 01:45:00,944.91,246.2025,243.31432499999997,9270.2175,6031.395374999998,110.30999999999999,193.55249999999998,0.0,0.44804581594419224,0.7954833732045986,3238.8221250000024
2026-05-10 02:00:00,935.35,244.07750000000001,240.852625,9223.8675,5903.626875,108.45750000000001,193.39999999999998,0.0,0.4443568128975428,0.8029806608916967,3320.2406250000004
2026-05-10 02:15:00,931.6,242.86249999999998,239.887,9185.904999999999,5848.3925,107.6625,193.4425,0.0,0.44330639765299296,0.8063900920016508,3337.512499999999
2026-05-10 02:30:00,926.05,241.09750000000003,238.457875,9109.61,5769.665625,107.10000000000001,193.445,0.0,0.4442186252449735,0.811233430642624,3339.944375000001
2026-05-10 02:45:00,916.93,239.0,236.10947499999997,9011.285,5644.128624999999,106.665,193.37249999999997,0.0,0.4462970711297071,0.8189950869188964,3367.1563750000005
2026-05-10 03:00:00,912.36,237.9975,234.93269999999998,9133.165,5584.281,101.915,193.27499999999998,0.0,0.42821878381075434,0.8226824107499722,3548.884000000001
2026-05-10 03:15:00,906.13,236.8975,233.328475,9108.807499999999,5521.923624999999,101.12,192.7575,0.0,0.4268512753406009,0.8261207724432262,3586.8838749999995
2026-05-10 03:30:00,898.9899999999999,234.98499999999999,231.48992499999997,9066.3625,5388.178374999998,99.195,193.41,0.0,0.4221333276592123,0.8355007242755814,3678.1841250000016
2026-05-10 03:45:00,898.3499999999999,234.6225,231.32512499999996,9057.0275,5385.739374999998,98.955,193.27749999999997,0.0,0.4217626186746795,0.8355231624753257,3671.288125000002
2026-05-10 04:00:00,900.2900000000001,234.82,231.824675,9036.97,5406.7146250000005,99.745,193.4075,0.0,0.4247721659143174,0.8342834946279984,3630.255374999999
2026-05-10 04:15:00,898.8599999999999,234.3975,231.45645,9035.6825,5388.987249999999,99.16250000000001,193.35,0.0,0.4230527202721872,0.8353623327412133,3646.6952500000016
2026-05-10 04:30:00,900.78,234.80000000000004,231.95085,9084.067500000001,5463.05425,98.78250000000001,192.4125,0.0,0.42070911413969336,0.8295399650400074,3621.013250000001
2026-05-10 04:45:00,899.4,234.51000000000002,231.5955,9069.625,5452.51,98.805,192.2325,0.0,0.42132531661762823,0.8300355576857064,3617.115
2026-05-10 05:00:00,905.37,236.39500000000004,233.132775,9165.245,5524.935125,98.93750000000001,192.475,0.0,0.4185261955625119,0.8256024919705091,3640.309875000001
2026-05-10 05:15:00,907.94,237.07,233.79455000000002,9187.7525,5563.457750000001,99.34750000000001,192.43249999999998,0.0,0.4190639895389548,0.8230837716276961,3624.294749999999
2026-05-10 05:30:00,914.36,238.66500000000002,235.4477,9232.9475,5706.755999999999,100.86500000000001,191.385,0.0,0.42262166635241866,0.8128556787770702,3526.191500000001
2026-05-10 05:45:00,917.38,239.08999999999997,236.22535,9231.0675,5816.40175,102.0175,190.04749999999999,0.0,0.42669078589652437,0.8045178047148622,3414.665749999999
2026-05-10 06:00:00,921.59,240.2925,237.309425,9224.477499999999,5816.525875000001,103.565,191.23749999999998,0.0,0.4309955574976331,0.8058571630688498,3407.951624999998
2026-05-10 06:15:00,911.2,237.9025,234.63400000000001,9167.0325,5720.627500000002,101.92500000000001,190.21249999999998,0.0,0.42843181555469156,0.8106774806720253,3446.404999999997
2026-05-10 06:30:00,874.66,228.33999999999997,225.22495,8929.56,5174.50475,93.9275,190.785,0.0,0.41134930366996586,0.8470864351396237,3755.0552499999994
2026-05-10 06:45:00,858.84,223.8125,221.1513,8822.25,4915.204,89.85,191.48999999999998,0.0,0.40145210834962297,0.8658777949756569,3907.0460000000003
2026-05-10 07:00:00,859.7900000000001,223.6225,221.39592500000003,8870.045,4852.408375000003,87.74,193.015,0.0,0.39235765631812536,0.8718091807697,4017.6366249999974
2026-05-10 07:15:00,871.9100000000001,227.1275,224.51682500000004,8962.7325,4873.557875000003,89.38749999999999,196.02499999999998,0.0,0.39355648259237647,0.8730971498461193,4089.174624999997
2026-05-10 07:30:00,884.7,230.2425,227.81025000000002,8875.8925,4779.696250000003,94.43249999999999,201.52499999999998,0.0,0.41014365288771615,0.884617790463774,4096.196249999997
2026-05-10 07:45:00,896.85,232.935,230.93887500000002,9091.385,5063.020625000002,93.3925,199.29999999999998,0.0,0.40093802992251054,0.8629989212513482,4028.3643749999983
2026-05-10 08:00:00,917.27,236.4925,236.197025,9144.6625,5056.4688750000005,95.16250000000001,205.21499999999997,0.0,0.4023911963381503,0.8688297407640929,4088.193625
2026-05-10 08:15:00,941.23,242.16500000000002,242.366725,9249.2275,5191.802375,99.33500000000001,209.295,0.0,0.41019552784258667,0.8635467595644575,4057.4251250000007
2026-05-10 08:30:00,955.58,245.85750000000002,246.06185000000002,9468.77,5329.534250000001,98.43,210.605,0.0,0.40035386351850155,0.8559026927579386,4139.23575
2026-05-10 08:45:00,960.38,249.16750000000002,247.29785,9456.210000000001,5213.26425,102.39500000000001,214.29,0.0,0.41094845836636,0.8665259321906761,4242.945750000001
2026-05-10 09:00:00,972.64,254.02999999999997,250.4548,9577.3925,5281.896500000001,105.61,216.39,0.0,0.4157382986261466,0.8639882326072408,4295.495999999999
2026-05-10 09:15:00,978.2,255.355,251.8865,9619.6525,5340.015000000001,106.29249999999999,216.80249999999998,0.0,0.416253842689589,0.860715044275894,4279.637499999999
2026-05-10 09:30:00,993.08,258.34000000000003,255.71810000000002,9809.502500000002,5529.2530000000015,105.4475,217.2325,0.0,0.40817333746225903,0.8494998985210667,4280.249500000001
2026-05-10 09:45:00,1004.5,261.6325,258.65875,9881.92,5615.98875,107.8575,218.7325,0.0,0.4122480960889798,0.8456412164676431,4265.93125
2026-05-10 10:00:00,1011.23,261.2025,260.391725,9994.18,5914.552375,105.6125,214.6675,0.0,0.4043318880944861,0.8244021579410789,4079.627625
2026-05-10 10:15:00,1022.03,263.8825,263.172725,10217.0425,6091.632375,103.7425,214.185,0.0,0.39313899178611694,0.8138571350811524,4125.410124999999
2026-05-10 10:30:00,1028.27,264.58,264.779525,10289.5275,6230.131374999998,103.1725,213.1825,0.0,0.38994821982009226,0.8051321188826818,4059.396125000002
2026-05-10 10:45:00,1020.71,265.00750000000005,262.83282500000007,10056.4125,5808.437875000002,107.89750000000001,219.475,0.0,0.4071488542777091,0.835036491351489,4247.974624999998
2026-05-10 11:00:00,1021.06,265.49,262.92295,10109.797499999999,5928.394750000001,107.97999999999999,217.17499999999998,0.0,0.4067196504576443,0.826002446724411,4181.4027499999975
2026-05-10 11:15:00,1031.25,266.47249999999997,265.546875,10052.539999999999,5948.835625,110.11749999999999,219.65249999999997,0.0,0.41324151647918644,0.8271703442188878,4103.704374999999
2026-05-10 11:30:00,1028.12,266.34000000000003,264.74089999999995,9892.0325,5772.006999999998,113.3275,222.30249999999998,0.0,0.42549936171810465,0.8396983616811758,4120.025500000002
2026-05-10 11:45:00,1028.25,266.85,264.774375,10105.58,5952.223125000001,109.5675,218.73499999999999,0.0,0.4105958403597526,0.8261184640696441,4153.356874999999
2026-05-10 12:00:00,1024.78,265.64250000000004,263.88085,10026.652500000002,5898.7042500000025,109.875,218.8225,0.0,0.41361980857731717,0.8292473667566251,4127.9482499999995
2026-05-10 12:15:00,1023.9,265.53999999999996,263.65425,9987.12,5832.366250000001,110.4125,219.89999999999998,0.0,0.41580364540182274,0.8340468625102762,4154.75375
2026-05-10 12:30:00,1021.3,264.25750000000005,262.98475,10035.2075,5965.043750000001,108.39750000000001,216.51,0.0,0.4101964939500298,0.8232796768633922,4070.1637499999997
2026-05-10 12:45:00,1017.69,263.605,262.055175,9994.235,5911.792125000002,108.52,216.55249999999998,0.0,0.4116765615219741,0.8263622345942986,4082.442874999999
2026-05-10 13:00:00,1018.39,264.495,262.235425,10014.4625,5832.5808750000015,108.66999999999999,218.33499999999998,0.0,0.4108584283256772,0.8325915539443229,4181.881624999998
2026-05-10 13:15:00,1014.99,264.1775,261.35992500000003,10195.885,6039.553375000002,105.0875,213.2325,0.0,0.39779125777176333,0.8158576721354659,4156.331624999998
2026-05-10 13:30:00,1023.38,263.7075,263.52035,10323.47,6283.876749999999,101.8225,210.7225,0.0,0.3861190902799504,0.7996441261557219,4039.59325
2026-05-10 13:45:00,1023.53,263.3725,263.558975,10461.217499999999,6424.876124999999,98.5775,207.945,0.0,0.3742892671026778,0.788988498684213,4036.341375
2026-05-10 14:00:00,1022.09,264.66,263.188175,10345.320000000002,6174.482125,102.00750000000001,212.545,0.0,0.3854284742688733,0.8075780760286817,4170.837875000001
2026-05-10 14:15:00,1022.39,265.485,263.26542499999994,10305.5,6097.6058749999975,103.74000000000001,214.1675,0.0,0.39075653991750947,0.8135040900262541,4207.8941250000025
2026-05-10 14:30:00,1033.77,265.5075,266.195775,10632.9775,6551.900125000004,96.98249999999999,208.30499999999998,0.0,0.36527216745289676,0.7825255678832617,4081.077374999997
2026-05-10 14:45:00,1038.54,268.2725,267.42405,10811.2125,6588.080250000003,96.05499999999999,208.93249999999998,0.0,0.3580501169519798,0.7812778992764486,4223.132249999997
2026-05-10 15:00:00,1040.08,268.0325,267.8206,10853.6075,6709.5155,95.2525,206.94,0.0,0.3553766800667829,0.772681414349755,4144.092
2026-05-10 15:15:00,1040.35,269.99,267.890125,11114.855,6882.464375,92.29,203.55749999999998,0.0,0.34182747509167005,0.7598544365903744,4232.390625
2026-05-10 15:30:00,1044.6999999999998,269.235,269.01025000000004,10879.695,6851.446250000001,96.8725,205.41,0.0,0.3598064887551767,0.7635768525548746,4028.248749999999
2026-05-10 15:45:00,1039.87,269.8925,267.766525,11019.185,6931.416375000001,95.12249999999999,202.4425,0.0,0.3524458812304899,0.7560411070801326,4087.768624999999
2026-05-10 16:00:00,1054.41,271.73,271.510575,10761.822499999998,6955.589125000001,103.5325,206.0775,0.0,0.3810124020167077,0.7590035857719353,3806.233374999997
2026-05-10 16:15:00,1055.92,273.795,271.8994,11122.2425,7697.974499999998,101.9275,191.6575,0.0,0.3722767033729615,0.704883865135414,3424.268000000002
2026-05-10 16:30:00,1058.23,274.135,272.49422500000003,10941.0075,7581.814875000002,106.28500000000001,194.635,0.0,0.38771043463986726,0.7142720180583643,3359.192624999998
2026-05-10 16:45:00,1066.27,276.5425,274.564525,11235.2175,8006.681375000002,104.09750000000001,188.415,0.0,0.3764249618051475,0.686232134322524,3228.5361249999987
2026-05-10 17:00:00,1082.04,280.8775,278.62530000000004,11329.7925,8360.899000000001,108.905,185.79749999999999,0.0,0.38773130635241343,0.6668364287090941,2968.8934999999983
2026-05-10 17:15:00,1093.03,283.865,281.45522500000004,11497.5525,8629.419875,109.605,183.54,0.0,0.3861166399520899,0.6521108286406833,2868.132625
2026-05-10 17:30:00,1110.98,288.74,286.07735,11598.96,8911.261750000003,114.30499999999999,182.98749999999998,0.0,0.39587518182447873,0.6396434390908612,2687.698249999996
2026-05-10 17:45:00,1174.01,305.0475,302.307575,12455.7075,9839.424125000001,115.64,182.27749999999997,0.0,0.37908850261024923,0.6029537963115875,2616.283374999999
2026-05-10 18:00:00,1258.12,326.905,323.9658999999999,13131.130000000001,11004.131999999998,129.69,182.80749999999998,0.0,0.3967207598537802,0.5642800677478711,2126.9980000000032
2026-05-10 18:15:00,1319.91,342.85,339.87682500000005,13702.4925,11845.107875000002,137.71,183.48999999999998,0.0,0.40166253463613827,0.5398720551187918,1857.3846249999988
2026-05-10 18:30:00,1338.29,347.46000000000004,344.60967500000004,13949.4575,12115.664625,137.96,183.285,0.0,0.3970528981753295,0.531862606585262,1833.792875000001
2026-05-10 18:45:00,1346.86,349.8975,346.81645,14031.5525,12231.41225,139.325,183.39749999999998,0.0,0.3981880407833723,0.5288027716101702,1800.1402500000004
2026-05-10 19:00:00,1346.23,349.7025,346.654225,14348.247500000001,12210.989875,130.39499999999998,183.6275,0.0,0.3728740858300984,0.5297137226583637,2137.257625000002
2026-05-10 19:15:00,1342.56,348.36,345.7092,14335.6825,12173.388500000001,128.84,183.33999999999997,0.0,0.36984728441841774,0.5303301156000476,2162.294
2026-05-10 19:30:00,1341.07,348.505,345.32552499999997,14405.01,12149.536375,127.1625,183.39499999999998,0.0,0.3648799873746431,0.5310786105371157,2255.4736250000005
2026-05-10 19:45:00,1339.2600000000002,347.68,344.85945000000004,14374.177500000002,12116.152250000001,126.715,183.54999999999998,0.0,0.36445869765301425,0.5322458178252037,2258.0252500000006
2026-05-10 20:00:00,1326.8,344.505,341.65100000000007,14435.2275,11933.937500000004,120.305,183.665,0.0,0.3492111870654998,0.537580747605012,2501.2899999999972
2026-05-10 20:15:00,1323.88,343.9075,340.89910000000003,14656.542500000001,11903.208000000002,113.51,183.4525,0.0,0.3300596817458183,0.5381431045139162,2753.334499999999
2026-05-10 20:30:00,1315.57,341.97,338.759275,14632.88,11777.767625000002,111.215,183.6075,0.0,0.32521858642570983,0.5419999201497877,2855.112374999997
2026-05-10 20:45:00,1299.92,337.51750000000004,334.72940000000006,14465.3075,11564.249500000004,109.1825,183.445,0.0,0.3234869303073174,0.5480397001279241,2901.0579999999973
2026-05-10 21:00:00,1282.85,333.07,330.333875,14326.605,11338.495625,106.4325,183.125,0.0,0.31954994445612034,0.5543633694848886,2988.109375
2026-05-10 21:15:00,1262.04,327.715,324.9753,13945.835,11008.774000000001,108.5175,183.825,0.0,0.3311337595166532,0.5656583746518581,2937.060999999998
2026-05-10 21:30:00,1240.78,322.175,319.50085,13702.2625,10715.804250000001,106.9225,183.6625,0.0,0.33187708543493444,0.5748419761637567,2986.4582499999997
2026-05-10 21:45:00,1213.02,314.7175,312.35265000000004,13331.685,10303.77825,105.72,184.04,0.0,0.3359203094839023,0.5892058223293446,3027.90675
2026-05-10 22:00:00,1189.7200000000005,308.9975,306.3529000000001,13333.41,9976.542000000007,97.19,183.98499999999999,0.0,0.31453328910428074,0.6005655569116529,3356.867999999993
2026-05-10 22:15:00,1157.64,300.92,298.0923,12972.36,9475.459000000003,94.6125,184.92,0.0,0.31441080685896583,0.6203447724077408,3496.900999999998
2026-05-10 22:30:00,1134.16,295.0,292.0462000000001,12784.535,9092.923500000004,90.5375,185.92,0.0,0.3069067796610169,0.6366116046022853,3691.6114999999954
2026-05-10 22:45:00,1102.91,286.7975,283.9993250000001,12348.5475,8616.470375000004,89.89,186.5975,0.0,0.3134267209442202,0.6570350123191311,3732.077124999996
2026-05-10 23:00:00,1077.88,280.7,277.55410000000006,12164.42,8291.858000000004,86.0125,186.0,0.0,0.3064214463840399,0.6701396232302097,3872.5619999999963
2026-05-10 23:15:00,1055.4499999999998,274.6075,271.778375,11858.560000000001,7953.193125000002,85.075,186.42,0.0,0.3098058137523556,0.6859265384893114,3905.3668749999997
2026-05-10 23:30:00,1040.94,270.0475,268.04205,11430.779999999999,7734.070250000001,89.76249999999999,186.6925,0.0,0.3323952267656615,0.6965045223314774,3696.709749999998
2026-05-11 00:00:00,988.03,257.59000000000003,254.417725,10669.235,6984.107375,91.82249999999999,186.70499999999998,0.0,0.3564676423774214,0.7338521716598165,3685.127625000001
2026-05-11 00:15:00,971.0,252.6025,250.0325,10351.11,6724.545,92.8775,187.0725,0.0,0.36768242594590317,0.7481927349444571,3626.5650000000005
2026-05-11 00:30:00,964.95,250.945,248.47462500000003,10260.460000000001,6656.486875000001,92.9875,186.72,0.0,0.3705493235569547,0.7514650640885361,3603.9731249999995
2026-05-11 00:45:00,950.91,247.4675,244.85932499999998,10292.039999999999,6435.270374999999,86.8075,187.1675,0.0,0.3507834362087951,0.7643878786319451,3856.769625
2026-05-11 01:00:00,933.28,242.7925,240.3196,10189.282499999998,6165.960500000001,82.4975,187.55999999999997,0.0,0.3397860312818559,0.7804606865191186,4023.3219999999965
2026-05-11 01:15:00,927.62,241.2125,238.86215,10201.86,6005.55075,79.245,189.165,0.0,0.32852775042752763,0.7919421306389479,4196.30925
2026-05-11 01:30:00,908.2,237.60250000000002,233.8615,10058.27,5727.015000000001,77.735,189.23499999999999,0.0,0.3271640660346587,0.8091755162777968,4331.254999999999
2026-05-11 01:45:00,916.05,238.23,235.88287499999998,10105.6925,5876.815625,77.6575,188.46249999999998,0.0,0.32597699701968685,0.7989664362027129,4228.876874999999
2026-05-11 02:00:00,909.05,236.70749999999998,234.080375,10039.6425,5769.928125,77.12499999999999,188.61749999999998,0.0,0.3258240655661523,0.8057809203355898,4269.714375
2026-05-11 02:15:00,897.7,234.09,231.15775000000002,9895.015000000001,5633.308750000001,77.3125,188.135,0.0,0.3302682728864966,0.8138814294567237,4261.70625
2026-05-11 02:30:00,896.86,233.72500000000002,230.94145,9929.06,5670.537250000001,76.19500000000001,187.15249999999997,0.0,0.3260027810461012,0.8103893865739562,4258.522749999998
2026-05-11 02:45:00,896.1500000000001,232.9,230.75862500000002,9680.85,5613.231875000001,81.345,188.0975,0.0,0.34927007299270074,0.8151266285279694,4067.618124999999
2026-05-11 03:00:00,885.36,230.26999999999998,227.9802,9851.4875,5461.6685,72.8325,188.0725,0.0,0.3162917444738785,0.824951026448788,4389.8189999999995
2026-05-11 03:15:00,890.98,232.195,229.42735000000002,9903.864999999998,5550.3867500000015,74.3425,187.89,0.0,0.3201726996705356,0.8189520560648065,4353.4782499999965
2026-05-11 03:30:00,894.3,232.8625,230.28225,9989.41,5654.656250000002,73.425,186.74499999999998,0.0,0.31531483171399427,0.8109396186636181,4334.753749999998
2026-05-11 03:45:00,892.24,232.68,229.7518,10014.8425,5654.1065,72.6675,186.17249999999999,0.0,0.3123066013408974,0.8103200932484532,4360.736000000001
2026-05-11 04:00:00,883.92,230.9375,227.6094,9956.050000000001,5544.2744999999995,71.7225,186.0125,0.0,0.31057104194857915,0.8172443668846717,4411.775500000002
2026-05-11 04:15:00,896.27,233.665,230.789525,10095.7725,5710.556375,71.94,186.18499999999997,0.0,0.30787666103181904,0.8067307214224735,4385.216124999999
2026-05-11 04:30:00,894.52,233.6325,230.3389,9998.932499999999,5677.022,74.4475,186.35999999999999,0.0,0.3186521566990894,0.8090687243882817,4321.910499999999
2026-05-11 04:45:00,910.22,237.09250000000003,234.38165,10129.7775,5880.248250000001,75.92,186.74249999999998,0.0,0.32021257526071045,0.7967453936773633,4249.52925
2026-05-11 05:00:00,926.16,241.53249999999997,238.4862,10176.435,6134.248500000001,81.4575,186.17749999999998,0.0,0.3372527506650244,0.7806636191108751,4042.186499999999
2026-05-11 05:15:00,932.77,242.96,240.188275,10044.29,6188.237625,86.8725,186.97,0.0,0.3575588574250905,0.7784310037615283,3856.052375000001
2026-05-11 05:30:00,955.85,249.1375,246.13137500000002,10164.829999999998,6522.233125000002,92.8475,186.8275,0.0,0.3726757312728915,0.7590560122617442,3642.5968749999965
2026-05-11 05:45:00,986.79,257.0325,254.098425,10526.0725,6951.170875,94.755,187.0125,0.0,0.3686498789063639,0.7359844910490886,3574.9016250000004
2026-05-11 06:00:00,1026.21,267.135,264.249075,10898.7875,7496.456625000001,99.60749999999999,187.27249999999998,0.0,0.3728732663260149,0.7086968989390028,3402.3308749999997
2026-05-11 06:15:00,1045.99,272.7575,269.342425,11178.255000000001,7726.840875,100.0625,188.26749999999998,0.0,0.366855173551598,0.6989893998318312,3451.414125000001
2026-05-11 06:30:00,1069.21,277.54,275.32157500000005,11594.510000000002,8051.569125000002,95.89250000000001,188.35,0.0,0.3455087554947035,0.6841091185825156,3542.9408750000002
2026-05-11 06:45:00,1082.31,281.5275,278.6948249999999,11823.5375,8230.347874999998,95.5825,188.48499999999999,0.0,0.3395139018390744,0.6763132397596548,3593.1896250000027
2026-05-11 07:00:00,1109.69,288.505,285.745175,12163.255000000001,8552.242125,96.30999999999999,189.80249999999998,0.0,0.3338243704615171,0.6642369376840745,3611.0128750000003
2026-05-11 07:15:00,1122.0,290.65999999999997,288.915,12247.2425,8668.457500000002,96.83500000000001,190.96499999999997,0.0,0.3331555769627744,0.6609729505217796,3578.784999999998
2026-05-11 07:30:00,1125.27,292.105,289.757025,12254.055,8600.018875,97.9925,193.26,0.0,0.335470122045155,0.6669726126571046,3654.0361250000005
2026-05-11 07:45:00,1126.55,292.4325,290.0866249999999,12204.3325,8519.146874999999,99.1275,195.23999999999998,0.0,0.3389756610499859,0.6730403375198702,3685.185625000002
2026-05-11 08:00:00,1153.67,299.385,297.0700250000001,12340.7375,8591.483875000004,103.58500000000001,201.475,0.0,0.3459926182006447,0.6782070994877384,3749.2536249999957
2026-05-11 08:15:00,1172.36,303.64,301.8827,12462.87,8786.930999999999,106.1225,202.85999999999999,0.0,0.3495010538795943,0.6719828595676399,3675.939000000002
2026-05-11 08:30:00,1191.72,308.97,306.86789999999996,12597.09,8967.492,109.76,204.7325,0.0,0.3552448457779072,0.6671681853983424,3629.598
2026-05-11 08:45:00,1218.5,315.63,313.7637500000001,12818.805,9256.013750000002,113.03,206.54749999999999,0.0,0.3581091784684599,0.6582898757424971,3562.7912499999984
2026-05-11 09:00:00,1211.82,314.58500000000004,312.04364999999996,12772.4875,9186.53325,112.905,206.045,0.0,0.3589014097938554,0.6603082613602296,3585.954249999999
2026-05-11 09:15:00,1246.41,322.2,320.950575,12924.5875,9434.664125,118.41499999999999,210.88,0.0,0.36752017380509,0.6570482075004851,3489.9233750000003
2026-05-11 09:30:00,1257.71,325.96,323.860325,13064.8075,9536.075375,119.8025,212.05249999999998,0.0,0.36753742790526445,0.6547652911791526,3528.7321250000005
2026-05-11 09:45:00,1263.39,327.4525,325.3229250000001,13113.1425,9575.643375000005,120.42750000000001,212.87,0.0,0.36777089806918567,0.6543344585998664,3537.499124999995
2026-05-11 10:00:00,1259.3000000000002,326.26,324.26975000000004,13041.9375,9464.093750000002,120.2025,213.9425,0.0,0.36842548887390425,0.659767061219864,3577.843749999998
2026-05-11 10:15:00,1276.38,330.235,328.66785000000004,13108.55,9587.739250000002,123.48,216.3075,0.0,0.37391554499068846,0.658134040186772,3520.810749999997
2026-05-11 10:30:00,1293.14,334.89250000000004,332.98355000000004,13281.710000000001,9864.477750000002,126.0,215.51999999999998,0.0,0.37624013676030366,0.6472391804339883,3417.232249999999
2026-05-11 10:45:00,1287.38,334.2175,331.50035,13138.2375,9671.65175,128.09249999999997,217.74499999999998,0.0,0.3832609004615258,0.6568469686381929,3466.5857499999984
2026-05-11 11:00:00,1307.44,338.315,336.6658000000001,13217.405,9975.501500000004,132.1825,217.35,0.0,0.3907083635073822,0.64559572133552,3241.9034999999967
2026-05-11 11:15:00,1315.85,340.78999999999996,338.8313749999999,13301.43,9998.108124999997,132.9125,219.27999999999997,0.0,0.3900129111769712,0.6471655701895966,3303.3218750000033
2026-05-11 11:30:00,1320.31,341.40250000000003,339.979825,13336.22,10113.897875000002,133.2525,218.2275,0.0,0.3903090926399191,0.6418836764799205,3222.322124999997
2026-05-11 11:45:00,1305.2,337.77750000000003,336.089,13207.7075,9986.0275,131.9425,216.505,0.0,0.3906195646542472,0.6441894855231799,3221.6800000000003
2026-05-11 12:00:00,1272.09,329.3175,327.563175,12993.66,9608.982125000002,125.7975,214.6675,0.0,0.38199457969892275,0.6553468655321222,3384.6778749999976
2026-05-11 12:15:00,1272.5,329.63,327.66875,12944.615,9612.28875,127.57000000000001,214.71749999999997,0.0,0.3870096775172163,0.6552883056440383,3332.32625
2026-05-11 12:30:00,1260.73,326.7775,324.63797500000004,12812.215,9443.721125000002,126.895,214.755,0.0,0.38832232941374484,0.661521499448732,3368.4938749999983
2026-05-11 12:45:00,1257.83,326.005,323.89122499999996,12631.0,9249.399874999997,129.5675,217.82,0.0,0.39744022330945844,0.6725097291536688,3381.6001250000027
2026-05-11 13:00:00,1275.56,330.425,328.45670000000007,12827.079999999998,9516.751000000004,130.9525,217.495,0.0,0.3963153514413255,0.6621725177169471,3310.3289999999943
2026-05-11 13:15:00,1272.79,330.14250000000004,327.74342500000006,12836.675000000001,9505.520875000002,130.47,216.935,0.0,0.3951929848474522,0.6619049642262083,3331.154124999999
2026-05-11 13:30:00,1284.69,333.0025,330.807675,13079.84,9810.054625,129.10500000000002,214.21499999999997,0.0,0.38769979204360333,0.6475514813856721,3269.7853749999995
2026-05-11 13:45:00,1296.59,335.72,333.87192500000003,13108.2775,9892.713375000001,131.7725,215.9325,0.0,0.3925071488144883,0.6467524934898314,3215.564124999999
2026-05-11 14:00:00,1314.91,338.79499999999996,338.58932500000003,13280.4525,10209.795375000002,132.095,214.77999999999997,0.0,0.38989654510839894,0.6343377777784339,3070.657124999998
2026-05-11 14:15:00,1318.5,341.0075,339.51374999999996,13564.380000000001,10695.013749999998,130.7625,206.09249999999997,0.0,0.3834593080797343,0.6070225432696025,2869.3662500000028
2026-05-11 14:30:00,1322.35,342.43,340.5051249999999,13712.977499999999,10855.789374999997,129.60750000000002,203.96749999999997,0.0,0.37849341471249603,0.5990144788569629,2857.1881250000024
2026-05-11 14:45:00,1330.25,344.72,342.53937500000006,13679.25,10750.923125000001,132.39999999999998,208.30249999999998,0.0,0.3840798329078672,0.6081125710000491,2928.326874999999
2026-05-11 15:00:00,1335.09,345.485,343.78567499999997,14044.8075,10963.594624999998,124.67,205.42,0.0,0.36085502988552326,0.5975234424761882,3081.212875000003
2026-05-11 15:15:00,1335.62,345.4575,343.92215,13985.11,11070.350749999998,126.94,203.43499999999997,0.0,0.36745475203172606,0.5915146785398963,2914.759250000003
2026-05-11 15:30:00,1335.6,345.5825,343.917,14204.6125,11322.1925,122.965,198.39249999999998,0.0,0.35581952211121803,0.5768615683435248,2882.42
2026-05-11 15:45:00,1323.28,343.0775,340.7446,14008.0275,11241.710500000001,125.215,196.5125,0.0,0.3649758436504872,0.5767149354677961,2766.316999999999
2026-05-11 16:00:00,1318.27,341.7625,339.45452499999993,14044.2775,11326.506374999997,123.375,193.39749999999998,0.0,0.3609963059141948,0.5697302164406264,2717.771125000003
2026-05-11 16:15:00,1318.2600000000002,341.33500000000004,339.45195,14243.36,11653.114750000002,119.655,186.86249999999998,0.0,0.3505500461423528,0.5504829181272931,2590.245249999998
2026-05-11 16:30:00,1309.86,339.2,337.28895,14047.107499999998,11391.77475,120.785,189.70999999999998,0.0,0.35608785377358493,0.5624554258299893,2655.3327499999978
2026-05-11 16:45:00,1296.4,336.07,333.823,14068.515000000001,11396.647500000001,116.9275,185.79999999999998,0.0,0.3479260273157378,0.5565823804830704,2671.8675000000003
2026-05-11 17:00:00,1296.48,336.2125,333.84360000000004,14115.09,11461.030500000003,116.325,184.535,0.0,0.34598654124995354,0.5527588367726683,2654.0594999999976
2026-05-11 17:15:00,1291.1999999999998,335.175,332.484,14069.3675,11487.502499999999,116.73,182.51,0.0,0.34826583128216604,0.5489286702518016,2581.8650000000016
2026-05-11 17:30:00,1305.9899999999998,338.9925,336.292425,14422.067500000001,11790.215875,113.52749999999999,180.64499999999998,0.0,0.3348967897519856,0.5371664259163732,2631.851625000001
2026-05-11 17:45:00,1359.06,352.2625,349.95795,14972.807499999999,12576.569749999999,118.6125,179.95,0.0,0.33671622724530714,0.514204635156881,2396.2377500000002
2026-05-11 18:00:00,1429.27,370.9525,368.0370250000001,15790.380000000001,13566.168875000003,124.265,180.045,0.0,0.3349889810690048,0.489203497936111,2224.211124999998
2026-05-11 18:15:00,1480.48,384.475,381.22360000000003,15982.5425,14261.555500000002,138.9625,180.64249999999998,0.0,0.3614344235646011,0.47384920555810284,1720.9869999999974
2026-05-11 18:30:00,1491.04,386.78999999999996,383.9427999999999,16103.48,14406.111499999997,139.1,180.74249999999998,0.0,0.35962667080327826,0.47075371643901126,1697.3685000000023
2026-05-11 18:45:00,1488.94,386.375,383.40205000000003,16046.779999999999,14379.49525,140.0375,180.67999999999998,0.0,0.3624393400194112,0.4712546529159142,1667.284749999999
2026-05-11 19:00:00,1484.31,385.3825,382.209825,16017.502499999999,14320.547875,139.4,180.54749999999999,0.0,0.36171855234734324,0.4723779667359414,1696.9546249999985
2026-05-11 19:15:00,1481.88,384.8325,381.58410000000003,15969.982499999998,14262.758000000002,139.7025,181.015,0.0,0.3630215743212956,0.4743777321958645,1707.2244999999966
2026-05-11 19:30:00,1480.78,384.055,381.3008500000001,15936.0525,14245.929250000005,139.455,181.04,0.0,0.3631120542630613,0.4747956895454074,1690.123249999995
2026-05-11 19:45:00,1472.0,381.47,379.0400000000001,15836.85,14109.332500000002,138.2075,181.285,0.0,0.36230240910163314,0.4782740607851413,1727.517499999998
2026-05-11 20:00:00,1459.2399999999998,378.6725,375.75429999999994,15879.482499999998,13921.243999999997,132.845,181.43249999999998,0.0,0.35081765905894935,0.48284876580254704,1958.2385000000013
2026-05-11 20:15:00,1446.5299999999995,375.685,372.4814749999999,16044.055,13733.238624999994,123.9,181.59249999999997,0.0,0.3297975697725488,0.48752088946168404,2310.816375000006
2026-05-11 20:30:00,1433.82,372.0975,369.20865,15977.2975,13572.23325,120.50500000000001,181.21249999999998,0.0,0.323853291140091,0.4908132569483407,2405.0642500000013
2026-05-11 20:45:00,1423.0099999999998,368.845,366.42507499999994,15800.04,13425.761624999997,120.5075,181.07999999999998,0.0,0.3267158291423226,0.49418015401920845,2374.2783750000035
2026-05-11 21:00:00,1392.8,361.14,358.646,15602.7325,12969.912500000002,114.19,181.64,0.0,0.3161931660851747,0.506460409428796,2632.819999999998
2026-05-11 21:15:00,1373.71,356.55,353.730325,15489.235,12689.300375,110.3625,181.845,0.0,0.30952881783761044,0.5140780621508773,2799.934625
2026-05-11 21:30:00,1345.39,348.76750000000004,346.43792499999995,15181.279999999999,12296.468374999999,107.17500000000001,181.67999999999998,0.0,0.3072964080655451,0.5244229539823043,2884.8116250000003
2026-05-11 21:45:00,1316.82,341.7125,339.08115,14845.2575,11895.47075,105.795,181.6075,0.0,0.309602370413725,0.5355871301014521,2949.7867499999993
2026-05-11 22:00:00,1311.4,340.02,337.68550000000005,14837.3925,11844.085000000005,103.66999999999999,181.1,0.0,0.3048938297747191,0.5362978274163385,2993.3074999999953
2026-05-11 22:15:00,1248.14,324.1225,321.39605000000006,14163.2225,10938.290250000002,98.19,181.29749999999999,0.0,0.302941017670788,0.5640937404177804,3224.932249999998
2026-05-11 22:30:00,1233.35,320.495,317.587625,13922.564999999999,10723.201875,99.2625,181.41,0.0,0.30971622022184436,0.5712124331040921,3199.363124999998
2026-05-11 22:45:00,1187.41,308.36,305.75807499999996,13430.4825,10099.826625,94.71499999999999,180.86499999999998,0.0,0.3071572188351277,0.5915297576360004,3330.6558750000004
2026-05-11 23:00:00,1177.16,307.0125,303.1187000000001,13334.3325,9946.036000000004,95.25,181.0375,0.0,0.31024795407353123,0.597249526340671,3388.2964999999967
2026-05-11 23:15:00,1169.31,303.6075,301.09732499999996,13114.5125,9859.110375,96.3,180.55249999999998,0.0,0.31718584027074426,0.5996483030860537,3255.4021250000005
2026-05-12 00:00:00,1097.5500000000002,284.405,282.61912500000005,12555.2425,8874.309375,83.0925,179.92249999999999,0.0,0.2921625850459732,0.6366253522297897,3680.9331249999996
2026-05-12 00:15:00,1092.23,282.48,281.249225,12521.017499999998,8798.464875000001,81.1525,179.93249999999998,0.0,0.28728582554517135,0.6397617628990798,3722.5526249999966
2026-05-12 00:30:00,1042.83,270.475,268.528725,12171.692500000001,8096.212374999999,72.73,179.98499999999999,0.0,0.2688973102874572,0.6702634885709153,4075.480125000002
2026-05-12 00:45:00,1027.46,267.39,264.57095000000004,11992.997500000001,7868.0347500000025,72.9,180.195,0.0,0.27263547627061596,0.6810838453730463,4124.962749999999
2026-05-12 01:00:00,1023.71,266.98,263.605325,11986.005,7823.175375000001,72.5375,180.02999999999997,0.0,0.271696381751442,0.6829528197125759,4162.8296249999985
2026-05-12 01:15:00,1022.66,266.41,263.33495,12109.380000000001,7808.55475,68.3575,180.02499999999998,0.0,0.2565875905559101,0.6836350435063784,4300.825250000001
2026-05-12 01:30:00,1029.28,267.7025,265.03960000000006,12255.3775,7882.685500000001,66.19500000000001,180.4175,0.0,0.2472707576507504,0.6807190321748144,4372.691999999999
2026-05-12 01:45:00,997.22,254.6275,256.78415,11752.32,7365.260750000001,59.910000000000004,181.68499999999997,0.0,0.2352848769280616,0.7075397761115706,4387.059249999998
2026-05-12 02:00:00,963.4,251.865,248.0755,11622.5975,6873.535,59.22,181.94,0.0,0.23512596033589422,0.7334057575213997,4749.0625
2026-05-12 02:15:00,967.47,256.8325,249.123525,11916.220000000001,6954.176375,58.830000000000005,181.48,0.0,0.22905979578129718,0.7284739568453039,4962.043625000001
2026-05-12 02:30:00,997.69,266.41,256.90517500000004,12109.380000000001,7454.917125000004,68.3575,180.02499999999998,0.0,0.2565875905559101,0.7007449343906753,4654.462874999997
2026-05-12 02:45:00,996.04,267.7025,256.4803,12255.3775,7411.924,66.19500000000001,180.4175,0.0,0.2472707576507504,0.7034360923626493,4843.4535000000005
2026-05-12 03:00:00,965.19,254.6275,248.536425,11752.32,6911.635875000002,59.910000000000004,181.68499999999997,0.0,0.2352848769280616,0.7310196080916508,4840.684124999998
2026-05-12 03:15:00,967.14,251.865,249.03855000000001,11622.5975,6926.502750000001,59.22,181.94,0.0,0.23512596033589422,0.7305696246625271,4696.094749999999
2026-05-12 03:30:00,959.29,256.8325,247.017175,11916.220000000001,6838.327125,58.830000000000005,181.48,0.0,0.22905979578129718,0.7346857561625015,5077.892875000001
2026-05-12 03:45:00,982.15,251.865,252.903625,11622.5975,7139.081875,59.22,181.94,0.0,0.23512596033589422,0.7194044767053062,4483.515625
2026-05-12 04:00:00,986.14,256.8325,253.93105,11916.220000000001,7218.590249999999,58.830000000000005,181.48,0.0,0.22905979578129718,0.7146821942413107,4697.629750000002
2026-05-12 04:15:00,968.3,253.02,249.33724999999998,11742.1725,6965.68125,57.865,181.48499999999999,0.0,0.22869733617895818,0.727869582262578,4776.491250000001
2026-05-12 04:30:00,998.95,259.4325,257.229625,12050.13,7425.886875000001,59.2575,180.96249999999998,0.0,0.22841201468590094,0.7035056712460704,4624.243124999998
2026-05-12 04:45:00,987.07,257.785,254.17052500000003,11974.87,7255.136375000002,58.825,181.0125,0.0,0.2281940376670481,0.7121695169020875,4719.733624999999
2026-05-12 05:00:00,998.25,259.7975,257.049375,12090.6075,7412.973125,58.685,181.02249999999998,0.0,0.225887470048788,0.7042324067117455,4677.634375
2026-05-12 05:15:00,1029.56,268.1825,265.1117,12486.7975,7838.775999999999,60.3175,181.375,0.0,0.22491214005388122,0.684145588444418,4648.021500000002
2026-05-12 05:30:00,1030.41,269.39,265.330575,12571.255,7830.564125000002,59.6875,181.77999999999997,0.0,0.22156538847024762,0.6851076247055206,4740.6908749999975
2026-05-12 05:45:00,1065.53,277.7825,274.373975,12680.695000000002,8318.701125,69.14,181.96499999999997,0.0,0.24889976870393202,0.663200655237072,4361.993875000002
2026-05-12 06:00:00,1100.8,287.1875,283.456,13143.134999999998,8798.712500000001,70.485,182.355,0.0,0.24543199129488574,0.6433273594490855,4344.422499999997
2026-05-12 06:15:00,1136.83,295.9025,292.733725,13584.8575,9307.737374999999,71.49249999999999,182.38,0.0,0.2416083000312603,0.6230235344424357,4277.120125000001
2026-05-12 06:30:00,1136.66,295.71500000000003,292.68995000000007,13560.4575,9319.454750000003,71.9725,182.0975,0.0,0.24338467781478784,0.6221515292889283,4241.002749999998
2026-05-12 06:45:00,1119.01,293.46000000000004,288.145075,13525.3825,9076.111625000001,69.61500000000001,181.96499999999997,0.0,0.23722142711102023,0.6315048070837233,4449.270874999998
2026-05-12 07:00:00,1159.41,301.255,298.54807500000004,13850.050000000001,9593.151625000002,72.03999999999999,183.0675,0.0,0.2391329604487892,0.6131926993667601,4256.898374999999
2026-05-12 07:15:00,1181.89,306.865,304.336675,14052.1775,9891.774625000002,74.7775,183.46249999999998,0.0,0.24368207517963925,0.6028274443098255,4160.402874999998
2026-05-12 07:30:00,1178.59,306.385,303.486925,14016.7175,9836.163375,74.96,183.64,0.0,0.24465949703804035,0.6051002032459882,4180.554125000001
2026-05-12 07:45:00,1205.94,311.845,310.5295500000001,14154.9675,10238.132750000002,79.4425,183.3475,0.0,0.25474995590758226,0.5904349521647777,3916.834749999998
2026-05-12 08:00:00,1207.2599999999998,312.40500000000003,310.86945000000003,14129.357500000002,10281.07725,81.1375,182.86249999999998,0.0,0.2597189545621869,0.5882292389940535,3848.2802500000016
2026-05-12 08:15:00,1257.63,324.6575,323.83972500000004,14672.794999999998,11006.442375000004,84.7475,182.62249999999997,0.0,0.261036630911037,0.5639286532867454,3666.352624999994
2026-05-12 08:30:00,1263.67,326.9575,325.39502500000003,14726.910000000002,11018.858875000002,86.19,184.08499999999998,0.0,0.26361224318145327,0.5657277642766664,3708.051125
2026-05-12 08:45:00,1280.97,334.02,329.849775,14949.91,11179.370125000001,90.06750000000001,185.77499999999998,0.0,0.26964702712412436,0.563210934432197,3770.5398749999986
2026-05-12 09:00:00,1302.01,338.2925,335.267575,14894.465,11346.849125,97.0,188.385,0.0,0.2867341132304145,0.5618944808486176,3547.6158749999995
2026-05-12 09:15:00,1300.6600000000003,336.49,334.9199500000001,14831.637499999999,11433.229750000006,96.76,186.27499999999998,0.0,0.2875568367559214,0.5561776776808904,3398.407749999993
2026-05-12 09:30:00,1303.19,337.5925,335.5714250000001,14957.624999999998,11467.810875000005,94.985,186.29999999999998,0.0,0.2813599235765013,0.5551724197017072,3489.8141249999935
2026-05-12 09:45:00,1339.98,347.26,345.04485,15486.259999999998,12014.724250000001,95.25,185.7825,0.0,0.2742901572308933,0.5384300040994671,3471.5357499999973
2026-05-12 10:00:00,1329.96,344.84499999999997,342.4647,15388.697499999998,11730.940999999999,93.3,188.61999999999998,0.0,0.2705563369049863,0.5507720941749616,3657.7564999999995
2026-05-12 10:15:00,1320.34,340.83,339.98755,15256.394999999999,11599.32275,90.94,188.52749999999997,0.0,0.2668192353959452,0.55451295201839,3657.0722499999993
2026-05-12 10:30:00,1325.68,344.35749999999996,341.36260000000004,15387.185000000001,11579.075500000003,91.97500000000001,190.445,0.0,0.2670916126409328,0.5578965006711337,3808.1094999999987
2026-05-12 10:45:00,1346.3000000000002,349.95,346.67225000000013,15584.974999999999,11843.356250000006,94.7475,191.0,0.0,0.27074582083154736,0.5509526649450596,3741.6187499999924
2026-05-12 11:00:00,1350.83,350.21500000000003,347.838725,15439.632500000002,11894.762375,98.97999999999999,191.255,0.0,0.2826263866482018,0.5498381469745784,3544.8701250000013
2026-05-12 11:15:00,1374.5,354.89,353.93375000000003,15457.395,11942.988750000002,103.4325,196.99499999999998,0.0,0.29144946321395365,0.556587214415127,3514.406249999998
2026-05-12 11:30:00,1362.79,352.5425,350.918425,15409.58,11822.645875,101.55499999999999,196.08499999999998,0.0,0.28806455959210586,0.5587765874647362,3586.9341249999998
2026-05-12 11:45:00,1353.74,350.11,348.58805000000007,15355.0825,11748.975250000003,99.79499999999999,194.99499999999998,0.0,0.2850389877467081,0.5593852112830602,3606.1072499999973
2026-05-12 12:00:00,1310.31,340.645,337.4048250000001,14973.1975,11078.522875000002,95.6575,196.1025,0.0,0.2808128697030633,0.5812083451977901,3894.674624999998
2026-05-12 12:15:00,1311.75,339.7125,337.775625,14950.175,11105.166874999999,94.9375,195.9775,0.0,0.279464252860875,0.5802002438749095,3845.0081250000003
2026-05-12 12:30:00,1317.09,339.39,339.150675,14929.142500000002,11201.919625,95.175,195.55499999999998,0.0,0.28042959427207637,0.5766021252943105,3727.2228750000013
2026-05-12 12:45:00,1285.32,333.5425,330.9699,14695.347500000002,10819.352,93.27499999999999,194.20749999999998,0.0,0.27964951992624626,0.5867829672728547,3875.995500000001
2026-05-12 13:00:00,1316.95,341.0625,339.11462500000005,14883.56,11145.061875000003,98.50750000000001,196.65249999999997,0.0,0.28882536192046915,0.579899790520683,3738.4981249999964
2026-05-12 13:15:00,1309.51,337.8175,337.198825,14269.859999999999,10800.567874999999,108.59,201.435,0.0,0.3214457510342123,0.5973775264489727,3469.292125
2026-05-12 13:30:00,1328.73,344.23,342.14797500000003,14476.15,11135.146125000001,112.985,200.1875,0.0,0.32822531446997644,0.5850904130003984,3341.0038749999985
2026-05-12 13:45:00,1328.36,343.64250000000004,342.05269999999996,14390.21,11018.280999999997,113.65,202.42,0.0,0.3307216074845224,0.5917801555140481,3371.929000000002
2026-05-12 14:00:00,1338.1,345.71,344.56075,14572.09,11396.348750000001,113.49499999999999,197.61749999999998,0.0,0.3282953920916375,0.5735345653850591,3175.741249999999
2026-05-12 14:15:00,1358.2800000000002,350.90999999999997,349.75710000000004,14836.0475,11811.898000000003,115.0025,195.02249999999998,0.0,0.3277264825738794,0.5575941131716838,3024.1494999999977
2026-05-12 14:30:00,1350.76,349.39750000000004,347.8207,14657.935000000001,11740.895999999999,117.8175,194.3125,0.0,0.33720189755221486,0.5586570897016768,2917.0390000000025
2026-05-12 14:45:00,1365.11,351.6575,351.515825,14825.007500000002,11967.752875000002,116.8275,193.83999999999997,0.0,0.3322195602255035,0.5514403227792091,2857.2546249999996
2026-05-12 15:00:00,1390.96,359.7025,358.1722,15279.1975,12282.8535,116.1525,194.85999999999999,0.0,0.3229126847881235,0.5440399897032768,2996.344000000001
2026-05-12 15:15:00,1389.78,359.53,357.86835,15217.6425,12327.01675,117.9875,193.64249999999998,0.0,0.3281715016827525,0.5410998206463353,2890.6257499999992
2026-05-12 15:30:00,1390.42,360.44,358.03315000000003,15303.402499999998,12433.580750000001,117.7075,191.6925,0.0,0.3265661413827544,0.5354043333696893,2869.8217499999973
2026-05-12 15:45:00,1389.9299999999998,359.325,357.906975,15136.057499999999,12356.141124999998,120.0775,193.1025,0.0,0.33417518959159537,0.5395326537014262,2779.9163750000007
2026-05-12 16:00:00,1371.64,355.1175,353.19730000000004,15231.432499999999,12447.484000000004,113.7075,186.095,0.0,0.3201968362584215,0.5268868136874205,2783.948499999995
2026-05-12 16:15:00,1360.88,352.5325,350.42660000000006,15177.7,12312.220500000003,111.4375,185.7525,0.0,0.31610560728443476,0.5300753424540259,2865.4794999999976
2026-05-12 16:30:00,1344.5300000000002,347.975,346.21647500000006,15036.377499999999,12164.288625000003,109.07,184.07999999999998,0.0,0.3134420576190818,0.5316904690916282,2872.088874999996
2026-05-12 16:45:00,1319.4,341.53499999999997,339.7455,14791.3725,11871.885000000002,106.565,182.80999999999997,0.0,0.31201780198222734,0.5380792387242803,2919.4874999999975
2026-05-12 17:00:00,1316.58,342.2825,339.0193499999999,14840.539999999999,11894.946749999997,106.78999999999999,181.54999999999998,0.0,0.31199374785447687,0.53551515569834,2945.5932500000017
2026-05-12 17:15:00,1327.38,344.055,341.80035000000004,14790.555,12089.776750000003,111.07000000000001,180.71249999999998,0.0,0.3228262923079159,0.5287077675607996,2700.7782499999976
2026-05-12 17:30:00,1345.85,348.7175,346.556375,14863.5425,12365.858124999999,116.13,180.42249999999999,0.0,0.333020281459921,0.5206151524409268,2497.6843750000007
2026-05-12 17:45:00,1399.26,363.15500000000003,360.3094500000001,15570.785000000002,13132.027250000003,118.545,180.2275,0.0,0.3264308628547039,0.5002019791598581,2438.757749999999
2026-05-12 18:00:00,1459.5,379.69,375.8212500000001,16213.859999999999,14007.426250000002,125.89999999999999,179.7825,0.0,0.33158629408201423,0.4783723645216974,2206.4337499999965
2026-05-12 18:15:00,1498.87,389.33,385.959025,16312.7575,14576.128874999999,137.635,179.55999999999997,0.0,0.3535175814861429,0.4652307327183241,1736.6286250000012
2026-05-12 18:30:00,1504.41,392.27750000000003,387.385575,16478.2125,14662.464125000002,137.6,179.40249999999997,0.0,0.35077209373466484,0.46311094572894196,1815.7483749999992
2026-05-12 18:45:00,1507.37,391.26250000000005,388.14777499999997,16381.23,14695.510124999999,138.65,179.57999999999998,0.0,0.35436567521804413,0.462658841725938,1685.7198750000007
2026-05-12 19:00:00,1503.96,389.83000000000004,387.26970000000006,16311.7425,14637.091000000002,138.32750000000001,179.7825,0.0,0.35484057153118026,0.4642307415219935,1674.6514999999981
2026-05-12 19:15:00,1502.64,390.13250000000005,386.9298000000001,16341.157500000001,14630.896500000004,138.07000000000002,179.5325,0.0,0.3539054039332791,0.463992434803419,1710.2609999999968
2026-05-12 19:30:00,1497.19,388.635,385.526425,16263.3625,14551.710875,137.9325,179.5725,0.0,0.35491528040449266,0.4657851922861059,1711.6516249999986
2026-05-12 19:45:00,1494.1799999999998,387.7625,384.75134999999995,16246.32,14522.081749999998,137.1875,179.3125,0.0,0.35379259211501884,0.4660477474607952,1724.2382500000022
2026-05-12 20:00:00,1479.5,384.075,380.97124999999994,16392.745,14308.676249999999,127.71,179.42249999999999,0.0,0.33251318101933214,0.4709607352260834,2084.0687500000004
2026-05-12 20:15:00,1468.11,381.115,378.038325,16571.945000000003,14119.365375000001,118.27,179.9825,0.0,0.31032627946945146,0.4760959090589558,2452.579625000002
2026-05-12 20:30:00,1454.59,377.65250000000003,374.556925,16452.9825,13955.888374999997,116.535,179.42249999999999,0.0,0.3085773296880068,0.47902598516901,2497.0941250000014
2026-05-12 20:45:00,1441.8000000000002,374.0775,371.26350000000014,16290.515,13781.250000000005,115.6575,179.2925,0.0,0.30918058423722355,0.48292520002639616,2509.264999999994
2026-05-12 21:00:00,1409.9699999999998,366.29,363.06727499999994,16122.7525,13331.082624999997,108.62,179.27999999999997,0.0,0.29654099211007673,0.4937927826185932,2791.6698750000032
2026-05-12 21:15:00,1392.23,361.6025,358.499225,15949.800000000001,13084.964875000001,106.3625,179.17749999999998,0.0,0.29414204824358237,0.49979884893753945,2864.8351249999996
2026-05-12 21:30:00,1364.0,354.735,351.23,15891.4925,12678.407500000001,97.6825,179.3125,0.0,0.27536752787291924,0.5105272898100959,3213.084999999999
2026-05-12 21:45:00,1335.36,347.0475,343.85519999999997,15483.300000000001,12273.168499999998,97.29,179.30499999999998,0.0,0.280336265208653,0.5214549612743968,3210.131500000003
2026-05-12 22:00:00,1318.83,342.405,339.59872500000006,15028.2975,12039.937375000001,102.6925,179.2875,0.0,0.2999153049751026,0.5279392612560603,2988.3601249999992
2026-05-12 22:15:00,517.3199999999999,56.8675,775.83,2160.07,36049.4075,26.1525,178.9525,,0.45988481997626063,0.2306594228116984,-33889.3375
2026-05-12 22:30:00,1265.5700000000002,328.64,325.8842750000001,14471.995,11291.517625000006,97.3075,179.17,0.0,0.2960914678675755,0.5497963962820849,3180.477374999995
2026-05-12 22:45:00,1206.83,314.175,310.75872499999997,13784.675000000001,10461.862374999997,94.3975,179.125,0.0,0.30046152621946365,0.5764118127334961,3322.812625000004
2026-05-12 23:00:00,1196.55,310.78999999999996,308.111625,13599.679999999998,10316.896874999999,94.36999999999999,179.11249999999998,0.0,0.30364554844106956,0.5813234083589023,3282.783125
2026-05-12 23:15:00,1168.5500000000002,303.78,300.9016250000001,13200.7375,9921.846875000005,94.74249999999999,179.08249999999998,0.0,0.3118786621897426,0.5951529839694283,3278.8906249999945
2026-05-13 00:00:00,1109.56,288.3925,285.7117,12590.3775,9089.901000000002,88.39,179.0125,0.0,0.3064920204235547,0.6265494202722534,3500.476499999999
2026-05-13 00:15:00,1086.6799999999998,284.0175,279.8200999999999,12594.1125,8763.987999999998,81.7725,179.04999999999998,0.0,0.2879135968734321,0.639875405662424,3830.1245000000017
2026-05-13 00:30:00,1071.87,279.5025,276.0065249999999,12420.317500000001,8556.991374999996,79.7775,178.99499999999998,0.0,0.2854267850913677,0.6485172769013343,3863.326125000005
2026-05-13 00:45:00,1033.69,269.7,266.17517499999997,12223.712500000001,8016.642125,70.5225,178.98749999999998,0.0,0.2614849833147942,0.6724424995681886,4207.070375000001
2026-05-13 01:00:00,1030.11,268.845,265.2533249999999,12373.527500000002,7965.9403749999965,65.2025,178.98749999999998,0.0,0.24252822258178502,0.674779477316637,4407.5871250000055
2026-05-13 01:15:00,1010.69,263.64,260.25267499999995,12143.91,7687.529624999999,63.6475,179.05499999999998,0.0,0.24141822181763012,0.6880044556698601,4456.380375000001
2026-05-13 01:30:00,1016.58,265.3825,261.76935000000003,12247.2475,7769.196750000003,63.432500000000005,179.08999999999997,0.0,0.23902291974791107,0.6841519070127956,4478.050749999997
2026-05-13 01:45:00,1008.71,263.1475,259.74282500000004,12273.59,7653.362875000002,59.3675,179.17749999999998,0.0,0.22560541141375087,0.6898265621004159,4620.2271249999985
2026-05-13 02:00:00,1021.19,266.2525,262.95642499999997,12470.4225,7830.360875,58.665,179.17249999999999,0.0,0.22033595928676725,0.6813771521270112,4640.061625
2026-05-13 02:15:00,1000.27,261.7525,257.569525,12341.7425,7537.831375000002,55.480000000000004,179.0975,0.0,0.21195595075500714,0.6953365309812952,4803.911124999999
2026-05-13 02:30:00,996.65,260.675,256.637375,12411.195,7492.438125000002,52.042500000000004,178.98,0.0,0.19964515200920688,0.6974042654543204,4918.756874999997
2026-05-13 02:45:00,984.17,256.6,253.423775,12192.070000000002,7316.065125,51.910000000000004,178.9725,0.0,0.20229929851909587,0.7062182701682191,4876.004875000001
2026-05-13 03:00:00,998.73,260.925,257.17297500000006,12415.515,7522.271125000001,52.300000000000004,178.9725,0.0,0.20044073967615217,0.6959226567254975,4893.243874999998
2026-05-13 03:15:00,994.61,259.43,256.112075,12449.0075,7463.921625000001,49.17250000000001,178.9725,0.0,0.189540531164476,0.6988053960360908,4985.085874999999
2026-05-13 03:30:00,985.55,258.0575,253.779125,12557.497500000001,7335.234375,44.197500000000005,178.98,0.0,0.17126996890227955,0.7052589530364248,5222.263125000001
2026-05-13 03:45:00,968.98,253.7125,249.51235,12346.0025,7094.186750000001,43.410000000000004,179.1075,0.0,0.17109917721830814,0.717830199587315,5251.81575
2026-05-13 04:00:00,984.04,257.63750000000005,253.3903,12500.2325,7304.474,45.05500000000001,179.1675,0.0,0.17487749260103827,0.707081131361382,5195.7585
2026-05-13 04:15:00,995.14,260.0725,256.24855,12655.3075,7466.177750000002,44.515,179.0775,0.0,0.17116381009141682,0.6988429788188069,5189.129749999999
2026-05-13 04:30:00,1005.94,263.4175,259.02955000000003,12921.9825,7619.5077500000025,42.2825,179.07,0.0,0.1605151518027466,0.6913110878662299,5302.474749999998
2026-05-13 04:45:00,1000.39,261.59000000000003,257.60042500000003,12878.99,7544.405875000001,40.7525,179.0,0.0,0.15578768301540577,0.6948746299622758,5334.5841249999985
2026-05-13 05:00:00,1016.52,265.63,261.7539,13075.1975,7772.846999999999,41.455,179.0,0.0,0.15606294469751159,0.6838484545980023,5302.350500000001
2026-05-13 05:15:00,1034.99,270.2175,266.509925,13318.3975,8033.178375000001,41.692499999999995,179.02499999999998,0.0,0.15429237558633324,0.6717385853453675,5285.219124999998
2026-05-13 05:30:00,1058.1,275.48,272.46074999999996,13366.322499999998,8351.598749999997,48.1575,179.2025,0.0,0.17481305357920718,0.6577185888242619,5014.723750000001
2026-05-13 05:45:00,1090.46,284.63,280.79345,13608.9725,8768.522250000002,54.910000000000004,180.02999999999997,0.0,0.19291712047219198,0.6411474341726987,4840.450249999998
2026-05-13 06:00:00,1139.9499999999998,297.13,293.53712499999995,14216.547499999999,9478.299374999999,57.1325,179.8525,0.0,0.19228115639619023,0.6127078474315644,4738.248125
2026-05-13 06:15:00,1156.33,301.53000000000003,297.75497500000006,14074.857500000002,9728.781125000001,67.63250000000001,179.4825,0.0,0.22429774815109607,0.6027858980357925,4346.076375000001
2026-05-13 06:30:00,1142.67,298.0025,294.237525,14000.04,9516.321375,64.2775,179.86249999999998,0.0,0.21569449920722142,0.6112833500757593,4483.718625000001
2026-05-13 06:45:00,1173.03,304.3625,302.05522499999995,14210.165,9927.794875,67.9225,180.2325,0.0,0.2231631689186414,0.596687244857294,4282.370125000001
2026-05-13 07:00:00,1201.34,311.8275,309.34505,14457.89,10200.11025,71.42,182.80499999999998,0.0,0.22903688738164532,0.5909420564512022,4257.77975
2026-05-13 07:15:00,1185.47,308.4675,305.25852499999996,14237.3775,9884.601375,71.7475,184.61999999999998,0.0,0.23259338504056346,0.6047988340374769,4352.776125
2026-05-13 07:30:00,1210.87,313.98749999999995,311.799025,14373.5425,10100.203875,75.25999999999999,187.5025,0.0,0.23969107050439906,0.6013569157248007,4273.338625
2026-05-13 07:45:00,1189.51,310.06,306.29882499999997,13952.2075,9617.067875,79.53999999999999,191.11499999999998,0.0,0.25653099400116103,0.6239495042137364,4335.139625
2026-05-13 08:00:00,1248.35,323.8,321.45012499999996,14418.29,10288.514374999999,86.23,194.3525,0.0,0.2663063619518221,0.604611679650148,4129.775625000002
2026-05-13 08:15:00,1252.8,324.77,322.596,14259.8275,10188.287499999999,90.8075,197.61749999999998,0.0,0.27960556701665795,0.6125850909496707,4071.540000000001
2026-05-13 08:30:00,1298.21,336.07,334.289075,14544.5125,10688.656625000003,98.9075,200.4725,0.0,0.2943062457226173,0.5996980308136004,3855.8558749999975
2026-05-13 08:45:00,1308.4499999999998,336.12,336.92587499999996,14487.79,10769.305624999997,100.0625,201.76,0.0,0.29769873854575746,0.5988260771007867,3718.4843750000036
2026-05-13 09:00:00,1315.8200000000002,340.54999999999995,338.82365000000004,14599.255,10797.183250000002,103.09750000000001,203.29,0.0,0.302738217589194,0.5999876336849567,3802.0717499999973
2026-05-13 09:15:00,1328.5,347.0875,342.08875,14936.5625,10889.388750000002,103.085,205.0375,0.0,0.2970000360139734,0.5993693157112007,4047.173749999998
2026-05-13 09:30:00,1333.84,346.265,343.4638,14652.28,10852.141500000002,108.7525,207.295,0.0,0.3140730365471532,0.60354249851076,3800.138499999999
2026-05-13 09:45:00,1351.64,350.0625,348.04730000000006,14706.037500000002,11019.984000000002,112.3525,208.98,0.0,0.32094983038743086,0.6004356304444826,3686.0535
2026-05-13 10:00:00,1344.44,347.775,346.1933,14746.785,10834.639000000001,107.26499999999999,210.64749999999998,0.0,0.30843217597584643,0.608467870406504,3912.145999999999
2026-05-13 10:15:00,1350.94,348.4825,347.86705000000006,14698.9025,10841.195250000002,109.01,212.3575,0.0,0.31281341243821426,0.6104559198693867,3857.7072499999977
2026-05-13 10:30:00,1373.08,354.34,353.5681,14876.7825,11121.378,112.675,213.02499999999998,0.0,0.3179855506011176,0.6025006215210025,3755.4044999999987
2026-05-13 10:45:00,1355.94,352.255,349.15455000000003,14656.4075,10813.63275,115.075,214.325,0.0,0.32668095555776355,0.6138399170224188,3842.7747499999987
2026-05-13 11:00:00,1397.18,360.4775,359.77385000000004,15419.0325,11808.44425,109.5725,206.10999999999999,0.0,0.30396487991622223,0.5728876626247293,3610.588249999999
2026-05-13 11:15:00,1371.02,357.4025,353.03765,15351.96,11462.953249999999,106.99,205.60999999999999,0.0,0.2993543693734655,0.5824024718043529,3889.0067500000005
2026-05-13 11:30:00,1388.9,359.14,357.64175000000006,15434.2925,11727.553750000005,107.42750000000001,205.3825,0.0,0.2991242969315588,0.5742688039078211,3706.738749999995
2026-05-13 11:45:00,1386.52,358.1725,357.0289,14994.9075,11163.097,114.135,215.9975,0.0,0.318659305223042,0.6049860389453067,3831.8104999999996
2026-05-13 12:00:00,1336.21,344.81999999999994,344.07407499999994,14378.9225,10383.706624999997,110.46499999999999,217.33499999999998,0.0,0.3203555478220521,0.6316517744035206,3995.2158750000035
2026-05-13 12:15:00,1347.3200000000002,348.5,346.9349000000001,14323.412500000002,10521.052000000003,117.295,217.73499999999999,0.0,0.33657101865136296,0.6275961282649856,3802.360499999999
2026-05-13 12:30:00,1327.11,345.1375,341.730825,14214.887499999999,10265.452874999999,115.445,217.12249999999997,0.0,0.33448987722284595,0.6353611793726831,3949.434625
2026-05-13 12:45:00,1338.92,347.9,344.7719,14241.375,10338.712,118.175,219.0025,0.0,0.3396809427996551,0.6352098300354524,3902.6630000000005
2026-05-13 13:00:00,1327.2800000000002,343.84749999999997,341.7746000000001,14103.009999999998,10216.110500000006,116.1875,218.15749999999997,0.0,0.33790415809334085,0.6383081130078125,3886.8994999999923
2026-05-13 13:15:00,1347.92,348.46500000000003,347.08939999999996,14220.050000000001,10467.4245,119.60000000000001,218.9775,0.0,0.34321954859168063,0.6308965355899662,3752.625500000002
2026-05-13 13:30:00,1324.1,352.8525,340.95574999999997,14349.685000000001,10160.198749999998,122.83,218.375,0.0,0.34810579491430554,0.6404790064399853,4189.486250000004
2026-05-13 13:45:00,1355.9899999999998,351.7475,349.167425,14418.285000000002,10694.965875,119.9175,216.71249999999998,0.0,0.3409192673721917,0.6206549766204564,3723.319125000002
2026-05-13 14:00:00,1365.02,355.3875,351.49265,14599.157500000001,10841.728250000002,120.57249999999999,216.33499999999998,0.0,0.3392705145791565,0.6154751742319504,3757.4292499999992
2026-05-13 14:15:00,1385.42,361.6275,356.74565000000007,15348.895,12023.268250000003,115.8575,198.4825,0.0,0.3203780132871532,0.5563697833456412,3325.6267499999976
2026-05-13 14:30:00,1410.64,363.87,363.23980000000006,14742.8925,11417.821500000002,128.805,217.73499999999999,0.0,0.35398631379338774,0.5994249528823657,3325.070999999998
2026-05-13 14:45:00,1412.87,366.2875,363.81402499999996,15230.5,11888.778874999996,122.3075,208.9475,0.0,0.33391120363102755,0.5743250277391039,3341.7211250000037
2026-05-13 15:00:00,1404.09,363.435,361.553175,15080.1775,11590.807125,120.91,212.42,0.0,0.3326867252741205,0.5875207706307654,3489.3703750000004
2026-05-13 15:15:00,1418.5500000000002,366.7375,365.2766250000001,15343.7775,11960.346875000005,119.8525,209.125,0.0,0.32680732131292817,0.5725113124881723,3383.4306249999954
2026-05-13 15:30:00,1398.64,362.58000000000004,360.1498,15158.86,11786.496500000003,119.43,206.96249999999998,0.0,0.32938937613767993,0.5746567122902747,3372.3634999999977
2026-05-13 15:45:00,1415.6999999999998,364.57,364.54274999999996,15468.572499999998,12208.48375,115.285,203.355,0.0,0.3162218503991003,0.5578358093803814,3260.088749999999
2026-05-13 16:00:00,1377.7,357.3725,354.75775000000004,15466.627499999999,12092.808750000004,107.6075,194.90499999999997,0.0,0.30110738794954844,0.5494030785796785,3373.818749999995
2026-05-13 16:15:00,1391.54,360.885,358.32155,15393.5975,12004.19275,112.8025,200.5975,0.0,0.3125718719259598,0.5598253858859452,3389.4047499999997
2026-05-13 16:30:00,1363.11,353.5725,351.00082499999996,15232.262499999999,11695.052875000001,106.95,198.7275,0.0,0.30248393186687317,0.5661738829246342,3537.2096249999977
2026-05-13 16:45:00,1357.5700000000002,350.98,349.57427500000006,15410.9375,12098.342625000005,101.6525,189.09249999999997,0.0,0.28962476494387146,0.5409222403450595,3312.594874999995
2026-05-13 17:00:00,1355.46,350.4975,349.03095,15227.755000000001,12081.459750000002,105.97749999999999,188.83249999999998,0.0,0.3023630696367306,0.5410193565928751,3146.295249999999
2026-05-13 17:15:00,1352.5500000000002,350.575,348.2816250000001,15087.072500000002,12001.121875000004,109.61999999999999,189.61499999999998,0.0,0.3126863010768024,0.5444301002098515,3085.9506249999977
2026-05-13 17:30:00,1348.3000000000002,349.5075,347.18725,15023.815,11960.806250000001,109.88250000000001,189.21749999999997,0.0,0.3143923950129826,0.5450012925301836,3063.008749999999
2026-05-13 17:45:00,1385.76,359.445,356.83320000000003,15389.602499999999,12475.208500000004,114.655,189.54,0.0,0.3189778686586265,0.5311725478458842,2914.393999999995
2026-05-13 18:00:00,1464.98,379.8425,377.23235,16006.465,13443.661749999997,127.225,192.60999999999999,0.0,0.3349414559982098,0.5105871752515392,2562.8032500000027
2026-05-13 18:15:00,1508.67,391.695,388.482525,16513.065,14032.296375000002,130.94,193.21249999999998,0.0,0.3342907108847445,0.49735184356104556,2480.768624999997
2026-05-13 18:30:00,1526.02,395.745,392.95015,16311.005,14191.015750000002,141.81,194.9525,0.0,0.35833680779289695,0.49612527186972694,2119.989249999997
2026-05-13 18:45:00,1527.12,395.7925,393.23339999999996,15957.5725,14106.219499999997,150.7275,196.95999999999998,0.0,0.3808245482165528,0.5008730184160348,1851.3530000000028
2026-05-13 19:00:00,1523.8000000000002,394.92499999999995,392.37850000000003,15731.41,14018.575000000003,155.265,197.77249999999998,0.0,0.39315059821485093,0.5040350070149102,1712.8349999999973
2026-05-13 19:15:00,1519.97,393.73749999999995,391.39227500000004,15697.369999999999,13985.707625000005,154.57,197.34499999999997,0.0,0.3925711927362774,0.5042128130914182,1711.6623749999944
2026-05-13 19:30:00,1515.46,392.8375,390.23095,15670.377499999999,13933.334749999998,154.0425,197.11499999999998,0.0,0.3921277882075922,0.5051239528796985,1737.0427500000005
2026-05-13 19:45:00,1512.19,391.9925,389.38892500000003,15573.695,13814.523375,154.89000000000001,198.565,0.0,0.3951351110033993,0.509940029753029,1759.171624999999
2026-05-13 20:00:00,1502.71,388.935,386.94782499999997,15717.915,13593.137875,145.835,200.30749999999998,0.0,0.37495982619203727,0.5176602297738719,2124.7771250000005
2026-05-13 20:15:00,1496.74,386.95,385.41055,15582.482499999998,13507.21275,146.535,200.33499999999998,0.0,0.3786923375113064,0.5197963574167858,2075.2697499999977
2026-05-13 20:30:00,1476.1899999999998,381.655,380.118925,15567.587500000001,13322.673375,139.815,198.20499999999998,0.0,0.3663387090435079,0.5214289185943582,2244.914125000001
2026-05-13 20:45:00,1458.9500000000005,377.82,375.6796250000001,15517.6925,13167.761875000007,136.09,196.42,0.0,0.36019797787306124,0.5228391079234066,2349.930624999992
2026-05-13 21:00:00,1428.7,369.68999999999994,367.89025000000004,15394.2875,12748.22125,127.40249999999999,196.24249999999998,0.0,0.3446198166030999,0.5334267488741546,2646.06625
2026-05-13 21:15:00,1412.7,366.03999999999996,363.77025000000003,15395.435000000001,12570.246250000002,122.2875,195.26999999999998,0.0,0.3340823407277893,0.5367948588429097,2825.1887499999993
2026-05-13 21:30:00,1390.8200000000002,360.71500000000003,358.13615000000004,15475.167500000001,12328.745750000002,112.6975,193.90249999999997,0.0,0.3124280942017936,0.5414211885619477,3146.4217499999995
2026-05-13 21:45:00,1358.09,352.235,349.708175,14879.8825,11707.832124999999,115.075,197.04999999999998,0.0,0.3266995045921047,0.5634698130805778,3172.0503750000007
2026-05-13 22:00:00,1344.87,348.27250000000004,346.3040249999999,14587.787500000002,11483.353874999997,116.8175,197.795,0.0,0.3354198221220452,0.571159980020446,3104.433625000005
2026-05-13 22:15:00,1307.07,339.8525,336.570525,14321.037499999999,10939.011375,111.4475,197.975,0.0,0.32792902803422075,0.588212529899937,3382.0261249999985
2026-05-13 22:30:00,1285.28,333.23249999999996,330.9596,14092.4,10626.6605,107.75999999999999,198.04999999999998,0.0,0.3233778217910918,0.5984114073137626,3465.7394999999997
2026-05-13 22:45:00,1245.17,323.4925,320.6312750000001,13721.0775,10077.477625000003,103.45,197.67249999999999,0.0,0.3197910307039576,0.6165103513373732,3643.5998749999962
2026-05-13 23:00:00,1218.33,317.5425,313.719975,13296.55,9697.481125,106.08,197.67,0.0,0.3340655187888235,0.6300842016833643,3599.068874999999
2026-05-13 23:15:00,1176.42,305.14,302.9281500000001,12922.9825,9135.555750000003,97.9625,197.0375,0.0,0.32104116143409583,0.6504430175934457,3787.426749999997
2026-05-14 00:00:00,1111.09,288.5325,286.10567499999996,12676.165,8495.444624999998,81.94999999999999,191.33499999999998,0.0,0.2840234635612972,0.6687563956919065,4180.720375000003
2026-05-14 00:15:00,1107.61,288.7525,285.209575,12642.455,8368.159124999998,82.64,192.89499999999998,0.0,0.286196656306006,0.6763272235863751,4274.295875000002
2026-05-14 00:30:00,1075.79,280.0375,277.015925,12505.225,7952.133374999999,73.6375,192.2025,0.0,0.26295585412667943,0.6938319520800112,4553.091625000001
2026-05-14 00:45:00,1048.01,273.0,269.862575,12166.2275,7657.824125000001,73.035,190.22,0.0,0.2675274725274725,0.7048772880048298,4508.403375
2026-05-14 01:00:00,1043.3200000000002,271.5875,268.65490000000005,12055.634999999998,7648.777000000004,74.3275,189.0725,0.0,0.2736779122750495,0.7037746194095099,4406.857999999995
2026-05-14 01:15:00,1045.47,271.06,269.208525,12021.3325,7712.601375000001,74.705,188.40499999999997,0.0,0.2756031874861654,0.6998478224268714,4308.731124999999
2026-05-14 01:30:00,1040.92,271.22249999999997,268.03690000000006,12046.065,7634.912000000002,74.185,188.67,0.0,0.273520817778761,0.7038956203418258,4411.152999999998
2026-05-14 01:45:00,1031.07,268.4325,265.5005249999999,12045.77,7516.661374999998,70.19500000000001,188.24499999999998,0.0,0.261499632123532,0.7090193136152934,4529.108625000003
2026-05-14 02:00:00,992.42,258.84000000000003,255.54815,11673.3425,6932.78075,65.745,188.975,0.0,0.25399860917941586,0.7394888204042956,4740.561750000001
2026-05-14 02:15:00,1001.83,261.3825,257.971225,11889.492499999998,7172.424875,64.42999999999999,186.8475,0.0,0.2464969919562327,0.7242958977304542,4717.067624999999
2026-05-14 02:30:00,978.61,255.46249999999998,251.992075,11656.5425,6785.4466250000005,61.5175,188.01,0.0,0.24080833781866223,0.7460948920715066,4871.095874999999
2026-05-14 02:45:00,987.35,258.315,254.242625,11863.0625,6901.601875,60.1225,188.1625,0.0,0.2327487757195672,0.7400902976045027,4961.460625
2026-05-14 03:00:00,981.65,256.52,252.774875,11837.2475,6762.250625000001,57.74,189.33499999999998,0.0,0.2250896616248246,0.7490261838721114,5074.996874999999
2026-05-14 03:15:00,962.7,252.005,247.89525,11645.9575,6525.74625,56.4225,188.6975,0.0,0.22389436717525446,0.7611985304276705,5120.21125
2026-05-14 03:30:00,999.06,260.6975,257.25795,11868.9625,7040.81975,63.3175,188.695,0.0,0.24287728114001864,0.7334855929622389,4828.14275
2026-05-14 03:45:00,985.68,258.01,253.8126,11836.095000000001,6915.950500000001,60.665000000000006,187.40249999999997,0.0,0.23512654548273326,0.7383498691554319,4920.1445
2026-05-14 04:00:00,990.07,258.8825,254.943025,11860.887499999999,6991.373875000001,61.385000000000005,187.1375,0.0,0.23711529361776099,0.7340365558147747,4869.513624999998
2026-05-14 04:15:00,968.92,254.03,249.49689999999998,11670.48,6641.9619999999995,58.967499999999994,188.135,0.0,0.23212809510687712,0.7540574652430552,5028.518
2026-05-14 04:30:00,998.24,260.91499999999996,257.0468,11939.445,6978.206500000002,61.377500000000005,189.71499999999997,0.0,0.2352394457965238,0.7380562605720047,4961.238499999998
2026-05-14 04:45:00,1006.3,262.885,259.12225,11993.862500000001,7073.481250000001,62.7025,190.09249999999997,0.0,0.23851684196511783,0.7336016108226907,4920.38125
2026-05-14 05:00:00,1018.64,265.1175,262.2998,12070.137499999999,7207.746500000001,63.675000000000004,190.90249999999997,0.0,0.2401765255028431,0.7278026898991153,4862.390999999998
2026-05-14 05:15:00,1037.77,271.0575,267.225775,12175.58,7513.550125,69.9,190.20499999999998,0.0,0.25787886334080407,0.7117763995632531,4662.029875
2026-05-14 05:30:00,1043.1,271.975,268.59825,12167.365,7528.786250000001,71.0625,191.41,0.0,0.2612832061770383,0.7126256407106152,4638.578749999999
2026-05-14 05:45:00,1074.62,279.9675,276.71465,12469.155,7993.438250000003,74.91499999999999,191.045,0.0,0.2675846303588809,0.6904043569792925,4475.716749999998
2026-05-14 06:00:00,1108.68,288.9,285.48510000000005,13020.615,8518.688000000002,73.59,190.1875,0.0,0.2547248182762202,0.6661906348177189,4501.926999999998
2026-05-14 06:15:00,1151.16,299.90250000000003,296.42370000000005,13437.3775,9186.311000000002,79.145,188.86749999999998,0.0,0.263902434958028,0.637153844311369,4251.066499999999
2026-05-14 06:30:00,1147.94,298.615,295.59455,13331.1525,9183.457750000001,80.4025,188.0125,0.0,0.2692513771913668,0.6360486010313788,4147.694749999999
2026-05-14 06:45:00,1144.81,298.11,294.788575,13301.88,9154.004125,80.5475,187.71499999999997,0.0,0.2701938881620878,0.6367784097467142,4147.875875
2026-05-14 07:00:00,1169.17,306.135,301.061275,13596.225,9419.127625000001,83.96,189.3125,0.0,0.2742580887516945,0.62881717351393,4177.097374999999
2026-05-14 07:15:00,1199.38,311.22,308.84035,13633.067500000001,9702.10175,89.505,192.20999999999998,0.0,0.28759398496240596,0.6223603878184958,3930.965750000001
2026-05-14 07:30:00,1210.06,314.15999999999997,311.5904499999999,13622.342499999999,9714.232249999997,93.18749999999999,194.99249999999998,0.0,0.29662433155080214,0.6257974209414956,3908.1102500000015
2026-05-14 07:45:00,1197.2,309.81,308.279,13250.1675,9247.477499999999,94.78,200.685,0.0,0.30592944062489913,0.6509849843810315,4002.6900000000005
2026-05-14 08:00:00,1251.19,323.355,322.181425,13730.31,9812.860875000002,100.5375,204.67,0.0,0.31091988681170846,0.6352631906075901,3917.4491249999974
2026-05-14 08:15:00,1246.97,323.1975,321.094775,13630.7575,9679.595125000002,102.4775,206.14,0.0,0.3170739253861803,0.6419911379747614,3951.162374999998
2026-05-14 08:30:00,1283.99,332.03499999999997,330.627425,14007.162499999999,10140.390875000003,104.99499999999999,207.41,0.0,0.3162166639059135,0.6273224309810355,3866.7716249999958
2026-05-14 08:45:00,1302.6999999999998,336.805,335.44525000000004,14090.2225,10287.871250000002,109.015,209.76,0.0,0.3236739359570078,0.6253181405907521,3802.351249999998
2026-05-14 09:00:00,1329.46,343.7525,342.33595,14418.4975,10594.984750000001,109.965,211.1975,0.0,0.3198958553028705,0.6169305327120916,3823.512749999998
2026-05-14 09:15:00,1333.16,344.165,343.2887,14416.1525,10566.761,110.075,212.81,0.0,0.31983205729809827,0.6199155404765726,3849.3914999999997
2026-05-14 09:30:00,1350.42,349.39,347.73315,14557.82,10726.455750000001,113.41749999999999,214.505,0.0,0.3246157588940725,0.616866697926269,3831.3642499999987
2026-05-14 09:45:00,1351.2800000000002,349.1825,347.95460000000014,14494.7025,10630.135500000008,114.0525,216.67499999999998,0.0,0.32662719351628444,0.6227105490199005,3864.566999999992
2026-05-14 10:00:00,1360.33,350.55,350.2849749999999,14273.357500000002,10580.056124999997,120.815,220.23999999999998,0.0,0.3446441306518328,0.6287452095254729,3693.3013750000046
2026-05-14 10:15:00,1344.6,348.47249999999997,346.2344999999999,14239.71,10344.654999999997,118.54749999999999,220.49249999999998,0.0,0.34019183723249324,0.6368299519545281,3895.055000000002
2026-05-14 10:30:00,1372.27,354.755,353.359525,14509.37,10662.781375000002,120.08,221.96749999999997,0.0,0.33848712491719635,0.6281633415711659,3846.5886249999985
2026-05-14 10:45:00,1378.11,356.9175,354.8633249999999,14502.425,10741.615374999998,123.455,222.045,0.0,0.34589225801480733,0.6257197753529476,3760.8096250000017
2026-05-14 11:00:00,1377.4499999999998,355.73749999999995,354.69337499999995,14533.164999999999,10718.018124999997,120.77,222.32999999999998,0.0,0.33949190062897505,0.626823097555741,3815.146875000002
2026-05-14 11:15:00,1402.17,363.0625,361.0587750000001,14767.325,11045.365125000002,125.17000000000002,222.785,0.0,0.34476157686348774,0.6170325039185101,3721.9598749999986
2026-05-14 11:30:00,1402.99,360.7675,361.269925,14675.2925,11029.103375,124.05,223.34249999999997,0.0,0.34385026367397287,0.6182150368592126,3646.189124999999
2026-05-14 11:45:00,1382.37,357.865,355.96027499999997,14505.11,10653.822624999999,123.75,225.0075,0.0,0.34580079080100035,0.6321140750888565,3851.2873750000017
2026-05-14 12:00:00,1359.56,350.66499999999996,350.0867,14160.76,10236.276000000002,121.69,226.89749999999998,0.0,0.3470263641937462,0.6481180233353623,3924.4839999999986
2026-05-14 12:15:00,1327.76,344.0025,341.8982,13576.3625,9760.5335,127.4025,227.40499999999997,0.0,0.37035341312926506,0.6651248822017781,3815.8289999999997
2026-05-14 12:30:00,1325.58,343.88,341.3368499999999,13594.7275,9769.284249999997,127.0025,226.61249999999998,0.0,0.3693221472606723,0.6638969686396299,3825.443250000004
2026-05-14 12:45:00,1347.2,348.39,346.904,13715.03,9991.8525,129.8675,228.285,0.0,0.3727647177014266,0.6580639024052763,3723.1775
2026-05-14 13:00:00,1360.21,350.855,350.254075,13883.449999999999,10165.106625,128.9025,228.505,0.0,0.3673953627566944,0.6523978343435405,3718.3433749999986
2026-05-14 13:15:00,1365.54,354.195,351.62655,14016.4875,10286.592750000002,130.595,227.58499999999998,0.0,0.3687093267832691,0.6472349713069163,3729.8947499999977
2026-05-14 13:30:00,1383.89,357.725,356.35167500000006,14260.230000000001,10577.474625000004,129.47249999999997,226.96499999999997,0.0,0.36193304912991814,0.636912959648639,3682.755374999997
2026-05-14 13:45:00,1373.56,355.3275,353.6917,14111.267500000002,10466.801000000001,130.185,226.2525,0.0,0.36638031112143027,0.6396884631445974,3644.4665000000005
2026-05-14 14:00:00,1403.0800000000002,363.3075,361.29310000000004,14525.652499999998,10974.878000000002,131.48000000000002,224.4525,0.0,0.3618972908624237,0.6212476795156064,3550.774499999996
2026-05-14 14:15:00,1407.73,364.21000000000004,362.490475,14728.4375,11146.983625,128.0875,222.3275,0.0,0.35168584058647484,0.6133333572420074,3581.4538749999992
2026-05-14 14:30:00,1409.91,365.14250000000004,363.051825,14904.585,11320.107875000002,125.7125,219.4825,0.0,0.3442833962083296,0.604548675660837,3584.4771249999976
2026-05-14 14:45:00,1411.81,365.47,363.541075,14937.400000000001,11395.766624999998,125.655,218.5075,0.0,0.3438175500041043,0.6010531272154047,3541.633375000003
2026-05-14 15:00:00,1417.13,366.2475,364.91097500000006,14994.4525,11492.986125000003,125.42250000000001,218.07,0.0,0.3424528495075052,0.5975978113565917,3501.4663749999963
2026-05-14 15:15:00,1425.11,368.4875,366.965825,15036.5825,11704.752875000002,128.3075,216.09499999999997,0.0,0.3482004138539299,0.5888695493647126,3331.8296249999985
2026-05-14 15:30:00,1425.5300000000002,368.565,367.07397500000013,15132.2225,11818.451125000007,126.595,213.94,0.0,0.34348079714568663,0.5828253010854282,3313.771374999993
2026-05-14 15:45:00,1421.32,366.695,365.9898999999999,15273.1475,11865.701999999997,120.7575,211.80249999999998,0.0,0.3293131894353618,0.578711325093944,3407.4455000000016
2026-05-14 16:00:00,1416.67,364.36,364.792525,15243.48,11910.721375000001,118.86749999999999,209.58499999999998,0.0,0.3262364145350752,0.5745320576401612,3332.7586249999986
2026-05-14 16:15:00,1405.81,361.1875,361.996075,15102.39,11965.416625000002,119.43,205.415,0.0,0.3306592836130819,0.567450903991155,3136.9733749999978
2026-05-14 16:30:00,1382.85,358.57,356.08387500000003,15156.7725,11827.120625,115.3825,201.67749999999998,0.0,0.32178514655436874,0.566376390955642,3329.6518749999996
2026-05-14 16:45:00,1378.15,356.8125,354.87362500000006,15142.992499999998,11948.056875000006,114.46,197.92749999999998,0.0,0.32078472587143103,0.5577408013909175,3194.935624999993
2026-05-14 17:00:00,1370.48,354.6325,352.8986,15233.0225,11979.430499999999,109.77,195.1275,0.0,0.30953169830740274,0.5529279515418877,3253.5920000000006
2026-05-14 17:15:00,1365.3200000000002,352.1725,351.5699000000001,15266.380000000001,12084.352000000004,106.46249999999999,191.5675,0.0,0.3023021388666065,0.5448916417474874,3182.0279999999966
2026-05-14 17:30:00,1373.85,354.885,353.7663749999999,15502.057499999999,12355.658124999998,105.1825,188.55749999999998,0.0,0.2963847443538048,0.5330000625412746,3146.399375000001
2026-05-14 17:45:00,1413.23,366.685,363.90672499999994,15854.8175,13029.502374999998,114.005,186.23499999999999,0.0,0.3109071819136316,0.5117657553594263,2825.315125000001
2026-05-14 18:00:00,1479.46,383.0975,380.96095,16445.8275,14047.359750000001,122.99000000000001,184.6375,0.0,0.32104098826016875,0.4846625356220893,2398.467749999998
2026-05-14 18:15:00,1539.39,398.8175,396.39292500000005,16758.84,14904.618375000004,137.95749999999998,184.46749999999997,0.0,0.3459163652547844,0.4653652685652751,1854.2216249999965
2026-05-14 18:30:00,1557.36,404.225,401.0202,16987.025,15163.243499999999,139.85750000000002,184.385,0.0,0.3459892386665842,0.4597898060995431,1823.7815000000028
2026-05-14 18:45:00,1559.16,402.9075,401.4837000000001,16914.2325,15150.111000000004,139.595,185.1575,0.0,0.346469102709679,0.4611831065619848,1764.1214999999938
2026-05-14 19:00:00,1553.91,401.88750000000005,400.13182500000005,16876.395,15092.632875000003,139.22,184.82,0.0,0.34641535255513045,0.4618977758142581,1783.7621249999975
2026-05-14 19:15:00,1550.43,402.43999999999994,399.235725,16865.844999999998,14986.222375000001,139.92499999999998,185.96249999999998,0.0,0.3476915813537422,0.46579624105533135,1879.6226249999963
2026-05-14 19:30:00,1549.42,401.7875,398.9756500000001,16803.962499999998,14955.543250000002,140.51250000000002,186.29,0.0,0.3497184456957969,0.4669207256132046,1848.4192499999954
2026-05-14 19:45:00,1535.14,398.6675,395.2985500000001,16735.1575,14743.802750000003,137.6675,186.48,0.0,0.3453190942326625,0.47174471042203403,1991.3547499999986
2026-05-14 20:00:00,1525.71,395.9475,392.870325,16973.1125,14668.875375000001,127.605,185.30749999999998,0.0,0.3222775746784612,0.471675991308328,2304.237124999998
2026-05-14 20:15:00,1516.0200000000002,393.22,390.3751500000001,16926.6925,14385.390750000006,123.7775,188.2325,0.0,0.31477925843039517,0.4821836123533989,2541.301749999995
2026-05-14 20:30:00,1504.4900000000002,389.85749999999996,387.4061750000001,16807.92,14351.347125000004,122.8975,185.64749999999998,0.0,0.31523697761361524,0.4792063523509917,2456.5728749999944
2026-05-14 20:45:00,1490.01,386.2575,383.677575,16756.0075,14296.524125,120.005,182.64249999999998,0.0,0.31068652388626755,0.4760312092777379,2459.483375
2026-05-14 21:00:00,1463.9799999999998,380.525,376.97484999999995,16774.385,13922.249249999997,110.94749999999999,182.755,0.0,0.29156428618356217,0.4847936142159086,2852.1357500000013
2026-05-14 21:15:00,1443.42,374.9025,371.68065,16607.635,13636.19325,107.13250000000001,182.65249999999997,0.0,0.28576096451744126,0.4914232150637919,2971.441749999998
2026-05-14 21:30:00,1412.81,367.54499999999996,363.79857499999997,16348.25,13222.804124999999,103.3475,182.25,0.0,0.28118325647199666,0.5009640293395872,3125.4458750000013
2026-05-14 21:45:00,1379.75,358.5875,355.285625,16051.6375,12662.966875,97.405,184.08249999999998,0.0,0.2716352354725137,0.5181253815152245,3388.6706250000007
2026-05-14 22:00:00,1372.6,356.655,353.4445,16082.289999999999,12615.58,94.0825,183.005,0.0,0.26379133896903173,0.5177757752631601,3466.709999999999
2026-05-14 22:15:00,1324.77,344.5525,341.12827500000003,15647.1875,11977.062625000002,88.125,182.2275,0.0,0.25576653775549446,0.5341905475293713,3670.1248749999977
2026-05-14 22:30:00,1292.5700000000002,336.24,332.83677500000005,15293.08,11421.905125000003,84.6425,184.20999999999998,0.0,0.2517323935284321,0.5534544672835505,3871.174874999997
2026-05-14 22:45:00,1271.29,330.385,327.357175,14874.929999999998,11001.277125,86.4025,186.595,0.0,0.2615206501505819,0.5700043079856124,3873.652874999998
2026-05-14 23:00:00,1238.7,322.39750000000004,318.9652500000001,14476.4375,10557.971250000002,85.42750000000001,186.23,0.0,0.26497568994796794,0.5838567053934557,3918.4662499999977
2026-05-14 23:15:00,1219.67,317.9275,314.0650250000001,14425.262499999999,10213.958875000004,79.6425,187.72,0.0,0.25050522524789454,0.5977106174111554,4211.303624999995
2026-05-15 00:00:00,1135.33,295.935,292.347475,13414.38,8992.868625,74.085,188.2525,0.0,0.25034213594201427,0.6439340719464056,4421.511375
2026-05-15 00:15:00,1134.63,294.175,292.16722500000003,13255.207499999999,8918.454875000003,75.31750000000001,189.5425,0.0,0.2560295742330246,0.6487466210489556,4336.7526249999955
2026-05-15 00:30:00,1105.1,288.38250000000005,284.56325,13000.8075,8575.98625,74.11500000000001,188.02749999999997,0.0,0.25700241866271356,0.6607581969913543,4424.821250000001
2026-05-15 00:45:00,1095.86,285.30499999999995,282.18395,12782.95,8523.624749999999,75.97999999999999,186.45749999999998,0.0,0.26631149121116,0.6607657877069195,4259.325250000002
2026-05-15 01:00:00,1063.0300000000002,277.4225,273.7302250000001,12450.317500000001,8087.794875000004,73.4575,185.875,0.0,0.26478566086024025,0.6790444862272698,4362.522624999997
2026-05-15 01:15:00,1063.91,278.2,273.95682500000004,12517.275,8125.007875000002,72.97749999999999,185.38,0.0,0.26232027318475915,0.6766759689232053,4392.267124999998
2026-05-15 01:30:00,1068.9900000000002,277.9775,275.26492500000006,12535.24,8188.953375000005,72.105,185.54,0.0,0.25939149751328794,0.6740415619607182,4346.286624999995
2026-05-15 01:45:00,1062.69,276.65999999999997,273.642675,12427.8725,8131.979625,73.27499999999999,184.89499999999998,0.0,0.26485577965734114,0.6756804288658558,4295.892875
2026-05-15 02:00:00,1033.5300000000002,269.6275,266.1339750000001,12025.380000000001,7697.376125000004,73.5475,185.3275,0.0,0.27277447589730275,0.696369187737116,4328.003874999997
2026-05-15 02:15:00,1026.44,267.805,264.30830000000003,12073.587499999998,7593.339000000003,69.50999999999999,185.39999999999998,0.0,0.2595545266145142,0.7014535676707843,4480.248499999995
2026-05-15 02:30:00,1032.6899999999998,268.915,265.91767500000003,12134.04,7653.229625,69.32499999999999,185.9725,0.0,0.25779521410110995,0.6993611838701582,4480.810375000001
2026-05-15 02:45:00,1010.93,264.6125,260.314475,11779.055,7383.678625000001,72.795,185.2,0.0,0.2751003826349851,0.7114471832578653,4395.376374999999
2026-05-15 03:00:00,1017.63,265.8475,262.03972500000003,11524.43,7420.567375000002,81.105,186.35999999999999,0.0,0.30508092045251506,0.7111898777942923,4103.862624999998
2026-05-15 03:15:00,1020.36,266.605,262.7427,11561.8475,7552.481,81.875,184.49499999999998,0.0,0.30710226739933605,0.702188871470073,4009.3665
2026-05-15 03:30:00,1009.54,263.2925,259.95655,11414.5525,7354.49275,80.6175,185.39,0.0,0.30618988387439827,0.713157641151954,4060.0597499999994
2026-05-15 03:45:00,1022.83,266.5425,263.37872500000003,11553.635,7566.962375000003,81.86,184.90499999999997,0.0,0.30711800181959725,0.7020498713402153,3986.6726249999974
2026-05-15 04:00:00,1008.52,262.5175,259.6939,11394.242499999998,7316.297,79.8475,185.86499999999998,0.0,0.3041606750026189,0.7157079931411557,4077.945499999999
2026-05-15 04:15:00,1037.52,269.8175,267.1614,11674.6925,7722.509500000001,83.08749999999999,185.95499999999998,0.0,0.30793962585821893,0.6960399219348303,3952.182999999998
2026-05-15 04:30:00,1034.54,269.69,266.39405,11696.665,7735.93025,82.69500000000001,184.84249999999997,0.0,0.3066298342541437,0.6938687256716131,3960.7347500000005
2026-05-15 04:45:00,1041.2400000000002,271.445,268.11930000000007,11729.6025,7786.194000000003,84.1,185.73499999999999,0.0,0.3098233527970675,0.692732675342655,3943.4084999999977
2026-05-15 05:00:00,1040.38,271.7125,267.89785000000006,11909.8025,7686.514250000002,79.0125,187.48499999999999,0.0,0.29079449786079037,0.6998376433405492,4223.288249999998
2026-05-15 05:15:00,1058.98,276.3125,272.68735000000004,12153.325,7925.936750000003,79.10000000000001,187.96499999999997,0.0,0.28627007464374576,0.689305902895752,4227.388249999998
2026-05-15 05:30:00,1067.89,278.7875,274.98167500000005,12335.415,8090.874625000002,78.13,187.19,0.0,0.2802492938169753,0.6807362708805959,4244.540374999999
2026-05-15 05:45:00,1108.51,287.9,285.441325,12688.289999999999,8571.030375000002,81.47,189.09249999999997,0.0,0.2829802014588399,0.6624566362281283,4117.259624999997
2026-05-15 06:00:00,1138.79,296.745,293.238425,13093.960000000001,9049.120875000002,84.0,188.1075,0.0,0.2830713238639236,0.6414831207745028,4044.8391249999986
2026-05-15 06:15:00,1153.13,300.255,296.93097500000005,13286.3525,9269.961125000002,84.1425,187.7525,0.0,0.2802367987210871,0.6323102532499345,4016.3913749999992
2026-05-15 06:30:00,1156.37,300.98249999999996,297.765275,13413.314999999999,9269.597624999999,81.4675,188.67749999999998,0.0,0.2706718829167809,0.6336450749671868,4143.717375
2026-05-15 06:45:00,1149.32,299.365,295.94990000000007,13316.025,9204.252000000004,81.935,187.98749999999998,0.0,0.2736959898451723,0.6352004173679394,4111.772999999996
2026-05-15 07:00:00,1201.06,312.4825,309.27295,13735.6775,9672.39475,88.2325,193.27999999999997,0.0,0.28235981214948036,0.6249495793279043,4063.2827500000003
2026-05-15 07:15:00,1195.17,310.94,307.756275,13673.7225,9554.602625000001,87.3725,193.96749999999997,0.0,0.2809947256705474,0.6302633471892651,4119.1198749999985
2026-05-15 07:30:00,1218.96,315.705,313.8822,13737.564999999999,9766.278500000002,91.85,196.4725,0.0,0.29093615875580053,0.6259434271838288,3971.2864999999965
2026-05-15 07:45:00,1210.25,314.745,311.6393750000001,13536.9125,9508.298125000003,94.9,199.165,0.0,0.3015139239701981,0.6390880484855289,4028.6143749999974
2026-05-15 08:00:00,1263.19,327.1825,325.271425,14046.025000000001,10151.560875,98.88,201.295,0.0,0.3022166527855249,0.6188523938123368,3894.4641250000022
2026-05-15 08:15:00,1269.14,329.0075,326.80355,13956.9475,10019.82775,102.48249999999999,205.61499999999998,0.0,0.3114898596536553,0.629170031965687,3937.11975
2026-05-15 08:30:00,1281.28,331.875,329.92960000000005,13936.315,10117.3855,106.78,207.1025,0.0,0.3217476459510358,0.627717246345887,3818.9295
2026-05-15 08:45:00,1314.65,339.8875,338.522375,14165.437499999998,10470.738125000003,111.66,209.48749999999998,0.0,0.3285204663307712,0.6188291098926622,3694.6993749999947
2026-05-15 09:00:00,1382.0700000000002,357.39250000000004,355.88302500000003,14681.529999999999,11120.323875000002,121.5875,215.59249999999997,0.0,0.34020719517057574,0.6057959634348954,3561.206124999997
2026-05-15 09:15:00,1341.28,357.39250000000004,345.3796,14681.529999999999,10542.6355,121.5875,215.59249999999997,0.0,0.34020719517057574,0.6242189752955878,4138.8944999999985
2026-05-15 09:30:00,1341.28,357.39250000000004,345.3796,14681.529999999999,10542.6355,121.5875,215.59249999999997,0.0,0.34020719517057574,0.6242189752955878,4138.8944999999985
2026-05-15 09:45:00,1382.0700000000002,357.39250000000004,355.88302500000003,14681.529999999999,11120.323875000002,121.5875,215.59249999999997,0.0,0.34020719517057574,0.6057959634348954,3561.206124999997
2026-05-15 10:00:00,1382.0700000000002,357.39250000000004,355.88302500000003,14681.529999999999,11120.323875000002,121.5875,215.59249999999997,0.0,0.34020719517057574,0.6057959634348954,3561.206124999997
2026-05-15 10:15:00,1364.3,353.1475,351.30724999999995,14486.892499999998,10837.656249999998,120.32000000000001,216.21249999999998,0.0,0.34070749474369777,0.6154512894339642,3649.23625
2026-05-15 10:30:00,1404.43,361.7525,361.64072500000003,14973.125000000002,11371.872375000003,119.72999999999999,216.89499999999998,0.0,0.3309721425560293,0.5997526965471047,3601.252624999999
2026-05-15 10:45:00,1404.68,361.72249999999997,361.7051,14917.2575,11335.163,120.91250000000001,217.7,0.0,0.3342686728085757,0.6018715246204711,3582.0944999999992
2026-05-15 11:00:00,1412.65,365.4975,363.7573750000001,15154.8125,11398.788125000005,119.75750000000001,218.685,0.0,0.3276561399188777,0.6011836873410469,3756.0243749999954
2026-05-15 11:15:00,1429.17,369.33,368.011275,15290.6675,11616.002625000001,121.66499999999999,219.01999999999998,0.0,0.32942084314840386,0.595144809082276,3674.6648749999986
2026-05-15 11:30:00,1401.37,364.2625,360.85277499999995,15040.095,11223.785124999999,120.91499999999999,218.98999999999998,0.0,0.3319446827493909,0.6068679948491459,3816.309875000001
2026-05-15 11:45:00,1393.56,360.71999999999997,358.84169999999995,14848.375,11122.676,120.8975,218.79999999999998,0.0,0.3351560767354181,0.609739614989005,3725.6990000000005
2026-05-15 12:00:00,1350.14,349.7075,347.66105000000005,14526.3575,10507.990250000004,113.2325,218.795,0.0,0.3237920261933187,0.6293342322932062,4018.3672499999957
2026-05-15 12:15:00,1347.69,349.605,347.03017500000004,14624.842499999999,10459.292125000004,110.32000000000001,219.075,0.0,0.3155561276297536,0.631285161297573,4165.550374999995
2026-05-15 12:30:00,1331.55,345.3825,342.87412500000005,14430.859999999999,10260.084375000002,109.49249999999999,218.48749999999998,0.0,0.3170180886408547,0.6372236458496247,4170.775624999997
2026-05-15 12:45:00,1330.67,345.37749999999994,342.647525,14390.335,10248.996374999999,110.58999999999999,218.45999999999998,0.0,0.3202003604751323,0.6375647978195669,4141.338625
2026-05-15 13:00:00,1346.19,350.555,346.6439250000001,14621.6725,10494.923375000004,112.2175,217.9375,0.0,0.3201138195147694,0.6287071091755032,4126.749124999997
2026-05-15 13:15:00,1358.32,351.53499999999997,349.7674,14408.3825,10732.3395,119.9,216.625,0.0,0.3410755685778088,0.6193401672082647,3676.0429999999997
2026-05-15 13:30:00,1351.7,351.1775,348.06274999999994,14418.375,10633.458749999998,119.0625,216.7275,0.0,0.3390379508937788,0.6226678953723144,3784.916250000002
2026-05-15 13:45:00,1356.64,351.85749999999996,349.3348,14391.815,10693.2965,120.72,216.92999999999998,0.0,0.34309343981583457,0.6209802172586298,3698.5185
2026-05-15 14:00:00,1381.56,358.2725,355.7516999999999,14724.872500000001,11115.350999999997,121.74,215.54749999999999,0.0,0.3397972213887474,0.6058930990350855,3609.5215000000044
2026-05-15 14:15:00,1387.35,359.6,357.242625,14692.46,11259.351874999998,125.025,214.3075,0.0,0.3476779755283648,0.5998934197731864,3433.1081250000007
2026-05-15 14:30:00,1399.38,361.83500000000004,360.34035000000006,14829.935000000001,11531.226750000005,125.345,212.27749999999997,0.0,0.3464148023270275,0.5891027746406972,3298.708249999996
2026-05-15 14:45:00,1386.88,359.2,357.12160000000006,14747.3125,11427.320500000002,124.175,210.815,0.0,0.3456987750556793,0.5903171356759154,3319.9919999999984
2026-05-15 15:00:00,1390.02,361.46,357.93015,14940.45,11586.415750000002,123.11999999999999,208.52249999999998,0.0,0.3406186023349748,0.5825787517480714,3354.034249999999
2026-05-15 15:15:00,1401.24,363.0275,360.8193,14932.695,11813.318999999998,126.1375,207.1625,0.0,0.3474599031753793,0.574144731171531,3119.376000000002
2026-05-15 15:30:00,1398.65,362.03,360.152375,14947.2775,11865.138125000001,124.8825,205.39249999999998,0.0,0.3449506946938099,0.5702933376463225,3082.139374999999
2026-05-15 15:45:00,1395.8300000000002,361.49,359.42622500000004,14995.425000000001,11944.949875000002,123.62,202.9975,0.0,0.34197349857534093,0.5647821051454995,3050.475124999999
2026-05-15 16:00:00,1381.01,357.9175,355.610075,14887.454999999998,11817.936625000002,121.81,201.33999999999997,0.0,0.34032982461042,0.5661819339623603,3069.518374999996
2026-05-15 16:15:00,1369.4299999999998,355.115,352.628225,14829.6625,11775.809874999999,120.0625,198.90249999999997,0.0,0.3380947017163454,0.5640572305294053,3053.8526250000014
2026-05-15 16:30:00,1378.31,356.6725,354.91482499999995,14947.362500000001,12035.822874999998,120.14,196.21749999999997,0.0,0.33683561250166466,0.5528579990987978,2911.539625000003
2026-05-15 16:45:00,1364.3200000000002,352.1775,351.3124,14900.8625,12008.8145,115.9175,192.795,0.0,0.32914510438628247,0.5487850699263674,2892.047999999999
2026-05-15 17:00:00,1348.51,349.58750000000003,347.241325,14894.03,11954.655375000002,113.44500000000001,189.39999999999998,0.0,0.3245110308577967,0.5454419919633701,2939.3746249999986
2026-05-15 17:15:00,1351.35,349.71,347.972625,14989.059999999998,12125.626875,111.97749999999999,186.785,0.0,0.32020102370535586,0.5367807309554883,2863.4331249999977
2026-05-15 17:30:00,1347.47,349.775,346.973525,15221.94,12271.676375,107.1925,182.765,0.0,0.3064612965477807,0.5267404768130364,2950.2636250000014
2026-05-15 17:45:00,1384.45,358.645,356.495875,15536.275000000001,12852.030625000001,112.28,181.6325,0.0,0.31306723919195867,0.5094939738082523,2684.244375
2026-05-15 18:00:00,1461.34,379.1475,376.29505,16037.4525,13881.73525,128.79500000000002,182.8175,0.0,0.33969629234005244,0.4858355165713713,2155.7172499999997
2026-05-15 18:15:00,1510.66,391.8175,388.99495,16277.0025,14586.354750000002,141.19750000000002,182.695,0.0,0.3603654762740307,0.4696590534144466,1690.6477499999983
2026-05-15 18:30:00,1526.18,396.1375,392.99135,16490.6575,14763.15675,141.5425,183.55499999999998,0.0,0.35730649080180493,0.46707134902587544,1727.500750000001
2026-05-15 18:45:00,1528.69,397.1275,393.63767500000006,16481.09,14768.079625000002,143.0575,184.1675,0.0,0.3602306564012817,0.4678604506034641,1713.010374999998
2026-05-15 19:00:00,1527.41,396.615,393.30807500000003,16534.48,14788.701625000002,141.125,183.39249999999998,0.0,0.3558236577033143,0.46628206146034495,1745.778374999998
2026-05-15 19:15:00,1518.2399999999998,394.82,390.94679999999994,16469.7725,14608.581499999997,139.8525,184.39749999999998,0.0,0.3542183779950357,0.4716690352753879,1861.1910000000025
2026-05-15 19:30:00,1512.84,392.7025,389.55629999999996,16487.6725,14589.228999999998,136.6225,183.255,0.0,0.3479033110306148,0.4704198083819977,1898.443500000003
2026-05-15 19:45:00,1503.23,390.1575,387.081725,16337.4775,14389.627375000002,136.4525,184.52499999999998,0.0,0.34973696519995123,0.47670811635449845,1947.850124999999
2026-05-15 20:00:00,1486.3100000000002,386.41499999999996,382.72482500000007,16434.2225,14188.122875000005,128.54250000000002,183.7625,0.0,0.332654011878421,0.48014261943943654,2246.0996249999953
2026-05-15 20:15:00,1475.25,383.465,379.876875,16314.019999999999,14037.735625,127.45,183.6375,0.0,0.3323641010261693,0.4834132111884936,2276.2843749999993
2026-05-15 20:30:00,1462.38,379.86749999999995,376.56285,16324.0725,13858.214250000003,121.85,183.58249999999998,0.0,0.3207697420811204,0.4875215385691923,2465.8582499999975
2026-05-15 20:45:00,1451.41,377.24,373.73807500000004,16136.8525,13711.851625000003,123.06750000000001,183.40249999999997,0.0,0.3262313116318524,0.49072468733617775,2425.000874999998
2026-05-15 21:00:00,1424.19,369.6425,366.728925,16019.63,13327.473375,114.94999999999999,183.38,0.0,0.31097614587067235,0.5000423678061391,2692.1566249999996
2026-05-15 21:15:00,1399.28,363.4125,360.3146,15741.199999999999,12976.5605,113.2275,183.34249999999997,0.0,0.3115674337013724,0.5088400525540735,2764.6394999999993
2026-05-15 21:30:00,1375.0700000000002,357.23,354.0805250000001,15653.285,12628.936375000005,106.38,183.4375,0.0,0.2977913389133051,0.5180671825992124,3024.348624999995
2026-05-15 21:45:00,1344.1799999999998,350.055,346.12634999999995,15354.0575,12165.956749999996,103.6225,183.9475,0.0,0.29601776863635715,0.5314461034243709,3188.100750000005
2026-05-15 22:00:00,1326.54,345.16499999999996,341.58405000000005,15025.249999999998,11836.75525,104.68249999999999,185.535,0.0,0.3032824880854084,0.5431606071770622,3188.494749999998
2026-05-15 22:15:00,1296.75,337.9,333.91312500000004,14763.885,11466.854375000003,101.3125,184.49499999999998,0.0,0.2998298313110388,0.5525239536481231,3297.0306249999976
2026-05-15 22:30:00,1269.77,330.85749999999996,326.965775,14607.5075,11035.250124999999,94.7225,185.48499999999999,0.0,0.28629394830100574,0.5672917907080641,3572.257375000001
2026-05-15 22:45:00,1231.0500000000002,320.3275,316.9953750000001,14249.03,10431.253125000005,88.36749999999999,186.5975,0.0,0.27586610578236337,0.5886442349513773,3817.776874999996
2026-05-15 23:00:00,1210.13,316.0125,311.60847500000006,14186.245,10132.098625000004,83.63,186.65499999999997,0.0,0.2646414303231676,0.5990048890679239,4054.1463749999966
2026-05-15 23:15:00,1192.94,310.9875,307.18205,13952.8,9944.895250000001,82.865,185.52999999999997,0.0,0.2664576550504441,0.6039740928872633,4007.904749999998
2026-05-16 00:00:00,1125.9299999999998,293.32,289.92697499999997,13067.24,8915.241124999999,79.97,187.14249999999998,0.0,0.27263739260875497,0.6454815044374537,4151.998875000001
2026-05-16 00:15:00,1106.59,288.195,284.94692499999996,12790.774999999998,8607.713374999998,79.58749999999999,187.815,0.0,0.27615850379083606,0.6591227471572119,4183.061625
2026-05-16 00:30:00,1086.71,283.7075,279.827825,12540.6675,8393.537875000002,80.15,186.46749999999997,0.0,0.282509274516888,0.6663651121899689,4147.129624999998
2026-05-16 00:45:00,1067.58,278.0525,274.90184999999997,12314.0425,8231.98425,78.6375,184.27999999999997,0.0,0.28281529567257985,0.6703483443272571,4082.05825
2026-05-16 01:00:00,1057.59,274.015,272.32942499999996,12054.169999999998,8094.500874999998,79.6875,184.2,0.0,0.2908143714760141,0.676386696002461,3959.6691250000003
2026-05-16 01:15:00,1048.87,273.31,270.084025,12145.98,8001.503875,76.3725,183.58999999999997,0.0,0.2794354396106985,0.6797514218028999,4144.476124999999
2026-05-16 01:30:00,1034.4,269.2975,266.358,11997.69,7775.8225,74.27,184.005,0.0,0.2757916430713244,0.6908183722658977,4221.8675
2026-05-16 01:45:00,1031.64,268.22,265.64730000000003,11934.6975,7729.859000000002,74.32249999999999,184.14249999999998,0.0,0.2770952949071657,0.6931841580923276,4204.838499999998
2026-05-16 02:00:00,1025.42,267.0975,264.04565,11950.095,7631.768250000002,72.1675,184.34249999999997,0.0,0.270191596701579,0.6981463243192985,4318.326749999997
2026-05-16 02:15:00,1024.2199999999998,266.125,263.73664999999994,12000.81,7657.648249999995,69.6525,183.48499999999999,0.0,0.26172851103804606,0.6957129394037576,4343.161750000005
2026-05-16 02:30:00,1008.87,261.8825,259.784025,11906.3925,7420.6288749999985,65.75999999999999,183.8775,0.0,0.2511049802869607,0.7078091118189427,4485.763625000001
2026-05-16 02:45:00,1006.8300000000002,261.795,259.258725,12012.8675,7452.612375000001,63.18,182.66,0.0,0.24133386810290494,0.7045471661561244,4560.255125
2026-05-16 03:00:00,999.69,261.2025,257.42017500000003,12087.9575,7368.242125000002,60.3875,182.325,0.0,0.2311903599697553,0.7082778185509351,4719.715374999999
2026-05-16 03:15:00,1001.01,262.6,257.76007500000003,12006.064999999999,7385.061625000002,64.66499999999999,182.36249999999998,0.0,0.2462490479817212,0.70748931928267,4621.003374999997
2026-05-16 03:30:00,988.49,259.8725,254.53617500000001,11909.22,7247.872125000002,63.510000000000005,181.55999999999997,0.0,0.2443890754119809,0.7132974320840642,4661.347874999998
2026-05-16 03:45:00,990.33,259.01,255.00997500000003,11986.8275,7314.431125000001,60.415,180.75,0.0,0.2332535423342728,0.7087958029877066,4672.396374999998
2026-05-16 04:00:00,989.71,259.9025,254.85032500000003,12048.092499999999,7333.275375000001,60.279999999999994,180.1975,0.0,0.2319331287694424,0.7070718862139963,4714.817124999998
2026-05-16 04:15:00,995.64,260.97249999999997,256.3773,12092.602499999999,7433.258999999999,60.779999999999994,179.8775,0.0,0.23289810229047123,0.7016124282454024,4659.3435
2026-05-16 04:30:00,1001.48,261.9075,257.8811,12091.0275,7509.218000000001,62.165,180.0125,0.0,0.2373547912908183,0.6980445639482691,4581.809499999999
2026-05-16 04:45:00,1006.96,263.14,259.2922000000001,12118.55,7573.203500000003,63.157500000000006,180.285,0.0,0.24001482100782856,0.6952966575932478,4545.346499999996
2026-05-16 05:00:00,1014.19,264.74,261.153925,12169.775,7655.4733750000005,64.00999999999999,180.6875,0.0,0.2417843922338898,0.6918812344099365,4514.301624999999
2026-05-16 05:15:00,1014.0,263.47249999999997,261.105,12302.895,7674.4075,58.68,180.255,0.0,0.2227177409407054,0.6903544551042683,4628.4875
2026-05-16 05:30:00,1030.76,268.315,265.4207,12638.065,7947.3960000000025,57.07,179.5425,0.0,0.21269776195889162,0.6764449796116128,4690.668999999998
2026-05-16 05:45:00,1022.69,267.1725,263.3426750000001,12628.8375,7848.604625000004,55.730000000000004,179.2325,0.0,0.20859182737744342,0.6806056025670731,4780.232874999996
2026-05-16 06:00:00,1062.46,277.58,273.58344999999997,13034.3375,8392.47225,60.105,179.61999999999998,0.0,0.21653217090568486,0.6565455622406984,4641.865249999999
2026-05-16 06:15:00,1052.06,275.805,270.90545,12943.640000000001,8230.55725,59.815,179.9125,0.0,0.2168742408585776,0.6641154690686364,4713.082750000001
2026-05-16 06:30:00,1028.0,270.1475,264.7099999999999,12672.68,7873.307499999998,58.6125,180.24249999999998,0.0,0.21696480626324507,0.6809055192474784,4799.372500000002
2026-05-16 06:45:00,1021.77,268.6975,263.105775,12577.285,7735.575125000001,58.6875,181.2325,0.0,0.21841476009266927,0.6888199242300933,4841.709874999999
2026-05-16 07:00:00,1048.42,275.2025,269.96815000000004,12713.4575,7960.130750000004,63.6025,184.29,0.0,0.2311116359771441,0.6826360813303346,4753.3267499999965
2026-05-16 07:15:00,1073.5800000000002,281.535,276.44685000000004,12918.06,8182.2092500000035,66.5425,186.975,0.0,0.23635604809348748,0.6763506258074562,4735.850749999996
2026-05-16 07:30:00,1101.16,288.4675,283.5487,12985.115,8345.436,73.4375,191.52249999999998,0.0,0.2545780720531776,0.6754483444995515,4639.679
2026-05-16 07:45:00,1116.88,290.84000000000003,287.5966,12957.495,8436.695500000002,76.7875,194.14999999999998,0.0,0.26401973593728506,0.6750775217787691,4520.799499999999
2026-05-16 08:00:00,1145.06,297.6575,294.85294999999996,12957.3625,8694.16975,85.93,196.9825,0.0,0.28868750157479656,0.6680703041973974,4263.19275
2026-05-16 08:15:00,1182.53,306.305,304.501475,13214.1375,9126.713625000002,91.155,198.945,0.0,0.29759553386330617,0.6533465888794134,4087.4238749999986
2026-05-16 08:30:00,1204.46,312.28999999999996,310.14845,13239.1725,9233.797250000001,97.945,203.015,0.0,0.31363476256044065,0.6545736404615273,4005.375249999999
2026-05-16 08:45:00,1233.49,319.78499999999997,317.623675,13337.785,9491.809625,105.345,206.0775,0.0,0.3294244570570853,0.6488102626480851,3845.975375
2026-05-16 09:00:00,1253.15,324.9325,322.68612500000006,13475.9725,9718.744375000002,108.9,207.1075,0.0,0.3351465304332438,0.6418233817769511,3757.228124999998
2026-05-16 09:15:00,1266.01,328.07,325.997575,13492.7925,9766.499125,112.165,209.795,0.0,0.3418934983387692,0.6435477319118095,3726.2933749999993
2026-05-16 09:30:00,1294.1,334.7275,333.23075,13606.165,10056.57375,118.24000000000001,211.95,0.0,0.35324256298033474,0.636045743077432,3549.5912500000013
2026-05-16 09:45:00,1293.9,335.5425,333.17925,13657.97,9962.116250000003,117.4075,213.78249999999997,0.0,0.34990351445793005,0.641644099985218,3695.8537499999966
2026-05-16 10:00:00,1304.33,337.655,335.864975,13556.455,10138.456125,123.49249999999999,213.20999999999998,0.0,0.3657357361804209,0.634808675718568,3417.9988749999993
2026-05-16 10:15:00,1317.1999999999998,341.265,339.179,13601.2,10232.227499999997,127.0275,214.98,0.0,0.37222539668585997,0.6338246176797503,3368.9725000000035
2026-05-16 10:30:00,1319.63,342.715,339.804725,13575.3725,10139.142375000003,128.985,217.52999999999997,0.0,0.3763622835300469,0.6401617870381289,3436.2301249999964
2026-05-16 10:45:00,1324.9500000000005,343.7375,341.17462500000016,13501.404999999999,10115.36187500001,131.8075,219.5125,0.0,0.3834539437797738,0.6434021873695909,3386.0431249999892
2026-05-16 11:00:00,1337.41,346.1825,344.3830750000001,13798.465,10261.826625000003,127.2025,220.11249999999998,0.0,0.36744347273475697,0.6391501672955325,3536.638374999997
2026-05-16 11:15:00,1346.53,349.2525,346.731475,13995.5625,10458.363625,126.9125,218.765,0.0,0.36338322560325265,0.6309349331496369,3537.198875
2026-05-16 11:30:00,1334.2799999999995,346.47249999999997,343.5770999999999,14004.805,10413.622999999996,123.435,216.19,0.0,0.35626204099892494,0.6292328563224966,3591.1820000000043
2026-05-16 11:45:00,1334.24,345.71999999999997,343.5668,13970.345,10412.3065,123.24249999999999,216.20499999999998,0.0,0.35648067800532224,0.6292953801123973,3558.0384999999987
2026-05-16 12:00:00,1317.73,342.43,339.315475,13827.6175,10161.483624999999,122.09,216.545,0.0,0.35654002277837804,0.638181916106243,3666.1338750000014
2026-05-16 12:15:00,1316.19,341.40250000000003,338.918925,13826.21,10156.298375000002,120.71749999999999,216.21249999999998,0.0,0.3535928998762457,0.6379475563366666,3669.911624999997
2026-05-16 12:30:00,1298.63,337.1325,334.39722500000005,13640.092499999999,9934.229875,119.5875,215.68,0.0,0.35471958354652844,0.6449814288979222,3705.862624999998
2026-05-16 12:45:00,1295.42,335.4175,333.57065,13632.425,9901.518250000001,117.335,215.42499999999998,0.0,0.3498177644279144,0.6458152118599163,3730.9067499999983
2026-05-16 13:00:00,1299.04,336.0125,334.5028,13700.805,9995.286499999998,116.67,214.575,0.0,0.34721922547524275,0.6414744510359853,3705.518500000002
2026-05-16 13:15:00,1308.11,339.095,336.838325,13853.975000000002,10100.990375000001,116.9525,215.02999999999997,0.0,0.34489597310488207,0.6383774767909797,3752.984625000001
2026-05-16 13:30:00,1305.4,338.67,336.14050000000003,13797.3575,10083.11,117.995,214.62,0.0,0.34840700386807216,0.6384830152867624,3714.2474999999995
2026-05-16 13:45:00,1309.09,339.58500000000004,337.090675,13787.625,10105.744625,119.41000000000001,215.21249999999998,0.0,0.3516350839995877,0.6384409773423724,3681.8803750000006
2026-05-16 14:00:00,1316.48,341.43,338.9936,13879.9775,10129.7805,119.09,216.825,0.0,0.348797703775298,0.6396138452171368,3750.197
2026-05-16 14:15:00,1311.94,340.76,337.82455000000004,13926.342499999999,9905.607750000003,115.71749999999999,220.02249999999998,0.0,0.33958651250146726,0.6512922166254642,4020.734749999996
2026-05-16 14:30:00,1316.97,341.4025,339.119775,13897.865,9889.720125,116.83,221.765,0.0,0.34220604711447633,0.6539429910862614,4008.144875
2026-05-16 14:45:00,1324.87,343.3,341.15402500000005,14013.0875,10015.978875,116.6375,221.4775,0.0,0.33975385959801924,0.6492008997988518,3997.108624999999
2026-05-16 15:00:00,1317.81,341.1875,339.336075,14115.112500000001,9985.741625,111.22999999999999,220.08249999999998,0.0,0.32600842645173106,0.6485679425625466,4129.3708750000005
2026-05-16 15:15:00,1327.13,343.2875,341.73597500000005,14035.7375,10163.361125000005,116.8175,219.17,0.0,0.34029057277063685,0.6413430719431864,3872.3763749999944
2026-05-16 15:30:00,1332.04,344.47,343.0003,14115.307499999999,10312.274,116.9825,217.58249999999998,0.0,0.33960141666908583,0.6343507571276177,3803.0334999999995
2026-05-16 15:45:00,1332.75,344.865,343.183125,14124.627499999999,10344.704375000001,117.47500000000001,217.135,0.0,0.3406405405013556,0.6327088489563698,3779.9231249999975
2026-05-16 16:00:00,1323.82,342.435,340.88365,14075.757500000002,10300.608250000001,115.7625,215.48749999999998,0.0,0.33805685750580405,0.6321438414544083,3775.1492500000004
2026-05-16 16:15:00,1315.39,340.65,338.71292500000004,14091.28,10260.968375000002,113.25,213.89249999999998,0.0,0.3324526640246588,0.6314860881083885,3830.3116249999985
2026-05-16 16:30:00,1305.94,338.89,336.27955000000003,14051.0,10208.257750000002,112.29249999999999,212.26999999999998,0.0,0.33135383162678156,0.6312307721358612,3842.7422499999975
2026-05-16 16:45:00,1296.3,336.03999999999996,333.79725,14083.355,10250.10625,108.435,208.7025,0.0,0.3226847994286395,0.6252373259516067,3833.248749999999
2026-05-16 17:00:00,1289.0700000000002,334.08,331.935525,13864.967499999999,10342.836375000003,112.795,204.79999999999998,0.0,0.33762871168582376,0.616987289926259,3522.1311249999962
2026-05-16 17:15:00,1293.7,334.5,333.1277500000001,13875.512499999999,10502.783750000004,113.79750000000001,202.9125,0.0,0.3402017937219731,0.6091131705479352,3372.7287499999948
2026-05-16 17:30:00,1291.23,334.235,332.491725,13917.414999999999,10649.802375,113.55,199.27249999999998,0.0,0.339731027570422,0.5993307051476243,3267.6126249999998
2026-05-16 17:45:00,1333.45,345.40999999999997,343.363375,14270.63,11316.743125,121.1,197.89249999999998,0.0,0.3505978402478214,0.5763354929744617,2953.8868749999983
2026-05-16 18:00:00,1421.83,368.11249999999995,366.121225,15081.547499999999,12516.799874999999,132.5675,198.92499999999998,0.0,0.3601276783591973,0.5433309691346083,2564.747625
2026-05-16 18:15:00,1479.3,382.98,380.91975,15349.295,13301.343750000002,147.22500000000002,199.5125,0.0,0.3844195519348269,0.523765176260879,2047.9512499999983
2026-05-16 18:30:00,1501.85,389.35,386.72637499999996,15704.4275,13634.833125,147.195,199.23,0.0,0.3780531655322974,0.5151704483564122,2069.5943750000006
2026-05-16 18:45:00,1503.92,390.22249999999997,387.2594,15768.8925,13695.1495,146.9675,198.60999999999999,0.0,0.37662487427044833,0.512860372143323,2073.7430000000004
2026-05-16 19:00:00,1501.92,389.67999999999995,386.74440000000004,15764.255,13665.199500000002,146.27499999999998,198.64249999999998,0.0,0.37537210018476697,0.5136273466403133,2099.0554999999968
2026-05-16 19:15:00,1500.16,389.1925,386.2912,15764.7725,13659.6485,145.6725,198.255,0.0,0.37429421173326827,0.5132268092050764,2105.124
2026-05-16 19:30:00,1491.1999999999998,386.4925,383.984,15776.015000000001,13601.752499999999,141.84,196.875,0.0,0.3669928911945251,0.5127166756948206,2174.2625000000025
2026-05-16 19:45:00,1480.63,384.1875,381.26222500000006,15810.2325,13624.054875000002,138.6975,193.43499999999997,0.0,0.36101512933138113,0.5073542231990068,2186.1776249999984
2026-05-16 20:00:00,1470.62,381.355,378.6846499999999,15743.68,13570.413249999998,136.905,191.67249999999999,0.0,0.3589962108796266,0.5061533389325393,2173.2667500000025
2026-05-16 20:15:00,1459.36,378.0325,375.7852,15851.5975,13449.443500000001,129.32,190.90249999999997,0.0,0.3420869898752091,0.5080096289050233,2402.1539999999986
2026-05-16 20:30:00,1450.5,376.595,373.50374999999997,15885.46,13357.338749999999,126.5025,190.23499999999999,0.0,0.335911257451639,0.5093255422468984,2528.12125
2026-05-16 20:45:00,1439.2199999999998,373.2875,370.59914999999995,15639.600000000002,13033.460749999998,127.0775,193.51749999999998,0.0,0.34042795432474965,0.522174700076889,2606.139250000004
2026-05-16 21:00:00,1424.31,368.92999999999995,366.759825,15591.574999999999,12753.547874999998,121.41499999999999,194.89249999999998,0.0,0.3291003713441574,0.5313899907112236,2838.0271250000005
2026-05-16 21:15:00,1405.1699999999998,364.39250000000004,361.83127499999995,15401.7725,12376.477624999998,119.055,197.0125,0.0,0.32672187270594205,0.5444872060879757,3025.2948750000014
2026-05-16 21:30:00,1373.0500000000002,355.2975,353.560375,15051.352499999999,11932.078125000004,115.08,196.80249999999998,0.0,0.3238975787896059,0.5566305330454522,3119.2743749999954
2026-05-16 21:45:00,1351.44,350.03499999999997,347.99580000000003,14679.752499999999,11612.776500000002,117.2075,197.0675,0.0,0.33484508691987946,0.5662927541079518,3066.975999999997
2026-05-16 22:00:00,1334.22,345.9,343.56165000000004,14489.57,11518.898250000002,117.255,194.0675,0.0,0.3389852558542932,0.5648695074086412,2970.6717499999977
2026-05-16 22:15:00,1315.95,341.2825,338.857125,14187.09,11286.649375,118.75250000000001,193.5375,0.0,0.3479595349893417,0.5711477956970803,2900.4406249999993
2026-05-16 22:30:00,1251.03,325.5725,322.140225,13723.71,10539.969875,109.13749999999999,190.08249999999998,0.0,0.3352171943269164,0.5900613622530374,3183.7401249999984
2026-05-16 22:45:00,1225.12,318.1275,315.4684,13572.547499999999,10170.019499999999,102.13499999999999,190.14249999999998,0.0,0.3210505221962892,0.6027307330940278,3402.5280000000002
2026-05-16 23:00:00,1198.3,311.6275,308.56224999999995,13513.710000000001,9807.18125,94.18249999999999,189.80249999999998,0.0,0.30222782007364557,0.6151189913866651,3706.5287500000013
2026-05-16 23:15:00,1177.24,305.7975,303.13930000000005,13416.2875,9594.044000000002,88.7475,188.1,0.0,0.29021656488362396,0.620506809905545,3822.2434999999987
2026-05-16 23:30:00,1150.15,298.615,296.163625,13098.715,9313.006875,87.375,186.04749999999999,0.0,0.2926008405471929,0.6281915951022006,3785.708125000001
2026-05-17 00:00:00,1127.25,292.78,290.266875,12931.8875,9018.185625000002,83.41749999999999,185.45749999999998,0.0,0.2849152947605711,0.6389206484549778,3913.701874999999
2026-05-17 00:15:00,1128.66,293.86,290.62995,12939.8075,8895.65475,83.8075,188.30749999999998,0.0,0.2851953311100524,0.6479287492565717,4044.152750000001
2026-05-17 00:30:00,1067.58,277.27,274.90184999999997,12180.5425,8012.4842499999995,79.54,188.67,0.0,0.2868683954268403,0.6863176802920752,4168.05825
2026-05-17 00:45:00,1034.96,270.3775,266.5022,11592.5175,7413.253500000001,84.22250000000001,191.415,0.0,0.31149966250889966,0.7182492302127337,4179.263999999999
2026-05-17 01:00:00,1012.48,265.3675,260.7136,11213.314999999999,7093.255499999999,87.0125,191.4475,0.0,0.3278943352143725,0.7343211094473016,4120.059499999999
2026-05-17 01:15:00,1005.11,263.765,258.815825,11128.4425,6947.002875,86.63,192.285,0.0,0.32843629746175573,0.7429414333532348,4181.439624999999
2026-05-17 01:30:00,994.2,261.3575,256.0065,10950.820000000002,6745.615000000001,87.5225,193.2225,0.0,0.334876557971361,0.7547562268926765,4205.205000000001
2026-05-17 01:45:00,979.18,257.13,252.13885,10844.6325,6752.644249999999,85.6525,188.8275,0.0,0.33310971104110765,0.7489028366711437,4091.9882500000003
2026-05-17 02:00:00,967.72,254.34749999999997,249.1879,10768.199999999999,6568.342000000001,83.4275,189.26749999999998,0.0,0.3280059760760377,0.7595372809032861,4199.857999999998
2026-05-17 02:15:00,955.65,252.5775,246.079875,10751.9,6301.775625,80.565,191.17999999999998,0.0,0.3189714048163435,0.7769022151852116,4450.124374999999
2026-05-17 02:30:00,946.83,249.4175,243.808725,10720.082499999999,6389.2373750000015,78.22,186.93249999999998,0.0,0.3136107129611996,0.7667178440804363,4330.845124999997
2026-05-17 02:45:00,943.67,248.2275,242.995025,10650.05,6331.483875,78.2525,187.1925,0.0,0.3152450876715916,0.7703552778498243,4318.566124999999
2026-05-17 03:00:00,934.56,246.115,240.64919999999998,10603.894999999999,6166.213499999999,76.105,187.9175,0.0,0.30922536212746077,0.7808773102092175,4437.6815
2026-05-17 03:15:00,930.31,245.0,239.554825,10551.545,6076.147875000001,75.6525,188.515,0.0,0.3087857142857143,0.7869388562722541,4475.3971249999995
2026-05-17 03:30:00,926.98,244.1375,238.69735,10494.765,5982.73675,75.58,189.44,0.0,0.30957964261942555,0.7936409851219546,4512.028249999999
2026-05-17 03:45:00,928.43,244.3125,239.07072499999998,10386.3625,5751.397374999999,77.0,194.4775,0.0,0.3151701202353543,0.813472665881613,4634.965125000001
2026-05-17 04:00:00,923.13,243.35,237.705975,10474.432499999999,5783.211125000001,73.94,192.33999999999997,0.0,0.3038422025888638,0.8091508848273585,4691.221374999998
2026-05-17 04:15:00,931.43,245.09,239.843225,10633.1,6033.009875,73.16749999999999,189.695,0.0,0.2985331918886939,0.7909124804338334,4600.090125000001
2026-05-17 04:30:00,914.5,239.19,235.48375000000001,10148.1875,5886.738750000001,78.16,187.825,0.0,0.3267695137756595,0.7976134234315531,4261.448749999999
2026-05-17 04:45:00,908.45,239.235,233.92587500000002,10183.6325,5804.055625000001,77.29,187.765,0.0,0.32307145693564904,0.8026687941212145,4379.576874999999
2026-05-17 05:00:00,909.37,239.6975,234.162775,10151.462500000001,5730.710125000001,78.24,189.49249999999998,0.0,0.3264114143868835,0.8092340894063967,4420.752375
2026-05-17 05:15:00,911.3,239.94,234.65975,10152.705,5678.793750000001,78.01,191.0775,0.0,0.32512294740351755,0.8142747105117089,4473.911249999999
2026-05-17 05:30:00,915.57,241.20499999999998,235.75927500000003,10176.380000000001,5774.767625000002,79.49999999999999,190.36749999999998,0.0,0.32959515764598574,0.8074655811526396,4401.612374999999
2026-05-17 05:45:00,920.97,241.9775,237.149775,10367.8775,5825.245125000001,75.28999999999999,190.8875,0.0,0.3111446312157122,0.8049238081714393,4542.632374999999
2026-05-17 06:00:00,928.25,244.5025,239.02437499999996,10459.4075,5846.223124999999,75.9925,192.52999999999997,0.0,0.3108045930000716,0.8054827044312949,4613.184375000001
2026-05-17 06:15:00,928.68,244.805,239.1351,10370.6975,5718.938,77.9025,195.1975,0.0,0.31822266702068996,0.8162645299665335,4651.7595
2026-05-17 06:30:00,887.6699999999998,233.76749999999998,228.57502499999995,10236.7725,5193.633874999999,65.505,194.08749999999998,0.0,0.280214315505791,0.8491194521361204,5043.1386250000005
2026-05-17 06:45:00,867.75,228.60750000000002,223.445625,10028.307499999999,4896.016875000001,63.36,194.39749999999998,0.0,0.27715626127751714,0.8699991328986637,5132.290624999998
2026-05-17 07:00:00,871.78,229.61,224.48334999999997,10019.055,4892.21675,64.6725,195.61499999999998,0.0,0.2816623840425068,0.8714009301803453,5126.838250000001
2026-05-17 07:15:00,885.8299999999999,233.08749999999998,228.101225,10069.4275,4963.074875,67.58,198.17749999999998,0.0,0.2899340376468065,0.8688138347349953,5106.3526249999995
2026-05-17 07:30:00,900.85,236.435,231.968875,10119.130000000001,5071.170625000001,70.47749999999999,200.26999999999998,0.0,0.29808404001099664,0.8633485850202963,5047.959375
2026-05-17 07:45:00,917.37,239.32,236.222775,10006.3825,5078.760125000001,76.2225,204.79749999999999,0.0,0.318496155774695,0.8669676325663348,4927.622374999999
2026-05-17 08:00:00,941.38,244.32750000000001,242.40535,10187.1925,5346.6767500000005,78.27250000000001,206.23999999999998,0.0,0.32035894444956053,0.8508063043988096,4840.515749999999
2026-05-17 08:15:00,963.23,251.0575,248.03172500000002,10285.5125,5618.877375000002,85.3575,206.98499999999999,0.0,0.33999183453989623,0.834510182114808,4666.635124999999
2026-05-17 08:30:00,976.8,254.41500000000002,251.52599999999998,10466.0225,5844.187499999999,85.7025,206.3225,0.0,0.33686103413713814,0.8202829926130897,4621.835
2026-05-17 08:45:00,986.6,257.125,254.04950000000002,10352.652499999998,5837.480000000001,91.77250000000001,209.2325,0.0,0.356917841516772,0.8235894973223721,4515.172499999997
2026-05-17 09:00:00,1001.59,261.23249999999996,257.909425,10425.945,5990.025875000001,95.47749999999999,210.42749999999998,0.0,0.3654885973223087,0.815896898688367,4435.9191249999985
2026-05-17 09:15:00,1011.12,263.4525,260.3634,10463.9325,6057.994500000001,97.28,211.76749999999998,0.0,0.3692506239265143,0.8133535665919249,4405.938
2026-05-17 09:30:00,1027.34,267.0675,264.54004999999995,10412.635,6123.335249999999,102.88499999999999,215.05499999999998,0.0,0.3852396865960852,0.8129392883988644,4289.299750000001
2026-05-17 09:45:00,1035.65,269.5525,266.67987500000004,10345.1325,5993.650625000002,106.66499999999999,220.0025,0.0,0.3957114105786442,0.8249685132783265,4351.481874999998
2026-05-17 10:00:00,1040.5300000000002,270.2475,267.9364750000001,10391.482500000002,6218.888625000004,107.54249999999999,216.88,0.0,0.397940776510421,0.8094455971326783,4172.593874999998
2026-05-17 10:15:00,1052.92,272.7825,271.1269000000001,10410.427500000002,6238.362000000003,109.7025,220.0,0.0,0.40216106238486704,0.8114281541226633,4172.065499999999
2026-05-17 10:30:00,1059.75,275.46500000000003,272.885625,10457.73,6217.466875,111.58500000000001,222.3525,0.0,0.40507868513241246,0.8148193954884945,4240.2631249999995
2026-05-17 10:45:00,1062.66,275.2675,273.63495,10466.849999999999,6288.929750000001,111.25750000000001,221.7475,0.0,0.4041795707811493,0.8103771100877282,4177.920249999997
2026-05-17 11:00:00,1069.28,276.855,275.3396,10503.689999999999,6322.685500000002,112.2,222.9475,0.0,0.40526629463076336,0.8097182533860003,4181.004499999996
2026-05-17 11:15:00,1072.26,278.0675,276.10695,10567.029999999999,6402.8897499999985,112.5575,222.1875,0.0,0.40478480944375017,0.804715346716191,4164.14025
2026-05-17 11:30:00,1069.88,278.24249999999995,275.4941,10564.9175,6393.058000000003,113.04249999999999,221.70999999999998,0.0,0.40627330476113466,0.804772225612091,4171.859499999997
2026-05-17 11:45:00,1077.54,277.1925,277.46655,10624.095,6661.6677500000005,111.00750000000001,218.5075,0.0,0.4004707919586569,0.7875093412160854,3962.427249999999
2026-05-17 12:00:00,1064.9,276.3875,274.21175000000005,10459.612500000001,6270.778750000003,112.7675,222.745,0.0,0.4080050653520872,0.8123101945850241,4188.833749999998
2026-05-17 12:15:00,1068.45,277.71,275.125875,10736.069999999998,6476.305625000001,108.3525,219.64,0.0,0.3901642000648159,0.7983254937399108,4259.764374999997
2026-05-17 12:30:00,1070.26,277.4075,275.59195,10649.2675,6410.314750000001,109.60499999999999,221.47249999999997,0.0,0.39510467453114995,0.8036247067448812,4238.952749999999
2026-05-17 12:45:00,1065.26,276.2125,274.30445000000003,10595.04,6380.877250000002,109.585,220.64499999999998,0.0,0.3967416391365344,0.8043799508174219,4214.162749999999
2026-05-17 13:00:00,1061.62,275.375,273.36715,10662.4125,6424.075749999998,107.185,218.75,0.0,0.3892328642759873,0.8002058769680264,4238.336750000002
2026-05-17 13:15:00,1062.25,275.6825,273.5293750000001,10651.3475,6385.873125000002,107.61000000000001,219.6925,0.0,0.39034033716322225,0.8031769896743264,4265.474374999998
2026-05-17 13:30:00,1062.66,275.6675,273.63495,10703.8825,6448.554750000001,106.5675,218.55499999999998,0.0,0.38657984709840654,0.7987101062930739,4255.327749999999
2026-05-17 13:45:00,1061.67,276.43,273.38002500000005,10680.01,6318.033875000003,107.5275,220.885,0.0,0.38898636182758745,0.807977832323338,4361.976124999997
2026-05-17 14:00:00,1065.38,277.555,274.33535000000006,10750.0225,6409.701750000004,107.58250000000001,220.1025,0.0,0.387607861504927,0.8023118420575399,4340.320749999995
2026-05-17 14:15:00,1068.52,278.2075,275.14390000000003,10461.720000000001,6111.297000000002,113.93499999999999,226.95999999999998,0.0,0.409532453294753,0.8248774550335296,4350.422999999999
2026-05-17 14:30:00,1066.89,277.7575,274.72417500000006,10305.3575,6075.462125000004,117.4025,227.21499999999997,0.0,0.422679855629461,0.8270659107448405,4229.895374999996
2026-05-17 14:45:00,1069.35,278.4625,275.357625,10359.8875,6205.051874999999,117.64250000000001,225.32,0.0,0.4224716074875433,0.8182813168874478,4154.8356250000015
2026-05-17 15:00:00,1076.18,280.01,277.11635,10240.265,6334.031750000002,123.4025,224.67499999999998,0.0,0.4407074747330453,0.8107605343387353,3906.2332499999975
2026-05-17 15:15:00,1076.02,279.725,277.07515,10250.982499999998,6468.140750000002,123.64750000000001,221.9475,0.0,0.44203235320403966,0.8010371915344988,3782.841749999996
2026-05-17 15:30:00,1080.39,280.22249999999997,278.2004250000001,10409.015,6673.280875000005,121.1225,219.08249999999998,0.0,0.43223688319103576,0.787498796955468,3735.7341249999945
2026-05-17 15:45:00,1083.35,281.21000000000004,278.962625,10696.397500000001,6865.576874999999,115.88,216.075,0.0,0.4120763841968635,0.7745661269139549,3830.820625000002
2026-05-17 16:00:00,1084.46,282.49,279.24845,10689.304999999998,6922.29725,118.2625,215.255,0.0,0.41864313781018797,0.7708368658805448,3767.007749999999
2026-05-17 16:15:00,1092.94,284.78249999999997,281.43205,11087.262499999999,7346.270250000001,113.05,209.17749999999998,0.0,0.39696961716397605,0.7432611175592829,3740.9922499999975
2026-05-17 16:30:00,1101.23,286.45,283.566725,11202.862500000001,7523.177375000003,112.82249999999999,207.98749999999998,0.0,0.39386454878687377,0.7334693448252787,3679.685124999998
2026-05-17 16:45:00,1103.72,287.03499999999997,284.2079,11302.39,7700.442000000001,112.0,205.14749999999998,0.0,0.3901963175222534,0.7218219479472596,3601.9479999999985
2026-05-17 17:00:00,1113.66,289.7275,286.76745,11416.880000000001,7959.96725,113.74249999999999,202.77249999999998,0.0,0.3925844112139855,0.7070973361865163,3456.9127500000013
2026-05-17 17:15:00,1121.49,291.58,288.783675,11657.08,8290.109625000001,111.545,198.3875,0.0,0.3825536730914329,0.6869761595768874,3366.970374999999
2026-05-17 17:30:00,1146.94,298.0125,295.3370500000001,11958.467499999999,8836.795250000003,114.27,194.6625,0.0,0.38344029193406315,0.6591198090452922,3121.672249999996
2026-05-17 17:45:00,1203.87,312.6575,309.99652499999996,12539.875,9531.941374999999,119.545,196.885,0.0,0.3823512949473465,0.6351200227163837,3007.9336250000015
2026-05-17 18:00:00,1273.3200000000002,331.0725,327.87990000000013,13241.335,10482.402000000006,127.72749999999999,197.54749999999999,0.0,0.3857991829584154,0.6024995737768613,2758.9329999999936
2026-05-17 18:15:00,1344.24,346.775,346.1418,13572.6625,11412.5565,141.5925,199.03249999999997,0.0,0.4083123062504506,0.5750027878747958,2160.1059999999998
2026-05-17 18:30:00,1361.65,353.355,350.624875,13600.53,11648.750625,150.54749999999999,199.23999999999998,0.0,0.4260517043766184,0.5682426268244659,1951.779375
2026-05-17 18:45:00,1362.86,354.2925,350.93645,13526.91,11686.762249999998,154.07750000000001,198.8225,0.0,0.4348878398498416,0.5665484448822572,1840.147750000002
2026-05-17 19:00:00,1363.44,354.16999999999996,351.08579999999995,13392.84,11605.476499999999,156.89,200.61249999999998,0.0,0.442979360194257,0.571405907046084,1787.3635000000013
2026-05-17 19:15:00,1358.6799999999998,353.185,349.8601,13356.3075,11587.063,156.7575,199.6325,0.0,0.443839630788397,0.5706066510585232,1769.2445000000007
2026-05-17 19:30:00,1354.02,351.52750000000003,348.66015,13279.904999999999,11508.815749999998,156.2725,199.8775,0.0,0.44455270213567927,0.5732731429158164,1771.089250000001
2026-05-17 19:45:00,1350.91,350.27,347.859325,13268.3825,11518.895375000004,155.095,198.795,0.0,0.4427869928911982,0.5714810146314174,1749.487124999996
2026-05-17 20:00:00,1344.81,349.105,346.2885749999999,13250.5275,11397.879124999998,153.6025,199.48749999999998,0.0,0.4399894014694719,0.5760730050074566,1852.6483750000025
2026-05-17 20:15:00,1330.84,345.515,342.6913,13181.4925,11155.654,149.82000000000002,200.375,0.0,0.4336135913057321,0.5847099123905393,2025.8384999999998
2026-05-17 20:30:00,1317.23,342.065,339.186725,13353.027500000002,10970.652375000003,140.11,200.21999999999997,0.0,0.4096005145220938,0.5902943282936558,2382.3751249999987
2026-05-17 20:45:00,1309.31,339.82500000000005,337.14732499999997,13196.897500000001,10839.985375,140.87,200.58999999999997,0.0,0.4145368939895534,0.5949624544700154,2356.9121250000007
2026-05-17 21:00:00,1289.31,334.58,331.99732499999993,13123.725,10630.235374999998,135.5675,199.11999999999998,0.0,0.4051871002450834,0.5997638685793628,2493.489625000002
2026-05-17 21:15:00,1259.9,327.3575,324.42425000000003,12824.134999999998,10213.591250000001,132.9275,199.1225,0.0,0.4060621797270568,0.6137719359758094,2610.543749999997
2026-05-17 21:30:00,1241.72,322.9675,319.7429,12717.769999999999,9889.367000000002,128.8075,200.45749999999998,0.0,0.39882495916771815,0.6269333892949616,2828.4029999999966
2026-05-17 21:45:00,1220.02,316.94500000000005,314.15514999999994,12535.060000000001,9730.290749999998,125.835,197.49249999999998,0.0,0.3970247203773525,0.6286463869842657,2804.769250000003
2026-05-17 22:00:00,1198.7599999999998,311.615,308.6807,12356.432499999999,9367.320999999998,122.305,198.73,0.0,0.3924875246698651,0.6438044231466366,2989.111500000001
2026-05-17 22:15:00,1161.84,302.555,299.17379999999997,12171.25,8840.191499999997,113.8125,198.815,0.0,0.3761712746442795,0.6645468286327212,3331.058500000003
2026-05-17 22:30:00,1130.5800000000002,294.37,291.12435000000005,11936.47,8406.221750000004,108.0525,198.64,0.0,0.3670635594659782,0.6823201150985823,3530.248249999995
2026-05-17 22:45:00,1096.14,285.1575,282.2560500000001,11555.8025,7985.840250000002,105.12,197.2925,0.0,0.3686383840509192,0.6989841316067448,3569.9622499999978
2026-05-17 23:00:00,1078.5,280.6125,277.71375,11281.94,7745.888750000002,105.835,197.09499999999997,0.0,0.377157111675353,0.7097055871378352,3536.0512499999986
2026-05-17 23:15:00,1036.96,270.57,267.0172,10934.5475,7228.9535,100.7975,195.6675,0.0,0.37253760579517314,0.7327898727123197,3705.594000000001
2026-05-18 00:00:00,989.49,258.0525,254.793675,10491.544999999998,6507.784625000001,93.82,196.64499999999998,0.0,0.36356942870152387,0.7717813246345302,3983.760374999997
2026-05-18 00:15:00,975.17,254.06,251.10627499999998,10317.705,6329.7276249999995,92.75750000000001,196.14999999999998,0.0,0.36510076359914984,0.7811433625065721,3987.9773750000004
2026-05-18 00:30:00,951.35,248.355,244.97262500000002,10105.734999999999,5987.251875000001,89.97,196.2525,0.0,0.36226369511384915,0.8011201251568414,4118.483124999998
2026-05-18 00:45:00,929.18,242.7,239.26385,9908.282500000001,5637.269249999999,86.6475,196.9725,0.0,0.3570148331273177,0.823243879089967,4271.013250000002
2026-05-18 01:00:00,922.88,241.22250000000003,237.6416,10127.550000000001,5587.1705,78.8,196.19,0.0,0.3266693612743421,0.8255709438078181,4540.379500000001
2026-05-18 01:15:00,918.41,239.6625,236.490575,10085.625,5521.489125000001,77.5975,196.23749999999998,0.0,0.3237782298023262,0.8297899398316402,4564.135874999999
2026-05-18 01:30:00,912.45,238.325,234.95587500000002,10051.3225,5393.8306250000005,76.2325,197.1025,0.0,0.31986782754641774,0.8388915578297413,4657.491875
2026-05-18 01:45:00,897.8,234.9025,231.18349999999998,9935.665,5237.1,74.6275,196.08749999999998,0.0,0.31769563968029285,0.8481898578402005,4698.5650000000005
2026-05-18 02:00:00,886.3,231.825,228.22225,9799.665,5073.73125,73.725,196.0975,0.0,0.31802005823358137,0.8592391846106153,4725.933750000001
2026-05-18 02:15:00,893.22,233.0375,230.00415,9906.9375,5176.985750000002,72.66499999999999,195.99249999999998,0.0,0.3118167676876039,0.8521259290321499,4729.951749999998
2026-05-18 02:30:00,888.24,231.895,228.7218,9804.8325,5063.5815,73.42500000000001,196.85,0.0,0.3166303715043447,0.8606525482048497,4741.251
2026-05-18 02:45:00,881.9300000000001,230.62,227.09697500000001,9777.397500000001,5012.466125000001,72.53999999999999,196.08499999999998,0.0,0.314543404735062,0.8634417081072963,4764.931375
2026-05-18 03:00:00,877.69,229.51,226.005175,9734.15,4953.292125,72.065,196.0675,0.0,0.3139950328961701,0.8675354447082904,4780.857875
2026-05-18 03:15:00,876.6000000000001,228.59499999999997,225.72450000000003,9553.605,4893.105000000003,75.27000000000001,196.96249999999998,0.0,0.3292722937947025,0.872579183916677,4660.499999999996
2026-05-18 03:30:00,865.75,226.0375,222.930625,9581.5075,4783.316875,71.02250000000001,196.08499999999998,0.0,0.31420671348780627,0.8795785684447796,4798.190624999999
2026-05-18 03:45:00,863.25,225.9075,222.286875,9584.412499999999,4752.785625000001,70.785,195.98749999999998,0.0,0.31333621061717737,0.881687234120323,4831.626874999997
2026-05-18 04:00:00,878.47,229.4375,226.206025,9722.289999999999,4963.588875000001,72.2725,196.08249999999998,0.0,0.31499863797330424,0.8668314648117793,4758.701124999998
2026-05-18 04:15:00,880.71,230.17749999999998,226.782825,9839.0925,4970.3128750000005,70.03999999999999,196.58249999999998,0.0,0.3042869090158682,0.8668315160109676,4868.779625
2026-05-18 04:30:00,887.27,231.465,228.472025,9874.872500000001,5102.0938750000005,71.25999999999999,195.80499999999998,0.0,0.3078651199965437,0.8570195847828633,4772.778625000001
2026-05-18 04:45:00,895.05,233.1875,230.47537499999999,9857.562499999998,5210.028124999999,74.27250000000001,195.85,0.0,0.31850978290002685,0.849765403353829,4647.534374999999
2026-05-18 05:00:00,895.8199999999999,233.89249999999998,230.67364999999998,9849.405,5195.18325,75.36,196.36499999999998,0.0,0.32219930096091154,0.8512675808441926,4654.221750000001
2026-05-18 05:15:00,900.7,235.4325,231.93025000000006,9847.855000000001,5298.296250000003,77.93,195.685,0.0,0.33100782602232065,0.8437234901441272,4549.558749999998
2026-05-18 05:30:00,939.29,245.04,241.867175,10191.579999999998,5838.202125,82.875,195.8175,0.0,0.33821008814887366,0.8096075873048916,4353.377874999998
2026-05-18 05:45:00,964.12,251.2125,248.26090000000002,10353.247500000001,6154.857000000002,87.435,196.51749999999998,0.0,0.34805194805194806,0.7915765229240689,4198.3904999999995
2026-05-18 06:00:00,991.43,258.47,255.293225,10499.52,6592.884875000002,94.63,195.49249999999998,0.0,0.36611599025031916,0.765756709759924,3906.635124999999
2026-05-18 06:15:00,1034.46,268.9975,266.37345,10937.56,7227.54725,98.61749999999999,194.98749999999998,0.0,0.3666112138588648,0.7320080135614115,3710.01275
2026-05-18 06:30:00,1036.9,269.8025,267.00175,11031.3175,7224.728750000001,97.0175,195.73499999999999,0.0,0.359587105382641,0.7330850827756746,3806.588749999998
2026-05-18 06:45:00,1035.8,269.5675,266.7185,11058.92,7203.15,95.88000000000001,195.855,0.0,0.35568085915401526,0.7343135178099757,3855.7700000000004
2026-05-18 07:00:00,1077.4699999999998,279.7525,277.44852499999996,11405.225,7760.176374999998,101.4275,196.51749999999998,0.0,0.3625615499414661,0.7083025581051476,3645.048625000002
2026-05-18 07:15:00,1091.47,283.2375,281.053525,11509.630000000001,7823.451375,102.8375,199.21749999999997,0.0,0.3630786883798932,0.7088240576238992,3686.1786250000014
2026-05-18 07:30:00,1076.4899999999998,280.44,277.1961749999999,11246.1875,7292.297124999997,103.55749999999999,205.59749999999997,0.0,0.3692679361004136,0.7417039574950846,3953.8903750000027
2026-05-18 07:45:00,1086.09,281.8875,279.668175,11279.8625,7296.757125,103.875,208.2275,0.0,0.3684980710389783,0.7445520034590992,3983.105374999999
2026-05-18 08:00:00,1110.17,288.3125,285.868775,11474.355000000001,7503.790125000003,107.22749999999999,210.90749999999997,0.0,0.3719141556470843,0.7377773245783837,3970.564874999998
2026-05-18 08:15:00,1136.83,295.23,292.733725,11389.8325,7731.987375000001,118.74499999999999,213.89499999999998,0.0,0.40221183484063266,0.7306810993506129,3657.845125
2026-05-18 08:30:00,1148.11,297.745,295.638325,11479.3075,7821.615375000003,119.5725,215.29749999999999,0.0,0.40159364556919513,0.728246244799283,3657.6921249999978
2026-05-18 08:45:00,1167.65,302.0125,300.66987500000005,11570.6075,7963.725625000005,122.5025,217.98999999999998,0.0,0.4056206282852531,0.7250144365144661,3606.8818749999955
2026-05-18 09:00:00,1172.15,303.72249999999997,301.82862500000005,11560.3125,7994.7068750000035,125.0925,218.64499999999998,0.0,0.41186444863320965,0.7244011398852576,3565.6056249999965
2026-05-18 09:15:00,1202.39,310.6825,309.6154250000001,11701.470000000001,8293.355875000003,130.71249999999998,221.23749999999998,0.0,0.4207269479291559,0.7145558074181864,3408.1141249999982
2026-05-18 09:30:00,1223.17,315.81,314.96627500000005,11852.380000000001,8492.902625000002,133.59,223.1325,0.0,0.4230075045122067,0.7084329901669629,3359.4773749999986
2026-05-18 09:45:00,1225.28,317.485,315.5096,12038.6575,8565.7855,131.3475,222.27249999999998,0.0,0.4137124588563239,0.704487280260252,3472.8719999999994
2026-05-18 10:00:00,1231.7199999999998,319.0425,317.1678999999999,12003.9175,8421.241999999998,132.945,226.98749999999998,0.0,0.41669996943980814,0.7156698392239569,3582.675500000001
2026-05-18 10:15:00,1243.4,321.53999999999996,320.17550000000006,12140.015,8598.160000000003,133.06,226.7575,0.0,0.41382098650245697,0.7082287682848936,3541.854999999996
2026-05-18 10:30:00,1243.19,322.03999999999996,320.12142500000004,12198.34,8566.810875000003,132.0275,227.325,0.0,0.4099723636815303,0.7101211673039377,3631.5291249999973
2026-05-18 10:45:00,1253.88,324.48249999999996,322.8741000000001,12232.3325,8675.583000000006,134.44,228.17749999999998,0.0,0.4143212653995208,0.7067073512554891,3556.7494999999944
2026-05-18 11:00:00,1255.71,324.6625,323.345325,12298.4525,8612.125375000001,132.29250000000002,229.96499999999997,0.0,0.407476995341316,0.71120558183422,3686.327124999998
2026-05-18 11:15:00,1269.99,328.6725,327.022425,12391.12,8729.865875,135.15500000000003,231.655,0.0,0.41121481109615204,0.7083764974221569,3661.2541250000013
2026-05-18 11:30:00,1268.33,329.84499999999997,326.594975,12641.234999999999,8889.856124999997,131.4275,227.98499999999999,0.0,0.398452303354606,0.6980664659644564,3751.378875000002
2026-05-18 11:45:00,1257.03,325.7475,323.685225,12634.18,8769.694875000001,125.8075,227.1875,0.0,0.3862117130599621,0.7018778815128185,3864.4851249999992
2026-05-18 12:00:00,1234.12,319.7425,317.7858999999999,12292.855,8152.981999999996,124.0525,233.03249999999997,0.0,0.38797626214844755,0.7333003131982886,4139.873000000003
2026-05-18 12:15:00,1214.26,314.82,312.67195,12264.895,7906.089750000001,117.7325,232.34499999999997,0.0,0.3739676640620037,0.7430951193415335,4358.805249999999
2026-05-18 12:30:00,1215.58,315.165,313.01185,12288.6,7965.034249999997,117.8875,231.54,0.0,0.37405010074088174,0.7397164037080386,4323.565750000003
2026-05-18 12:45:00,1210.49,314.60749999999996,311.70117500000003,12133.1625,7955.947125000002,121.70249999999999,230.27999999999997,0.0,0.3868391567270329,0.7387845105171642,4177.215374999998
2026-05-18 13:00:00,1214.61,314.38750000000005,312.762075,12217.405,8110.546625000001,119.775,228.355,0.0,0.3809788875193829,0.7301236890693988,4106.858375
2026-05-18 13:15:00,1219.39,316.4175,313.992925,12324.0825,8390.368375000002,121.39999999999999,224.11249999999998,0.0,0.383670309006297,0.713750158542585,3933.7141249999986
2026-05-18 13:30:00,1221.66,316.04499999999996,314.57745,12147.1725,8241.76725,124.3575,227.7275,0.0,0.39348035880966326,0.7239155254135349,3905.40525
2026-05-18 13:45:00,1230.17,318.775,316.768775,12608.182499999999,8463.915125,116.67,225.695,0.0,0.36599482393537763,0.7124913116831039,4144.267374999999
2026-05-18 14:00:00,1248.19,323.565,321.408925,12618.4075,8666.623375,123.14500000000001,226.745,0.0,0.3805881353051165,0.7054720089057888,3951.784125
2026-05-18 14:15:00,1248.17,322.895,321.40377500000005,12491.2825,8786.965125000004,126.43249999999999,224.33249999999998,0.0,0.391559175583394,0.6979771783949953,3704.317374999995
2026-05-18 14:30:00,1245.88,322.44,320.81410000000005,12135.380000000001,8698.658000000003,134.98250000000002,225.45,0.0,0.41862827192656005,0.7027434268007545,3436.721999999998
2026-05-18 14:45:00,1253.84,323.77,322.86379999999997,11994.29,8815.266499999998,140.8,225.3725,0.0,0.4348766099391544,0.6980420226733379,3179.023500000003
2026-05-18 15:00:00,1251.67,323.3775,322.305025,12117.720000000001,9025.658875000001,138.575,220.54999999999998,0.0,0.4285239387403267,0.6842896724926953,3092.061125
2026-05-18 15:15:00,1250.83,323.71500000000003,322.08872500000007,12160.5275,9088.512375000002,138.445,219.055,0.0,0.4276755788270546,0.6801076318334334,3072.015124999998
2026-05-18 15:30:00,1254.81,324.2275,323.11357499999997,12371.127500000002,9341.629124999998,134.8975,215.12,0.0,0.4160581690325466,0.6657720895818136,3029.4983750000047
2026-05-18 15:45:00,1246.12,321.71500000000003,320.8759,12367.4625,9361.682,132.2675,212.2575,0.0,0.4111325241284988,0.6614940542434006,3005.780499999999
2026-05-18 16:00:00,1237.13,319.59749999999997,318.56097500000004,12453.227499999999,9367.861125000003,127.74000000000001,209.58749999999998,0.0,0.39969023537418163,0.6579195709706751,3085.366374999996
2026-05-18 16:15:00,1232.8,319.1825,317.4459999999999,12552.49,9455.912499999997,125.49,206.6,0.0,0.39316065260470107,0.6508193519527732,3096.577500000003
2026-05-18 16:30:00,1219.32,315.8275,313.9749,12488.87,9369.627,122.95750000000001,204.5075,0.0,0.3893185362262628,0.6513498372003622,3119.2430000000004
2026-05-18 16:45:00,1219.02,315.8875,313.89765,12562.705,9517.128249999998,122.11749999999999,201.4725,0.0,0.38658541411103636,0.6418413772769563,3045.576750000002
2026-05-18 17:00:00,1218.74,315.8825,313.82555,12741.4175,9749.03775,118.93750000000001,196.755,0.0,0.3765244988247213,0.6269566005699663,2992.37975
2026-05-18 17:15:00,1228.05,317.9275,316.22287499999993,12975.0125,9987.765624999998,116.41499999999999,194.61749999999998,0.0,0.3661683874468235,0.615444091449741,2987.2468750000025
2026-05-18 17:30:00,1247.25,323.1625,321.166875,13442.1175,10512.310625,113.3475,189.565,0.0,0.35074459443778283,0.5902383301515761,2929.806875
2026-05-18 17:45:00,1294.42,335.2525,333.31315,14038.87,11122.980750000002,114.78750000000001,190.71249999999998,0.0,0.34239118276522923,0.5721721450233811,2915.8892499999984
2026-05-18 18:00:00,1353.27,352.0075,348.467025,14511.8175,11994.693874999999,127.18,189.9475,0.0,0.36129912004715814,0.5450946183501868,2517.123625
2026-05-18 18:15:00,1407.13,365.2425,362.335975,15004.725,12694.611125000001,133.09,191.20499999999998,0.0,0.36438804356010046,0.5277008444993627,2310.113874999999
2026-05-18 18:30:00,1436.6799999999998,373.205,369.9451,15096.297499999999,13058.863000000001,142.07,192.29,0.0,0.38067550006028855,0.5197798267905156,2037.4344999999976
2026-05-18 18:45:00,1436.97,371.76,370.0197750000001,14831.41,13131.470125000005,147.5625,190.92,0.0,0.3969294706262105,0.515972423365751,1699.9398749999946
2026-05-18 19:00:00,1438.06,372.6125,370.30045,14683.7075,13052.03225,152.155,192.8175,0.0,0.40834647254184975,0.5207055513975205,1631.6752500000002
2026-05-18 19:15:00,1435.29,371.65,369.587175,14710.8225,13075.927124999998,150.435,191.55499999999998,0.0,0.40477599892371857,0.5182944998023808,1634.8953750000019
2026-05-18 19:30:00,1432.44,371.405,368.8533000000001,14724.84,13101.814000000004,150.1575,190.23,0.0,0.40429584954429804,0.5157334907943075,1623.0259999999962
2026-05-18 19:45:00,1423.13,369.33500000000004,366.455975,14654.825,12996.961125000002,149.16250000000002,189.69,0.0,0.4038677623295924,0.5176338030782551,1657.863874999999
2026-05-18 20:00:00,1407.52,365.2125,362.4364,14566.997500000001,12718.5095,145.005,190.83749999999998,0.0,0.3970428175377349,0.5265406565124253,1848.4880000000012
2026-05-18 20:15:00,1400.49,363.40500000000003,360.626175,14666.800000000001,12612.072125,139.5725,190.975,0.0,0.3840687387350201,0.5295649989909912,2054.7278750000005
2026-05-18 20:30:00,1392.37,361.01750000000004,358.53527499999996,14771.275,12552.947625,133.5925,189.8575,0.0,0.3700443884299237,0.5295364591392019,2218.327374999999
2026-05-18 20:45:00,1374.15,357.2325,353.84362500000003,14818.8625,12281.031875,126.58250000000001,190.135,0.0,0.35434206014290415,0.5373418837205276,2537.8306249999987
2026-05-18 21:00:00,1354.08,351.6675,348.6756,14804.35,11943.7905,118.33000000000001,191.195,0.0,0.33648261497010673,0.5483463712402015,2860.559500000001
2026-05-18 21:15:00,1336.75,347.6975,344.213125,14680.36,11712.979374999999,115.88250000000001,190.90249999999997,0.0,0.33328539894592285,0.5546055223780324,2967.3806250000016
2026-05-18 21:30:00,1310.49,340.5025,337.45117500000003,14309.485,11419.572125000002,115.76249999999999,189.33249999999998,0.0,0.33997547741940215,0.5610663527842212,2889.912874999998
2026-05-18 21:45:00,1283.08,333.405,330.3931,14040.925,11076.128,112.785,188.4375,0.0,0.3382822693120979,0.5703433273878904,2964.7969999999987
2026-05-18 22:00:00,1263.38,328.60249999999996,325.32035,13938.082499999999,10749.001750000003,108.0875,189.39999999999998,0.0,0.3289308511042978,0.5821953652761039,3189.0807499999955
2026-05-18 22:15:00,1225.23,318.735,315.496725,13441.0,10277.827375,107.34,188.01749999999998,0.0,0.336768789119488,0.5959412098493256,3163.1726249999992
2026-05-18 22:30:00,1193.55,310.14,307.339125,13296.97,9885.534375000003,98.8525,186.89,0.0,0.318735087379893,0.608090492871677,3411.4356249999964
2026-05-18 22:45:00,1157.68,300.4025,298.10260000000005,12956.8475,9388.150500000002,93.645,186.67749999999998,0.0,0.31173175988881585,0.6262189595125972,3568.6969999999983
2026-05-18 23:00:00,1138.9900000000002,296.15,293.2899250000001,12689.307499999999,9043.828375000006,93.99499999999999,188.26999999999998,0.0,0.31738983623163936,0.6419245393444726,3645.4791249999926
2026-05-18 23:15:00,1122.9,292.1,289.14675000000005,12258.0525,8847.578750000004,99.8525,187.6375,0.0,0.3418435467305717,0.6489351860257808,3410.4737499999956
2026-05-19 00:00:00,1057.98,275.385,272.42985,11785.42,7933.52425,87.8175,187.52999999999997,0.0,0.3188899177515115,0.6883606917523905,3851.8957499999997
2026-05-19 00:15:00,1036.0,269.4325,266.77,11433.205,7556.9825,88.02999999999999,188.83499999999998,0.0,0.3267237619812012,0.7078569554297709,3876.2225
2026-05-19 00:30:00,1016.63,264.6875,261.782225,11127.005000000001,7331.779874999998,89.59750000000001,187.8525,0.0,0.33850295159386073,0.7175907378738187,3795.2251250000027
2026-05-19 00:45:00,1005.1,261.78,258.81325000000004,11028.64,7171.111250000003,87.9525,187.79999999999998,0.0,0.33597868439147377,0.7256197277380503,3857.5287499999968
2026-05-19 01:00:00,995.3,259.4475,256.28974999999997,10958.9375,7083.3187499999985,86.7275,186.77999999999997,0.0,0.33427764769365675,0.7287845105003223,3875.6187500000015
2026-05-19 01:15:00,987.03,257.67499999999995,254.160225,10925.109999999999,6916.819875,84.66,187.76749999999998,0.0,0.3285534103036772,0.7387761007844559,4008.2901249999986
2026-05-19 01:30:00,974.89,254.025,251.034175,10769.925,6790.637125,83.75,186.8525,0.0,0.32969195945280977,0.7443309262573512,3979.287874999999
2026-05-19 01:45:00,961.53,250.1925,247.593975,10656.182499999999,6650.926125000001,81.475,185.86249999999998,0.0,0.32564925007744033,0.7506745671012389,4005.256374999998
2026-05-19 02:00:00,938.13,245.065,241.568475,10472.38,6308.398625000001,78.74249999999999,186.08499999999998,0.0,0.3213127129537061,0.7703198854900251,4163.9813749999985
2026-05-19 02:15:00,930.0,243.195,239.475,10592.585,6184.5075,72.6525,186.26,0.0,0.29874175044717205,0.7777847374464976,4408.077499999999
2026-05-19 02:30:00,930.01,242.55250000000004,239.477575,10586.032500000001,6216.024125,72.09500000000001,185.6325,0.0,0.29723461930922174,0.7751560871618146,4370.008375000001
2026-05-19 02:45:00,935.94,244.53500000000003,241.00455000000002,10594.535,6257.007750000002,74.51,186.49249999999998,0.0,0.30470075858261597,0.7738131914936874,4337.527249999998
2026-05-19 03:00:00,933.25,243.10999999999999,240.31187500000001,10601.057499999999,6229.160625,72.2875,186.2875,0.0,0.29734482333100243,0.7751905726672891,4371.8968749999985
2026-05-19 03:15:00,934.21,244.01500000000001,240.559075,10611.7475,6206.631625,73.09,187.01,0.0,0.2995307665512366,0.7773974022805,4405.1158749999995
2026-05-19 03:30:00,930.36,242.44750000000002,239.5677,10606.865,6188.481,71.14750000000001,186.2825,0.0,0.29345528413367844,0.7775776951567344,4418.384
2026-05-19 03:45:00,925.05,241.7,238.200375,10622.307499999999,6113.778125000001,69.6225,186.27249999999998,0.0,0.28805337194869673,0.781999188708246,4508.529374999998
2026-05-19 04:00:00,927.13,242.4925,238.735975,10684.192500000001,6213.611125,69.6225,184.86499999999998,0.0,0.2871119725352331,0.7743491528664668,4470.581375000001
2026-05-19 04:15:00,933.07,243.41500000000002,240.26552500000003,10712.7325,6281.736375000002,70.11,185.18499999999997,0.0,0.28802662120247313,0.7707514425966853,4430.996124999998
2026-05-19 04:30:00,937.84,244.41,241.49380000000002,10621.79,6336.916500000002,73.96000000000001,185.43249999999998,0.0,0.3026062763389387,0.7678561520005895,4284.873499999999
2026-05-19 04:45:00,939.91,245.0775,242.026825,10779.4875,6365.857875,70.6875,185.44,0.0,0.2884291703644766,0.7661960611184317,4413.629625
2026-05-19 05:00:00,957.12,248.945,246.4584,11070.992499999998,6638.344500000001,68.75999999999999,184.86499999999998,0.0,0.2762055875795858,0.7500860185735198,4432.647999999997
2026-05-19 05:15:00,961.72,250.935,247.64290000000003,11053.02,6704.367000000001,72.21,184.8475,0.0,0.2877637635244186,0.7464276181550127,4348.652999999999
2026-05-19 05:30:00,976.42,254.92000000000002,251.42815,11090.9825,6902.9307499999995,77.04,185.04,0.0,0.30221245881060727,0.7359557790167887,4188.0517500000005
2026-05-19 05:45:00,1005.79,262.0425,258.990925,11389.765,7303.258375,79.44250000000001,185.3525,0.0,0.3031664710877053,0.715671794291634,4086.506624999999
2026-05-19 06:00:00,1049.36,271.805,270.2102,11647.54,7922.8184999999985,87.005,185.30249999999998,0.0,0.3201008075642464,0.6857716696112878,3724.7215000000024
2026-05-19 06:15:00,1064.53,277.175,274.11647500000004,11924.100000000002,8176.038624999999,87.7825,184.535,0.0,0.3167042482186344,0.6731992303636619,3748.061375000003
2026-05-19 06:30:00,1050.95,273.90999999999997,270.61962500000004,11840.412499999999,8018.086875000003,85.43249999999999,183.8475,0.0,0.31189989412580776,0.6793576038692685,3822.325624999996
2026-05-19 06:45:00,1047.13,272.3475,269.635975,11788.9475,7846.1111249999985,83.6725,186.20499999999998,0.0,0.3072269802366462,0.6905792151807636,3942.8363750000017
2026-05-19 07:00:00,1080.27,280.8775,278.169525,12124.687500000002,8318.206375000002,87.2975,186.14999999999998,0.0,0.31080275208943403,0.6691962392357681,3806.4811250000002
2026-05-19 07:15:00,1105.84,286.7175,284.75380000000007,12166.8875,8498.466500000002,93.56,189.7875,0.0,0.32631422916285197,0.6664968123340231,3668.4209999999985
2026-05-19 07:30:00,1120.98,290.64,288.65235000000007,12186.3175,8514.636750000003,97.4725,193.7525,0.0,0.33537193779245805,0.6712313272349938,3671.680749999996
2026-05-19 07:45:00,1124.96,291.5,289.6772,12095.019999999999,8422.878500000003,100.17750000000001,196.71499999999997,0.0,0.3436620926243568,0.6790834763661067,3672.141499999996
2026-05-19 08:00:00,1159.37,300.2375,298.53777499999995,12398.970000000001,8792.335124999998,104.1225,199.0725,0.0,0.3468004496440318,0.6668251614054537,3606.6348750000034
2026-05-19 08:15:00,1189.73,307.9425,306.355475,12654.8525,9115.558625000001,107.91,201.20749999999998,0.0,0.35042256265374216,0.6567778819686508,3539.2938749999994
2026-05-19 08:30:00,1213.1,313.03499999999997,312.37325,12834.605,9275.16125,109.4175,204.635,0.0,0.34953759164310705,0.6550977076302148,3559.4437500000004
2026-05-19 08:45:00,1216.1999999999998,315.1325,313.17150000000004,12851.625,9220.815,111.385,206.6,0.0,0.3534544992979144,0.6597024314153745,3630.8099999999995
2026-05-19 09:00:00,1243.78,321.925,320.27335,12994.9925,9549.91675,117.175,207.82999999999998,0.0,0.36398229401258053,0.6489144351223728,3445.07575
2026-05-19 09:15:00,1250.98,323.03499999999997,322.1273500000001,12908.9025,9591.511750000003,120.7275,209.0375,0.0,0.37372885291067537,0.6489281335471823,3317.390749999997
2026-05-19 09:30:00,1263.64,326.08500000000004,325.3873000000001,12994.472500000002,9707.684000000005,122.505,210.29999999999998,0.0,0.3756842541055246,0.6463067243251348,3286.788499999997
2026-05-19 09:45:00,1274.24,329.435,328.1168,13121.8825,9785.0565,123.53,211.755,0.0,0.37497533656108184,0.645364699399726,3336.825999999999
2026-05-19 10:00:00,1273.75,329.35749999999996,327.990625,13140.655,9715.866875,122.47,213.0,0.0,0.37184518342530537,0.6494088055108282,3424.788125000001
2026-05-19 10:15:00,1276.58,329.85,328.71934999999996,13171.095,9709.071749999997,122.05,213.9375,0.0,0.3700166742458693,0.6508211335900975,3462.023250000002
2026-05-19 10:30:00,1285.43,332.12,330.99822500000005,13164.8675,9653.659875000005,124.32249999999999,217.55249999999998,0.0,0.37433006142358183,0.6572618327484987,3511.2076249999955
2026-05-19 10:45:00,1289.72,333.48,332.10290000000003,13049.215,9534.417000000003,128.20499999999998,221.15249999999997,0.0,0.3844458438287153,0.6659155942329921,3514.797999999997
2026-05-19 11:00:00,1299.81,336.225,334.701075,13199.527500000002,9653.066625,128.0525,221.6375,0.0,0.38085359506282995,0.6621953634298904,3546.4608750000025
2026-05-19 11:15:00,1307.34,338.4425,336.64005,13253.03,9740.460249999998,129.76749999999998,222.02249999999998,0.0,0.3834255449596312,0.6595249139251257,3512.5697500000024
2026-05-19 11:30:00,1296.78,335.85249999999996,333.92085000000003,13227.5775,9552.779250000003,126.33749999999999,222.78499999999997,0.0,0.37616959826114144,0.6671790635415547,3674.798249999996
2026-05-19 11:45:00,1272.6799999999998,329.145,327.71509999999995,13028.09,9236.587999999998,121.935,222.28249999999997,0.0,0.3704598277354965,0.6782797008743265,3791.502000000002
2026-05-19 12:00:00,1251.73,323.98249999999996,322.320475,12799.619999999999,8888.883624999999,120.0775,223.30249999999998,0.0,0.37062958647457817,0.6927965094367647,3910.7363750000004
2026-05-19 12:15:00,1249.25,322.8375,321.681875,12922.437499999998,8878.510624999999,115.23,222.8075,0.0,0.35692879544662565,0.6926330555614922,4043.926874999999
2026-05-19 12:30:00,1232.41,319.4925,317.34557500000005,12888.365,8609.264125000005,110.9625,223.42249999999999,0.0,0.34730862226812836,0.7040353406534815,4279.100874999995
2026-05-19 12:45:00,1238.09,321.01750000000004,318.808175,12983.6,8778.582125,111.28,221.64499999999998,0.0,0.34664776842383976,0.6952299764584141,4205.017875
2026-05-19 13:00:00,1251.39,323.86,322.232925,12955.8725,8916.818375000003,115.90249999999999,222.64749999999998,0.0,0.3578784042487494,0.6909520496702811,4039.054124999997
2026-05-19 13:15:00,1254.99,324.0625,323.15992499999993,12958.2,9060.928374999998,116.79500000000002,220.785,0.0,0.3604088717454195,0.6832066197564567,3897.271625000003
2026-05-19 13:30:00,1268.74,328.57,326.7005500000001,13136.705,9250.912750000003,118.6375,220.88,0.0,0.3610722220531394,0.6760931378903401,3885.792249999997
2026-05-19 13:45:00,1265.42,327.3625,325.84565,13033.155,9205.143250000001,119.65,220.855,0.0,0.36549696437435564,0.6777902359598785,3828.0117499999997
2026-05-19 14:00:00,1286.11,332.7375,331.173325,13269.9725,9622.415374999999,122.1125,218.37,0.0,0.36699350088282806,0.6593828171396353,3647.557125000001
2026-05-19 14:15:00,1290.6,334.5925,332.3295,13337.602499999999,9710.255,123.2125,217.885,0.0,0.36824644903875614,0.6556294280224897,3627.3475
2026-05-19 14:30:00,1299.18,336.52750000000003,334.53885,13503.895,9916.519250000001,122.19,216.19,0.0,0.3630906835251205,0.6462328665265633,3587.3757499999992
2026-05-19 14:45:00,1299.81,336.43000000000006,334.701075,13559.890000000001,9997.066625,121.03500000000001,214.7575,0.0,0.35976280355497425,0.641639707909513,3562.8233750000018
2026-05-19 15:00:00,1307.8000000000002,338.3775,336.7585000000001,13549.85,10215.350000000006,124.94,212.65499999999997,0.0,0.3692325878641458,0.631476265632493,3334.4999999999945
2026-05-19 15:15:00,1307.37,336.7925,336.64777499999997,13505.555,10284.885124999999,124.3125,211.14249999999998,0.0,0.3691070911614718,0.6271911347104552,3220.6698750000014
2026-05-19 15:30:00,1307.53,337.83,336.688975,13642.849999999999,10410.026125000004,123.00750000000001,208.68499999999997,0.0,0.364110647367019,0.6198153652046372,3232.8238749999946
2026-05-19 15:45:00,1307.11,337.5625,336.58082500000006,13746.6775,10525.577875000003,120.65750000000001,206.255,0.0,0.35743751157193115,0.612794861382849,3221.099624999997
2026-05-19 16:00:00,1302.9199999999998,336.28,335.5019,13776.949999999999,10571.487000000001,118.6725,204.14999999999998,0.0,0.3528978827167837,0.6084913379030044,3205.462999999998
2026-05-19 16:15:00,1294.98,334.58500000000004,333.45735,13779.862500000001,10576.911750000003,116.9025,201.7925,0.0,0.3493955198230644,0.6051523530670413,3202.950749999998
2026-05-19 16:30:00,1288.75,333.2525,331.85312500000003,13840.285,10614.804375000003,114.175,199.26999999999998,0.0,0.3426080824599965,0.6004764909174803,3225.4806249999965
2026-05-19 16:45:00,1268.29,328.455,326.58467499999995,13883.730000000001,10532.539625,107.3275,195.11999999999998,0.0,0.32676470140506314,0.5974560808770344,3351.190375000002
2026-05-19 17:00:00,1263.27,327.0,325.2920250000001,13924.7925,10642.193875000004,105.32499999999999,191.505,0.0,0.3220948012232416,0.5887171688269947,3282.598624999995
2026-05-19 17:15:00,1272.7900000000002,329.8775,327.743425,14141.835,10898.145875,104.58749999999999,189.08249999999998,0.0,0.3170495108032527,0.5769223288003412,3243.689124999999
2026-05-19 17:30:00,1279.12,331.8125,329.3734,14280.615000000002,11078.7945,104.3525,187.2625,0.0,0.31449237144471653,0.568541661227045,3201.8205000000016
2026-05-19 17:45:00,1322.3000000000002,343.02,340.49225000000007,14715.4575,11753.331250000003,109.7025,186.0025,0.0,0.3198137134860941,0.5462752823302145,2962.1262499999975
2026-05-19 18:00:00,1405.83,365.43,362.001225,15248.8825,12917.074874999998,128.4625,186.3875,0.0,0.35153791423802094,0.5148808543396504,2331.8076250000013
2026-05-19 18:15:00,1459.59,378.34000000000003,375.844425,15545.2075,13645.825875000002,139.415,187.04,0.0,0.3684913041179891,0.49765271894082236,1899.3816249999982
2026-05-19 18:30:00,1483.41,384.2175,381.97807500000005,15805.939999999999,14015.551625000002,141.3325,186.39249999999998,0.0,0.3678450356894208,0.4879664886525227,1790.3883749999968
2026-05-19 18:45:00,1486.37,385.73249999999996,382.740275,15755.31,14033.222624999999,144.7825,186.8775,0.0,0.37534431244450495,0.48826191599512225,1722.087375000001
2026-05-19 19:00:00,1484.12,384.16999999999996,382.16089999999997,15750.59,14026.981999999996,142.76749999999998,186.36499999999998,0.0,0.37162584272587657,0.4876610872540859,1723.6080000000038
2026-05-19 19:15:00,1478.42,382.4625,380.69314999999995,15715.5475,13921.505749999998,141.0025,186.85999999999999,0.0,0.3686701310586005,0.49084150844321733,1794.0417500000021
2026-05-19 19:30:00,1468.3200000000002,380.675,378.09240000000005,15706.535,13792.839500000002,138.69,186.5725,0.0,0.3643265252511985,0.4934574194032992,1913.695499999998
2026-05-19 19:45:00,1459.01,378.16499999999996,375.69507500000003,15615.3625,13673.361625000001,137.51,186.325,0.0,0.3636243438710616,0.49594741160767136,1942.000874999998
2026-05-19 20:00:00,1451.62,376.4,373.79215,15703.075,13615.20075,132.8425,185.39499999999998,0.0,0.35292906482465464,0.4959841987050824,2087.8742500000008
2026-05-19 20:15:00,1440.3,373.28499999999997,370.87725,15956.24,13425.381249999999,121.1625,185.98499999999999,0.0,0.32458443280603294,0.5014731963203458,2530.8587500000012
2026-05-19 20:30:00,1429.17,370.27,368.01127499999996,15785.3775,13220.627625000001,120.9675,186.92749999999998,0.0,0.32670078591298246,0.5079396004918599,2564.7498749999995
2026-05-19 20:45:00,1411.61,366.0675,363.48957499999995,15546.7625,12949.934125,121.01499999999999,187.36749999999998,0.0,0.3305811086753126,0.5154687036072493,2596.828375000001
2026-05-19 21:00:00,1395.46,361.1175,359.33095000000003,15415.3075,12698.834750000002,117.0525,187.815,0.0,0.3241396498369644,0.5226797190723481,2716.472749999999
2026-05-19 21:15:00,1372.25,355.28499999999997,353.354375,15109.197499999998,12409.498125000002,116.9325,187.02749999999997,0.0,0.3291230983576566,0.5292915928945269,2699.6993749999965
2026-05-19 21:30:00,1353.37,351.0175,348.492775,15004.6025,12112.110125,113.205,187.6275,0.0,0.3225052881978819,0.5383971016328818,2892.4923750000016
2026-05-19 21:45:00,1310.48,339.885,337.44860000000006,14574.255000000001,11524.9305,108.42999999999999,187.2225,0.0,0.31901966841725876,0.5548178300339666,3049.3245000000006
2026-05-19 22:00:00,1279.37,331.8425,329.437775,14170.814999999999,11016.210125,106.89999999999999,188.58499999999998,0.0,0.32214077461446317,0.572444978418155,3154.604874999999
2026-05-19 22:15:00,1256.7400000000002,326.105,323.6105500000001,13952.9325,10751.212750000004,104.65,187.475,0.0,0.3209089097069962,0.5793228929032133,3201.7197499999966
2026-05-19 22:30:00,1225.24,318.005,315.4993,13677.495,10297.094000000001,99.9975,187.635,0.0,0.3144526029464946,0.594723981954952,3380.401
2026-05-19 22:45:00,1188.45,308.41,306.02587500000004,13286.5075,9747.680625000003,96.1025,188.2025,0.0,0.31160630329755845,0.6149888469398216,3538.826874999997
2026-05-19 23:00:00,1168.04,303.375,300.7703,12865.5425,9422.624,99.74249999999999,188.92249999999999,0.0,0.3287762669962917,0.6281288411787999,3442.9184999999998
2026-05-19 23:15:00,1145.1999999999998,296.795,294.8889999999999,12501.935000000001,9070.527499999997,99.5875,189.49499999999998,0.0,0.3355430516012736,0.6425977232111066,3431.407500000005
2026-05-19 23:30:00,1124.25,291.7975,289.494375,12391.7875,8834.198125,95.56,188.2875,0.0,0.32748738423050233,0.6504012383660305,3557.5893749999996
2026-05-20 00:00:00,1076.9699999999998,280.755,277.31977499999994,11953.320000000002,8161.970124999997,90.9775,188.33999999999997,0.0,0.32404587629783976,0.6791437790543426,3791.3498750000044
2026-05-20 00:15:00,1056.0,274.5875,271.91999999999996,11630.2425,7844.8575,90.39999999999999,188.74249999999998,0.0,0.3292211043838485,0.6941104001176817,3785.385
2026-05-20 00:30:00,1032.9299999999998,269.4125,265.979475,11477.3675,7543.503624999998,87.0175,188.23499999999999,0.0,0.32298983900153105,0.707704983627026,3933.8638750000027
2026-05-20 00:45:00,1017.27,264.55,261.947025,11304.925000000001,7323.843875,84.46499999999999,188.1925,0.0,0.31927801927801924,0.7184372489055755,3981.0811250000015
2026-05-20 01:00:00,1003.58,261.0875,258.42185,11020.529999999999,7166.334250000002,87.26,187.46499999999997,0.0,0.33421745583377227,0.7254224052648798,3854.195749999997
2026-05-20 01:15:00,1001.45,260.35,257.873375,11002.14,7145.668125000002,86.7275,187.27499999999998,0.0,0.3331188784328788,0.7262285220410986,3856.4718749999975
2026-05-20 01:30:00,990.37,257.285,255.020275,10911.61,6991.497625,84.6375,187.22,0.0,0.32896398935033133,0.7341377072862147,3920.1123750000006
2026-05-20 01:45:00,979.86,255.3875,252.31395,10869.925000000001,6805.1497500000005,82.67999999999999,187.97,0.0,0.32374333121237336,0.7449845718003305,4064.7752500000006
2026-05-20 02:00:00,977.01,254.2525,251.580075,10814.8925,6761.911625000001,82.46000000000001,188.02749999999997,0.0,0.3243232613248641,0.7473862944034816,4052.9808749999993
2026-05-20 02:15:00,962.24,250.515,247.7768,10645.7925,6556.356500000001,81.5,187.95499999999998,0.0,0.32532982056962656,0.7585657737124701,4089.435999999999
2026-05-20 02:30:00,951.01,247.555,244.885075,10656.697499999998,6401.186625,76.8325,187.8775,0.0,0.31036537335137643,0.7672068214038769,4255.510874999998
2026-05-20 02:45:00,955.72,248.495,246.0979,10694.2825,6436.017000000001,76.99,188.515,0.0,0.30982514738727135,0.7660162886396022,4258.265499999999
2026-05-20 03:00:00,954.47,248.69,245.776025,10692.825,6422.688875000001,77.35,188.42749999999998,0.0,0.31102979613173026,0.7666634693111339,4270.136125
2026-05-20 03:15:00,950.47,247.8225,244.746025,10836.5275,6347.663875,72.0475,188.795,0.0,0.29072219027731544,0.7713914863377249,4488.863625
2026-05-20 03:30:00,953.74,248.70499999999998,245.58805,10924.5425,6447.975250000001,71.36,187.71499999999997,0.0,0.28692627812066507,0.764349079688527,4476.567249999998
2026-05-20 03:45:00,947.89,247.3975,244.081675,10890.8775,6331.499625,70.09,188.3875,0.0,0.28330924928505746,0.7718215634172455,4559.377875
2026-05-20 04:00:00,950.12,247.4275,244.6559,10991.225,6358.457,67.39,188.48,0.0,0.27236261126996797,0.7703881247090301,4632.768
2026-05-20 04:15:00,961.56,250.0775,247.6017,11111.8775,6532.101000000001,68.15,188.24749999999997,0.0,0.27251552018874153,0.760283552172703,4579.7765
2026-05-20 04:30:00,958.69,250.16000000000003,246.86267500000002,11122.460000000001,6473.079625000002,67.8575,188.61499999999998,0.0,0.27125639590661976,0.764048270966844,4649.380374999999
2026-05-20 04:45:00,970.04,252.4975,249.7853,11258.17,6700.4490000000005,68.1325,187.2825,0.0,0.269834354795592,0.7497739058303271,4557.721
2026-05-20 05:00:00,976.9,254.49,251.55175,11139.085,6840.60375,74.615,186.42249999999999,0.0,0.29319423160045577,0.7410900540346071,4298.481249999999
2026-05-20 05:15:00,985.37,256.255,253.732775,11345.6725,6990.060125000001,71.8625,185.83249999999998,0.0,0.28043355251604846,0.7323945438266696,4355.612375
2026-05-20 05:30:00,1016.27,264.3425,261.689525,11558.755000000001,7437.931375,78.19749999999999,185.6275,0.0,0.2958188713506152,0.7093424927879708,4120.823625000001
2026-05-20 05:45:00,1028.03,267.4175,264.717725,11699.932499999999,7628.982374999999,79.125,185.1375,0.0,0.29588564697523534,0.6993770439814713,4070.9501250000003
2026-05-20 06:00:00,1075.1999999999998,278.99,276.864,12043.175,8300.1525,87.0725,185.075,0.0,0.3120989999641564,0.6684689956079519,3743.022499999999
2026-05-20 06:15:00,1093.14,284.3125,281.48355000000004,12379.3225,8540.102750000004,85.8,185.3575,0.0,0.30178061112332377,0.6585020687709814,3839.2197499999966
2026-05-20 06:30:00,1078.0,279.62,277.585,12223.935,8346.057499999999,83.1675,184.95,0.0,0.2974304413132108,0.66628239998559,3877.8775000000005
2026-05-20 06:45:00,1085.87,281.75,279.611525,12186.065,8388.891375,86.875,186.3225,0.0,0.308340727595386,0.6663620178030931,3797.1736250000013
2026-05-20 07:00:00,1116.37,289.41999999999996,287.465275,12612.422499999999,8749.597625,86.2525,187.74749999999997,0.0,0.29801845069449245,0.6531136673812166,3862.8248749999984
2026-05-20 07:15:00,1128.06,292.46750000000003,290.47545,12624.5375,8771.40725,89.44500000000001,190.62249999999997,0.0,0.30582885277851385,0.6562430663245378,3853.13025
2026-05-20 07:30:00,1140.79,295.8325,293.753425,12527.73,8768.695875000001,95.7775,194.2825,0.0,0.32375584156575093,0.6613795226387573,3759.0341249999983
2026-05-20 07:45:00,1148.6799999999998,297.82,295.78509999999994,12432.23,8747.312999999996,100.37750000000001,196.945,0.0,0.3370408300315627,0.6658381372151607,3684.917000000003
2026-05-20 08:00:00,1185.15,306.5375,305.176125,12795.592499999999,9107.944375,102.42,200.0625,0.0,0.33411899033560327,0.655564061572641,3687.6481249999997
2026-05-20 08:15:00,1214.3,314.625,312.68225000000007,13164.8375,9447.156250000002,103.945,201.535,0.0,0.33037743345252285,0.6445361065426641,3717.681249999998
2026-05-20 08:30:00,1208.32,313.0675,311.1424,13034.79,9197.089500000002,103.9825,204.84249999999997,0.0,0.3321408322486365,0.6583561096141187,3837.700499999999
2026-05-20 08:45:00,1243.29,321.97249999999997,320.14717499999995,13452.0975,9638.477125,105.5625,205.92,0.0,0.3278618515556453,0.6432041763292149,3813.6203750000004
2026-05-20 09:00:00,1262.23,326.60749999999996,325.024225,13577.035,9784.589874999998,108.2175,208.36249999999998,0.0,0.3313380739878907,0.6410676004227069,3792.445125000002
2026-05-20 09:15:00,1274.8,330.54,328.261,13623.405,9898.237500000003,112.3575,209.64999999999998,0.0,0.33992103830096204,0.6386686203965746,3725.1674999999977
2026-05-20 09:30:00,1288.08,333.4975,331.68059999999997,13657.725,9985.815499999999,115.11999999999999,211.65999999999997,0.0,0.34518999392799044,0.6381440458079248,3671.9095000000016
2026-05-20 09:45:00,1290.73,333.90250000000003,332.362975,13598.6075,9933.721125,116.69,213.4525,0.0,0.3494732743839893,0.6422270711712097,3664.886375
2026-05-20 10:00:00,1277.25,332.2925,328.891875,13481.855,9664.935625000002,116.905,215.01,0.0,0.3518135377716921,0.6537406860537371,3816.9193749999977
2026-05-20 10:15:00,1304.64,338.075,335.94480000000004,13758.4775,9934.471500000003,117.1925,217.3775,0.0,0.3466464541891592,0.6470631484696294,3824.0059999999976
2026-05-20 10:30:00,1313.58,340.78999999999996,338.24685,13739.705,9943.584249999998,120.91000000000001,219.7275,0.0,0.3547932744505415,0.649606936472579,3796.120750000002
2026-05-20 10:45:00,1304.47,338.34749999999997,335.901025,13564.2025,9775.063875,121.745,220.51749999999998,0.0,0.3598223719696466,0.656495466186803,3789.1386249999996
2026-05-20 11:00:00,1323.59,342.77,340.8244249999999,13718.145,9976.350874999996,123.67,221.90749999999997,0.0,0.3607958689500248,0.6510903671296446,3741.794125000004
2026-05-20 11:15:00,1321.46,342.6775,340.27595,13613.442500000001,9953.684750000002,126.415,221.7575,0.0,0.36890370683806206,0.6516990107587679,3659.757749999999
2026-05-20 11:30:00,1320.56,341.525,340.0442,13529.615,9906.4385,126.72500000000001,222.4475,0.0,0.3710562916331162,0.6541723105408062,3623.1764999999996
2026-05-20 11:45:00,1287.4,335.065,331.5055,13137.26,9335.56,127.015,224.47249999999997,0.0,0.37907570172951516,0.6771305453454014,3801.7000000000007
2026-05-20 12:00:00,1277.56,331.46000000000004,328.97170000000006,13271.1875,9189.576000000001,117.99000000000001,224.605,0.0,0.35597055451638204,0.6827486984442733,4081.611499999999
2026-05-20 12:15:00,1267.74,329.3025,326.44305,13273.645,9101.875250000001,115.0775,223.5775,0.0,0.34945832479255395,0.6848897533582043,4171.7697499999995
2026-05-20 12:30:00,1260.4299999999998,327.34499999999997,324.56072499999993,13112.419999999998,8886.972374999998,115.74249999999999,225.80499999999998,0.0,0.3535795567367762,0.6957249679547641,4225.447625000001
2026-05-20 12:45:00,1259.44,326.2975,324.30580000000003,13110.9725,8922.826500000001,114.575,224.8075,0.0,0.35113661612485536,0.6931960513811347,4188.145999999999
2026-05-20 13:00:00,1266.81,328.67,326.203575,13206.97,9016.579125,115.43249999999999,225.01999999999998,0.0,0.3512109410655064,0.6898146349254449,4190.390874999999
2026-05-20 13:15:00,1281.85,332.315,330.076375,13346.025,9386.833125,118.1975,221.875,0.0,0.355679099649429,0.6721929129281065,3959.1918750000004
2026-05-20 13:30:00,1287.8200000000002,333.65999999999997,331.61365000000006,13346.0975,9439.383250000003,119.97,222.515,0.0,0.35955763351915127,0.6710067574118254,3906.7142499999973
2026-05-20 13:45:00,1277.45,332.0375,328.94337500000006,13086.455,9291.018125000002,124.565,222.545,0.0,0.3751534088770093,0.6765450132564608,3795.4368749999976
2026-05-20 14:00:00,1303.82,338.325,335.73365,13417.8975,9715.233250000001,125.31,221.52999999999997,0.0,0.37038350698293065,0.6598385356963771,3702.664249999998
2026-05-20 14:15:00,1323.5,343.2325,340.80125,13620.115000000002,10013.576249999998,127.2775,221.1375,0.0,0.3708200709431653,0.6488752608741899,3606.5387500000033
2026-05-20 14:30:00,1312.86,340.165,338.0614499999999,13745.8425,10065.012249999996,120.74,217.09499999999997,0.0,0.3549453941469581,0.6421761487445552,3680.8302500000045
2026-05-20 14:45:00,1317.2400000000002,341.51,339.18930000000006,14020.1625,10163.294000000004,115.58,216.37,0.0,0.3384381130860004,0.6379033772586575,3856.868499999997
2026-05-20 15:00:00,1322.22,342.8125,340.47165000000007,13935.1225,10343.823250000003,120.5875,214.17,0.0,0.35175934366453965,0.6290391578858326,3591.2992499999964
2026-05-20 15:15:00,1316.44,341.1575,338.9833000000001,13817.364999999998,10359.089000000004,121.9925,212.2275,0.0,0.3575841070473315,0.6260706648380612,3458.2759999999944
2026-05-20 15:30:00,1330.47,343.94,342.596025,13971.4125,10652.038875000002,122.6275,210.34249999999997,0.0,0.35653747746700004,0.6139665514216051,3319.3736249999984
2026-05-20 15:45:00,1324.22,342.8625,340.98665,13942.11,10655.27325,122.46249999999999,208.5075,0.0,0.3571767107805607,0.6114828835674359,3286.8367500000004
2026-05-20 16:00:00,1310.68,339.78,337.5001,13917.932499999999,10607.763,119.5475,205.62249999999997,0.0,0.35183795397021606,0.6092516713328381,3310.169499999998
2026-05-20 16:15:00,1296.9499999999998,336.61,333.96462499999996,13881.602499999999,10562.061874999998,116.8625,202.64749999999998,0.0,0.34717477199132524,0.6067933093213091,3319.5406250000015
2026-05-20 16:30:00,1296.73,335.6325,333.90797499999996,13914.86,10601.196125,114.80749999999999,201.80249999999998,0.0,0.34206311963233593,0.604365619000265,3313.663875
2026-05-20 16:45:00,1290.33,335.0075,332.259975,14047.9375,10806.306125,112.36,195.8875,0.0,0.3353954762206816,0.5895609304129996,3241.631375000001
2026-05-20 17:00:00,1290.5700000000002,335.16999999999996,332.321775,14137.2375,10960.830125000002,111.25,192.86499999999998,0.0,0.33192111465823315,0.5803561924282572,3176.407374999997
2026-05-20 17:15:00,1292.39,335.545,332.790425,14284.0925,11166.855875000001,109.105,189.26,0.0,0.325157579460281,0.5687062661132752,3117.2366249999995
2026-05-20 17:30:00,1311.87,340.635,337.80652499999997,14673.4475,11591.366374999996,107.1925,186.2875,0.0,0.31468433954232533,0.5514621128173887,3082.0811250000042
2026-05-20 17:45:00,1356.05,352.1275,349.182875,15304.6525,12236.440625000003,107.3525,185.89999999999998,0.0,0.3048682650460416,0.5323857878196345,3068.2118749999972
2026-05-20 18:00:00,1415.8200000000002,368.0475,364.57365000000004,15864.2675,13077.933250000002,115.8575,186.0,0.0,0.3147895312425706,0.510184979084473,2786.334249999998
2026-05-20 18:15:00,1467.1799999999998,380.5,377.79884999999996,16024.93,13833.319249999997,130.2225,185.44,0.0,0.3422404730617608,0.4908432092898113,2191.6107500000035
2026-05-20 18:30:00,1481.17,384.5725,381.40127500000006,16093.100000000002,14048.702625000005,134.555,185.095,0.0,0.34988201184432066,0.4853025202917845,2044.3973749999968
2026-05-20 18:45:00,1484.1,385.28499999999997,382.15575,16030.645,14114.44875,137.4725,184.60999999999999,0.0,0.35680729849332316,0.4830752906373906,1916.1962500000009
2026-05-20 19:00:00,1478.7599999999998,384.2625,380.7806999999999,15910.35,14079.195999999996,139.48749999999998,183.80249999999998,0.0,0.36300055300738426,0.48269909688174856,1831.154000000004
2026-05-20 19:15:00,1479.83,384.28,381.056225,15837.95,14005.724875,140.8475,185.575,0.0,0.3665231081503071,0.48700162292323135,1832.2251250000008
2026-05-20 19:30:00,1473.19,382.52250000000004,379.346425,15892.689999999999,13993.435875,137.33,183.94,0.0,0.35901156141142027,0.48488660463849104,1899.2541249999995
2026-05-20 19:45:00,1469.52,382.13,378.40139999999997,15822.602499999999,13869.8345,138.1375,185.37249999999997,0.0,0.36149347080836364,0.48988322981891713,1952.7679999999982
2026-05-20 20:00:00,1456.92,378.815,375.15690000000006,15926.75,13742.262000000002,130.7525,184.355,0.0,0.34516188640893314,0.49140772833979585,2184.4879999999976
2026-05-20 20:15:00,1448.77,376.19,373.058275,16030.397500000001,13601.337624999996,123.86999999999999,184.86499999999998,0.0,0.32927510034822827,0.4955392022868277,2429.0598750000045
2026-05-20 20:30:00,1439.14,374.0275,370.57855000000006,16049.21,13459.32775,120.1075,184.9775,0.0,0.3211194364050772,0.4991586803931311,2589.8822499999987
2026-05-20 20:45:00,1419.27,369.1425,365.462025,15925.6175,13206.543875,116.3875,184.40499999999997,0.0,0.3152915202123841,0.5045804690651511,2719.073625000001
2026-05-20 21:00:00,1401.16,364.1725,360.79870000000005,15720.925000000001,12921.686000000003,114.3325,184.9725,0.0,0.3139514927678504,0.5126750733857964,2799.2389999999978
2026-05-20 21:15:00,1378.85,358.3775,355.053875,15324.137499999999,12553.095625000002,116.0725,186.02499999999998,0.0,0.32388333530983393,0.523934571901236,2771.041874999997
2026-05-20 21:30:00,1357.33,352.405,349.512475,15167.505000000001,12293.818625,111.74749999999999,185.11499999999998,0.0,0.3170996438756544,0.529637747551071,2873.686375000001
2026-05-20 21:45:00,1326.12,344.83500000000004,341.47589999999997,14918.3875,11881.306999999999,107.435,184.52499999999998,0.0,0.3115548015717662,0.5403748844354755,3037.080500000002
2026-05-20 22:00:00,1301.2199999999998,338.64250000000004,335.06415000000004,14809.975,11487.035750000001,100.8675,185.3575,0.0,0.29785836095587526,0.553200036470628,3322.9392499999994
2026-05-20 22:15:00,1267.37,329.99,326.34777499999996,14516.185000000001,10995.760124999999,95.8625,185.595,0.0,0.29050122730991845,0.5687031265955468,3520.4248750000024
2026-05-20 22:30:00,1230.77,321.095,316.923275,14277.5625,10483.537625,89.1325,185.4725,0.0,0.2775891870007318,0.5852283963681746,3794.024874999999
2026-05-20 22:45:00,1195.13,311.70500000000004,307.74597500000004,13616.032500000001,9975.786125000004,93.0325,185.5325,0.0,0.29846329061131516,0.6028754722137307,3640.246374999997
2026-05-20 23:00:00,1174.85,305.9175,302.523875,13249.1975,9557.445625,93.4225,188.15499999999997,0.0,0.3053846216708753,0.6219509121387526,3691.751875
2026-05-20 23:15:00,1162.29,302.77,299.289675,13166.4675,9389.564624999999,91.05,187.95499999999998,0.0,0.3007233213330251,0.628003622243233,3776.9028750000016
2026-05-20 23:30:00,1130.24,294.6425,291.03679999999997,12895.1825,8908.531500000001,86.11,188.49749999999997,0.0,0.292252475457546,0.6476758265621392,3986.651
2026-05-21 00:00:00,1110.76,289.34749999999997,286.02070000000003,12433.3,8605.271000000004,90.53,189.045,0.0,0.31287638566084036,0.6609486656035733,3828.028999999995
2026-05-21 00:15:00,1069.89,278.565,275.4966750000001,12016.6075,8010.949625000004,85.655,189.355,0.0,0.3074865830237108,0.6873222698604254,4005.6578749999962
2026-05-21 00:30:00,1061.29,277.33500000000004,273.282175,11782.187500000002,7818.0271250000005,89.66250000000001,190.77749999999997,0.0,0.32330034074314457,0.6980971225071667,3964.1603750000013
2026-05-21 00:45:00,1050.67,274.1975,270.547525,11887.4,7683.621375000001,82.2675,190.45749999999998,0.0,0.3000300878016758,0.7039705870530509,4203.778624999999
2026-05-21 01:00:00,1033.13,271.8825,266.030975,11875.8025,7509.961125000002,79.665,188.96249999999998,0.0,0.2930126065487849,0.7103026254743455,4365.841374999998
2026-05-21 01:15:00,1038.66,269.9525,267.45495000000005,11739.03,7578.654750000003,80.425,189.15499999999997,0.0,0.29792278271177336,0.7072406025762467,4160.375249999997
2026-05-21 01:30:00,1006.95,262.63,259.289625,11410.5125,7196.936875000001,78.8925,187.80749999999998,0.0,0.30039409054563454,0.7243155216873794,4213.5756249999995
2026-05-21 01:45:00,1018.13,265.36249999999995,262.168475,11524.8125,7313.273625000001,79.57,188.64749999999998,0.0,0.29985397333835795,0.7195659203495004,4211.538874999999
2026-05-21 02:00:00,981.6,256.645,252.762,11199.6575,6748.667500000001,75.0675,189.59249999999997,0.0,0.2924954703968517,0.7500830821088612,4450.989999999998
2026-05-21 02:15:00,1000.35,260.5425,257.590125,11272.79,7087.214375,79.39750000000001,188.1325,0.0,0.30473915004269936,0.7303560258763802,4185.575625000001
2026-05-21 02:30:00,980.93,255.7375,252.589475,11129.412499999999,6872.3036250000005,76.55250000000001,186.92999999999998,0.0,0.29934014370203826,0.7400545885769785,4257.108874999998
2026-05-21 02:45:00,986.45,257.5975,254.01087500000003,11202.452500000001,6948.230625000002,77.32750000000001,186.975,0.0,0.3001873077184367,0.7360905315569657,4254.221874999999
2026-05-21 03:00:00,982.62,258.2725,253.02465,11221.869999999999,6789.23825,77.07000000000001,189.07,0.0,0.29840575361294763,0.7472394488046915,4432.631749999999
2026-05-21 03:15:00,968.14,253.22750000000002,249.29605,11019.0025,6608.915250000001,75.2275,188.575,0.0,0.29707476478660494,0.7564299554686085,4410.08725
2026-05-21 03:30:00,983.18,256.81,253.16885,11421.3125,6799.91925,69.525,189.015,0.0,0.2707254390405358,0.746596589588332,4621.39325
2026-05-21 03:45:00,969.02,253.4925,249.52265,11322.07,6634.12825,67.52000000000001,188.32,0.0,0.26635896525538233,0.754721064400366,4687.94175
2026-05-21 04:00:00,980.98,255.57,252.60235,11355.567500000001,6712.38675,69.0625,190.14249999999998,0.0,0.2702292913878781,0.7527344856451256,4643.180750000001
2026-05-21 04:15:00,985.21,257.7875,253.69157500000003,11501.04,6796.544125000001,68.5975,189.6575,0.0,0.26610095524414484,0.7475908492428256,4704.495875
2026-05-21 04:30:00,958.73,250.8625,246.87297500000003,11195.895,6426.396125000003,66.58500000000001,189.55999999999997,0.0,0.26542428621256664,0.7678442729504918,4769.4988749999975
2026-05-21 04:45:00,985.2,258.1025,253.68900000000002,11534.525,6847.527500000001,68.52,188.635,0.0,0.26547592526225045,0.7435679118921198,4686.997499999999
2026-05-21 05:00:00,998.41,260.3325,257.090575,11484.89,7035.489125,73.1825,188.61749999999998,0.0,0.2811116552869888,0.7336616676826834,4449.400874999999
2026-05-21 05:15:00,991.47,259.3175,255.303525,11390.085,6913.5763750000015,74.07,189.08999999999997,0.0,0.28563440569957677,0.7406478230177197,4476.508624999998
2026-05-21 05:30:00,1028.94,268.105,264.95205000000004,11697.564999999999,7458.870250000002,78.925,188.79749999999999,0.0,0.2943809328434755,0.7125723314841307,4238.694749999997
2026-05-21 05:45:00,1048.2,272.925,269.91150000000005,11846.36,7662.140000000002,81.58,190.1875,0.0,0.2989099569478794,0.7046291099119525,4184.219999999998
2026-05-21 06:00:00,1092.53,285.0925,281.32647499999996,12316.71,8371.838625,87.53,188.54999999999998,0.0,0.3070231591501004,0.6702177603440985,3944.871374999999
2026-05-21 06:15:00,1131.87,294.71750000000003,291.45652499999994,12535.365000000002,8828.616375,95.22250000000001,190.55749999999998,0.0,0.3230975425619449,0.6538110615296742,3706.748625000002
2026-05-21 06:30:00,1113.22,290.9,286.65415,12585.390000000001,8557.610750000002,88.14750000000001,190.695,0.0,0.30301650051564116,0.6652441626957083,4027.7792499999996
2026-05-21 06:45:00,1117.16,290.96000000000004,287.6687,12539.577500000001,8562.911,89.12,191.70499999999998,0.0,0.30629639813032716,0.6664089628103439,3976.666500000001
2026-05-21 07:00:00,1126.75,293.77,290.13812499999995,12690.2225,8715.729374999999,89.345,191.36499999999998,0.0,0.30413248459679343,0.6595651640059369,3974.493125000001
2026-05-21 07:15:00,1167.62,303.42,300.66215000000005,12954.74,9166.050750000002,95.6375,193.935,0.0,0.31519840485136114,0.6450263194086784,3788.6892499999976
2026-05-21 07:30:00,1165.3300000000002,303.6325,300.07247500000005,12868.592499999999,8973.993625000003,97.16,197.1275,0.0,0.3199920957078047,0.6569329626117822,3894.598874999996
2026-05-21 07:45:00,1163.65,302.655,299.63987499999996,12761.144999999999,8818.075624999998,97.68249999999999,199.76999999999998,0.0,0.3227519783251557,0.6667003181736076,3943.069375000001
2026-05-21 08:00:00,1206.32,313.4175,310.62739999999997,13250.517500000002,9458.389500000001,100.7075,199.04999999999998,0.0,0.3213206027104421,0.6407998779244845,3792.1280000000006
2026-05-21 08:15:00,1218.63,316.1625,313.797225,13293.485,9392.354875,101.9375,203.8575,0.0,0.3224212232633535,0.6496472363641839,3901.1301249999997
2026-05-21 08:30:00,1242.21,322.8075,319.869075,13442.54,9488.056625,106.1125,208.6225,0.0,0.32871757936231344,0.6522121589903619,3954.4833750000016
2026-05-21 08:45:00,1253.44,324.8675,322.7608,13325.822499999998,9510.6015,111.37,211.3525,0.0,0.34281668680308125,0.6548270421934758,3815.2209999999977
2026-05-21 09:00:00,1276.21,330.8125,328.62407500000006,13369.29,9791.831625000003,118.74249999999999,212.17749999999998,0.0,0.35894199886642736,0.6456541566530083,3577.4583749999983
2026-05-21 09:15:00,1300.69,336.9925,334.927675,13577.285,10050.654625000001,121.69,213.935,0.0,0.36110595933143913,0.6387498435296516,3526.630374999999
2026-05-21 09:30:00,1308.98,339.96000000000004,337.06235000000004,13640.4925,10090.811750000004,123.85000000000001,215.48,0.0,0.36430756559595245,0.6392882503786019,3549.680749999996
2026-05-21 09:45:00,1310.4,340.385,337.42800000000005,13549.45,9995.672500000004,126.1325,217.78499999999997,0.0,0.37055833835216007,0.6454265798925991,3553.7774999999965
2026-05-21 10:00:00,1301.5300000000002,339.83500000000004,335.14397500000007,13426.952500000001,9821.926125000004,128.28750000000002,218.7475,0.0,0.37749937469654393,0.6526970983142393,3605.0263749999976
2026-05-21 10:15:00,1330.98,345.0025,342.72735,13641.93,10120.01175,129.3225,221.1275,0.0,0.37484510981804475,0.6451994566526424,3521.9182500000006
2026-05-21 10:30:00,1308.53,339.3725,336.946475,13333.005,9699.188625,128.57999999999998,223.185,0.0,0.3788757191581521,0.6623752333363926,3633.8163749999985
2026-05-21 10:45:00,1331.0300000000002,345.4875,342.7402250000001,13521.6475,9946.844875000006,132.0725,224.605,0.0,0.382278664206375,0.6553213880862683,3574.802624999993
2026-05-21 11:00:00,1347.7400000000002,346.72749999999996,347.0430500000001,13432.6125,10036.625250000005,135.29000000000002,227.5425,0.0,0.3901911443424592,0.6556607314279883,3395.9872499999947
2026-05-21 11:15:00,1327.38,344.3725,341.80035000000004,13373.22,9775.026750000003,133.5825,227.0075,0.0,0.38790118258571754,0.6641523333723911,3598.1932499999966
2026-05-21 11:30:00,1319.69,345.3025,339.820175,13630.69,9886.867125,129.5575,222.59249999999997,0.0,0.37520000579202295,0.6550302671111271,3743.822875
2026-05-21 11:45:00,1314.69,341.735,338.53267500000004,13062.5175,9405.429625,136.725,230.80499999999998,0.0,0.40009071356460413,0.6817805696303908,3657.0878749999993
2026-05-21 12:00:00,1296.92,335.11,333.9569,13109.245,9338.886999999999,126.915,227.1025,0.0,0.378726388350094,0.6800353578560586,3770.358000000002
2026-05-21 12:15:00,1290.65,334.5,332.34237500000006,13050.2075,9065.963125000002,126.31000000000002,230.785,0.0,0.37760837070254116,0.6944194221395931,3984.2443749999984
2026-05-21 12:30:00,1287.2199999999998,332.7825,331.45914999999997,12977.2825,9062.510749999998,126.045,229.8825,0.0,0.3787609023912014,0.6935470027000311,3914.7717500000017
2026-05-21 12:45:00,1281.0,332.5075,329.8575,12968.9825,8996.045000000002,126.0125,229.45,0.0,0.37897641406584814,0.6956034045004281,3972.937499999998
2026-05-21 13:00:00,1278.96,331.0125,329.33220000000006,13020.785,9077.778500000002,123.16749999999999,227.23749999999998,0.0,0.37209319889732256,0.6899947833828576,3943.0064999999977
2026-05-21 13:15:00,1304.73,338.195,335.967975,13237.539999999999,9551.121125000001,128.7475,225.07,0.0,0.380690134389923,0.6699150417536075,3686.4188749999976
2026-05-21 13:30:00,1309.89,340.19000000000005,337.29667500000005,13329.43,9535.324625000005,128.60500000000002,226.8475,0.0,0.3780387430553514,0.6725459122892331,3794.1053749999955
2026-05-21 13:45:00,1298.84,337.15999999999997,334.45129999999995,13179.5625,9432.703999999998,128.53,225.76999999999998,0.0,0.3812136671016728,0.6750459633435422,3746.858500000002
2026-05-21 14:00:00,1341.46,347.98,345.42595000000006,13848.0775,10200.559750000002,127.7,222.48499999999999,0.0,0.3669751135122708,0.6440888416171395,3647.5177499999972
2026-05-21 14:15:00,1327.49,343.7725,341.82867500000003,13742.699999999999,10020.334625000001,124.4175,222.1325,0.0,0.3619181289951931,0.6498357693367883,3722.3653749999976
2026-05-21 14:30:00,1346.45,349.34749999999997,346.7108750000001,14201.454999999998,10506.105625000004,121.83250000000001,217.7875,0.0,0.34874301376136946,0.6281530684608607,3695.3493749999943
2026-05-21 14:45:00,1321.38,343.09749999999997,340.25535,13972.8275,10212.80175,119.155,216.55249999999998,0.0,0.34729195053884104,0.6364411316383415,3760.025749999999
2026-05-21 15:00:00,1341.9499999999998,346.4525,345.552125,14113.425,10495.624375000001,120.2825,216.72249999999997,0.0,0.3471832357971151,0.6271774482648601,3617.800624999998
2026-05-21 15:15:00,1343.7800000000002,348.47249999999997,346.02335000000005,14304.945,10660.791750000002,119.0875,213.9375,0.0,0.34174145736033695,0.6182747493774624,3644.1532499999976
2026-05-21 15:30:00,1328.3200000000002,343.97749999999996,342.04240000000004,14146.18,10684.589500000004,118.40249999999999,209.08249999999998,0.0,0.34421582807014994,0.61127655518731,3461.5904999999966
2026-05-21 15:45:00,1335.74,345.83,343.95305,14224.59,10858.050250000002,119.5175,207.71499999999997,0.0,0.34559610213110487,0.6039050969311072,3366.539749999998
2026-05-21 16:00:00,1311.58,340.0175,337.73185,14033.4625,10639.63425,116.9125,205.23999999999998,0.0,0.34384259633695324,0.607701050404337,3393.8282500000005
2026-05-21 16:15:00,1287.16,333.6225,331.44370000000004,13901.535,10436.161000000002,111.9725,202.39249999999998,0.0,0.3356263441464529,0.6106391522904191,3465.373999999998
2026-05-21 16:30:00,1303.1999999999998,336.7725,335.57399999999996,14154.08,10903.2025,111.515,197.59499999999997,0.0,0.3311285808669057,0.5888269055409537,3250.8775000000005
2026-05-21 16:45:00,1290.6,334.6175,332.32949999999994,14247.1775,10933.879999999997,107.265,193.4125,0.0,0.3205600424365133,0.5819901633770099,3313.2975000000024
2026-05-21 17:00:00,1295.7800000000002,336.3,333.66335000000004,14467.4125,11244.366750000005,105.48,188.67,0.0,0.3136485280999108,0.5654501760531985,3223.0457499999957
2026-05-21 17:15:00,1298.92,337.60249999999996,334.4719,14762.322499999998,11354.212000000003,99.905,187.36249999999998,0.0,0.29592494131411945,0.5601741132812651,3408.110499999995
2026-05-21 17:30:00,1315.96,341.8875,338.8597,14967.315,11761.791000000001,101.90249999999999,184.0375,0.0,0.29805857189865087,0.5431082539469875,3205.5239999999994
2026-05-21 17:45:00,1365.08,355.41499999999996,351.5081,15391.23,12414.578000000001,110.2525,184.89499999999998,0.0,0.31020778526511267,0.5260049483923699,2976.651999999998
2026-05-21 18:00:00,1431.0500000000002,372.315,368.4953750000001,15948.17,13314.128125000007,120.0775,185.58999999999997,0.0,0.3225158803701167,0.5036426847962473,2634.0418749999935
2026-05-21 18:15:00,1476.08,383.4075,380.0906,16177.439999999999,13915.2405,130.1125,186.3225,0.0,0.3393582545985668,0.49020549311137923,2262.199499999999
2026-05-21 18:30:00,1496.59,389.355,385.371925,16247.59,14249.838375,137.3675,185.44,0.0,0.35280784887827304,0.4811974821466302,1997.7516250000008
2026-05-21 18:45:00,1497.38,388.9225,385.57535000000007,16239.375,14284.276750000003,137.11,184.975,0.0,0.3525381020640359,0.4797376180816537,1955.0982499999973
2026-05-21 19:00:00,1498.06,388.915,385.75045,16276.9625,14345.78225,136.44750000000002,183.9375,0.0,0.3508414435030791,0.47683029274495986,1931.1802499999994
2026-05-21 19:15:00,1492.76,388.225,384.3857,16237.14,14257.470999999998,136.405,184.2025,0.0,0.3513555283662824,0.4792126762259886,1979.6690000000017
2026-05-21 19:30:00,1492.51,387.6775,384.321325,16239.9375,14289.430375,135.765,183.49249999999998,0.0,0.3502008757278923,0.4774455333697655,1950.507125
2026-05-21 19:45:00,1482.79,384.95000000000005,381.81842500000005,16097.8825,13955.395875000002,134.17000000000002,187.42,0.0,0.34853877126899596,0.4908615921298192,2142.4866249999977
2026-05-21 20:00:00,1460.85,379.54499999999996,376.16887499999996,16114.195,13675.670625,125.9125,186.79999999999998,0.0,0.33174590628252254,0.496585476403384,2438.524374999999
2026-05-21 20:15:00,1452.69,377.2425,374.067675,15955.775000000001,13472.729624999998,126.1575,188.54749999999999,0.0,0.33442016739895425,0.5040464937260349,2483.0453750000033
2026-05-21 20:30:00,1436.83,373.015,369.98372500000005,15936.7375,13242.362375,120.34750000000001,188.6625,0.0,0.32263447850622634,0.5099210782852678,2694.3751249999987
2026-05-21 20:45:00,1430.98,368.88,368.47735,15643.7775,13059.011749999998,121.4125,190.67249999999999,0.0,0.3291382021253524,0.5174605711857188,2584.7657500000023
2026-05-21 21:00:00,1420.6799999999998,369.6075,365.82509999999996,15642.645,12815.012999999997,121.83500000000001,192.635,0.0,0.3296334625244347,0.5265767712494305,2827.6320000000032
2026-05-21 21:15:00,1400.26,363.6625,360.56695,15322.225,12531.814750000001,121.7,192.515,0.0,0.33465094696318703,0.533923034265897,2790.410249999999
2026-05-21 21:30:00,1367.83,354.77250000000004,352.216225,15114.6975,12068.399875000001,114.065,192.5975,0.0,0.32151590103517036,0.5468160928702248,3046.2976249999992
2026-05-21 21:45:00,1344.89,349.74,346.30917500000004,14788.494999999999,11732.762125000001,115.325,192.8125,0.0,0.32974495339394977,0.5567640533924635,3055.732874999998
2026-05-21 22:00:00,1320.88,343.09,340.12660000000005,14620.185,11405.345500000003,110.0775,192.55999999999997,0.0,0.3208414701681775,0.5661421364868257,3214.8394999999964
2026-05-21 22:15:00,1281.87,333.7175,330.081525,14072.0875,10821.366375,110.7375,193.19,0.0,0.3318300658491089,0.5852796517466404,3250.721125
2026-05-21 22:30:00,1264.7,329.1725,325.66025,13904.305,10533.57125,108.2025,194.08249999999998,0.0,0.32871063044452375,0.5959661948303484,3370.7337499999994
2026-05-21 22:45:00,1210.57,315.73,311.721775,13213.570000000002,9672.830125,106.2275,195.96499999999997,0.0,0.3364504481677383,0.6286535485049127,3540.739875000001
2026-05-21 23:00:00,1216.74,315.6225,313.31055000000003,13247.897500000001,9799.71275,105.41749999999999,195.17499999999998,0.0,0.33399868513810005,0.6229442321683708,3448.1847500000003
2026-05-21 23:15:00,1201.52,312.2425,309.3914,13057.16,9584.4095,105.55,195.17,0.0,0.33803854376005826,0.6308190854690855,3472.7505
2026-05-21 23:30:00,1184.48,306.90999999999997,305.0036,12761.0375,9306.205500000002,105.36749999999999,195.90749999999997,0.0,0.3433172591313414,0.6423120907425354,3454.8319999999985
2026-05-22 00:00:00,1131.4,292.5225,291.3355,12332.579999999998,8596.710000000001,95.8575,195.0625,0.0,0.32769274158398076,0.6695459358711863,3735.869999999997
2026-05-22 00:15:00,1115.48,290.025,287.2361,12191.89,8313.618000000002,95.5425,196.21499999999997,0.0,0.32942849754331527,0.6831139957686376,3878.271999999997
2026-05-22 00:30:00,1074.69,279.535,276.73267500000003,11760.8925,7728.054625000001,91.5425,196.3725,0.0,0.32748135296116765,0.7096108184550306,4032.8378749999993
2026-05-22 00:45:00,1075.25,279.365,276.87687500000004,11644.8975,7771.235625,94.6725,195.6675,0.0,0.33888461331949243,0.7066949885215222,3873.661874999999
2026-05-22 01:00:00,1071.21,278.0425,275.83657500000004,11561.0575,7679.144125000002,94.72749999999999,196.36499999999998,0.0,0.3406943183146461,0.7118889146589786,3881.913374999999
2026-05-22 01:15:00,1041.37,271.755,268.15277499999996,11247.817500000001,7218.1601249999985,93.5775,197.1325,0.0,0.3443450902467296,0.7351499532309521,4029.6573750000025
2026-05-22 01:30:00,1040.51,270.7975,267.931325,11223.0025,7257.230375000001,93.185,196.1075,0.0,0.3441132211338731,0.7319319605499655,3965.7721249999995
2026-05-22 01:45:00,1044.29,271.8525,268.904675,11319.865000000002,7326.014625,92.24249999999999,195.80249999999998,0.0,0.33931083951775315,0.7281483670746891,3993.850375000002
2026-05-22 02:00:00,1011.23,263.655,260.391725,11045.18,6832.052375,87.3,196.3175,0.0,0.3311145246629118,0.7539314085345837,4213.127625
2026-05-22 02:15:00,1020.42,265.9975,262.75815,11292.875,6961.830750000001,84.08500000000001,196.325,0.0,0.31611199353377384,0.7471699736050051,4331.044249999999
2026-05-22 02:30:00,1005.92,262.4325,259.0244,11130.8375,6744.7245,83.0825,196.56,0.0,0.3165861697769903,0.7588474290452946,4386.112999999999
2026-05-22 02:45:00,982.13,256.0875,252.89847500000002,10883.3625,6453.798625000001,80.6625,195.64,0.0,0.31498023136623227,0.7735910625795588,4429.563874999998
2026-05-22 03:00:00,1003.92,261.4375,258.50939999999997,11288.8075,6827.899499999999,78.1175,194.32999999999998,0.0,0.2987999043748506,0.7517328190000054,4460.908000000002
2026-05-22 03:15:00,994.06,260.0425,255.97045,11325.645,6730.132250000001,75.3425,193.49249999999998,0.0,0.2897314861993712,0.7559173334265732,4595.51275
2026-05-22 03:30:00,1001.32,261.3225,257.8399,11430.775000000001,6796.827000000001,74.15,194.21499999999997,0.0,0.28374900745247733,0.7532387345790934,4633.948
2026-05-22 03:45:00,993.94,259.2775,255.93955000000003,11337.617499999998,6640.307750000001,73.26249999999999,195.255,0.0,0.282564048172325,0.7628949882892267,4697.309749999998
2026-05-22 04:00:00,1003.37,262.57,258.367775,11421.289999999999,6770.610124999999,75.8725,195.32,0.0,0.288961038961039,0.7559766305995398,4650.679875
2026-05-22 04:15:00,1000.07,261.105,257.518025,11339.7375,6680.623875000001,75.595,196.185,0.0,0.2895195419467264,0.7618301670339387,4659.113624999998
2026-05-22 04:30:00,1011.55,263.365,260.474125,11522.067500000001,6852.584375,74.0925,195.9975,0.0,0.2813300932166385,0.7524643762600219,4669.483125000001
2026-05-22 04:45:00,1016.44,264.505,261.73330000000004,11517.295,6900.339000000004,75.765,196.42749999999998,0.0,0.28644071000548194,0.7504872326142679,4616.9559999999965
2026-05-22 05:00:00,1016.74,265.3775,261.81055000000003,11428.1875,6922.337750000002,79.595,196.0725,0.0,0.2999312300402257,0.7489098510354146,4505.849749999998
2026-05-22 05:15:00,1019.16,267.2075,262.4337,11512.3875,6962.361,80.08,195.95749999999998,0.0,0.29969218678367937,0.7466933553122179,4550.026500000001
2026-05-22 05:30:00,1041.87,271.945,268.281525,11747.4075,7322.366375,81.03999999999999,195.19,0.0,0.2980014341135156,0.7275566217241385,4425.041125
2026-05-22 05:45:00,1021.93,267.28249999999997,263.146975,11752.3275,7242.216125000001,75.39750000000001,191.14499999999998,0.0,0.28208917531076677,0.7263811411854534,4510.111374999999
2026-05-22 06:00:00,1085.35,283.23,279.477625,12431.4475,8167.276875000001,80.9375,190.6075,0.0,0.28576598524167635,0.6820134527764073,4264.170624999999
2026-05-22 06:15:00,1112.61,290.2075,286.497075,12653.057499999999,8544.096625000002,85.25500000000001,190.7925,0.0,0.293772559289474,0.6659492073348393,4108.960874999997
2026-05-22 06:30:00,1108.76,289.2975,285.50570000000005,12752.2875,8483.821,81.17999999999999,190.9075,0.0,0.28061078993078054,0.6686644084513899,4268.4665
2026-05-22 06:45:00,1096.58,286.49,282.36935000000005,12681.337500000001,8320.321750000001,78.98750000000001,190.7275,0.0,0.27570770358476737,0.6754539754403229,4361.0157500000005
2026-05-22 07:00:00,1153.4,299.4475,297.0005000000001,13092.452500000001,9072.035000000003,86.765,191.7875,0.0,0.2897502901176333,0.6457480711311931,4020.4174999999977
2026-05-22 07:15:00,1165.18,303.685,300.03385000000003,13239.995,9174.994250000002,88.6275,193.065,0.0,0.29184022918484614,0.6434773943006763,4065.0007499999992
2026-05-22 07:30:00,1151.0,299.2725,296.38250000000005,13010.51,8884.420000000002,87.64,194.85999999999999,0.0,0.292843478769349,0.6574612198763421,4126.089999999998
2026-05-22 07:45:00,1166.43,301.52250000000004,300.355725,12944.3525,8922.197375000002,91.50250000000001,198.475,0.0,0.30346823205565093,0.6607997899823617,4022.1551249999993
2026-05-22 08:00:00,1203.93,312.1225,310.011975,13343.45,9334.416125,95.6375,200.8525,0.0,0.3064101434532916,0.6478862631032236,4009.033875000001
2026-05-22 08:15:00,1227.14,318.735,315.98855000000003,13682.730000000001,9735.752750000003,96.80749999999999,199.39999999999998,0.0,0.3037240968202425,0.6310355232808276,3946.977249999998
2026-05-22 08:30:00,1271.11,328.2175,327.310825,13771.15,9923.602874999999,105.4575,208.0975,0.0,0.3213037086687943,0.6357794613117362,3847.547125000001
2026-05-22 08:45:00,1281.56,330.99,330.00169999999997,13837.552500000002,10034.725999999999,107.52499999999999,208.83499999999998,0.0,0.32485875706214684,0.6328300732996224,3802.826500000003
2026-05-22 09:00:00,1258.27,327.47749999999996,324.004525,14019.96,9842.381375,98.33999999999999,206.08499999999998,0.0,0.30029544014474274,0.6360559316262635,4177.578624999998
2026-05-22 09:15:00,1301.61,338.1325,335.16457499999996,14225.179999999998,9969.559124999996,105.21249999999999,215.8175,0.0,0.31115760833401107,0.6439150080225514,4255.620875000002
2026-05-22 09:30:00,1302.12,337.695,335.29589999999996,14357.6825,10226.032,102.7325,210.83249999999998,0.0,0.30421682287271057,0.628795341666868,4131.650500000002
2026-05-22 09:45:00,1310.34,340.37,337.41255,14314.4075,10154.822750000001,106.56,214.58499999999998,0.0,0.3130710697182478,0.6359721948694558,4159.584749999998
2026-05-22 10:00:00,1323.77,343.01,340.870775,14181.54,10045.775124999998,111.97250000000001,220.57,0.0,0.32644092008979336,0.6470780605934903,4135.764875000003
2026-05-22 10:15:00,1334.16,345.365,343.54620000000006,14250.91,10204.548500000004,113.68,220.33749999999998,0.0,0.32915900568963274,0.6413620642580239,4046.3614999999954
2026-05-22 10:30:00,1340.74,347.0875,345.24055000000004,14229.9525,10167.612750000002,115.89250000000001,222.94,0.0,0.33389995318183463,0.6457526498552965,4062.3397499999974
2026-05-22 10:45:00,1334.64,345.565,343.6698,14242.295,10123.096500000003,113.59,222.1025,0.0,0.32870805781835544,0.6462671436361298,4119.198499999997
2026-05-22 11:00:00,1355.2800000000002,350.0475,348.98460000000006,14419.57,10490.910500000004,115.9925,220.59249999999997,0.0,0.3313621722766196,0.6320980925805894,3928.659499999996
2026-05-22 11:15:00,1357.52,350.4025,349.5614,14300.82,10285.3845,118.06249999999999,225.33749999999998,0.0,0.33693395452372626,0.644629241100419,4015.4354999999996
2026-05-22 11:30:00,1345.67,349.4125,346.51002500000004,14171.9225,9942.933875000002,118.8475,228.82999999999998,0.0,0.3401352269881587,0.6603849340289648,4228.988624999998
2026-05-22 11:45:00,1320.38,342.84000000000003,339.99784999999997,13919.1525,9661.01425,116.445,227.30499999999998,0.0,0.3396482324116205,0.6685483452321831,4258.13825
2026-05-22 12:00:00,1294.24,335.65999999999997,333.26679999999993,13732.0675,9392.431499999997,111.54249999999999,225.27249999999998,0.0,0.3323079902282071,0.6759524201030527,4339.636000000002
2026-05-22 12:15:00,1283.1799999999998,331.1975,330.41884999999996,13557.5325,9246.294249999999,109.7,225.0625,0.0,0.33122230693166466,0.6811430401140856,4311.23825
2026-05-22 12:30:00,1287.21,332.28999999999996,331.45657500000004,13430.9,9188.244125000001,113.9375,227.36499999999998,0.0,0.34288573234223124,0.6859571272647101,4242.655874999999
2026-05-22 12:45:00,1281.99,331.6275,330.11242500000003,13312.64,9080.315875,115.91,228.045,0.0,0.34951866175151336,0.690810108101808,4232.324124999999
2026-05-22 13:00:00,1289.84,332.2525,332.1338,13752.150000000001,9736.1165,108.78750000000001,217.15249999999997,0.0,0.32742417288056525,0.6538103017518843,4016.0335000000014
2026-05-22 13:15:00,1298.61,336.3875,334.392075,14025.795,9784.071625,107.0025,218.67749999999998,0.0,0.3180929731336628,0.6539553905396831,4241.723375
2026-05-22 13:30:00,1286.22,333.90999999999997,331.20165000000003,13986.42,9768.848250000003,105.50999999999999,215.47249999999997,0.0,0.31598334880656465,0.6505779787027026,4217.571749999997
2026-05-22 13:45:00,1291.62,335.1125,332.59215,13803.4225,9512.20075,109.9025,222.135,0.0,0.32795702935581333,0.6678900870029554,4291.221750000001
2026-05-22 14:00:00,1303.13,337.945,335.55597500000005,14161.932499999999,10100.211125000002,107.41000000000001,213.635,0.0,0.3178327834410925,0.6366598002017397,4061.7213749999974
2026-05-22 14:15:00,1337.69,347.21,344.45517500000005,13898.789999999999,10015.917125000002,124.2625,225.10999999999999,0.0,0.35788859767863834,0.6535248018845992,3882.8728749999973
2026-05-22 14:30:00,1317.76,342.885,339.3232,13886.5575,10157.1585,121.14,216.64,0.0,0.35329629467605755,0.6384473563847093,3729.3990000000013
2026-05-22 14:45:00,1322.49,343.0375,340.541175,13737.0175,10152.522125000001,124.905,218.0725,0.0,0.36411471049083555,0.640370433913021,3584.4953749999986
2026-05-22 15:00:00,1329.25,344.1125,342.281875,13958.3625,10750.510625000003,124.05,208.02749999999997,0.0,0.36049257147008607,0.6077666250951791,3207.8518749999967
2026-05-22 15:15:00,1349.1899999999998,348.97249999999997,347.41642499999995,13891.519999999999,10621.160874999998,130.1875,216.2625,0.0,0.37305948176432246,0.6224878400611026,3270.359125000001
2026-05-22 15:30:00,1316.6,342.145,339.0245,13824.397500000001,10478.355,124.0925,209.8875,0.0,0.36268979526224265,0.6190924254736752,3346.0425000000014
2026-05-22 15:45:00,1315.47,340.535,338.7335250000001,14044.2475,10832.726375000004,118.36,202.48,0.0,0.3475707342857562,0.5977560089453795,3211.5211249999957
2026-05-22 16:00:00,1328.84,344.12,342.17629999999997,14129.5375,11025.078999999998,121.405,202.42,0.0,0.35279844240381264,0.5915663942827133,3104.4585000000025
2026-05-22 16:15:00,1294.96,335.42999999999995,333.4522,13872.622499999998,10699.5035,116.51499999999999,199.33499999999998,0.0,0.34736010493992786,0.5977918274343369,3173.118999999997
2026-05-22 16:30:00,1295.38,335.405,333.56035,13949.4875,10833.826750000002,115.3025,196.76749999999998,0.0,0.3437709634620832,0.5899007480955094,3115.6607499999973
2026-05-22 16:45:00,1284.23,333.33,330.689225,13963.38,10701.164875000002,112.02,196.2625,0.0,0.33606336063360637,0.5934952975864272,3262.215124999997
2026-05-22 17:00:00,1281.46,332.8375,329.97595,14082.130000000001,10872.05975,109.555,192.05999999999997,0.0,0.32915461749352165,0.5820424185459576,3210.0702500000007
2026-05-22 17:15:00,1287.36,333.98749999999995,331.4952,14057.502499999999,11082.6185,112.82249999999999,189.51999999999998,0.0,0.3378045585538381,0.5717126522495649,2974.883999999998
2026-05-22 17:30:00,1310.42,340.04,337.43315,14441.2275,11441.080750000001,111.67250000000001,188.8825,0.0,0.32840989295377015,0.5597627263355719,3000.14675
2026-05-22 17:45:00,1367.28,354.6475,352.0746,15189.835,12279.985499999999,113.38999999999999,188.20999999999998,0.0,0.31972592503824215,0.5345742067164174,2909.8495000000003
2026-05-22 18:00:00,1431.1,371.79499999999996,368.50825,15820.345,13185.086249999997,121.8475,188.18499999999997,0.0,0.3277276456111567,0.5106669932084288,2635.2587500000027
2026-05-22 18:15:00,1470.91,381.62,378.75932500000005,15929.927500000002,13701.145375000004,133.155,189.14,0.0,0.34892039201299724,0.4993672433015345,2228.782124999998
2026-05-22 18:30:00,1476.94,383.60249999999996,380.31205,15819.467499999999,13819.295249999997,139.3175,188.48499999999999,0.0,0.3631819396380368,0.49560617393006606,2000.1722500000014
2026-05-22 18:45:00,1473.56,382.37750000000005,379.44169999999997,15551.9125,13770.675999999998,144.72250000000003,188.5,0.0,0.3784806898941491,0.49678250967144627,1781.2365000000027
2026-05-22 19:00:00,1470.9,381.6775,378.75675,15580.029999999999,13741.25375,142.98,188.33499999999998,0.0,0.3746094543167988,0.4972452636157639,1838.776249999999
2026-05-22 19:15:00,1467.18,380.64250000000004,377.79885,15569.8625,13724.31925,141.9675,187.61999999999998,0.0,0.3729680737174645,0.49661347566304126,1845.5432499999988
2026-05-22 19:30:00,1455.12,377.305,374.6934,15396.9,13548.3945,141.645,187.7225,0.0,0.3754124647168736,0.5010029533479906,1848.5054999999993
2026-05-22 19:45:00,1445.15,375.1875,372.1261250000001,15295.635,13397.694375000005,141.16750000000002,187.9125,0.0,0.3762585373979677,0.5049699211524048,1897.9406249999956
2026-05-22 20:00:00,1434.37,372.35249999999996,369.35027499999995,15175.085,13211.022624999998,139.9725,188.59249999999997,0.0,0.37591395250468307,0.5106060906547315,1964.0623750000013
2026-05-22 20:15:00,1419.58,368.2825,365.54184999999995,15141.64,12990.68425,134.75,188.80999999999997,0.0,0.36588759987238056,0.5165208853651093,2150.955749999999
2026-05-22 20:30:00,1410.92,366.39250000000004,363.31190000000004,15215.802500000002,12857.912000000002,129.865,189.0125,0.0,0.35444229890076895,0.5202485798015424,2357.8904999999995
2026-05-22 20:45:00,1394.5,361.9775,359.08375,15172.2275,12630.363750000002,124.51500000000001,188.9125,0.0,0.3439854687100718,0.5260959316593969,2541.8637499999986
2026-05-22 21:00:00,1379.67,357.8725,355.26502500000004,15060.8275,12442.208875000004,121.57750000000001,188.475,0.0,0.33972294602127856,0.5305194340478632,2618.6186249999955
2026-05-22 21:15:00,1360.86,353.2625,350.42145,14828.659999999998,12139.937249999999,120.74749999999999,189.1925,0.0,0.341806730122784,0.5398998834118174,2688.722749999999
2026-05-22 21:30:00,1338.14,347.44,344.57105,14569.235,11848.915250000002,119.32,188.5775,0.0,0.3434262030854248,0.5472819031082268,2720.3197499999987
2026-05-22 21:45:00,1312.9699999999998,340.56,338.0897749999999,14240.9525,11493.445124999998,117.97250000000001,188.55749999999998,0.0,0.34640738783180647,0.5577142934890593,2747.507375000001
2026-05-22 22:00:00,1276.61,331.77750000000003,328.727075,14098.4725,11020.371625,109.0625,187.72,0.0,0.3287218090437115,0.5710512284392759,3078.100875
2026-05-22 22:15:00,1254.85,326.545,323.123875,13919.970000000001,10699.195625,106.0175,187.98,0.0,0.32466428822979987,0.581758311731066,3220.774375000001
2026-05-22 22:30:00,1223.23,318.65500000000003,314.98172500000004,13569.947500000002,10249.002375000004,103.7325,188.02749999999997,0.0,0.32553231551364326,0.596947330833241,3320.9451249999984
2026-05-22 22:45:00,1189.0,308.8675,306.1675,13152.5075,9766.970000000003,100.485,187.9725,0.0,0.3253336786809878,0.6139531465619309,3385.5374999999967
2026-05-22 23:00:00,1171.9,304.8,301.76425000000006,13123.4875,9527.916250000002,95.24499999999999,187.91,0.0,0.31248359580052487,0.6227046444368409,3595.5712499999972
2026-05-22 23:15:00,1158.89,301.33,298.414175,13011.449999999999,9364.662125000003,93.26249999999999,187.48999999999998,0.0,0.30950287060697573,0.6282878485916428,3646.7878749999963
2026-05-23 00:00:00,1093.51,284.245,281.578825,12562.679999999998,8427.717875,79.91749999999999,187.70999999999998,0.0,0.2811571003887491,0.6666339345652145,4134.962124999998
2026-05-23 00:15:00,1073.91,279.86,276.531825,12537.760000000002,8107.757875000001,73.775,188.55749999999998,0.0,0.2636139498320589,0.6818654597893026,4430.002125000001
2026-05-23 00:30:00,1054.38,274.5625,271.50285,12477.6875,7861.914250000001,67.74000000000001,187.9425,0.0,0.24671978147052132,0.692230302554835,4615.773249999999
2026-05-23 00:45:00,1041.7,271.62,268.23775,12349.455,7672.83375,66.765,188.1325,0.0,0.24580296001767174,0.701364740794314,4676.62125
2026-05-23 01:00:00,1024.92,267.34250000000003,263.9169,12327.45,7383.062000000001,60.635,189.17499999999998,0.0,0.22680643743512532,0.7167975980318047,4944.388
2026-05-23 01:15:00,1009.32,263.9275,259.8999,12229.4675,7159.377,58.1875,189.23,0.0,0.22046774208826286,0.7280880061900754,5070.0905
2026-05-23 01:30:00,1007.16,263.53249999999997,259.3437,12218.857499999998,7125.286000000002,57.8625,189.29999999999998,0.0,0.21956494929467904,0.7299194081059227,5093.571499999996
2026-05-23 01:45:00,996.85,260.5425,256.688875,12217.862500000001,6963.645625000001,53.334999999999994,189.61249999999998,0.0,0.2047074853430822,0.738686084467042,5254.216875
2026-05-23 02:00:00,986.12,257.585,253.9259,12113.247499999998,6806.182000000001,51.7275,189.7225,0.0,0.2008172059708446,0.7471569461799682,5307.065499999997
2026-05-23 02:15:00,981.07,256.63,252.625525,12073.739999999998,6746.6613750000015,51.46,189.4825,0.0,0.2005221525152944,0.7500528697565298,5327.0786249999965
2026-05-23 02:30:00,978.65,255.575,252.002375,12054.2575,6737.8881249999995,50.5975,188.9725,0.0,0.19797515406436467,0.7498838056585776,5316.369375
2026-05-23 02:45:00,966.54,253.01999999999998,248.88405,11954.295,6576.88025,49.575,188.7625,0.0,0.19593312781598296,0.758435504404561,5377.41475
2026-05-23 03:00:00,964.4199999999998,252.60500000000002,248.33814999999996,11949.2425,6559.355749999998,49.182500000000005,188.5125,0.0,0.19470121335682192,0.759096014849108,5389.886750000002
2026-05-23 03:15:00,952.88,249.2375,245.3666,11797.0925,6412.795500000001,48.4075,188.17499999999998,0.0,0.1942223782536737,0.7669136712168648,5384.297
2026-05-23 03:30:00,958.2,250.87,246.7365,11881.4175,6469.265000000001,48.4225,188.55249999999998,0.0,0.19301829632877585,0.764185679864957,5412.152499999998
2026-05-23 03:45:00,956.45,250.26999999999998,246.285875,11820.314999999999,6434.230625,49.11,188.7575,0.0,0.19622807368042516,0.7664162632144453,5386.0843749999985
2026-05-23 04:00:00,958.86,250.935,246.90645,11996.960000000001,6479.48725,45.402499999999996,188.535,0.0,0.18093330942275887,0.7635888005355874,5517.472750000001
2026-05-23 04:15:00,956.14,250.4925,246.20605,11982.539999999999,6437.840249999999,45.1125,188.5975,0.0,0.18009521243150992,0.7660148887486721,5544.69975
2026-05-23 04:30:00,963.34,252.07,248.06005000000002,12042.705,6554.560250000001,45.935,188.30249999999998,0.0,0.1822311262744476,0.7591004678101128,5488.144749999999
2026-05-23 04:45:00,962.05,251.90750000000003,247.72787499999998,12078.8075,6542.665625,44.762499999999996,188.17499999999998,0.0,0.17769419330508218,0.759603657844318,5536.141875000001
2026-05-23 05:00:00,966.29,253.42000000000002,248.81967499999996,12144.6475,6594.339624999999,45.1725,188.34249999999997,0.0,0.1782515192171099,0.7569437585673239,5550.307875
2026-05-23 05:15:00,976.19,255.215,251.36892500000002,12037.35,6728.048375,50.69499999999999,188.4725,0.0,0.198636443782693,0.7497844055306359,5309.301625
2026-05-23 05:30:00,991.07,259.19,255.20052500000003,12220.519999999999,6920.536375000002,51.525,188.83749999999998,0.0,0.19879239168177784,0.7399573335517236,5299.983624999996
2026-05-23 05:45:00,981.45,256.8925,252.723375,12097.225,6757.668125000001,51.255,189.36999999999998,0.0,0.19951925416273347,0.7493173118632179,5339.556874999999
2026-05-23 06:00:00,1011.25,264.05,260.396875,12403.4975,7206.8356250000015,53.8075,188.8275,0.0,0.20377769361863282,0.725152711606082,5196.661874999998
2026-05-23 06:15:00,1011.8,264.625,260.5385,12515.420000000002,7268.375,52.015,187.7525,0.0,0.19656117146906,0.7206324593102363,5247.045000000002
2026-05-23 06:30:00,980.65,257.06,252.517375,12210.9525,6856.588124999999,49.205,187.165,0.0,0.19141445576908114,0.7411965216254921,5354.364375
2026-05-23 06:45:00,972.75,254.1175,250.483125,12131.1575,6735.079375,46.92,187.3575,0.0,0.18463899574015957,0.7479845199152637,5396.078124999999
2026-05-23 07:00:00,1003.24,262.035,258.3343,12532.775,7102.894000000001,47.385000000000005,188.6375,0.0,0.18083462132921174,0.7302069450320766,5429.8809999999985
2026-05-23 07:15:00,1031.14,269.265,265.51855,12770.43,7301.40275,50.3275,192.57,0.0,0.18690695040202032,0.7252600618676172,5469.02725
2026-05-23 07:30:00,1050.28,273.36249999999995,270.4471,12885.2825,7484.347999999998,52.69499999999999,194.33249999999998,0.0,0.19276601582148248,0.7185601176718108,5400.934500000001
2026-05-23 07:45:00,1072.09,279.47249999999997,276.063175,13249.4425,7898.857125,52.677499999999995,192.21999999999997,0.0,0.1884890284375028,0.6962898981365405,5350.585374999999
2026-05-23 08:00:00,1103.01,286.395,284.025075,13314.7225,7892.636624999999,58.0825,201.1025,0.0,0.20280556573962535,0.7080448794881931,5422.085875000001
2026-05-23 08:15:00,1116.9499999999998,289.7,287.61462499999993,13230.9025,8219.811874999996,66.1725,198.5075,0.0,0.2284173282706248,0.6901856955292174,5011.090625000004
2026-05-23 08:30:00,1131.52,293.2775,291.3664,13316.619999999999,8607.7845,70.45,194.875,0.0,0.24021617751106036,0.6688314095242279,4708.835499999999
2026-05-23 08:45:00,1157.24,299.635,297.98930000000007,13071.2775,8501.544000000002,83.225,204.285,0.0,0.27775460143174197,0.6855447494255664,4569.7334999999985
2026-05-23 09:00:00,1168.23,302.4825,300.81922499999996,13172.2725,8747.814874999998,85.365,202.4725,0.0,0.28221467357615726,0.6730703464846703,4424.457625000001
2026-05-23 09:15:00,1180.01,306.88,303.852575,13093.17,8559.274125,91.54249999999999,209.57999999999998,0.0,0.2983006386861314,0.6897423857605945,4533.895875
2026-05-23 09:30:00,1207.43,313.025,310.913225,13209.869999999999,8761.484874999998,96.215,213.30249999999998,0.0,0.30737161568564814,0.6860515502356002,4448.385125000001
2026-05-23 09:45:00,1213.4899999999998,313.54499999999996,312.47367499999996,13351.475,9030.059624999998,94.445,209.64749999999998,0.0,0.3012167312506977,0.6709285190184422,4321.415375000002
2026-05-23 10:00:00,1220.42,316.82500000000005,314.25815,13457.9775,9068.830750000001,96.02499999999999,210.83499999999998,0.0,0.3030852994555353,0.6708974771219138,4389.14675
2026-05-23 10:15:00,1228.72,318.40500000000003,316.3954,13364.9325,8959.6295,99.295,215.37,0.0,0.31185125861716995,0.6806988976451618,4405.303000000002
2026-05-23 10:30:00,1228.1,317.1675,316.23575000000005,13391.01,8967.473750000001,96.8675,215.0375,0.0,0.30541433154405795,0.6799911142241191,4423.536249999999
2026-05-23 10:45:00,1218.64,316.6075,313.79980000000006,13554.34,9143.621500000005,93.8,208.83499999999998,0.0,0.2962658812567611,0.6655039295754808,4410.718499999995
2026-05-23 11:00:00,1233.05,319.6625,317.510375,13395.73,8960.203125000002,99.905,216.58499999999998,0.0,0.312532749384116,0.6821351900705606,4435.526874999998
2026-05-23 11:15:00,1232.64,318.535,317.4048,13382.5575,8917.396500000003,98.325,217.325,0.0,0.3086787951088577,0.6846934891973907,4465.160999999998
2026-05-23 11:30:00,1230.5,318.01750000000004,316.85375,13374.762499999999,8825.338749999999,97.33250000000001,218.56,0.0,0.30606020108956267,0.6897819577644261,4549.42375
2026-05-23 11:45:00,1214.65,315.4225,312.77237500000007,13205.1275,8594.488125000003,98.015,218.6875,0.0,0.3107419413643605,0.6991905854856906,4610.639374999997
2026-05-23 12:00:00,1202.9299999999998,311.6725,309.75447499999996,13035.915,8493.753624999998,97.4725,217.3825,0.0,0.3127401358798097,0.7017896997291162,4542.161375000003
2026-05-23 12:15:00,1194.75,309.2725,307.648125,13298.2225,8825.029374999998,89.9575,208.44,0.0,0.29086808558795235,0.6775272886841095,4473.193125000002
2026-05-23 12:30:00,1196.47,309.90749999999997,308.09102499999995,12949.46,8569.763874999999,98.3625,214.03249999999997,0.0,0.3173930931003606,0.6947054040279168,4379.696125
2026-05-23 12:45:00,1178.2,305.4175,303.3865,12797.747500000001,8352.140000000001,96.0775,213.20999999999998,0.0,0.3145775864185909,0.7027669326090645,4445.6075
2026-05-23 13:00:00,1187.02,307.18,305.65765,13261.3025,8794.553249999997,88.4,206.85999999999999,0.0,0.2877791522885605,0.6767702362430648,4466.749250000003
2026-05-23 13:15:00,1179.63,304.87,303.754725,13368.305,8957.892375,83.9575,201.5,0.0,0.2753878702397743,0.6633641665985607,4410.412625000001
2026-05-23 13:30:00,1175.79,305.505,302.765925,13330.9725,8740.508375,84.765,204.76,0.0,0.27745863406490895,0.6762980345294801,4590.464125
2026-05-23 13:45:00,1186.81,306.4375,305.603575,13319.025,8533.829125,83.925,212.015,0.0,0.27387313889455434,0.6937582454655512,4785.195874999999
2026-05-23 14:00:00,1178.75,305.72749999999996,303.528125,13564.782500000001,8970.054375,80.095,201.0075,0.0,0.2619816666802954,0.6622368190756622,4594.7281250000015
2026-05-23 14:15:00,1181.46,306.1725,304.22595,13441.49,8616.559750000002,81.33500000000001,208.845,0.0,0.2656508994112796,0.6864799008763058,4824.930249999998
2026-05-23 14:30:00,1203.8,309.895,309.9785,13775.597500000002,9205.325,79.7525,203.39749999999998,0.0,0.2573532970844964,0.6561664760620494,4570.272500000001
2026-05-23 14:45:00,1187.41,308.525,305.7580750000001,14233.057499999999,9459.576625000003,68.77000000000001,193.67,0.0,0.22289927882667537,0.6334092730012116,4773.480874999996
2026-05-23 15:00:00,1187.98,307.60749999999996,305.90485,14322.994999999999,9734.774250000002,66.85249999999999,188.3275,0.0,0.21733052672642897,0.6156407784969737,4588.220749999997
2026-05-23 15:15:00,1197.79,310.9175,308.430925,14416.502499999999,9858.333375,69.13749999999999,188.635,0.0,0.22236606173663426,0.6115956109135294,4558.1691249999985
2026-05-23 15:30:00,1201.75,311.1075,309.45062499999995,14340.46,9881.666874999999,71.245,189.29,0.0,0.22900444380157983,0.6116969387281089,4458.793125
2026-05-23 15:45:00,1192.96,309.415,307.1872,14201.070000000002,9783.303500000002,72.68,188.76749999999998,0.0,0.2348948822778469,0.6145031433601399,4417.7665
2026-05-23 16:00:00,1191.74,308.7275,306.87305000000003,14232.91,9877.02525,71.5775,186.54749999999999,0.0,0.23184685523641396,0.607897956500253,4355.884749999999
2026-05-23 16:15:00,1196.69,310.89,308.14767500000005,14368.6425,10180.004625000003,72.76,181.89,0.0,0.2340377625526714,0.5902689351785632,4188.637874999997
2026-05-23 16:30:00,1183.2900000000002,307.755,304.6971750000001,14327.985,10005.352125000005,69.305,181.58749999999998,0.0,0.22519536644408705,0.5959605631394512,4322.632874999996
2026-05-23 16:45:00,1179.99,306.4075,303.847425,14243.622500000001,9837.365875,68.73,184.0125,0.0,0.2243091308143567,0.6056082259048271,4406.256625000002
2026-05-23 17:00:00,1186.53,308.3325,305.531475,14398.53,10071.613624999998,68.4,181.17999999999998,0.0,0.2218384374011822,0.5929994610211599,4326.9163750000025
2026-05-23 17:15:00,1209.14,314.6925,311.35355000000004,14565.1375,10460.327750000002,73.8325,179.80999999999997,0.0,0.23461792066858916,0.5775106787765868,4104.8097499999985
2026-05-23 17:30:00,1240.08,322.49249999999995,319.32060000000007,14751.3175,10932.640500000003,80.63499999999999,179.1275,0.0,0.250036822561765,0.5609644351163062,3818.676999999996
2026-05-23 17:45:00,1304.35,338.8075,335.870125,15172.325,11835.614375,93.4575,179.27249999999998,0.0,0.27584247692273633,0.5337554210872432,3336.7106250000015
2026-05-23 18:00:00,1355.22,351.58000000000004,348.96915,15593.1575,12545.06075,100.9925,179.49249999999998,0.0,0.28725325672677626,0.5143506238302152,3048.096749999999
2026-05-23 18:15:00,1391.59,360.815,358.334425,15616.4625,13052.275875000001,114.03500000000001,179.64999999999998,0.0,0.3160483904493993,0.5013473098488932,2564.1866249999985
2026-05-23 18:30:00,1399.04,363.13,360.2528,15587.3025,13155.036499999998,118.245,179.70499999999998,0.0,0.3256271858563049,0.4988302658577532,2432.2660000000014
2026-05-23 18:45:00,1395.95,362.35,359.457125,15543.9575,13124.149375,118.34750000000001,179.4475,0.0,0.3266110114530151,0.4992180917265167,2419.8081249999996
2026-05-23 19:00:00,1396.47,362.39,359.59102500000006,15382.87,12995.513875000002,121.805,182.1675,0.0,0.3361157868594608,0.5065963478927206,2387.3561249999984
2026-05-23 19:15:00,1394.7399999999998,362.2175,359.14554999999996,15367.7025,13113.887749999996,122.9625,179.30999999999997,0.0,0.3394714501646111,0.49926833285279465,2253.814750000003
2026-05-23 19:30:00,1388.94,360.44,357.65205000000003,15274.3875,13048.495250000004,122.96,178.975,0.0,0.3411386083675508,0.5004165361277811,2225.892249999997
2026-05-23 19:45:00,1378.2399999999998,358.335,354.89679999999987,15286.505,12880.456499999995,119.3875,179.30499999999998,0.0,0.3331728689634002,0.5052313799391824,2406.0485000000044
2026-05-23 20:00:00,1366.58,354.6325,351.8943499999999,15258.055,12703.196749999997,114.5675,179.54749999999999,0.0,0.3230597872445419,0.5102312668560891,2554.858250000003
2026-05-23 20:15:00,1355.39,352.1375,349.012925,15469.7275,12532.218375,105.05,179.79749999999999,0.0,0.2983209683717298,0.5151600044611528,2937.5091250000005
2026-05-23 20:30:00,1341.86,348.2175,345.52895,15462.105,12341.099750000001,99.43249999999999,179.7875,0.0,0.28554710777028725,0.5203254314869998,3121.0052499999983
2026-05-23 20:45:00,1330.94,345.57500000000005,342.71705000000003,15314.715000000002,12168.945250000002,99.36500000000001,180.1375,0.0,0.2875352673081097,0.5256158104768933,3145.7697499999995
2026-05-23 21:00:00,1303.8200000000002,339.065,335.73365,15269.7,11813.733250000003,91.1075,179.55999999999997,0.0,0.26870216625130877,0.5348287250920483,3455.966749999998
2026-05-23 21:15:00,1281.8,333.53,330.0635,15002.3325,11476.124999999998,89.925,180.075,0.0,0.2696159266033041,0.545576835972472,3526.2075000000023
2026-05-23 21:30:00,1261.94,328.0225,324.94955000000004,14780.48,11234.107750000003,88.01,179.29,0.0,0.2683047656791836,0.5517471866017355,3546.3722499999967
2026-05-23 21:45:00,1238.94,321.9225,319.02705000000003,14448.640000000001,10923.870250000004,88.02000000000001,178.98,0.0,0.2734198448384316,0.5610182584830972,3524.7697499999977
2026-05-23 22:00:00,1208.71,314.375,311.24282500000004,14042.349999999999,10489.112875000003,87.735,179.11249999999998,0.0,0.27907753479125247,0.5754751133620508,3553.237124999996
2026-05-23 22:15:00,1186.91,309.4275,305.629325,13839.2375,10152.245375000002,85.6725,179.67499999999998,0.0,0.2768742274038345,0.587885341172677,3686.992124999997
2026-05-23 22:30:00,1160.06,302.0525,298.7154499999999,13792.8525,9746.607249999997,75.78500000000001,180.18249999999998,0.0,0.25090009187144624,0.603191097079177,4046.2452500000036
2026-05-23 22:45:00,1132.03,294.70000000000005,291.49772500000006,13661.8575,9372.257375000001,68.555,179.73,0.0,0.2326263997285375,0.6165742802966986,4289.600124999999
2026-05-23 23:00:00,1105.99,288.33,284.79242500000004,13518.925,9026.715875000002,63.1125,179.265,0.0,0.21888981375507233,0.6294584555751438,4492.209124999998
2026-05-23 23:15:00,1083.01,282.73,278.87507500000004,13404.15,8703.011625,57.9025,179.23,0.0,0.20479786368620237,0.6426892041176501,4701.138375
2026-05-23 23:30:00,1062.78,277.16,273.66585,13170.252500000002,8409.129249999998,55.8925,179.3775,0.0,0.20166149516524748,0.6554617611221861,4761.123250000004
2026-05-24 00:00:00,1023.27,267.7875,263.492025,13011.875,7835.568875000003,46.1425,179.6575,0.0,0.17231013396816502,0.6818327803279814,5176.306124999997
2026-05-24 00:15:00,999.02,260.885,257.24765,12904.025000000001,7523.878250000002,39.02,179.02249999999998,0.0,0.14956781723748014,0.6959150064150245,5380.14675
2026-05-24 00:30:00,981.72,256.7275,252.7929,12783.5525,7280.867,36.11,178.9825,0.0,0.14065497463263577,0.7080202806328817,5502.6855
2026-05-24 00:45:00,966.07,252.8175,248.76302500000003,12548.38,7041.5988750000015,36.53,179.33499999999998,0.0,0.144491579894588,0.7209069756246933,5506.781124999998
2026-05-24 01:00:00,952.69,249.51,245.317675,12332.1725,6828.354625000002,37.29,179.80999999999997,0.0,0.14945292773836721,0.7329679771341383,5503.817874999999
2026-05-24 01:15:00,939.83,245.8625,242.00622500000003,12198.41,6651.099875000003,35.5175,179.71249999999998,0.0,0.14446082668158014,0.7425945345000937,5547.310124999997
2026-05-24 01:30:00,928.14,243.26500000000001,238.99605,11985.14,6424.29025,36.99,180.9375,0.0,0.15205639939983145,0.7570731817534223,5560.849749999999
2026-05-24 01:45:00,920.65,240.6875,237.067375,11873.425000000001,6317.088125,36.17,180.95999999999998,0.0,0.15027784990911452,0.7633273030504513,5556.336875000001
2026-05-24 02:00:00,911.83,238.93,234.79622500000002,11816.242499999998,6230.1748750000015,35.370000000000005,180.2,0.0,0.1480349893274181,0.7674740085791413,5586.067624999997
2026-05-24 02:15:00,901.55,235.9925,232.149125,11630.5825,6041.709375,35.72,181.05749999999998,0.0,0.15136074239647446,0.7799189421885608,5588.873125
2026-05-24 02:30:00,893.11,233.86,229.97582500000001,11570.8575,5986.677875000001,34.6175,179.76749999999998,0.0,0.14802659710938168,0.7816799874508548,5584.179624999999
2026-05-24 02:45:00,886.72,232.05,228.33040000000003,11421.13,5881.429500000001,35.87,180.0625,0.0,0.15457875457875456,0.7886050214951665,5539.700499999998
2026-05-24 03:00:00,884.2299999999998,231.63750000000002,227.68922499999996,11390.5525,5851.039874999999,36.1175,179.96499999999997,0.0,0.15592250822945333,0.7903975253989292,5539.512625000001
2026-05-24 03:15:00,878.5400000000001,230.45749999999998,226.22405000000003,11327.4725,5763.580250000002,36.019999999999996,180.1025,0.0,0.15629779894340604,0.796124461568078,5563.892249999998
2026-05-24 03:30:00,869.51,227.9,223.89882500000002,11202.192500000001,5630.817875000001,35.57,180.2,0.0,0.15607722685388328,0.8048278055947814,5571.374625
2026-05-24 03:45:00,866.24,226.9725,223.0568,11180.455,5615.631500000001,34.9975,179.5775,0.0,0.15419268854156343,0.80507520954304,5564.823499999999
2026-05-24 04:00:00,867.0699999999999,227.1275,223.270525,11128.669999999998,5595.011375,36.4,180.225,0.0,0.16026240767850655,0.8072046231807803,5533.658624999998
2026-05-24 04:15:00,865.3199999999999,225.99,222.8199,11068.880000000001,5590.851999999999,36.47,179.8125,0.0,0.16137882207177306,0.8069858212843647,5478.028000000002
2026-05-24 04:30:00,864.1500000000001,226.1875,222.51862500000004,11062.687500000002,5580.906875000002,36.9775,179.67999999999998,0.0,0.1634816247582205,0.8074829691222474,5481.780624999999
2026-05-24 04:45:00,863.37,226.115,222.317775,11060.435,5565.860125000001,36.902499999999996,179.76,0.0,0.1632023527850872,0.8085723240078306,5494.574874999998
2026-05-24 05:00:00,866.3100000000001,226.8675,223.07482500000003,11100.8375,5602.997875000002,36.8975,179.85,0.0,0.16263898531080917,0.8062317206793728,5497.839624999998
2026-05-24 05:15:00,864.99,226.54,222.734925,10970.7125,5586.428375000001,39.942499999999995,179.80749999999998,0.0,0.17631544098172508,0.80727124405838,5384.284124999998
2026-05-24 05:30:00,869.98,227.3825,224.01985000000002,11007.1525,5620.099250000001,39.949999999999996,180.54749999999999,0.0,0.17569513924774333,0.8059442053907275,5387.053249999999
2026-05-24 05:45:00,871.28,228.1875,224.3546,11070.8875,5636.510500000001,39.41,180.58749999999998,0.0,0.17270884689126265,0.8049199793541116,5434.3769999999995
2026-05-24 06:00:00,881.18,230.375,226.90385,11142.467499999999,5777.84425,40.735,180.565,0.0,0.17682040151926207,0.7957775947829885,5364.623249999999
2026-05-24 06:15:00,875.79,229.4425,225.515925,11109.707499999999,5729.008375000001,40.4275,180.015,0.0,0.17619882977216514,0.7982363108059884,5380.699124999997
2026-05-24 06:30:00,854.81,223.47250000000003,220.113575,10890.565,5424.6291249999995,37.425000000000004,180.16,0.0,0.16747027039121146,0.8184865472290839,5465.935875000001
2026-05-24 06:45:00,828.25,216.6925,213.274375,10523.21,5052.723125,37.305,180.075,0.0,0.1721563967373121,0.8443349089640985,5470.486874999999
2026-05-24 07:00:00,826.51,215.8675,212.826325,10366.265000000001,4915.955375,39.5325,182.3175,0.0,0.1831331719689161,0.8566491950655071,5450.309625000002
2026-05-24 07:15:00,837.5400000000001,218.77499999999998,215.66655000000003,10457.7575,5028.167750000001,41.0725,183.1975,0.0,0.187738544166381,0.8494479092840311,5429.589749999998
2026-05-24 07:30:00,854.6700000000001,222.9425,220.07752500000004,10559.5625,5189.521375000002,43.945,184.8225,0.0,0.19711360552608856,0.8398063364262205,5370.041124999998
2026-05-24 07:45:00,863.4100000000001,225.2225,222.32807500000004,10551.515,5176.801625000003,46.5925,187.55249999999998,0.0,0.2068732031657583,0.8435844191067635,5374.713374999997
2026-05-24 08:00:00,888.27,231.33499999999998,228.72952500000002,10594.512499999999,5443.631375000001,53.9175,189.2575,0.0,0.23307108738409665,0.8274292529571772,5150.881124999998
2026-05-24 08:15:00,899.3699999999999,234.54250000000002,231.58777499999997,10639.4825,5559.210125,57.1775,190.08999999999997,0.0,0.24378310967095515,0.820811893028464,5080.2723750000005
2026-05-24 08:30:00,916.79,238.5675,236.073425,10952.414999999999,5839.295875,54.9375,189.42249999999999,0.0,0.23028073815586783,0.8023880705759235,5113.119124999999
2026-05-24 08:45:00,931.86,242.62,239.95395000000002,11208.82,5923.349750000001,53.122499999999995,192.01,0.0,0.21895350754265927,0.8001952041214574,5285.4702499999985
2026-05-24 09:00:00,946.14,246.4525,243.63105000000004,11419.885,6097.840250000002,52.919999999999995,192.565,0.0,0.21472697578640915,0.7903959696434423,5322.044749999998
2026-05-24 09:15:00,957.56,249.195,246.5717,11516.217499999999,6209.325999999999,54.04,193.57,0.0,0.21685828367342844,0.785045485755259,5306.8915
2026-05-24 09:30:00,968.9,252.5675,249.49175,11582.525,6274.428749999999,56.59,195.48,0.0,0.22405891494352997,0.7835128816884727,5308.0962500000005
2026-05-24 09:45:00,979.01,254.32,252.09507500000004,11201.3,5832.236625000001,65.38499999999999,207.1875,0.0,0.25709735765964137,0.8218625453115257,5369.063374999998
2026-05-24 10:00:00,988.41,256.745,254.51557499999998,11543.247500000001,6209.364125,61.4625,202.30749999999998,0.0,0.23939122475608093,0.7948727695741213,5333.883375000001
2026-05-24 10:15:00,996.53,258.5925,256.606475,11358.055,5876.238625,66.065,211.26999999999998,0.0,0.2554791805640148,0.8233229500541637,5481.816375
2026-05-24 10:30:00,1001.22,260.7025,257.81415000000004,11402.53,5870.160750000004,67.49,212.71999999999997,0.0,0.25887745610418006,0.8250904769967046,5532.369249999997
2026-05-24 10:45:00,1012.12,263.025,260.6209,11577.744999999999,6118.907000000001,66.87,210.83249999999998,0.0,0.25423438836612494,0.8089623664103683,5458.837999999998
2026-05-24 11:00:00,1012.3100000000002,263.3475,260.66982500000006,11489.8825,5980.847875000002,68.735,213.64749999999998,0.0,0.26100494593645274,0.819609634525208,5509.0346249999975
2026-05-24 11:15:00,1018.96,265.0575,262.3822,11539.997500000001,6299.5284999999985,71.5,209.1575,0.0,0.2697527894890731,0.7971482059377503,5240.469000000003
2026-05-24 11:30:00,1017.78,264.6025,262.07835,11600.460000000001,6249.441750000002,68.95500000000001,209.825,0.0,0.26059844483706696,0.8006193567686914,5351.018249999999
2026-05-24 11:45:00,1023.33,265.8675,263.507475,11393.165,6074.668625000002,74.6575,214.89249999999998,0.0,0.28080716898455055,0.8155081748629711,5318.496374999999
2026-05-24 12:00:00,1026.71,265.97,264.37782500000003,11156.8825,6006.787875000001,80.3825,217.20749999999998,0.0,0.3022239350302665,0.8215798734254658,5150.094624999999
2026-05-24 12:15:00,1023.42,265.71500000000003,263.53065000000004,11196.710000000001,6051.69325,79.57000000000001,215.3775,0.0,0.2994561842575692,0.8172768518576491,5145.016750000001
2026-05-24 12:30:00,1023.65,265.96,263.589875,11642.8825,6661.825625000001,72.14,203.23999999999998,0.0,0.27124379605955784,0.7710463082089173,4981.056874999998
2026-05-24 12:45:00,1021.45,265.2725,263.0233750000001,11756.6875,6728.543125000004,68.72999999999999,201.2825,0.0,0.2590920657060193,0.7652646841749329,5028.144374999996
2026-05-24 13:00:00,1021.79,265.5525,263.11092499999995,11847.420000000002,6830.983375,67.38,199.32999999999998,0.0,0.2537351371197786,0.7575892183116304,5016.436625000002
2026-05-24 13:15:00,1027.04,266.8025,264.4628,11731.3275,6702.086500000001,70.94749999999999,203.39499999999998,0.0,0.26591767318522125,0.7690873725907763,5029.240999999998
2026-05-24 13:30:00,1026.9,266.5725,264.42674999999997,11856.8025,6879.85375,68.47749999999999,199.79999999999998,0.0,0.25688133622185333,0.7555967768011368,4976.94875
2026-05-24 13:45:00,1024.96,266.0,263.9272,11851.560000000001,6887.503500000001,68.01499999999999,199.0975,0.0,0.2556954887218045,0.7543652188936948,4964.056500000001
2026-05-24 14:00:00,1030.68,268.1825,265.40010000000007,12014.25,7075.638000000003,67.615,196.95499999999998,0.0,0.2521230878226581,0.7421059750919459,4938.611999999997
2026-05-24 14:15:00,1036.39,269.5775,266.870425,12117.115,7082.005875000001,66.38499999999999,198.445,0.0,0.24625571496137472,0.743600569452385,5035.109124999999
2026-05-24 14:30:00,1041.11,270.64250000000004,268.085825,11994.902500000002,6981.477874999999,70.095,201.7925,0.0,0.2589947994125091,0.7527160378583985,5013.424625000003
2026-05-24 14:45:00,1040.28,269.9875,267.87210000000005,11484.2925,6424.098000000002,79.0875,212.70499999999998,0.0,0.29293022825130793,0.7940543266730651,5060.194499999998
2026-05-24 15:00:00,1040.78,270.345,268.00085,11842.005,7059.679250000001,74.3675,200.135,0.0,0.27508368935989197,0.7467700195726991,4782.325749999998
2026-05-24 15:15:00,1054.12,272.1225,271.4359,11830.3675,7202.107,76.9975,201.065,0.0,0.2829516118659795,0.7407457893373721,4628.2605
2026-05-24 15:30:00,1056.6799999999998,274.18,272.09509999999995,11667.0575,6975.487999999998,82.6225,206.3225,0.0,0.3013440075862572,0.7582734859980942,4691.569500000003
2026-05-24 15:45:00,1056.9499999999998,274.3575,272.164625,12062.837500000001,7489.1868749999985,75.77250000000001,196.125,0.0,0.27618162434050464,0.7206116518632795,4573.650625000003
2026-05-24 16:00:00,1057.94,274.53,272.41955,12067.595000000001,7412.082750000001,75.25999999999999,197.9475,0.0,0.2741412596073289,0.7266273657672512,4655.51225
2026-05-24 16:15:00,1066.24,276.5825,274.55679999999995,12275.572499999998,7562.0064999999995,72.91749999999999,197.29999999999998,0.0,0.26363743186933375,0.7186126877935641,4713.565999999999
2026-05-24 16:30:00,1071.56,278.825,275.9267,12506.7725,7834.476000000001,71.3875,193.3575,0.0,0.2560297677754864,0.7007567589508373,4672.296499999999
2026-05-24 16:45:00,1078.27,281.0525,277.65452500000004,12820.845,8139.381375000001,67.685,189.16,0.0,0.2408268917728894,0.6812782899900514,4681.4636249999985
2026-05-24 17:00:00,1092.08,284.26250000000005,281.2106,13125.277500000002,8479.5905,65.245,186.26749999999998,0.0,0.2295237676443428,0.6623772361354799,4645.687000000002
2026-05-24 17:15:00,1104.12,82.165,776.7075,3758.6025,36053.795000000006,20.245,179.82999999999998,,0.24639445019168746,0.23152859989120742,-32295.192500000005
2026-05-24 17:30:00,1141.56,296.65,293.9517,13528.675,9195.476000000002,72.8625,185.96499999999997,0.0,0.24561773133322098,0.6326379469824464,4333.198999999997
2026-05-24 17:45:00,1222.4699999999998,317.0,314.78602499999994,14283.8625,10414.363874999995,83.21499999999999,184.505,0.0,0.2625078864353312,0.5861283073160571,3869.498625000004
2026-05-24 18:00:00,1285.6,333.725,331.04200000000003,14684.167500000001,11278.567500000001,97.0475,185.1025,0.0,0.29080080904936695,0.5591511046936641,3405.6000000000004
2026-05-24 18:15:00,1326.43,343.2,341.55572500000005,14867.3625,11884.822375000005,106.3775,184.5425,0.0,0.3099577505827506,0.5402998295519712,2982.540124999994
2026-05-24 18:30:00,1334.1799999999998,347.54499999999996,343.55134999999996,14977.062499999998,12043.831749999998,110.2175,183.55749999999998,0.0,0.31713159446978095,0.5342942183169997,2933.2307500000006
2026-05-24 18:45:00,1340.1999999999998,348.765,345.1015,15019.82,12114.090000000002,110.77,183.8575,0.0,0.3176064111937838,0.5327635492746337,2905.7299999999977
2026-05-24 19:00:00,1338.34,346.33500000000004,344.62254999999993,14997.695,12071.622749999999,107.64250000000001,184.17999999999998,0.0,0.3108045678317236,0.5344397805657233,2926.072250000001
2026-05-24 19:15:00,1334.87,345.985,343.729025,14916.695000000002,11932.978875,108.6825,185.97,0.0,0.3141248898073616,0.541036649436282,2983.716125000001
2026-05-24 19:30:00,1332.3200000000002,346.0675,343.0724000000001,14981.852499999999,11947.864500000005,107.4025,184.95,0.0,0.310351304297572,0.5390990356554475,3033.987999999994
2026-05-24 19:45:00,1331.34,345.23,342.82005,15004.470000000001,11983.61025,105.895,183.95749999999998,0.0,0.3067375372939779,0.5366007618282536,3020.8597500000014
2026-05-24 20:00:00,1324.38,344.275,341.02785000000006,14931.5575,11875.289250000005,106.3775,184.15249999999997,0.0,0.30898990632488565,0.5399925548602554,3056.2682499999955
2026-05-24 20:15:00,1314.49,340.5075,338.481175,14996.162499999999,11783.097125,99.3675,183.195,0.0,0.2918217660403956,0.5412265541798594,3213.0653749999983
2026-05-24 20:30:00,1305.55,338.83500000000004,336.179125,15179.252499999999,11620.484375,91.68,183.915,0.0,0.27057417327017574,0.5470744205191206,3558.7681249999987
2026-05-24 20:45:00,1295.33,336.005,333.54747499999996,15089.735,11475.368624999996,89.89,183.92249999999999,0.0,0.26752578086635614,0.5514132583375125,3614.366375000005
2026-05-24 21:00:00,1272.7399999999998,330.495,327.73054999999994,14859.16,11138.187749999997,87.81,184.26749999999998,0.0,0.2656923705351064,0.5622530459854903,3720.9722500000025
2026-05-24 21:15:00,1253.09,325.01,322.67067499999996,14671.295,10862.519624999999,84.7525,184.21499999999997,0.0,0.2607688994184794,0.5709071640923056,3808.775375000001
2026-05-24 21:30:00,1228.4499999999998,318.40999999999997,316.32587499999994,14406.342499999999,10423.180624999997,81.46749999999999,186.02249999999998,0.0,0.25585722810213246,0.5880723478596243,3983.1618750000016
2026-05-24 21:45:00,1204.19,312.5025,310.078925,14220.210000000001,10174.348375000001,78.3825,184.1275,0.0,0.2508219934240526,0.5938084956918629,4045.8616249999995
2026-05-24 22:00:00,1178.05,305.945,303.34787499999993,13936.904999999999,9766.890624999998,76.03,184.87249999999997,0.0,0.24850871888738174,0.6094405639070325,4170.014375000001
2026-05-24 22:15:00,1147.76,298.4275,295.54820000000007,13855.922499999999,9479.283500000003,68.0375,182.045,0.0,0.22798669693644183,0.6159570587809364,4376.638999999996
2026-05-24 22:30:00,1125.24,292.9075,289.7493,13566.3675,9011.219000000001,66.61,185.02749999999997,0.0,0.2274096771164958,0.6385779016549823,4555.148499999999
2026-05-24 22:45:00,1093.6,284.55,281.602,13403.0275,8649.7425,59.21,183.295,0.0,0.20808293797223687,0.650900916896897,4753.285
2026-05-24 23:00:00,1078.01,280.8425,277.587575,13170.6275,8408.324125000001,59.835,183.70749999999998,0.0,0.21305536021079433,0.6618001544197357,4762.3033749999995
2026-05-24 23:15:00,1055.5500000000002,274.205,271.80412500000006,12970.3575,8167.984375000004,55.9275,182.15249999999997,0.0,0.2039623639248008,0.6701609109133275,4802.373124999996
2026-05-25 00:00:00,970.32,254.135,249.8574,12433.3875,6987.039500000001,40.79,181.63,0.0,0.16050524327621146,0.7269346435206642,5446.348
2026-05-25 00:15:00,970.02,254.4825,249.78015,12782.699999999999,6962.41575,31.7225,182.0375,0.0,0.12465493697994952,0.7287908987163312,5820.284249999999
2026-05-25 00:30:00,953.89,250.19750000000002,245.626675,12556.300000000001,6749.724625,31.5825,181.7225,0.0,0.12623027808031653,0.7398321049617269,5806.575375000001
2026-05-25 00:45:00,929.94,244.7375,239.45955,12359.515000000001,6413.40775,28.805,181.665,0.0,0.11769753307114765,0.7586458756812998,5946.107250000001
2026-05-25 01:00:00,920.29,242.23999999999998,236.974675,12219.050000000001,6254.489625,28.732499999999998,182.10999999999999,0.0,0.1186117073976222,0.7684787414520138,5964.560375000001
2026-05-25 01:15:00,914.93,240.04000000000002,235.594475,12100.525,6188.453624999999,28.735,181.9125,0.0,0.11970921513081152,0.772142470658533,5912.071375
2026-05-25 01:30:00,890.85,234.8375,229.393875,11807.6375,5859.170625000001,29.0,181.67749999999998,0.0,0.12348964709639644,0.7919893240392751,5948.466875
2026-05-25 01:45:00,891.45,233.8625,229.54837500000002,11824.947500000002,5882.918125000002,27.19,181.37249999999997,0.0,0.11626489924635203,0.7901275711492184,5942.029375
2026-05-25 02:00:00,880.8100000000001,231.55,226.80857500000002,11673.135,5726.104125000002,27.8125,181.49499999999998,0.0,0.12011444612394731,0.8002122494707264,5947.030874999999
2026-05-25 02:15:00,880.18,231.47,226.64634999999998,11576.612500000001,5720.056749999999,30.322499999999998,181.4375,0.0,0.1309996975850002,0.8005313123286566,5856.555750000002
2026-05-25 02:30:00,870.15,228.72500000000002,224.063625,11442.29,5589.756875000001,29.955,181.2025,0.0,0.13096513280139904,0.8087100260026587,5852.533125
2026-05-25 02:45:00,875.39,229.75750000000002,225.412925,11476.7625,5622.968375,30.27,182.02249999999998,0.0,0.1317476034514651,0.8075069342186123,5853.794125
2026-05-25 03:00:00,870.88,228.9875,224.2516,11453.275,5551.595499999999,29.7075,182.17249999999999,0.0,0.12973415579453026,0.8123576375820729,5901.6795
2026-05-25 03:15:00,870.24,228.65,224.0868,11472.9125,5558.531500000001,28.787499999999998,181.8525,0.0,0.1259020336759239,0.8115270511248319,5914.380999999999
2026-05-25 03:30:00,870.4100000000001,229.38750000000002,224.13057500000002,11529.710000000001,5594.564125000002,28.585,181.17999999999998,0.0,0.12461446242711569,0.8083680684797242,5935.145874999999
2026-05-25 03:45:00,865.71,228.155,222.92032500000002,11416.205,5482.375375000001,29.5,182.09249999999997,0.0,0.12929806491201157,0.81685014589854,5933.8296249999985
2026-05-25 04:00:00,868.98,228.59500000000003,223.76235,11406.972500000002,5558.061749999999,30.610000000000003,181.505,0.0,0.13390494105295392,0.8111507588296244,5848.910750000003
2026-05-25 04:15:00,879.18,231.5975,226.38885,11557.7725,5711.769249999999,31.0625,181.32,0.0,0.13412277766383487,0.8009228369683401,5846.00325
2026-05-25 04:30:00,877.0899999999999,231.7175,225.850675,11576.765,5688.919625,30.775000000000002,181.18499999999997,0.0,0.13281258428905887,0.8022335997003329,5887.845374999999
2026-05-25 04:45:00,882.4300000000001,232.01749999999998,227.225725,11606.1575,5767.172375,30.445,181.1325,0.0,0.13121855032486773,0.7971478581485436,5838.985124999999
2026-05-25 05:00:00,892.28,234.775,229.7621,11725.3075,5852.423000000001,30.9425,182.21749999999997,0.0,0.13179640080928548,0.7930703105516531,5872.8845
2026-05-25 05:15:00,906.15,238.655,233.333625,11925.3775,6029.606875,31.167499999999997,182.6025,0.0,0.13059646770442687,0.7825811646306869,5895.770625
2026-05-25 05:30:00,927.89,244.52249999999998,238.931675,12093.22,6303.249625,35.1125,183.2875,0.0,0.14359619257941497,0.7671126065641987,5789.970374999999
2026-05-25 05:45:00,953.69,250.45,245.57517500000003,12112.1675,6703.642125000002,43.6575,182.58749999999998,0.0,0.17431623078458774,0.7435095994536091,5408.525374999997
2026-05-25 06:00:00,979.21,257.3125,252.146575,12379.3175,7014.444125000001,46.2825,183.6,0.0,0.17986883653145494,0.7281479036548483,5364.873374999998
2026-05-25 06:15:00,1027.34,270.01,264.54005,12792.78,7737.710250000001,54.275,182.76749999999998,0.0,0.20101107366393836,0.6908878258698445,5055.06975
2026-05-25 06:30:00,1032.6799999999998,269.4075,265.91509999999994,12757.647500000001,7793.212999999998,54.1875,183.17,0.0,0.20113582584003784,0.688828878089285,4964.434500000003
2026-05-25 06:45:00,1036.03,270.4,266.7777249999999,12925.669999999998,7856.782374999997,51.23500000000001,182.8475,0.0,0.18947855029585803,0.6853926803671485,5068.887625000001
2026-05-25 07:00:00,1077.88,280.8875,277.55410000000006,13069.31,8260.233000000004,61.6125,186.6325,0.0,0.21934938365003784,0.6724184582393125,4809.076999999996
2026-05-25 07:15:00,1102.8,286.65,283.971,13233.8425,8583.412499999999,65.52250000000001,187.2275,0.0,0.22858015000872148,0.6593190853995654,4650.430000000002
2026-05-25 07:30:00,1108.75,289.0875,285.50312500000007,13232.15,8573.179375000003,68.5275,189.11749999999998,0.0,0.2370476066934752,0.6624008055953851,4658.970624999996
2026-05-25 07:45:00,1108.58,289.48249999999996,285.45935,13141.4325,8335.39675,69.9125,193.825,0.0,0.24150855405767188,0.6789933487902918,4806.035750000001
2026-05-25 08:00:00,1142.85,297.12,294.28387499999997,13355.9075,8795.995624999998,75.295,194.32,0.0,0.2534161281637049,0.6603148065791916,4559.911875000002
2026-05-25 08:15:00,1168.48,303.48,300.8836,13644.0425,9316.355500000001,78.0675,191.17249999999999,0.0,0.2572410043495452,0.6353702893743627,4327.686999999998
2026-05-25 08:30:00,1187.71,308.485,305.835325,13549.490000000002,8910.200375000004,83.295,204.74249999999998,0.0,0.27001312867724525,0.669453406011879,4639.289624999998
2026-05-25 08:45:00,1200.75,311.99,309.193125,13908.3625,9552.629375,82.0225,195.58749999999998,0.0,0.26290105452097823,0.6325738969778192,4355.733124999999
2026-05-25 09:00:00,1226.58,318.205,315.84434999999996,13859.842499999999,9303.696749999997,88.2525,207.8825,0.0,0.2773447934507629,0.6581802080676764,4556.1457500000015
2026-05-25 09:15:00,1236.61,320.865,318.427075,14257.192500000001,9769.871625,83.745,201.39999999999998,0.0,0.2609976158197373,0.6324839054593583,4487.320875000001
2026-05-25 09:30:00,1245.72,324.03499999999997,320.77289999999994,14146.7025,9519.517,88.7775,208.98749999999998,0.0,0.2739750335611894,0.6515123316215304,4627.1855
2026-05-25 09:45:00,1262.18,329.0225,325.0113500000001,14268.057499999999,9646.756750000004,92.1675,211.105,0.0,0.2801252193998891,0.6495311625270931,4621.300749999995
2026-05-25 10:00:00,1271.26,330.62,327.34945,14247.305000000002,9695.22725,94.53999999999999,212.70749999999998,0.0,0.2859476135744964,0.6497872533465383,4552.077750000002
2026-05-25 10:15:00,1275.02,332.045,328.31765,14178.11,9614.22825,97.58500000000001,215.39249999999998,0.0,0.29389088828321464,0.656049103665307,4563.8817500000005
2026-05-25 10:30:00,1285.48,334.425,331.0111,14377.645,9896.493,96.6725,212.70999999999998,0.0,0.2890707931524258,0.6426068491358748,4481.152
2026-05-25 10:45:00,1278.6,332.895,329.2394999999999,14409.83,9810.679999999997,93.61,212.4775,0.0,0.2811997777076856,0.6453584700499182,4599.150000000003
2026-05-25 11:00:00,1301.15,338.845,335.046125,14521.82,10015.794375000001,98.625,214.7625,0.0,0.29106228511561333,0.6409938333117566,4506.025624999998
2026-05-25 11:15:00,1310.09,340.8275,337.34817499999997,14614.1825,10112.782125,98.8675,215.355,0.0,0.2900807593283993,0.6383760635432517,4501.400375000001
2026-05-25 11:30:00,1305.67,338.9825,336.2100250000001,14506.407500000001,10030.933875000002,98.9025,215.73999999999998,0.0,0.2917628491146298,0.6416822341927488,4475.473624999999
2026-05-25 11:45:00,1284.42,333.84000000000003,330.73815,14347.61,9727.480750000002,95.5325,215.79,0.0,0.2861625329499161,0.6524496796030334,4620.129249999998
2026-05-25 12:00:00,1252.24,325.64,322.45179999999993,14037.244999999999,9218.856499999998,91.36,216.84749999999997,0.0,0.2805552143471318,0.6724958582957206,4818.388500000001
2026-05-25 12:15:00,1258.32,328.5425,324.0174,14029.7125,9213.0895,95.2325,218.685,0.0,0.28986356407466307,0.6749174581365075,4816.623
2026-05-25 12:30:00,1253.5300000000002,326.86249999999995,322.78397500000005,14032.329999999998,9230.001125000006,93.25999999999999,216.98999999999998,0.0,0.2853187502390149,0.6722452686816313,4802.328874999992
2026-05-25 12:45:00,1251.04,326.1575,322.14279999999997,13961.235,9157.236499999999,93.87,217.73999999999998,0.0,0.2878057380253405,0.6759114280995882,4803.9985000000015
2026-05-25 13:00:00,1243.29,325.615,320.14717500000006,13937.3775,9088.977125000001,94.0,216.91,0.0,0.28868448935092056,0.6775321381486498,4848.400374999999
2026-05-25 13:15:00,1256.3000000000002,327.0575,323.49725,13977.447499999998,9253.481250000003,94.9225,217.30499999999998,0.0,0.29023183996697827,0.671736776742306,4723.966249999996
2026-05-25 13:30:00,1267.46,330.3625,326.37095,14125.122500000001,9411.659749999999,95.845,217.30249999999998,0.0,0.2901207007453933,0.6658144666368131,4713.462750000002
2026-05-25 13:45:00,1267.27,330.16499999999996,326.32202500000005,14152.5025,9439.718875000002,95.0275,216.6875,0.0,0.2878182121060682,0.6640296498527796,4712.783624999998
2026-05-25 14:00:00,1277.39,332.52,328.92792499999996,14812.91,10255.543375000001,85.405,203.23749999999998,0.0,0.2568416937327078,0.6178785215636526,4557.366624999999
2026-05-25 14:15:00,1295.3,336.0375,333.5397499999999,14388.265,9728.193749999997,96.6225,218.8575,0.0,0.28753487334002903,0.6561661690997851,4660.071250000003
2026-05-25 14:30:00,1292.7199999999998,335.76750000000004,332.8754,14511.0075,9954.029499999999,94.7475,213.60999999999999,0.0,0.2821818669168398,0.6417115833732381,4556.978000000001
2026-05-25 14:45:00,1298.86,337.28499999999997,334.45644999999996,14539.022500000001,10116.612249999998,96.7775,212.09749999999997,0.0,0.2869309337800377,0.6341558071312423,4422.410250000003
2026-05-25 15:00:00,1306.69,339.065,336.47267500000004,15056.2475,10994.629625000001,90.83500000000001,196.755,0.0,0.26789848554112045,0.5847577370138599,4061.617874999998
2026-05-25 15:15:00,1312.0300000000002,340.14,337.8477250000001,14688.095,10717.257375000005,99.9025,203.815,0.0,0.29370994296466163,0.6032747445613255,3970.8376249999947
2026-05-25 15:30:00,1306.02,338.8925,336.30015000000003,14588.210000000001,10518.265750000002,99.9475,206.09249999999997,0.0,0.2949239065485368,0.6128230986516062,4069.9442499999986
2026-05-25 15:45:00,1305.34,338.8975,336.12505,14952.107499999998,10957.635250000001,93.27499999999999,197.11249999999998,0.0,0.27523071135077715,0.5864260935029983,3994.472249999997
2026-05-25 16:00:00,1290.94,335.55,332.41705,14780.8325,10835.44525,93.50250000000001,195.4775,0.0,0.2786544479213232,0.5880489583792408,3945.3872499999998
2026-05-25 16:15:00,1281.67,332.86,330.0300250000001,14560.089999999998,10255.908875000005,92.32000000000001,204.4425,0.0,0.2773538424562879,0.6194663652193462,4304.181124999994
2026-05-25 16:30:00,1279.48,332.78,329.4661000000001,14677.309999999998,10484.893000000004,90.85999999999999,199.24249999999998,0.0,0.2730332351703828,0.6047435532821128,4192.416999999994
2026-05-25 16:45:00,1276.04,331.09749999999997,328.5803,14802.757499999998,10875.049000000003,88.05250000000001,190.46499999999997,0.0,0.26594130127832444,0.5796604361247463,3927.708499999995
2026-05-25 17:00:00,1284.19,333.75,330.67892500000005,14982.4675,11073.598375000005,87.7225,188.80249999999998,0.0,0.26283895131086144,0.5709541362516525,3908.8691249999956
2026-05-25 17:15:00,1299.9,337.7025,334.72425,15215.397500000001,11340.216250000001,87.6125,187.92,0.0,0.25943693043433197,0.5614173457704364,3875.1812499999996
2026-05-25 17:30:00,1326.27,344.2875,341.514525,15394.7925,11778.431375,93.0075,186.625,0.0,0.2701448643938568,0.5464628481028735,3616.3611249999994
2026-05-25 17:45:00,1373.37,356.0025,353.64277500000003,15687.662499999999,12356.360125000001,101.88,188.4075,0.0,0.2861777656055786,0.5327621920170714,3331.3023749999975
2026-05-25 18:00:00,1429.62,371.32000000000005,368.12715000000003,16383.890000000003,13146.62575,105.7875,188.535,0.0,0.28489577722718945,0.5121464146287499,3237.264250000004
2026-05-25 18:15:00,1456.81,378.22249999999997,375.12857499999996,16332.502499999999,13621.454125,118.0675,186.73999999999998,0.0,0.3121641361896767,0.4978026533969053,2711.0483749999985
2026-05-25 18:30:00,1464.69,380.08,377.15767500000004,15936.06,13693.804625000002,131.26749999999998,187.52499999999998,0.0,0.3453680804041254,0.4972058436832817,2242.255374999997
2026-05-25 18:45:00,1462.5400000000002,379.865,376.60405000000003,15899.54,13624.230250000004,131.66000000000003,188.30749999999998,0.0,0.3465968172903532,0.500014537814981,2275.3097499999967
2026-05-25 19:00:00,1458.5,378.8,375.56375,15918.5375,13675.388750000002,130.325,186.14,0.0,0.34404699049630405,0.4956282388808823,2243.1487499999985
2026-05-25 19:15:00,1457.17,378.235,375.22127500000005,15723.785,13579.177625000002,134.20499999999998,187.6875,0.0,0.35481909394952865,0.5002048457939917,2144.607374999998
2026-05-25 19:30:00,1448.5800000000002,376.1825,373.00935000000004,15575.07,13473.771750000002,135.2875,187.36249999999998,0.0,0.3596326251221149,0.5022997412799437,2101.298249999998
2026-05-25 19:45:00,1442.78,374.255,371.51585,15416.285,13307.129249999998,136.12,189.05249999999998,0.0,0.36370923568155406,0.5088679258233532,2109.1557500000017
2026-05-25 20:00:00,1428.86,370.845,367.93145000000004,15476.317500000001,13176.36225,129.895,187.725,0.0,0.35026763202955413,0.5102173244499756,2299.955250000001
2026-05-25 20:15:00,1420.96,368.2625,365.8972,15638.307499999999,13136.978500000001,122.1875,186.27499999999998,0.0,0.3317945758799769,0.5090910780404988,2501.328999999998
2026-05-25 20:30:00,1407.39,365.62,362.40292500000004,15821.9725,12947.918375000003,113.31750000000001,186.21249999999998,0.0,0.3099324435205952,0.5138272545675506,2874.054124999997
2026-05-25 20:45:00,1397.18,362.76,359.77385000000004,15660.707499999999,12658.569250000004,112.4075,189.1075,0.0,0.3098674054471276,0.5256288082082674,3002.1382499999945
2026-05-25 21:00:00,1368.76,356.03499999999997,352.4557,15564.912499999999,12290.946,105.24499999999999,188.41,0.0,0.2956029603831084,0.5345636345220123,3273.9664999999986
2026-05-25 21:15:00,1343.81,349.22,346.031075,15393.62,11960.841625,99.90750000000001,187.945,0.0,0.2860875665769429,0.5431448606169258,3432.7783750000017
2026-05-25 21:30:00,1320.1,343.6175,339.92575,15180.935000000001,11626.79875,97.33999999999999,187.91,0.0,0.28328010069335813,0.5527971917396667,3554.1362500000014
2026-05-25 21:45:00,1289.68,335.02750000000003,332.09259999999995,14579.395,11050.975499999999,99.81,190.80999999999997,0.0,0.2979158427293282,0.5745686594642578,3528.419500000002
2026-05-25 22:00:00,1255.52,326.5825,323.29640000000006,14313.5075,10668.184500000003,95.1525,188.79,0.0,0.29135823260585,0.5839533010574814,3645.3229999999967
2026-05-25 22:15:00,1226.77,319.5075,315.893275,13904.695000000002,10206.637625,95.3025,189.8775,0.0,0.29827938311307245,0.6010811721142212,3698.057375000002
2026-05-25 22:30:00,1202.48,312.5425,309.6386,13656.52,9893.005500000001,91.86999999999999,189.26999999999998,0.0,0.2939440236127886,0.6112609991131596,3763.5144999999993
2026-05-25 22:45:00,1159.54,302.205,298.58155,13224.16,9211.742750000001,87.675,190.7325,0.0,0.29011763537995733,0.638795330789863,4012.4172499999986
2026-05-25 23:00:00,1149.44,298.97249999999997,295.98080000000004,13239.887499999999,9124.576500000003,82.83749999999999,189.61499999999998,0.0,0.2770739783759376,0.6406327707743203,4115.310999999996
2026-05-25 23:15:00,1123.7399999999998,292.27,289.36304999999993,13147.320000000002,8768.975249999996,75.435,189.4475,0.0,0.25810038662880214,0.6547052223841296,4378.344750000006
2026-05-26 00:00:00,1055.61,275.0275,271.819575,12746.6325,7849.459125,60.9525,188.54,0.0,0.22162329221623295,0.6936218629581773,4897.173374999999
2026-05-26 00:15:00,1032.02,269.6975,265.74515,12673.79,7506.365750000001,54.934999999999995,188.72,0.0,0.2036911725173574,0.7101540705446552,5167.42425
2026-05-26 00:30:00,1018.45,266.09749999999997,262.250875,12563.519999999999,7307.930625,52.519999999999996,188.845,0.0,0.19737126429222374,0.7200929262867092,5255.589374999999
2026-05-26 00:45:00,1000.85,261.33500000000004,257.718875,12524.789999999999,7091.420625000001,46.717499999999994,188.19,0.0,0.1787648037958941,0.7302142693273823,5433.369374999998
2026-05-26 01:00:00,987.86,258.6725,254.37395,12326.662499999999,6883.324750000001,47.945,188.67249999999999,0.0,0.18535020150963089,0.7417131353269467,5443.337749999998
2026-05-26 01:15:00,979.46,256.60749999999996,252.21095000000003,12220.94,6735.859750000001,47.5325,189.24249999999998,0.0,0.18523425854661305,0.750334194451113,5485.080249999999
2026-05-26 01:30:00,962.7,253.02499999999998,247.89525,12119.137499999999,6550.99625,45.3275,188.1925,0.0,0.17914237723545107,0.759161379655318,5568.141249999999
2026-05-26 01:45:00,959.4,252.0925,247.0455,12238.7275,6501.885,40.6925,188.23999999999998,0.0,0.16141892360938942,0.76196490120241,5736.842500000001
2026-05-26 02:00:00,951.06,249.79,244.89794999999998,12067.852499999999,6319.6447499999995,41.4375,189.52249999999998,0.0,0.16588934705152328,0.7738835706873005,5748.20775
2026-05-26 02:15:00,940.96,246.6,242.2972,11962.189999999999,6163.603499999999,39.459999999999994,189.7825,0.0,0.16001622060016218,0.7832632816227344,5798.586499999999
2026-05-26 02:30:00,937.44,245.61499999999998,241.3908,11894.0325,6075.626500000001,39.57,190.545,0.0,0.1611057956558028,0.7893631406002216,5818.405999999998
2026-05-26 02:45:00,929.9,244.2375,239.44925,11943.015,6093.216250000001,37.072500000000005,188.05749999999998,0.0,0.15178873023184403,0.7853751891058334,5849.798749999998
2026-05-26 03:00:00,929.42,243.79,239.32565,11917.0175,6075.043249999999,37.03,188.285,0.0,0.15189302268345709,0.7867313846217486,5841.974250000001
2026-05-26 03:15:00,923.75,243.14000000000001,237.865625,11845.647500000001,5954.866875,37.712500000000006,189.08249999999998,0.0,0.15510611170519045,0.7949130943153303,5890.780625000001
2026-05-26 03:30:00,916.66,241.0625,236.03995,11720.7275,5829.829750000001,37.8275,189.575,0.0,0.1569198859217008,0.8031479416937684,5890.89775
2026-05-26 03:45:00,916.28,241.43,235.9421,11745.19,5828.698000000001,37.7425,189.48999999999998,0.0,0.1563289566333927,0.8031207656454696,5916.491999999999
2026-05-26 04:00:00,924.3,242.85500000000002,238.00725,11821.117500000002,5955.28125,37.9,189.23,0.0,0.15606020053118114,0.7950598143543947,5865.836250000002
2026-05-26 04:15:00,927.96,243.52249999999998,238.9497,11891.5625,6046.491,37.265,188.4425,0.0,0.15302487449824967,0.7886283180100246,5845.0715
2026-05-26 04:30:00,941.0,246.98,242.3075,12091.25,6265.67,37.25,187.7525,0.0,0.1508219289011256,0.7748522022636526,5825.58
2026-05-26 04:45:00,942.39,247.615,242.665425,12017.755,6270.730875,40.0775,188.045,0.0,0.16185408799951537,0.7749146793367864,5747.024124999999
2026-05-26 05:00:00,946.24,248.26000000000002,243.6568,11762.845000000001,6334.7564999999995,47.99250000000001,187.855,0.0,0.1933154757109482,0.7709819713629991,5428.088500000002
2026-05-26 05:15:00,965.28,252.84750000000003,248.5596,11894.957500000002,6608.1605,51.2675,187.77999999999997,0.0,0.20276055725288955,0.7554727316909102,5286.797000000002
2026-05-26 05:30:00,977.75,255.695,251.770625,12032.4925,6785.391874999999,51.787499999999994,187.76749999999998,0.0,0.202536224799077,0.7457879567959923,5247.100625000001
2026-05-26 05:45:00,997.74,261.15250000000003,256.91805,12213.7925,7054.62525,54.9025,188.045,0.0,0.21023156967672144,0.7319259974143506,5159.1672499999995
2026-05-26 06:00:00,1044.47,273.065,268.951025,12458.744999999999,7668.063875000002,65.65,189.0125,0.0,0.2404189478695549,0.7027766486482064,4790.681124999997
2026-05-26 06:15:00,1054.49,275.3075,271.5311750000001,12490.6125,7790.097125000002,67.98249999999999,189.41,0.0,0.24693297494619648,0.6975626279376574,4700.515374999997
2026-05-26 06:30:00,1048.54,274.2725,269.99905,12461.5775,7674.705250000003,67.00999999999999,190.0325,0.0,0.24431906224648842,0.7038265505008258,4786.872249999997
2026-05-26 06:45:00,1067.56,278.6325,274.8967,12684.675,7923.950999999999,67.32,190.43499999999997,0.0,0.24160857042879058,0.6927511316068907,4760.724
2026-05-26 07:00:00,1085.13,282.88,279.42097500000006,12860.3625,8152.786125000004,68.745,190.83499999999998,0.0,0.24301824095022626,0.6829659083395581,4707.576374999995
2026-05-26 07:15:00,1113.28,290.055,286.6696,13090.839999999998,8438.835500000001,72.39,193.08749999999998,0.0,0.24957335677716294,0.6735541543295835,4652.004499999997
2026-05-26 07:30:00,1122.38,291.68,289.01285,13035.095,8506.21425,75.88,194.3175,0.0,0.260148107515085,0.6723489976310741,4528.880749999998
2026-05-26 07:45:00,1130.32,294.5975,291.0573999999999,13014.160000000002,8461.039499999997,79.675,197.46999999999997,0.0,0.2704537546992082,0.6784572390188328,4553.1205000000045
2026-05-26 08:00:00,1159.4299999999998,301.51750000000004,298.5532249999999,13166.99,8731.934874999995,84.8375,200.29749999999999,0.0,0.2813684114520716,0.6708937744685225,4435.055125000004
2026-05-26 08:15:00,1183.0,307.565,304.62250000000006,13384.715,8966.120000000003,87.2425,202.29,0.0,0.28365548745793573,0.6640678216481053,4418.5949999999975
2026-05-26 08:30:00,1211.69,314.855,312.010175,13809.525,9256.442125000001,85.7825,204.60999999999999,0.0,0.27245081069063537,0.6557798956396214,4553.082874999998
2026-05-26 08:45:00,1225.42,318.21000000000004,315.54565,14005.470000000001,9313.018250000005,84.505,207.36749999999998,0.0,0.26556362150780927,0.6571711573269984,4692.4517499999965
2026-05-26 09:00:00,1243.48,324.2,320.19609999999994,14072.24,9463.917999999998,90.8675,209.46499999999997,0.0,0.2802822331893893,0.6541772370119436,4608.322000000002
2026-05-26 09:15:00,1265.03,329.0875,325.745225,14132.7075,9683.244875000002,95.895,211.18249999999998,0.0,0.29139666502070116,0.6483057426244697,4449.462624999998
2026-05-26 09:30:00,1262.27,328.76250000000005,325.03452500000003,13959.515000000001,9518.531375000002,99.21000000000001,213.695,0.0,0.30176799361241013,0.6574532351601725,4440.983624999999
2026-05-26 09:45:00,1274.07,331.2725,328.073025,14012.195,9600.648874999999,100.92,215.39499999999998,0.0,0.3046434581801991,0.6565459016327234,4411.546125000001
2026-05-26 10:00:00,1271.41,330.955,327.388075,13972.474999999999,9565.601625000003,101.54,215.34249999999997,0.0,0.30680908280581953,0.6577591440983303,4406.873374999996
2026-05-26 10:15:00,1288.23,334.9425,331.71922499999994,14138.187499999998,9719.689874999996,102.39750000000001,217.02499999999998,0.0,0.30571665285832644,0.654243057513474,4418.497625000002
2026-05-26 10:30:00,1291.11,336.2875,332.460825,14144.2525,9754.727875,104.1925,217.14,0.0,0.3098316172917518,0.6531295830117728,4389.524625
2026-05-26 10:45:00,1295.06,337.23,333.47795,14114.197500000002,9729.794750000001,105.8375,218.7575,0.0,0.31384366752661386,0.6559878996497369,4384.402750000001
2026-05-26 11:00:00,1313.83,341.3375,338.3112249999999,14188.804999999998,10025.249874999998,110.135,218.165,0.0,0.3226571941260483,0.6448647986776083,4163.555125000001
2026-05-26 11:15:00,1319.68,343.1975,339.8176,14226.62,10040.100500000002,111.39999999999999,219.52499999999998,0.0,0.3245944390620561,0.6460083291742392,4186.5194999999985
2026-05-26 11:30:00,1327.22,344.65,341.7591500000001,14239.36,10117.385750000005,113.0075,220.11499999999998,0.0,0.327890613666038,0.6440646870756787,4121.974249999996
2026-05-26 11:45:00,1296.6999999999998,337.26750000000004,333.9002499999999,13994.8675,9729.771249999996,108.95500000000001,219.2225,0.0,0.32305217668467906,0.6565508711059667,4265.096250000004
2026-05-26 12:00:00,1273.44,331.40250000000003,327.9108,13619.37,9424.851500000002,110.5575,218.7325,0.0,0.3336049064204404,0.6670487827787313,4194.518499999998
2026-05-26 12:15:00,1264.52,329.7725,325.6139,13603.385,9278.022,108.4225,219.14249999999998,0.0,0.32877968902804205,0.6730133449462692,4325.362999999999
2026-05-26 12:30:00,1257.74,328.0575,323.8680499999999,13562.6025,9217.875249999997,107.22749999999999,218.42499999999998,0.0,0.32685581033812666,0.6744258965958514,4344.727250000004
2026-05-26 12:45:00,1264.2200000000005,329.5275,325.5366500000001,13553.662499999999,9290.89825000001,109.5225,218.79999999999998,0.0,0.33236224594305486,0.6721209424499511,4262.764249999989
2026-05-26 13:00:00,1271.86,331.3275,327.50395,13595.16,9403.849749999998,111.11,218.70499999999998,0.0,0.33534795632719894,0.6677934724146075,4191.310250000002
2026-05-26 13:15:00,1276.71,333.02250000000004,328.75282500000003,13742.995,9507.537875000002,109.88000000000001,218.005,0.0,0.32994767620806403,0.6631273814909423,4235.457124999999
2026-05-26 13:30:00,1301.82,338.82,335.21865,13978.1725,9788.90825,111.61999999999999,219.48999999999998,0.0,0.32943745941798,0.6547666724390184,4189.26425
2026-05-26 13:45:00,1301.31,338.83,335.08732499999996,14008.155,9840.810375000001,111.24,218.30749999999998,0.0,0.32830623026296374,0.651494353001863,4167.344625
2026-05-26 14:00:00,1314.96,341.0625,338.60220000000004,14424.755,10413.503500000003,105.965,210.71999999999997,0.0,0.31069085578156497,0.6223231863230657,4011.2514999999967
2026-05-26 14:15:00,1320.92,343.53,340.1369,14216.9425,10138.662000000002,112.725,217.90499999999997,0.0,0.3281372805868483,0.6406391073711789,4078.280499999997
2026-05-26 14:30:00,1342.21,348.9475,345.61907499999995,14712.235,10624.931624999997,108.69,214.20999999999998,0.0,0.3114795205582502,0.6197863934448642,4087.303375000003
2026-05-26 14:45:00,1336.24,347.5,344.0818,14777.2575,10634.8815,105.44500000000001,212.32,0.0,0.3034388489208633,0.6170625705864129,4142.376
2026-05-26 15:00:00,1343.9899999999998,349.1475,346.07742499999995,15273.54,11264.640874999996,98.135,201.92,0.0,0.28107032128255255,0.5834532547160509,4008.8991250000054
2026-05-26 15:15:00,1347.8000000000002,349.37,347.05850000000004,15020.7875,10901.725000000002,102.3675,210.2575,0.0,0.2930059821965252,0.6058272596694793,4119.062499999998
2026-05-26 15:30:00,1348.13,349.7975,347.14347499999997,15149.3975,11007.148625,100.23499999999999,208.24249999999998,0.0,0.2865515047992052,0.5998744467255218,4142.248874999999
2026-05-26 15:45:00,1330.74,345.41499999999996,342.66554999999994,15354.465,11376.612749999998,92.505,195.92749999999998,0.0,0.2678082885804033,0.5717747231958392,3977.8522500000017
2026-05-26 16:00:00,1309.59,340.15999999999997,337.219425,14864.3875,10846.700874999999,96.32,200.535,0.0,0.2831608654750706,0.5946721485572783,4017.686625000002
2026-05-26 16:15:00,1310.89,339.655,337.55417500000004,14990.29,11237.737125000003,94.785,193.08249999999998,0.0,0.27906257820435443,0.5720044789847436,3752.5528749999976
2026-05-26 16:30:00,1314.0499999999995,340.3725,338.3678749999999,15060.9725,11237.490624999993,93.625,193.9825,0.0,0.2750662876701261,0.5732887615291494,3823.4818750000068
2026-05-26 16:45:00,1309.15,339.0825,337.1061250000001,15045.7875,11238.844375000004,92.615,192.5675,0.0,0.2731341192777569,0.5712370251356303,3806.943124999996
2026-05-26 17:00:00,1301.08,336.805,335.0281,15172.8425,11388.803000000002,87.6525,187.2825,0.0,0.26024702721159126,0.5590053491035528,3784.039499999999
2026-05-26 17:15:00,1306.79,338.9625,336.498425,15351.160000000002,11536.170875,86.5075,185.9525,0.0,0.2552125972637091,0.5526103131091921,3814.989125000002
2026-05-26 17:30:00,1315.65,341.40250000000003,338.77987499999995,15519.040000000003,11611.525624999997,85.245,186.95499999999998,0.0,0.24969061445068502,0.5518480104522148,3907.514375000006
2026-05-26 17:45:00,1363.95,353.27250000000004,351.217125,15859.8425,12319.949375000002,93.85,186.46749999999997,0.0,0.2656589459977779,0.5309180183056278,3539.8931249999987
2026-05-26 18:00:00,1441.5,372.87750000000005,371.18625,16568.945,13482.626250000001,104.28,185.17999999999998,0.0,0.2796628919685419,0.4988870142684434,3086.3187499999985
2026-05-26 18:15:00,1485.96,385.125,382.6347,16606.59,14017.541000000001,120.80250000000001,187.075,0.0,0.3136708860759494,0.4889127933248082,2589.048999999999
2026-05-26 18:30:00,1489.9499999999998,386.8475,383.66212499999995,16640.605,13957.549374999999,121.625,189.40499999999997,0.0,0.3144003774097028,0.4936765650244991,2683.055625000001
2026-05-26 18:45:00,1491.21,386.915,383.986575,16314.195,13994.644125000003,130.6825,189.01999999999998,0.0,0.33775506248142356,0.4922567930923105,2319.550874999997
2026-05-26 19:00:00,1489.5499999999995,386.37,383.5591249999999,16162.287499999999,13953.634374999992,133.85500000000002,189.36999999999998,0.0,0.34644252918187235,0.49371788508486153,2208.653125000006
2026-05-26 19:15:00,1470.64,381.355,378.6898,15716.6525,13673.446500000002,138.3575,189.61749999999998,0.0,0.36280499796777277,0.5007198503894216,2043.2059999999983
2026-05-26 19:30:00,1478.32,382.8375,380.6674,15840.4375,13697.0895,136.6175,191.32,0.0,0.35685506252652893,0.5025909757441799,2143.348
2026-05-26 19:45:00,1464.8300000000002,379.855,377.19372500000003,15819.3325,13590.787375000002,133.35,189.625,0.0,0.35105500783193583,0.5027257545177879,2228.5451249999987
2026-05-26 20:00:00,1458.56,378.56500000000005,375.5792,15840.29,13445.988500000001,130.47250000000003,190.74499999999998,0.0,0.34465019217307463,0.5078689128684442,2394.3014999999996
2026-05-26 20:15:00,1449.77,375.985,373.31577500000003,15706.560000000001,13291.375125000002,130.04,191.3475,0.0,0.3458648616301182,0.51256205286262,2415.184874999999
2026-05-26 20:30:00,1438.14,373.0375,370.32105,15837.965,13076.915250000002,121.75750000000001,192.34249999999997,0.0,0.3263947994504574,0.519393915090703,2761.0497499999983
2026-05-26 20:45:00,1419.93,368.11,365.631975,15728.467499999999,12759.641125000002,116.975,193.52999999999997,0.0,0.31777186167178284,0.5293027230454885,2968.826374999997
2026-05-26 21:00:00,1403.7500000000002,363.9875,361.46562500000005,15640.7,12509.991875000003,113.075,193.94,0.0,0.31065627253683165,0.5365378796393155,3130.7081249999974
2026-05-26 21:15:00,1390.08,360.46,357.9456,15661.66,12503.890500000001,108.5825,190.19,0.0,0.30123314653498307,0.5313377228271559,3157.7694999999985
2026-05-26 21:30:00,1369.34,354.925,352.60505,15512.7175,12325.03525,105.1875,187.89249999999998,0.0,0.2963654293160527,0.5328695661051933,3187.68225
2026-05-26 21:45:00,1340.1799999999998,348.3175,345.09635,15160.48,11908.43175,104.86,187.96499999999997,0.0,0.30104717678554765,0.5446739729353846,3252.04825
2026-05-26 22:00:00,1309.48,340.825,337.1911,14993.98,11436.643,97.96249999999999,188.70499999999998,0.0,0.2874275654661483,0.559638139915318,3557.3369999999995
2026-05-26 22:15:00,1285.0500000000002,334.5225,330.90037500000005,14738.892499999998,11093.403125000004,95.50750000000001,188.64999999999998,0.0,0.2855039646062672,0.5701111701671536,3645.4893749999937
2026-05-26 22:30:00,1251.07,325.5675,322.150525,14539.132500000002,10614.661375000003,87.61250000000001,188.6,0.0,0.26910702081749566,0.5854406104103043,3924.471124999998
2026-05-26 22:45:00,1217.25,317.055,313.441875,14111.404999999999,10034.435624999998,85.8075,190.625,0.0,0.27063916355206513,0.6081669847080898,4076.9693750000006
2026-05-26 23:00:00,1199.56,312.2125,308.8867,13918.0975,9771.276000000002,83.74499999999999,190.8775,0.0,0.26823077231052567,0.6179531200275051,4146.821499999998
2026-05-26 23:15:00,1173.02,305.41,302.05264999999997,13591.1975,9393.15325,82.4525,190.92249999999999,0.0,0.26997315084640316,0.6320835125929205,4198.044250000001
