timestamp,date,interval,plant_code,generation_type,value_mw
2026-06-06 00:00:00,2026-06-06,0,ALT01,TER,0.0
2026-06-06 00:00:00,2026-06-06,0,ALT02,TER,0.0
2026-06-06 00:00:00,2026-06-06,0,ARJ01,TER,0.0
2026-06-06 00:00:00,2026-06-06,0,ARJ02,TER,0.0
2026-06-06 00:00:00,2026-06-06,0,ARJ03,TER,0.0
2026-06-06 00:00:00,2026-06-06,0,ARJ08,TER,0.03
2026-06-06 00:00:00,2026-06-06,0,ARJ09,TER,0.0
2026-06-06 00:00:00,2026-06-06,0,ARJ11,TER,0.0
2026-06-06 00:00:00,2026-06-06,0,ARJ12,TER,0.0
2026-06-06 00:00:00,2026-06-06,0,ARJ13,TER,0.0
2026-06-06 00:00:00,2026-06-06,0,ARJ14,TER,0.0
2026-06-06 00:00:00,2026-06-06,0,ARJ15,TER,0.0
2026-06-06 00:00:00,2026-06-06,0,BUL01,TER,0.0
2026-06-06 00:00:00,2026-06-06,0,BUL02,TER,0.0
2026-06-06 00:00:00,2026-06-06,0,BUL03,TER,0.0
2026-06-06 00:00:00,2026-06-06,0,CAR01,TER,0.0
2026-06-06 00:00:00,2026-06-06,0,CAR02,TER,0.0
2026-06-06 00:00:00,2026-06-06,0,CAR03,TER,0.0
2026-06-06 00:00:00,2026-06-06,0,ERI01,TER,0.0
2026-06-06 00:00:00,2026-06-06,0,ERI02,TER,0.0
2026-06-06 00:00:00,2026-06-06,0,ERI03,TER,0.0
2026-06-06 00:00:00,2026-06-06,0,ERI04,TER,0.0
2026-06-06 00:00:00,2026-06-06,0,ERI30,TER,35.96
2026-06-06 00:00:00,2026-06-06,0,ERI31,TER,42.28
2026-06-06 00:00:00,2026-06-06,0,ERI32,TER,42.32
2026-06-06 00:00:00,2026-06-06,0,ERI40,TER,0.01
2026-06-06 00:00:00,2026-06-06,0,ERI41,TER,0.0
2026-06-06 00:00:00,2026-06-06,0,ERI42,TER,0.0
2026-06-06 00:00:00,2026-06-06,0,ERI50,TER,34.63
2026-06-06 00:00:00,2026-06-06,0,ERI51,TER,34.54
2026-06-06 00:00:00,2026-06-06,0,ERI52,TER,34.57
2026-06-06 00:00:00,2026-06-06,0,GCH01,TER,0.0
2026-06-06 00:00:00,2026-06-06,0,GCH02,TER,0.0
2026-06-06 00:00:00,2026-06-06,0,GCH04,TER,0.0
2026-06-06 00:00:00,2026-06-06,0,GCH06,TER,0.0
2026-06-06 00:00:00,2026-06-06,0,GCH09,TER,0.0
2026-06-06 00:00:00,2026-06-06,0,GCH10,TER,49.77
2026-06-06 00:00:00,2026-06-06,0,GCH11,TER,0.0
2026-06-06 00:00:00,2026-06-06,0,GCH12,TER,36.42
2026-06-06 00:00:00,2026-06-06,0,MOS,TER,0.0
2026-06-06 00:00:00,2026-06-06,0,SCZ01,TER,0.0
2026-06-06 00:00:00,2026-06-06,0,SCZ02,TER,0.0
2026-06-06 00:00:00,2026-06-06,0,SUR10,TER,30.09
2026-06-06 00:00:00,2026-06-06,0,SUR11,TER,27.18
2026-06-06 00:00:00,2026-06-06,0,SUR12,TER,27.14
2026-06-06 00:00:00,2026-06-06,0,SUR20,TER,0.0
2026-06-06 00:00:00,2026-06-06,0,SUR21,TER,0.0
2026-06-06 00:00:00,2026-06-06,0,SUR22,TER,0.0
2026-06-06 00:00:00,2026-06-06,0,SUR30,TER,37.17
2026-06-06 00:00:00,2026-06-06,0,SUR31,TER,43.11
2026-06-06 00:00:00,2026-06-06,0,SUR32,TER,43.1
2026-06-06 00:00:00,2026-06-06,0,SUR40,TER,34.56
2026-06-06 00:00:00,2026-06-06,0,SUR41,TER,40.67
2026-06-06 00:00:00,2026-06-06,0,SUR42,TER,40.76
2026-06-06 00:00:00,2026-06-06,0,VHE01,TER,0.0
2026-06-06 00:00:00,2026-06-06,0,VHE02,TER,0.0
2026-06-06 00:00:00,2026-06-06,0,VHE03,TER,0.0
2026-06-06 00:00:00,2026-06-06,0,VHE04,TER,0.0
2026-06-06 00:00:00,2026-06-06,0,VHE05,TER,0.0
2026-06-06 00:00:00,2026-06-06,0,VHE06,TER,0.0
2026-06-06 00:00:00,2026-06-06,0,VHE07,TER,0.0
2026-06-06 00:00:00,2026-06-06,0,VHE08,TER,0.0
2026-06-06 00:00:00,2026-06-06,0,WAR05,TER,0.0
2026-06-06 00:00:00,2026-06-06,0,WAR10,TER,28.1
2026-06-06 00:00:00,2026-06-06,0,WAR11,TER,23.73
2026-06-06 00:00:00,2026-06-06,0,WAR12,TER,23.88
2026-06-06 00:00:00,2026-06-06,0,WAR20,TER,29.16
2026-06-06 00:00:00,2026-06-06,0,WAR21,TER,23.15
2026-06-06 00:00:00,2026-06-06,0,WAR22,TER,23.26
2026-06-06 00:00:00,2026-06-06,0,WAR30,TER,36.33
2026-06-06 00:00:00,2026-06-06,0,WAR31,TER,41.03
2026-06-06 00:00:00,2026-06-06,0,WAR32,TER,41.28
2026-06-06 00:00:00,2026-06-06,0,WAR40,TER,0.0
2026-06-06 00:00:00,2026-06-06,0,WAR41,TER,0.0
2026-06-06 00:00:00,2026-06-06,0,WAR42,TER,17.27
2026-06-06 00:00:00,2026-06-06,0,CH ZON,HID,0.0
2026-06-06 00:00:00,2026-06-06,0,CH TIQ,HID,0.0
2026-06-06 00:00:00,2026-06-06,0,CH BOT,HID,1.79
2026-06-06 00:00:00,2026-06-06,0,CH CUT,HID,4.86
2026-06-06 00:00:00,2026-06-06,0,CH SRO BA,HID,1.19
2026-06-06 00:00:00,2026-06-06,0,CH SRO AC,HID,3.43
2026-06-06 00:00:00,2026-06-06,0,CH SAI,HID,4.26
2026-06-06 00:00:00,2026-06-06,0,CH CHU,HID,6.98
2026-06-06 00:00:00,2026-06-06,0,CH HAR,HID,0.0
2026-06-06 00:00:00,2026-06-06,0,CH CAH,HID,10.97
2026-06-06 00:00:00,2026-06-06,0,CH HUA,HID,15.3
2026-06-06 00:00:00,2026-06-06,0,CH CHJ2,HID,0.0
2026-06-06 00:00:00,2026-06-06,0,CH YAN,HID,0.0
2026-06-06 00:00:00,2026-06-06,0,CH COR,HID,51.33
2026-06-06 00:00:00,2026-06-06,0,CH SIS,HID,72.14
2026-06-06 00:00:00,2026-06-06,0,CH SJS,HID,49.1
2026-06-06 00:00:00,2026-06-06,0,CH SJE,HID,58.81
2026-06-06 00:00:00,2026-06-06,0,CH MIS,HID,11.0
2026-06-06 00:00:00,2026-06-06,0,CH MIG,HID,0.0
2026-06-06 00:00:00,2026-06-06,0,CH ANG,HID,2.88
2026-06-06 00:00:00,2026-06-06,0,CH CHO,HID,3.55
2026-06-06 00:00:00,2026-06-06,0,CH CRB,HID,3.71
2026-06-06 00:00:00,2026-06-06,0,CH KIL,HID,0.0
2026-06-06 00:00:00,2026-06-06,0,CH LAN,HID,0.0
2026-06-06 00:00:00,2026-06-06,0,CH PUN,HID,0.0
2026-06-06 00:00:00,2026-06-06,0,CH KAN,HID,0.0
2026-06-06 00:00:00,2026-06-06,0,CH SJA,HID,0.0
2026-06-06 00:00:00,2026-06-06,0,AGU01,BIO,0.0
2026-06-06 00:00:00,2026-06-06,0,AGU02,BIO,0.0
2026-06-06 00:00:00,2026-06-06,0,GBE01,BIO,5.74
2026-06-06 00:00:00,2026-06-06,0,IAG01,BIO,0.0
2026-06-06 00:00:00,2026-06-06,0,UNA01,BIO,0.0
2026-06-06 00:00:00,2026-06-06,0,CSF ORU,INT,-0.01
2026-06-06 00:00:00,2026-06-06,0,CSF UYU,INT,-0.19
2026-06-06 00:00:00,2026-06-06,0,CSF YUN,INT,0.0
2026-06-06 00:00:00,2026-06-06,0,CE EDO,INT,7.98
2026-06-06 00:00:00,2026-06-06,0,CE QOL,INT,0.15
2026-06-06 00:00:00,2026-06-06,0,CE SJU,INT,0.95
2026-06-06 00:00:00,2026-06-06,0,CE WAR,INT,1.18
2026-06-06 00:15:00,2026-06-06,1,ALT01,TER,0.0
2026-06-06 00:15:00,2026-06-06,1,ALT02,TER,0.0
2026-06-06 00:15:00,2026-06-06,1,ARJ01,TER,0.0
2026-06-06 00:15:00,2026-06-06,1,ARJ02,TER,0.0
2026-06-06 00:15:00,2026-06-06,1,ARJ03,TER,0.0
2026-06-06 00:15:00,2026-06-06,1,ARJ08,TER,0.04
2026-06-06 00:15:00,2026-06-06,1,ARJ09,TER,0.0
2026-06-06 00:15:00,2026-06-06,1,ARJ11,TER,0.0
2026-06-06 00:15:00,2026-06-06,1,ARJ12,TER,0.0
2026-06-06 00:15:00,2026-06-06,1,ARJ13,TER,0.0
2026-06-06 00:15:00,2026-06-06,1,ARJ14,TER,0.0
2026-06-06 00:15:00,2026-06-06,1,ARJ15,TER,0.0
2026-06-06 00:15:00,2026-06-06,1,BUL01,TER,0.0
2026-06-06 00:15:00,2026-06-06,1,BUL02,TER,0.0
2026-06-06 00:15:00,2026-06-06,1,BUL03,TER,0.0
2026-06-06 00:15:00,2026-06-06,1,CAR01,TER,0.0
2026-06-06 00:15:00,2026-06-06,1,CAR02,TER,0.0
2026-06-06 00:15:00,2026-06-06,1,CAR03,TER,0.0
2026-06-06 00:15:00,2026-06-06,1,ERI01,TER,0.0
2026-06-06 00:15:00,2026-06-06,1,ERI02,TER,0.0
2026-06-06 00:15:00,2026-06-06,1,ERI03,TER,0.0
2026-06-06 00:15:00,2026-06-06,1,ERI04,TER,0.0
2026-06-06 00:15:00,2026-06-06,1,ERI30,TER,35.92
2026-06-06 00:15:00,2026-06-06,1,ERI31,TER,42.61
2026-06-06 00:15:00,2026-06-06,1,ERI32,TER,42.58
2026-06-06 00:15:00,2026-06-06,1,ERI40,TER,0.01
2026-06-06 00:15:00,2026-06-06,1,ERI41,TER,0.0
2026-06-06 00:15:00,2026-06-06,1,ERI42,TER,0.0
2026-06-06 00:15:00,2026-06-06,1,ERI50,TER,34.67
2026-06-06 00:15:00,2026-06-06,1,ERI51,TER,34.72
2026-06-06 00:15:00,2026-06-06,1,ERI52,TER,34.74
2026-06-06 00:15:00,2026-06-06,1,GCH01,TER,0.0
2026-06-06 00:15:00,2026-06-06,1,GCH02,TER,0.0
2026-06-06 00:15:00,2026-06-06,1,GCH04,TER,0.0
2026-06-06 00:15:00,2026-06-06,1,GCH06,TER,0.0
2026-06-06 00:15:00,2026-06-06,1,GCH09,TER,0.0
2026-06-06 00:15:00,2026-06-06,1,GCH10,TER,50.06
2026-06-06 00:15:00,2026-06-06,1,GCH11,TER,0.0
2026-06-06 00:15:00,2026-06-06,1,GCH12,TER,36.4
2026-06-06 00:15:00,2026-06-06,1,MOS,TER,0.0
2026-06-06 00:15:00,2026-06-06,1,SCZ01,TER,0.0
2026-06-06 00:15:00,2026-06-06,1,SCZ02,TER,0.0
2026-06-06 00:15:00,2026-06-06,1,SUR10,TER,28.01
2026-06-06 00:15:00,2026-06-06,1,SUR11,TER,23.55
2026-06-06 00:15:00,2026-06-06,1,SUR12,TER,23.25
2026-06-06 00:15:00,2026-06-06,1,SUR20,TER,0.0
2026-06-06 00:15:00,2026-06-06,1,SUR21,TER,0.0
2026-06-06 00:15:00,2026-06-06,1,SUR22,TER,0.0
2026-06-06 00:15:00,2026-06-06,1,SUR30,TER,37.13
2026-06-06 00:15:00,2026-06-06,1,SUR31,TER,43.15
2026-06-06 00:15:00,2026-06-06,1,SUR32,TER,43.16
2026-06-06 00:15:00,2026-06-06,1,SUR40,TER,34.56
2026-06-06 00:15:00,2026-06-06,1,SUR41,TER,40.96
2026-06-06 00:15:00,2026-06-06,1,SUR42,TER,40.95
2026-06-06 00:15:00,2026-06-06,1,VHE01,TER,0.0
2026-06-06 00:15:00,2026-06-06,1,VHE02,TER,0.0
2026-06-06 00:15:00,2026-06-06,1,VHE03,TER,0.0
2026-06-06 00:15:00,2026-06-06,1,VHE04,TER,0.0
2026-06-06 00:15:00,2026-06-06,1,VHE05,TER,0.0
2026-06-06 00:15:00,2026-06-06,1,VHE06,TER,0.0
2026-06-06 00:15:00,2026-06-06,1,VHE07,TER,0.0
2026-06-06 00:15:00,2026-06-06,1,VHE08,TER,0.0
2026-06-06 00:15:00,2026-06-06,1,WAR05,TER,0.0
2026-06-06 00:15:00,2026-06-06,1,WAR10,TER,27.91
2026-06-06 00:15:00,2026-06-06,1,WAR11,TER,24.1
2026-06-06 00:15:00,2026-06-06,1,WAR12,TER,24.1
2026-06-06 00:15:00,2026-06-06,1,WAR20,TER,29.32
2026-06-06 00:15:00,2026-06-06,1,WAR21,TER,23.18
2026-06-06 00:15:00,2026-06-06,1,WAR22,TER,23.52
2026-06-06 00:15:00,2026-06-06,1,WAR30,TER,36.44
2026-06-06 00:15:00,2026-06-06,1,WAR31,TER,41.37
2026-06-06 00:15:00,2026-06-06,1,WAR32,TER,41.56
2026-06-06 00:15:00,2026-06-06,1,WAR40,TER,0.0
2026-06-06 00:15:00,2026-06-06,1,WAR41,TER,0.0
2026-06-06 00:15:00,2026-06-06,1,WAR42,TER,0.0
2026-06-06 00:15:00,2026-06-06,1,CH ZON,HID,0.0
2026-06-06 00:15:00,2026-06-06,1,CH TIQ,HID,0.0
2026-06-06 00:15:00,2026-06-06,1,CH BOT,HID,1.41
2026-06-06 00:15:00,2026-06-06,1,CH CUT,HID,4.7
2026-06-06 00:15:00,2026-06-06,1,CH SRO BA,HID,1.18
2026-06-06 00:15:00,2026-06-06,1,CH SRO AC,HID,3.44
2026-06-06 00:15:00,2026-06-06,1,CH SAI,HID,4.07
2026-06-06 00:15:00,2026-06-06,1,CH CHU,HID,6.98
2026-06-06 00:15:00,2026-06-06,1,CH HAR,HID,0.0
2026-06-06 00:15:00,2026-06-06,1,CH CAH,HID,10.97
2026-06-06 00:15:00,2026-06-06,1,CH HUA,HID,15.31
2026-06-06 00:15:00,2026-06-06,1,CH CHJ2,HID,0.0
2026-06-06 00:15:00,2026-06-06,1,CH YAN,HID,0.0
2026-06-06 00:15:00,2026-06-06,1,CH COR,HID,51.48
2026-06-06 00:15:00,2026-06-06,1,CH SIS,HID,72.13
2026-06-06 00:15:00,2026-06-06,1,CH SJS,HID,49.35
2026-06-06 00:15:00,2026-06-06,1,CH SJE,HID,59.2
2026-06-06 00:15:00,2026-06-06,1,CH MIS,HID,11.0
2026-06-06 00:15:00,2026-06-06,1,CH MIG,HID,0.0
2026-06-06 00:15:00,2026-06-06,1,CH ANG,HID,2.89
2026-06-06 00:15:00,2026-06-06,1,CH CHO,HID,3.55
2026-06-06 00:15:00,2026-06-06,1,CH CRB,HID,3.71
2026-06-06 00:15:00,2026-06-06,1,CH KIL,HID,0.0
2026-06-06 00:15:00,2026-06-06,1,CH LAN,HID,0.0
2026-06-06 00:15:00,2026-06-06,1,CH PUN,HID,0.0
2026-06-06 00:15:00,2026-06-06,1,CH KAN,HID,0.0
2026-06-06 00:15:00,2026-06-06,1,CH SJA,HID,0.0
2026-06-06 00:15:00,2026-06-06,1,AGU01,BIO,0.0
2026-06-06 00:15:00,2026-06-06,1,AGU02,BIO,0.0
2026-06-06 00:15:00,2026-06-06,1,GBE01,BIO,5.99
2026-06-06 00:15:00,2026-06-06,1,IAG01,BIO,0.0
2026-06-06 00:15:00,2026-06-06,1,UNA01,BIO,0.0
2026-06-06 00:15:00,2026-06-06,1,CSF ORU,INT,-0.01
2026-06-06 00:15:00,2026-06-06,1,CSF UYU,INT,-0.19
2026-06-06 00:15:00,2026-06-06,1,CSF YUN,INT,0.0
2026-06-06 00:15:00,2026-06-06,1,CE EDO,INT,8.52
2026-06-06 00:15:00,2026-06-06,1,CE QOL,INT,0.2
2026-06-06 00:15:00,2026-06-06,1,CE SJU,INT,0.55
2026-06-06 00:15:00,2026-06-06,1,CE WAR,INT,1.09
2026-06-06 00:30:00,2026-06-06,2,ALT01,TER,0.0
2026-06-06 00:30:00,2026-06-06,2,ALT02,TER,0.0
2026-06-06 00:30:00,2026-06-06,2,ARJ01,TER,0.0
2026-06-06 00:30:00,2026-06-06,2,ARJ02,TER,0.0
2026-06-06 00:30:00,2026-06-06,2,ARJ03,TER,0.0
2026-06-06 00:30:00,2026-06-06,2,ARJ08,TER,0.0
2026-06-06 00:30:00,2026-06-06,2,ARJ09,TER,0.0
2026-06-06 00:30:00,2026-06-06,2,ARJ11,TER,0.0
2026-06-06 00:30:00,2026-06-06,2,ARJ12,TER,0.0
2026-06-06 00:30:00,2026-06-06,2,ARJ13,TER,0.0
2026-06-06 00:30:00,2026-06-06,2,ARJ14,TER,0.0
2026-06-06 00:30:00,2026-06-06,2,ARJ15,TER,0.0
2026-06-06 00:30:00,2026-06-06,2,BUL01,TER,0.0
2026-06-06 00:30:00,2026-06-06,2,BUL02,TER,0.0
2026-06-06 00:30:00,2026-06-06,2,BUL03,TER,0.0
2026-06-06 00:30:00,2026-06-06,2,CAR01,TER,0.0
2026-06-06 00:30:00,2026-06-06,2,CAR02,TER,0.0
2026-06-06 00:30:00,2026-06-06,2,CAR03,TER,0.0
2026-06-06 00:30:00,2026-06-06,2,ERI01,TER,0.0
2026-06-06 00:30:00,2026-06-06,2,ERI02,TER,0.0
2026-06-06 00:30:00,2026-06-06,2,ERI03,TER,0.0
2026-06-06 00:30:00,2026-06-06,2,ERI04,TER,0.0
2026-06-06 00:30:00,2026-06-06,2,ERI30,TER,35.96
2026-06-06 00:30:00,2026-06-06,2,ERI31,TER,43.06
2026-06-06 00:30:00,2026-06-06,2,ERI32,TER,42.98
2026-06-06 00:30:00,2026-06-06,2,ERI40,TER,0.01
2026-06-06 00:30:00,2026-06-06,2,ERI41,TER,0.0
2026-06-06 00:30:00,2026-06-06,2,ERI42,TER,0.0
2026-06-06 00:30:00,2026-06-06,2,ERI50,TER,34.67
2026-06-06 00:30:00,2026-06-06,2,ERI51,TER,35.09
2026-06-06 00:30:00,2026-06-06,2,ERI52,TER,35.0
2026-06-06 00:30:00,2026-06-06,2,GCH01,TER,0.0
2026-06-06 00:30:00,2026-06-06,2,GCH02,TER,0.0
2026-06-06 00:30:00,2026-06-06,2,GCH04,TER,0.0
2026-06-06 00:30:00,2026-06-06,2,GCH06,TER,0.0
2026-06-06 00:30:00,2026-06-06,2,GCH09,TER,0.0
2026-06-06 00:30:00,2026-06-06,2,GCH10,TER,50.44
2026-06-06 00:30:00,2026-06-06,2,GCH11,TER,0.0
2026-06-06 00:30:00,2026-06-06,2,GCH12,TER,36.36
2026-06-06 00:30:00,2026-06-06,2,MOS,TER,0.0
2026-06-06 00:30:00,2026-06-06,2,SCZ01,TER,0.0
2026-06-06 00:30:00,2026-06-06,2,SCZ02,TER,0.0
2026-06-06 00:30:00,2026-06-06,2,SUR10,TER,28.32
2026-06-06 00:30:00,2026-06-06,2,SUR11,TER,23.78
2026-06-06 00:30:00,2026-06-06,2,SUR12,TER,23.65
2026-06-06 00:30:00,2026-06-06,2,SUR20,TER,0.0
2026-06-06 00:30:00,2026-06-06,2,SUR21,TER,0.0
2026-06-06 00:30:00,2026-06-06,2,SUR22,TER,0.0
2026-06-06 00:30:00,2026-06-06,2,SUR30,TER,37.17
2026-06-06 00:30:00,2026-06-06,2,SUR31,TER,43.28
2026-06-06 00:30:00,2026-06-06,2,SUR32,TER,43.26
2026-06-06 00:30:00,2026-06-06,2,SUR40,TER,34.52
2026-06-06 00:30:00,2026-06-06,2,SUR41,TER,41.18
2026-06-06 00:30:00,2026-06-06,2,SUR42,TER,41.28
2026-06-06 00:30:00,2026-06-06,2,VHE01,TER,0.0
2026-06-06 00:30:00,2026-06-06,2,VHE02,TER,0.0
2026-06-06 00:30:00,2026-06-06,2,VHE03,TER,0.0
2026-06-06 00:30:00,2026-06-06,2,VHE04,TER,0.0
2026-06-06 00:30:00,2026-06-06,2,VHE05,TER,0.0
2026-06-06 00:30:00,2026-06-06,2,VHE06,TER,0.0
2026-06-06 00:30:00,2026-06-06,2,VHE07,TER,0.0
2026-06-06 00:30:00,2026-06-06,2,VHE08,TER,0.0
2026-06-06 00:30:00,2026-06-06,2,WAR05,TER,0.0
2026-06-06 00:30:00,2026-06-06,2,WAR10,TER,28.21
2026-06-06 00:30:00,2026-06-06,2,WAR11,TER,24.33
2026-06-06 00:30:00,2026-06-06,2,WAR12,TER,24.32
2026-06-06 00:30:00,2026-06-06,2,WAR20,TER,29.62
2026-06-06 00:30:00,2026-06-06,2,WAR21,TER,23.59
2026-06-06 00:30:00,2026-06-06,2,WAR22,TER,23.59
2026-06-06 00:30:00,2026-06-06,2,WAR30,TER,36.56
2026-06-06 00:30:00,2026-06-06,2,WAR31,TER,41.87
2026-06-06 00:30:00,2026-06-06,2,WAR32,TER,41.77
2026-06-06 00:30:00,2026-06-06,2,WAR40,TER,0.0
2026-06-06 00:30:00,2026-06-06,2,WAR41,TER,0.0
2026-06-06 00:30:00,2026-06-06,2,WAR42,TER,0.0
2026-06-06 00:30:00,2026-06-06,2,CH ZON,HID,0.0
2026-06-06 00:30:00,2026-06-06,2,CH TIQ,HID,0.0
2026-06-06 00:30:00,2026-06-06,2,CH BOT,HID,1.11
2026-06-06 00:30:00,2026-06-06,2,CH CUT,HID,4.7
2026-06-06 00:30:00,2026-06-06,2,CH SRO BA,HID,1.17
2026-06-06 00:30:00,2026-06-06,2,CH SRO AC,HID,3.44
2026-06-06 00:30:00,2026-06-06,2,CH SAI,HID,4.09
2026-06-06 00:30:00,2026-06-06,2,CH CHU,HID,7.0
2026-06-06 00:30:00,2026-06-06,2,CH HAR,HID,0.0
2026-06-06 00:30:00,2026-06-06,2,CH CAH,HID,11.0
2026-06-06 00:30:00,2026-06-06,2,CH HUA,HID,15.3
2026-06-06 00:30:00,2026-06-06,2,CH CHJ2,HID,0.0
2026-06-06 00:30:00,2026-06-06,2,CH YAN,HID,0.0
2026-06-06 00:30:00,2026-06-06,2,CH COR,HID,39.65
2026-06-06 00:30:00,2026-06-06,2,CH SIS,HID,53.28
2026-06-06 00:30:00,2026-06-06,2,CH SJS,HID,50.21
2026-06-06 00:30:00,2026-06-06,2,CH SJE,HID,60.45
2026-06-06 00:30:00,2026-06-06,2,CH MIS,HID,11.0
2026-06-06 00:30:00,2026-06-06,2,CH MIG,HID,0.0
2026-06-06 00:30:00,2026-06-06,2,CH ANG,HID,2.9
2026-06-06 00:30:00,2026-06-06,2,CH CHO,HID,3.51
2026-06-06 00:30:00,2026-06-06,2,CH CRB,HID,3.71
2026-06-06 00:30:00,2026-06-06,2,CH KIL,HID,0.0
2026-06-06 00:30:00,2026-06-06,2,CH LAN,HID,0.0
2026-06-06 00:30:00,2026-06-06,2,CH PUN,HID,0.0
2026-06-06 00:30:00,2026-06-06,2,CH KAN,HID,0.0
2026-06-06 00:30:00,2026-06-06,2,CH SJA,HID,0.0
2026-06-06 00:30:00,2026-06-06,2,AGU01,BIO,0.0
2026-06-06 00:30:00,2026-06-06,2,AGU02,BIO,0.0
2026-06-06 00:30:00,2026-06-06,2,GBE01,BIO,6.63
2026-06-06 00:30:00,2026-06-06,2,IAG01,BIO,0.0
2026-06-06 00:30:00,2026-06-06,2,UNA01,BIO,0.0
2026-06-06 00:30:00,2026-06-06,2,CSF ORU,INT,-0.01
2026-06-06 00:30:00,2026-06-06,2,CSF UYU,INT,-0.19
2026-06-06 00:30:00,2026-06-06,2,CSF YUN,INT,0.0
2026-06-06 00:30:00,2026-06-06,2,CE EDO,INT,9.41
2026-06-06 00:30:00,2026-06-06,2,CE QOL,INT,0.26
2026-06-06 00:30:00,2026-06-06,2,CE SJU,INT,0.59
2026-06-06 00:30:00,2026-06-06,2,CE WAR,INT,1.15
2026-06-06 00:45:00,2026-06-06,3,ALT01,TER,0.0
2026-06-06 00:45:00,2026-06-06,3,ALT02,TER,0.0
2026-06-06 00:45:00,2026-06-06,3,ARJ01,TER,0.0
2026-06-06 00:45:00,2026-06-06,3,ARJ02,TER,0.0
2026-06-06 00:45:00,2026-06-06,3,ARJ03,TER,0.0
2026-06-06 00:45:00,2026-06-06,3,ARJ08,TER,0.01
2026-06-06 00:45:00,2026-06-06,3,ARJ09,TER,0.0
2026-06-06 00:45:00,2026-06-06,3,ARJ11,TER,0.0
2026-06-06 00:45:00,2026-06-06,3,ARJ12,TER,0.0
2026-06-06 00:45:00,2026-06-06,3,ARJ13,TER,0.0
2026-06-06 00:45:00,2026-06-06,3,ARJ14,TER,0.0
2026-06-06 00:45:00,2026-06-06,3,ARJ15,TER,0.0
2026-06-06 00:45:00,2026-06-06,3,BUL01,TER,0.0
2026-06-06 00:45:00,2026-06-06,3,BUL02,TER,0.0
2026-06-06 00:45:00,2026-06-06,3,BUL03,TER,0.0
2026-06-06 00:45:00,2026-06-06,3,CAR01,TER,0.0
2026-06-06 00:45:00,2026-06-06,3,CAR02,TER,0.0
2026-06-06 00:45:00,2026-06-06,3,CAR03,TER,0.0
2026-06-06 00:45:00,2026-06-06,3,ERI01,TER,0.0
2026-06-06 00:45:00,2026-06-06,3,ERI02,TER,0.0
2026-06-06 00:45:00,2026-06-06,3,ERI03,TER,0.0
2026-06-06 00:45:00,2026-06-06,3,ERI04,TER,0.0
2026-06-06 00:45:00,2026-06-06,3,ERI30,TER,35.89
2026-06-06 00:45:00,2026-06-06,3,ERI31,TER,42.31
2026-06-06 00:45:00,2026-06-06,3,ERI32,TER,42.33
2026-06-06 00:45:00,2026-06-06,3,ERI40,TER,0.01
2026-06-06 00:45:00,2026-06-06,3,ERI41,TER,0.0
2026-06-06 00:45:00,2026-06-06,3,ERI42,TER,0.0
2026-06-06 00:45:00,2026-06-06,3,ERI50,TER,34.48
2026-06-06 00:45:00,2026-06-06,3,ERI51,TER,34.43
2026-06-06 00:45:00,2026-06-06,3,ERI52,TER,34.61
2026-06-06 00:45:00,2026-06-06,3,GCH01,TER,0.0
2026-06-06 00:45:00,2026-06-06,3,GCH02,TER,0.0
2026-06-06 00:45:00,2026-06-06,3,GCH04,TER,0.0
2026-06-06 00:45:00,2026-06-06,3,GCH06,TER,0.0
2026-06-06 00:45:00,2026-06-06,3,GCH09,TER,0.0
2026-06-06 00:45:00,2026-06-06,3,GCH10,TER,49.7
2026-06-06 00:45:00,2026-06-06,3,GCH11,TER,0.0
2026-06-06 00:45:00,2026-06-06,3,GCH12,TER,36.42
2026-06-06 00:45:00,2026-06-06,3,MOS,TER,0.0
2026-06-06 00:45:00,2026-06-06,3,SCZ01,TER,0.0
2026-06-06 00:45:00,2026-06-06,3,SCZ02,TER,0.0
2026-06-06 00:45:00,2026-06-06,3,SUR10,TER,27.48
2026-06-06 00:45:00,2026-06-06,3,SUR11,TER,23.41
2026-06-06 00:45:00,2026-06-06,3,SUR12,TER,23.16
2026-06-06 00:45:00,2026-06-06,3,SUR20,TER,0.0
2026-06-06 00:45:00,2026-06-06,3,SUR21,TER,0.0
2026-06-06 00:45:00,2026-06-06,3,SUR22,TER,0.0
2026-06-06 00:45:00,2026-06-06,3,SUR30,TER,37.21
2026-06-06 00:45:00,2026-06-06,3,SUR31,TER,43.3
2026-06-06 00:45:00,2026-06-06,3,SUR32,TER,43.42
2026-06-06 00:45:00,2026-06-06,3,SUR40,TER,34.48
2026-06-06 00:45:00,2026-06-06,3,SUR41,TER,40.65
2026-06-06 00:45:00,2026-06-06,3,SUR42,TER,40.64
2026-06-06 00:45:00,2026-06-06,3,VHE01,TER,0.0
2026-06-06 00:45:00,2026-06-06,3,VHE02,TER,0.0
2026-06-06 00:45:00,2026-06-06,3,VHE03,TER,0.0
2026-06-06 00:45:00,2026-06-06,3,VHE04,TER,0.0
2026-06-06 00:45:00,2026-06-06,3,VHE05,TER,0.0
2026-06-06 00:45:00,2026-06-06,3,VHE06,TER,0.0
2026-06-06 00:45:00,2026-06-06,3,VHE07,TER,0.0
2026-06-06 00:45:00,2026-06-06,3,VHE08,TER,0.0
2026-06-06 00:45:00,2026-06-06,3,WAR05,TER,0.0
2026-06-06 00:45:00,2026-06-06,3,WAR10,TER,28.06
2026-06-06 00:45:00,2026-06-06,3,WAR11,TER,23.83
2026-06-06 00:45:00,2026-06-06,3,WAR12,TER,23.74
2026-06-06 00:45:00,2026-06-06,3,WAR20,TER,29.28
2026-06-06 00:45:00,2026-06-06,3,WAR21,TER,22.99
2026-06-06 00:45:00,2026-06-06,3,WAR22,TER,23.16
2026-06-06 00:45:00,2026-06-06,3,WAR30,TER,36.44
2026-06-06 00:45:00,2026-06-06,3,WAR31,TER,41.14
2026-06-06 00:45:00,2026-06-06,3,WAR32,TER,41.27
2026-06-06 00:45:00,2026-06-06,3,WAR40,TER,0.0
2026-06-06 00:45:00,2026-06-06,3,WAR41,TER,0.0
2026-06-06 00:45:00,2026-06-06,3,WAR42,TER,0.0
2026-06-06 00:45:00,2026-06-06,3,CH ZON,HID,0.0
2026-06-06 00:45:00,2026-06-06,3,CH TIQ,HID,0.0
2026-06-06 00:45:00,2026-06-06,3,CH BOT,HID,1.11
2026-06-06 00:45:00,2026-06-06,3,CH CUT,HID,4.24
2026-06-06 00:45:00,2026-06-06,3,CH SRO BA,HID,1.16
2026-06-06 00:45:00,2026-06-06,3,CH SRO AC,HID,3.38
2026-06-06 00:45:00,2026-06-06,3,CH SAI,HID,4.03
2026-06-06 00:45:00,2026-06-06,3,CH CHU,HID,6.94
2026-06-06 00:45:00,2026-06-06,3,CH HAR,HID,0.0
2026-06-06 00:45:00,2026-06-06,3,CH CAH,HID,7.94
2026-06-06 00:45:00,2026-06-06,3,CH HUA,HID,15.18
2026-06-06 00:45:00,2026-06-06,3,CH CHJ2,HID,0.0
2026-06-06 00:45:00,2026-06-06,3,CH YAN,HID,0.0
2026-06-06 00:45:00,2026-06-06,3,CH COR,HID,39.51
2026-06-06 00:45:00,2026-06-06,3,CH SIS,HID,52.22
2026-06-06 00:45:00,2026-06-06,3,CH SJS,HID,48.93
2026-06-06 00:45:00,2026-06-06,3,CH SJE,HID,58.78
2026-06-06 00:45:00,2026-06-06,3,CH MIS,HID,11.0
2026-06-06 00:45:00,2026-06-06,3,CH MIG,HID,0.0
2026-06-06 00:45:00,2026-06-06,3,CH ANG,HID,2.89
2026-06-06 00:45:00,2026-06-06,3,CH CHO,HID,3.53
2026-06-06 00:45:00,2026-06-06,3,CH CRB,HID,3.71
2026-06-06 00:45:00,2026-06-06,3,CH KIL,HID,0.0
2026-06-06 00:45:00,2026-06-06,3,CH LAN,HID,0.0
2026-06-06 00:45:00,2026-06-06,3,CH PUN,HID,0.0
2026-06-06 00:45:00,2026-06-06,3,CH KAN,HID,0.0
2026-06-06 00:45:00,2026-06-06,3,CH SJA,HID,0.0
2026-06-06 00:45:00,2026-06-06,3,AGU01,BIO,0.0
2026-06-06 00:45:00,2026-06-06,3,AGU02,BIO,0.0
2026-06-06 00:45:00,2026-06-06,3,GBE01,BIO,5.67
2026-06-06 00:45:00,2026-06-06,3,IAG01,BIO,0.0
2026-06-06 00:45:00,2026-06-06,3,UNA01,BIO,0.0
2026-06-06 00:45:00,2026-06-06,3,CSF ORU,INT,-0.01
2026-06-06 00:45:00,2026-06-06,3,CSF UYU,INT,-0.19
2026-06-06 00:45:00,2026-06-06,3,CSF YUN,INT,0.0
2026-06-06 00:45:00,2026-06-06,3,CE EDO,INT,10.78
2026-06-06 00:45:00,2026-06-06,3,CE QOL,INT,0.48
2026-06-06 00:45:00,2026-06-06,3,CE SJU,INT,0.53
2026-06-06 00:45:00,2026-06-06,3,CE WAR,INT,0.89
2026-06-06 01:00:00,2026-06-06,4,ALT01,TER,0.0
2026-06-06 01:00:00,2026-06-06,4,ALT02,TER,0.0
2026-06-06 01:00:00,2026-06-06,4,ARJ01,TER,0.0
2026-06-06 01:00:00,2026-06-06,4,ARJ02,TER,0.0
2026-06-06 01:00:00,2026-06-06,4,ARJ03,TER,0.0
2026-06-06 01:00:00,2026-06-06,4,ARJ08,TER,0.03
2026-06-06 01:00:00,2026-06-06,4,ARJ09,TER,0.0
2026-06-06 01:00:00,2026-06-06,4,ARJ11,TER,0.0
2026-06-06 01:00:00,2026-06-06,4,ARJ12,TER,0.0
2026-06-06 01:00:00,2026-06-06,4,ARJ13,TER,0.0
2026-06-06 01:00:00,2026-06-06,4,ARJ14,TER,0.0
2026-06-06 01:00:00,2026-06-06,4,ARJ15,TER,0.0
2026-06-06 01:00:00,2026-06-06,4,BUL01,TER,0.0
2026-06-06 01:00:00,2026-06-06,4,BUL02,TER,0.0
2026-06-06 01:00:00,2026-06-06,4,BUL03,TER,0.0
2026-06-06 01:00:00,2026-06-06,4,CAR01,TER,0.0
2026-06-06 01:00:00,2026-06-06,4,CAR02,TER,0.0
2026-06-06 01:00:00,2026-06-06,4,CAR03,TER,0.0
2026-06-06 01:00:00,2026-06-06,4,ERI01,TER,0.0
2026-06-06 01:00:00,2026-06-06,4,ERI02,TER,0.0
2026-06-06 01:00:00,2026-06-06,4,ERI03,TER,0.0
2026-06-06 01:00:00,2026-06-06,4,ERI04,TER,0.0
2026-06-06 01:00:00,2026-06-06,4,ERI30,TER,35.96
2026-06-06 01:00:00,2026-06-06,4,ERI31,TER,42.38
2026-06-06 01:00:00,2026-06-06,4,ERI32,TER,42.44
2026-06-06 01:00:00,2026-06-06,4,ERI40,TER,0.01
2026-06-06 01:00:00,2026-06-06,4,ERI41,TER,0.0
2026-06-06 01:00:00,2026-06-06,4,ERI42,TER,0.0
2026-06-06 01:00:00,2026-06-06,4,ERI50,TER,32.39
2026-06-06 01:00:00,2026-06-06,4,ERI51,TER,28.75
2026-06-06 01:00:00,2026-06-06,4,ERI52,TER,28.84
2026-06-06 01:00:00,2026-06-06,4,GCH01,TER,0.0
2026-06-06 01:00:00,2026-06-06,4,GCH02,TER,0.0
2026-06-06 01:00:00,2026-06-06,4,GCH04,TER,0.0
2026-06-06 01:00:00,2026-06-06,4,GCH06,TER,0.0
2026-06-06 01:00:00,2026-06-06,4,GCH09,TER,0.0
2026-06-06 01:00:00,2026-06-06,4,GCH10,TER,50.41
2026-06-06 01:00:00,2026-06-06,4,GCH11,TER,0.0
2026-06-06 01:00:00,2026-06-06,4,GCH12,TER,36.54
2026-06-06 01:00:00,2026-06-06,4,MOS,TER,0.0
2026-06-06 01:00:00,2026-06-06,4,SCZ01,TER,0.0
2026-06-06 01:00:00,2026-06-06,4,SCZ02,TER,0.0
2026-06-06 01:00:00,2026-06-06,4,SUR10,TER,27.56
2026-06-06 01:00:00,2026-06-06,4,SUR11,TER,24.13
2026-06-06 01:00:00,2026-06-06,4,SUR12,TER,24.04
2026-06-06 01:00:00,2026-06-06,4,SUR20,TER,0.0
2026-06-06 01:00:00,2026-06-06,4,SUR21,TER,0.0
2026-06-06 01:00:00,2026-06-06,4,SUR22,TER,0.0
2026-06-06 01:00:00,2026-06-06,4,SUR30,TER,37.1
2026-06-06 01:00:00,2026-06-06,4,SUR31,TER,43.17
2026-06-06 01:00:00,2026-06-06,4,SUR32,TER,43.47
2026-06-06 01:00:00,2026-06-06,4,SUR40,TER,34.52
2026-06-06 01:00:00,2026-06-06,4,SUR41,TER,40.74
2026-06-06 01:00:00,2026-06-06,4,SUR42,TER,41.07
2026-06-06 01:00:00,2026-06-06,4,VHE01,TER,0.0
2026-06-06 01:00:00,2026-06-06,4,VHE02,TER,0.0
2026-06-06 01:00:00,2026-06-06,4,VHE03,TER,0.0
2026-06-06 01:00:00,2026-06-06,4,VHE04,TER,0.0
2026-06-06 01:00:00,2026-06-06,4,VHE05,TER,0.0
2026-06-06 01:00:00,2026-06-06,4,VHE06,TER,0.0
2026-06-06 01:00:00,2026-06-06,4,VHE07,TER,0.0
2026-06-06 01:00:00,2026-06-06,4,VHE08,TER,0.0
2026-06-06 01:00:00,2026-06-06,4,WAR05,TER,0.0
2026-06-06 01:00:00,2026-06-06,4,WAR10,TER,27.68
2026-06-06 01:00:00,2026-06-06,4,WAR11,TER,24.85
2026-06-06 01:00:00,2026-06-06,4,WAR12,TER,24.92
2026-06-06 01:00:00,2026-06-06,4,WAR20,TER,29.32
2026-06-06 01:00:00,2026-06-06,4,WAR21,TER,23.75
2026-06-06 01:00:00,2026-06-06,4,WAR22,TER,23.9
2026-06-06 01:00:00,2026-06-06,4,WAR30,TER,36.18
2026-06-06 01:00:00,2026-06-06,4,WAR31,TER,41.87
2026-06-06 01:00:00,2026-06-06,4,WAR32,TER,41.6
2026-06-06 01:00:00,2026-06-06,4,WAR40,TER,0.0
2026-06-06 01:00:00,2026-06-06,4,WAR41,TER,0.0
2026-06-06 01:00:00,2026-06-06,4,WAR42,TER,0.0
2026-06-06 01:00:00,2026-06-06,4,CH ZON,HID,0.0
2026-06-06 01:00:00,2026-06-06,4,CH TIQ,HID,0.0
2026-06-06 01:00:00,2026-06-06,4,CH BOT,HID,1.32
2026-06-06 01:00:00,2026-06-06,4,CH CUT,HID,4.71
2026-06-06 01:00:00,2026-06-06,4,CH SRO BA,HID,1.2
2026-06-06 01:00:00,2026-06-06,4,CH SRO AC,HID,0.0
2026-06-06 01:00:00,2026-06-06,4,CH SAI,HID,4.16
2026-06-06 01:00:00,2026-06-06,4,CH CHU,HID,7.1
2026-06-06 01:00:00,2026-06-06,4,CH HAR,HID,0.0
2026-06-06 01:00:00,2026-06-06,4,CH CAH,HID,8.13
2026-06-06 01:00:00,2026-06-06,4,CH HUA,HID,15.42
2026-06-06 01:00:00,2026-06-06,4,CH CHJ2,HID,0.0
2026-06-06 01:00:00,2026-06-06,4,CH YAN,HID,0.0
2026-06-06 01:00:00,2026-06-06,4,CH COR,HID,34.21
2026-06-06 01:00:00,2026-06-06,4,CH SIS,HID,53.22
2026-06-06 01:00:00,2026-06-06,4,CH SJS,HID,43.91
2026-06-06 01:00:00,2026-06-06,4,CH SJE,HID,51.07
2026-06-06 01:00:00,2026-06-06,4,CH MIS,HID,11.0
2026-06-06 01:00:00,2026-06-06,4,CH MIG,HID,0.0
2026-06-06 01:00:00,2026-06-06,4,CH ANG,HID,2.92
2026-06-06 01:00:00,2026-06-06,4,CH CHO,HID,3.53
2026-06-06 01:00:00,2026-06-06,4,CH CRB,HID,3.74
2026-06-06 01:00:00,2026-06-06,4,CH KIL,HID,0.0
2026-06-06 01:00:00,2026-06-06,4,CH LAN,HID,0.0
2026-06-06 01:00:00,2026-06-06,4,CH PUN,HID,0.0
2026-06-06 01:00:00,2026-06-06,4,CH KAN,HID,0.0
2026-06-06 01:00:00,2026-06-06,4,CH SJA,HID,0.0
2026-06-06 01:00:00,2026-06-06,4,AGU01,BIO,0.0
2026-06-06 01:00:00,2026-06-06,4,AGU02,BIO,0.0
2026-06-06 01:00:00,2026-06-06,4,GBE01,BIO,7.0
2026-06-06 01:00:00,2026-06-06,4,IAG01,BIO,0.0
2026-06-06 01:00:00,2026-06-06,4,UNA01,BIO,0.0
2026-06-06 01:00:00,2026-06-06,4,CSF ORU,INT,-0.01
2026-06-06 01:00:00,2026-06-06,4,CSF UYU,INT,-0.19
2026-06-06 01:00:00,2026-06-06,4,CSF YUN,INT,0.0
2026-06-06 01:00:00,2026-06-06,4,CE EDO,INT,10.09
2026-06-06 01:00:00,2026-06-06,4,CE QOL,INT,0.48
2026-06-06 01:00:00,2026-06-06,4,CE SJU,INT,0.95
2026-06-06 01:00:00,2026-06-06,4,CE WAR,INT,1.01
2026-06-06 01:15:00,2026-06-06,5,ALT01,TER,0.0
2026-06-06 01:15:00,2026-06-06,5,ALT02,TER,0.0
2026-06-06 01:15:00,2026-06-06,5,ARJ01,TER,0.0
2026-06-06 01:15:00,2026-06-06,5,ARJ02,TER,0.0
2026-06-06 01:15:00,2026-06-06,5,ARJ03,TER,0.0
2026-06-06 01:15:00,2026-06-06,5,ARJ08,TER,0.01
2026-06-06 01:15:00,2026-06-06,5,ARJ09,TER,0.0
2026-06-06 01:15:00,2026-06-06,5,ARJ11,TER,0.0
2026-06-06 01:15:00,2026-06-06,5,ARJ12,TER,0.0
2026-06-06 01:15:00,2026-06-06,5,ARJ13,TER,0.0
2026-06-06 01:15:00,2026-06-06,5,ARJ14,TER,0.0
2026-06-06 01:15:00,2026-06-06,5,ARJ15,TER,0.0
2026-06-06 01:15:00,2026-06-06,5,BUL01,TER,0.0
2026-06-06 01:15:00,2026-06-06,5,BUL02,TER,0.0
2026-06-06 01:15:00,2026-06-06,5,BUL03,TER,0.0
2026-06-06 01:15:00,2026-06-06,5,CAR01,TER,0.0
2026-06-06 01:15:00,2026-06-06,5,CAR02,TER,0.0
2026-06-06 01:15:00,2026-06-06,5,CAR03,TER,0.0
2026-06-06 01:15:00,2026-06-06,5,ERI01,TER,0.0
2026-06-06 01:15:00,2026-06-06,5,ERI02,TER,0.0
2026-06-06 01:15:00,2026-06-06,5,ERI03,TER,0.0
2026-06-06 01:15:00,2026-06-06,5,ERI04,TER,0.0
2026-06-06 01:15:00,2026-06-06,5,ERI30,TER,36.15
2026-06-06 01:15:00,2026-06-06,5,ERI31,TER,43.37
2026-06-06 01:15:00,2026-06-06,5,ERI32,TER,43.57
2026-06-06 01:15:00,2026-06-06,5,ERI40,TER,0.01
2026-06-06 01:15:00,2026-06-06,5,ERI41,TER,0.0
2026-06-06 01:15:00,2026-06-06,5,ERI42,TER,0.0
2026-06-06 01:15:00,2026-06-06,5,ERI50,TER,31.52
2026-06-06 01:15:00,2026-06-06,5,ERI51,TER,27.89
2026-06-06 01:15:00,2026-06-06,5,ERI52,TER,27.97
2026-06-06 01:15:00,2026-06-06,5,GCH01,TER,0.0
2026-06-06 01:15:00,2026-06-06,5,GCH02,TER,0.0
2026-06-06 01:15:00,2026-06-06,5,GCH04,TER,0.0
2026-06-06 01:15:00,2026-06-06,5,GCH06,TER,0.0
2026-06-06 01:15:00,2026-06-06,5,GCH09,TER,0.0
2026-06-06 01:15:00,2026-06-06,5,GCH10,TER,50.58
2026-06-06 01:15:00,2026-06-06,5,GCH11,TER,0.0
2026-06-06 01:15:00,2026-06-06,5,GCH12,TER,36.63
2026-06-06 01:15:00,2026-06-06,5,MOS,TER,0.0
2026-06-06 01:15:00,2026-06-06,5,SCZ01,TER,0.0
2026-06-06 01:15:00,2026-06-06,5,SCZ02,TER,0.0
2026-06-06 01:15:00,2026-06-06,5,SUR10,TER,28.43
2026-06-06 01:15:00,2026-06-06,5,SUR11,TER,24.82
2026-06-06 01:15:00,2026-06-06,5,SUR12,TER,24.68
2026-06-06 01:15:00,2026-06-06,5,SUR20,TER,0.0
2026-06-06 01:15:00,2026-06-06,5,SUR21,TER,0.0
2026-06-06 01:15:00,2026-06-06,5,SUR22,TER,0.0
2026-06-06 01:15:00,2026-06-06,5,SUR30,TER,37.21
2026-06-06 01:15:00,2026-06-06,5,SUR31,TER,43.17
2026-06-06 01:15:00,2026-06-06,5,SUR32,TER,43.18
2026-06-06 01:15:00,2026-06-06,5,SUR40,TER,34.82
2026-06-06 01:15:00,2026-06-06,5,SUR41,TER,42.16
2026-06-06 01:15:00,2026-06-06,5,SUR42,TER,41.92
2026-06-06 01:15:00,2026-06-06,5,VHE01,TER,0.0
2026-06-06 01:15:00,2026-06-06,5,VHE02,TER,0.0
2026-06-06 01:15:00,2026-06-06,5,VHE03,TER,0.0
2026-06-06 01:15:00,2026-06-06,5,VHE04,TER,0.0
2026-06-06 01:15:00,2026-06-06,5,VHE05,TER,0.0
2026-06-06 01:15:00,2026-06-06,5,VHE06,TER,0.0
2026-06-06 01:15:00,2026-06-06,5,VHE07,TER,0.0
2026-06-06 01:15:00,2026-06-06,5,VHE08,TER,0.0
2026-06-06 01:15:00,2026-06-06,5,WAR05,TER,0.0
2026-06-06 01:15:00,2026-06-06,5,WAR10,TER,28.59
2026-06-06 01:15:00,2026-06-06,5,WAR11,TER,25.41
2026-06-06 01:15:00,2026-06-06,5,WAR12,TER,25.31
2026-06-06 01:15:00,2026-06-06,5,WAR20,TER,29.85
2026-06-06 01:15:00,2026-06-06,5,WAR21,TER,24.58
2026-06-06 01:15:00,2026-06-06,5,WAR22,TER,24.77
2026-06-06 01:15:00,2026-06-06,5,WAR30,TER,36.63
2026-06-06 01:15:00,2026-06-06,5,WAR31,TER,42.77
2026-06-06 01:15:00,2026-06-06,5,WAR32,TER,42.77
2026-06-06 01:15:00,2026-06-06,5,WAR40,TER,0.0
2026-06-06 01:15:00,2026-06-06,5,WAR41,TER,0.0
2026-06-06 01:15:00,2026-06-06,5,WAR42,TER,0.0
2026-06-06 01:15:00,2026-06-06,5,CH ZON,HID,0.0
2026-06-06 01:15:00,2026-06-06,5,CH TIQ,HID,0.0
2026-06-06 01:15:00,2026-06-06,5,CH BOT,HID,1.05
2026-06-06 01:15:00,2026-06-06,5,CH CUT,HID,5.29
2026-06-06 01:15:00,2026-06-06,5,CH SRO BA,HID,1.23
2026-06-06 01:15:00,2026-06-06,5,CH SRO AC,HID,0.0
2026-06-06 01:15:00,2026-06-06,5,CH SAI,HID,2.78
2026-06-06 01:15:00,2026-06-06,5,CH CHU,HID,5.22
2026-06-06 01:15:00,2026-06-06,5,CH HAR,HID,0.0
2026-06-06 01:15:00,2026-06-06,5,CH CAH,HID,6.11
2026-06-06 01:15:00,2026-06-06,5,CH HUA,HID,14.67
2026-06-06 01:15:00,2026-06-06,5,CH CHJ2,HID,0.0
2026-06-06 01:15:00,2026-06-06,5,CH YAN,HID,0.0
2026-06-06 01:15:00,2026-06-06,5,CH COR,HID,41.57
2026-06-06 01:15:00,2026-06-06,5,CH SIS,HID,54.1
2026-06-06 01:15:00,2026-06-06,5,CH SJS,HID,28.2
2026-06-06 01:15:00,2026-06-06,5,CH SJE,HID,37.29
2026-06-06 01:15:00,2026-06-06,5,CH MIS,HID,11.0
2026-06-06 01:15:00,2026-06-06,5,CH MIG,HID,0.0
2026-06-06 01:15:00,2026-06-06,5,CH ANG,HID,2.93
2026-06-06 01:15:00,2026-06-06,5,CH CHO,HID,3.53
2026-06-06 01:15:00,2026-06-06,5,CH CRB,HID,3.83
2026-06-06 01:15:00,2026-06-06,5,CH KIL,HID,0.0
2026-06-06 01:15:00,2026-06-06,5,CH LAN,HID,0.0
2026-06-06 01:15:00,2026-06-06,5,CH PUN,HID,0.0
2026-06-06 01:15:00,2026-06-06,5,CH KAN,HID,0.0
2026-06-06 01:15:00,2026-06-06,5,CH SJA,HID,0.0
2026-06-06 01:15:00,2026-06-06,5,AGU01,BIO,0.0
2026-06-06 01:15:00,2026-06-06,5,AGU02,BIO,0.0
2026-06-06 01:15:00,2026-06-06,5,GBE01,BIO,7.26
2026-06-06 01:15:00,2026-06-06,5,IAG01,BIO,0.0
2026-06-06 01:15:00,2026-06-06,5,UNA01,BIO,0.0
2026-06-06 01:15:00,2026-06-06,5,CSF ORU,INT,-0.01
2026-06-06 01:15:00,2026-06-06,5,CSF UYU,INT,-0.22
2026-06-06 01:15:00,2026-06-06,5,CSF YUN,INT,0.0
2026-06-06 01:15:00,2026-06-06,5,CE EDO,INT,11.47
2026-06-06 01:15:00,2026-06-06,5,CE QOL,INT,0.59
2026-06-06 01:15:00,2026-06-06,5,CE SJU,INT,1.1
2026-06-06 01:15:00,2026-06-06,5,CE WAR,INT,0.83
2026-06-06 01:30:00,2026-06-06,6,ALT01,TER,0.0
2026-06-06 01:30:00,2026-06-06,6,ALT02,TER,0.0
2026-06-06 01:30:00,2026-06-06,6,ARJ01,TER,0.0
2026-06-06 01:30:00,2026-06-06,6,ARJ02,TER,0.0
2026-06-06 01:30:00,2026-06-06,6,ARJ03,TER,0.0
2026-06-06 01:30:00,2026-06-06,6,ARJ08,TER,0.02
2026-06-06 01:30:00,2026-06-06,6,ARJ09,TER,0.0
2026-06-06 01:30:00,2026-06-06,6,ARJ11,TER,0.0
2026-06-06 01:30:00,2026-06-06,6,ARJ12,TER,0.0
2026-06-06 01:30:00,2026-06-06,6,ARJ13,TER,0.0
2026-06-06 01:30:00,2026-06-06,6,ARJ14,TER,0.0
2026-06-06 01:30:00,2026-06-06,6,ARJ15,TER,0.0
2026-06-06 01:30:00,2026-06-06,6,BUL01,TER,0.0
2026-06-06 01:30:00,2026-06-06,6,BUL02,TER,0.0
2026-06-06 01:30:00,2026-06-06,6,BUL03,TER,0.0
2026-06-06 01:30:00,2026-06-06,6,CAR01,TER,0.0
2026-06-06 01:30:00,2026-06-06,6,CAR02,TER,0.0
2026-06-06 01:30:00,2026-06-06,6,CAR03,TER,0.0
2026-06-06 01:30:00,2026-06-06,6,ERI01,TER,0.0
2026-06-06 01:30:00,2026-06-06,6,ERI02,TER,0.0
2026-06-06 01:30:00,2026-06-06,6,ERI03,TER,0.0
2026-06-06 01:30:00,2026-06-06,6,ERI04,TER,0.0
2026-06-06 01:30:00,2026-06-06,6,ERI30,TER,36.15
2026-06-06 01:30:00,2026-06-06,6,ERI31,TER,43.17
2026-06-06 01:30:00,2026-06-06,6,ERI32,TER,43.18
2026-06-06 01:30:00,2026-06-06,6,ERI40,TER,0.01
2026-06-06 01:30:00,2026-06-06,6,ERI41,TER,0.0
2026-06-06 01:30:00,2026-06-06,6,ERI42,TER,0.0
2026-06-06 01:30:00,2026-06-06,6,ERI50,TER,30.95
2026-06-06 01:30:00,2026-06-06,6,ERI51,TER,26.61
2026-06-06 01:30:00,2026-06-06,6,ERI52,TER,26.7
2026-06-06 01:30:00,2026-06-06,6,GCH01,TER,0.0
2026-06-06 01:30:00,2026-06-06,6,GCH02,TER,0.0
2026-06-06 01:30:00,2026-06-06,6,GCH04,TER,0.0
2026-06-06 01:30:00,2026-06-06,6,GCH06,TER,0.0
2026-06-06 01:30:00,2026-06-06,6,GCH09,TER,0.0
2026-06-06 01:30:00,2026-06-06,6,GCH10,TER,49.69
2026-06-06 01:30:00,2026-06-06,6,GCH11,TER,0.0
2026-06-06 01:30:00,2026-06-06,6,GCH12,TER,36.38
2026-06-06 01:30:00,2026-06-06,6,MOS,TER,0.0
2026-06-06 01:30:00,2026-06-06,6,SCZ01,TER,0.0
2026-06-06 01:30:00,2026-06-06,6,SCZ02,TER,0.0
2026-06-06 01:30:00,2026-06-06,6,SUR10,TER,28.28
2026-06-06 01:30:00,2026-06-06,6,SUR11,TER,24.64
2026-06-06 01:30:00,2026-06-06,6,SUR12,TER,24.52
2026-06-06 01:30:00,2026-06-06,6,SUR20,TER,0.0
2026-06-06 01:30:00,2026-06-06,6,SUR21,TER,0.0
2026-06-06 01:30:00,2026-06-06,6,SUR22,TER,0.0
2026-06-06 01:30:00,2026-06-06,6,SUR30,TER,37.47
2026-06-06 01:30:00,2026-06-06,6,SUR31,TER,43.12
2026-06-06 01:30:00,2026-06-06,6,SUR32,TER,43.2
2026-06-06 01:30:00,2026-06-06,6,SUR40,TER,34.75
2026-06-06 01:30:00,2026-06-06,6,SUR41,TER,41.44
2026-06-06 01:30:00,2026-06-06,6,SUR42,TER,41.38
2026-06-06 01:30:00,2026-06-06,6,VHE01,TER,0.0
2026-06-06 01:30:00,2026-06-06,6,VHE02,TER,0.0
2026-06-06 01:30:00,2026-06-06,6,VHE03,TER,0.0
2026-06-06 01:30:00,2026-06-06,6,VHE04,TER,0.0
2026-06-06 01:30:00,2026-06-06,6,VHE05,TER,0.0
2026-06-06 01:30:00,2026-06-06,6,VHE06,TER,0.0
2026-06-06 01:30:00,2026-06-06,6,VHE07,TER,0.0
2026-06-06 01:30:00,2026-06-06,6,VHE08,TER,0.0
2026-06-06 01:30:00,2026-06-06,6,WAR05,TER,0.0
2026-06-06 01:30:00,2026-06-06,6,WAR10,TER,28.4
2026-06-06 01:30:00,2026-06-06,6,WAR11,TER,25.36
2026-06-06 01:30:00,2026-06-06,6,WAR12,TER,25.31
2026-06-06 01:30:00,2026-06-06,6,WAR20,TER,29.73
2026-06-06 01:30:00,2026-06-06,6,WAR21,TER,24.3
2026-06-06 01:30:00,2026-06-06,6,WAR22,TER,24.48
2026-06-06 01:30:00,2026-06-06,6,WAR30,TER,36.71
2026-06-06 01:30:00,2026-06-06,6,WAR31,TER,42.35
2026-06-06 01:30:00,2026-06-06,6,WAR32,TER,42.36
2026-06-06 01:30:00,2026-06-06,6,WAR40,TER,0.0
2026-06-06 01:30:00,2026-06-06,6,WAR41,TER,0.0
2026-06-06 01:30:00,2026-06-06,6,WAR42,TER,0.0
2026-06-06 01:30:00,2026-06-06,6,CH ZON,HID,0.0
2026-06-06 01:30:00,2026-06-06,6,CH TIQ,HID,0.0
2026-06-06 01:30:00,2026-06-06,6,CH BOT,HID,1.03
2026-06-06 01:30:00,2026-06-06,6,CH CUT,HID,5.19
2026-06-06 01:30:00,2026-06-06,6,CH SRO BA,HID,1.23
2026-06-06 01:30:00,2026-06-06,6,CH SRO AC,HID,0.0
2026-06-06 01:30:00,2026-06-06,6,CH SAI,HID,2.82
2026-06-06 01:30:00,2026-06-06,6,CH CHU,HID,5.16
2026-06-06 01:30:00,2026-06-06,6,CH HAR,HID,0.0
2026-06-06 01:30:00,2026-06-06,6,CH CAH,HID,6.28
2026-06-06 01:30:00,2026-06-06,6,CH HUA,HID,13.29
2026-06-06 01:30:00,2026-06-06,6,CH CHJ2,HID,0.0
2026-06-06 01:30:00,2026-06-06,6,CH YAN,HID,0.0
2026-06-06 01:30:00,2026-06-06,6,CH COR,HID,40.98
2026-06-06 01:30:00,2026-06-06,6,CH SIS,HID,53.93
2026-06-06 01:30:00,2026-06-06,6,CH SJS,HID,27.0
2026-06-06 01:30:00,2026-06-06,6,CH SJE,HID,36.23
2026-06-06 01:30:00,2026-06-06,6,CH MIS,HID,11.0
2026-06-06 01:30:00,2026-06-06,6,CH MIG,HID,0.0
2026-06-06 01:30:00,2026-06-06,6,CH ANG,HID,2.91
2026-06-06 01:30:00,2026-06-06,6,CH CHO,HID,3.53
2026-06-06 01:30:00,2026-06-06,6,CH CRB,HID,3.79
2026-06-06 01:30:00,2026-06-06,6,CH KIL,HID,0.0
2026-06-06 01:30:00,2026-06-06,6,CH LAN,HID,0.0
2026-06-06 01:30:00,2026-06-06,6,CH PUN,HID,0.0
2026-06-06 01:30:00,2026-06-06,6,CH KAN,HID,0.0
2026-06-06 01:30:00,2026-06-06,6,CH SJA,HID,0.0
2026-06-06 01:30:00,2026-06-06,6,AGU01,BIO,0.0
2026-06-06 01:30:00,2026-06-06,6,AGU02,BIO,0.0
2026-06-06 01:30:00,2026-06-06,6,GBE01,BIO,7.37
2026-06-06 01:30:00,2026-06-06,6,IAG01,BIO,0.0
2026-06-06 01:30:00,2026-06-06,6,UNA01,BIO,0.0
2026-06-06 01:30:00,2026-06-06,6,CSF ORU,INT,-0.01
2026-06-06 01:30:00,2026-06-06,6,CSF UYU,INT,-0.25
2026-06-06 01:30:00,2026-06-06,6,CSF YUN,INT,0.0
2026-06-06 01:30:00,2026-06-06,6,CE EDO,INT,12.37
2026-06-06 01:30:00,2026-06-06,6,CE QOL,INT,0.64
2026-06-06 01:30:00,2026-06-06,6,CE SJU,INT,0.98
2026-06-06 01:30:00,2026-06-06,6,CE WAR,INT,0.64
2026-06-06 01:45:00,2026-06-06,7,ALT01,TER,0.0
2026-06-06 01:45:00,2026-06-06,7,ALT02,TER,0.0
2026-06-06 01:45:00,2026-06-06,7,ARJ01,TER,0.0
2026-06-06 01:45:00,2026-06-06,7,ARJ02,TER,0.0
2026-06-06 01:45:00,2026-06-06,7,ARJ03,TER,0.0
2026-06-06 01:45:00,2026-06-06,7,ARJ08,TER,0.03
2026-06-06 01:45:00,2026-06-06,7,ARJ09,TER,0.0
2026-06-06 01:45:00,2026-06-06,7,ARJ11,TER,0.0
2026-06-06 01:45:00,2026-06-06,7,ARJ12,TER,0.0
2026-06-06 01:45:00,2026-06-06,7,ARJ13,TER,0.0
2026-06-06 01:45:00,2026-06-06,7,ARJ14,TER,0.0
2026-06-06 01:45:00,2026-06-06,7,ARJ15,TER,0.0
2026-06-06 01:45:00,2026-06-06,7,BUL01,TER,0.0
2026-06-06 01:45:00,2026-06-06,7,BUL02,TER,0.0
2026-06-06 01:45:00,2026-06-06,7,BUL03,TER,0.0
2026-06-06 01:45:00,2026-06-06,7,CAR01,TER,0.0
2026-06-06 01:45:00,2026-06-06,7,CAR02,TER,0.0
2026-06-06 01:45:00,2026-06-06,7,CAR03,TER,0.0
2026-06-06 01:45:00,2026-06-06,7,ERI01,TER,0.0
2026-06-06 01:45:00,2026-06-06,7,ERI02,TER,0.0
2026-06-06 01:45:00,2026-06-06,7,ERI03,TER,0.0
2026-06-06 01:45:00,2026-06-06,7,ERI04,TER,0.0
2026-06-06 01:45:00,2026-06-06,7,ERI30,TER,36.11
2026-06-06 01:45:00,2026-06-06,7,ERI31,TER,42.57
2026-06-06 01:45:00,2026-06-06,7,ERI32,TER,42.61
2026-06-06 01:45:00,2026-06-06,7,ERI40,TER,0.01
2026-06-06 01:45:00,2026-06-06,7,ERI41,TER,0.0
2026-06-06 01:45:00,2026-06-06,7,ERI42,TER,0.0
2026-06-06 01:45:00,2026-06-06,7,ERI50,TER,30.68
2026-06-06 01:45:00,2026-06-06,7,ERI51,TER,26.24
2026-06-06 01:45:00,2026-06-06,7,ERI52,TER,26.28
2026-06-06 01:45:00,2026-06-06,7,GCH01,TER,0.0
2026-06-06 01:45:00,2026-06-06,7,GCH02,TER,0.0
2026-06-06 01:45:00,2026-06-06,7,GCH04,TER,0.0
2026-06-06 01:45:00,2026-06-06,7,GCH06,TER,0.0
2026-06-06 01:45:00,2026-06-06,7,GCH09,TER,0.0
2026-06-06 01:45:00,2026-06-06,7,GCH10,TER,49.77
2026-06-06 01:45:00,2026-06-06,7,GCH11,TER,0.0
2026-06-06 01:45:00,2026-06-06,7,GCH12,TER,36.4
2026-06-06 01:45:00,2026-06-06,7,MOS,TER,0.0
2026-06-06 01:45:00,2026-06-06,7,SCZ01,TER,0.0
2026-06-06 01:45:00,2026-06-06,7,SCZ02,TER,0.0
2026-06-06 01:45:00,2026-06-06,7,SUR10,TER,28.05
2026-06-06 01:45:00,2026-06-06,7,SUR11,TER,24.29
2026-06-06 01:45:00,2026-06-06,7,SUR12,TER,24.15
2026-06-06 01:45:00,2026-06-06,7,SUR20,TER,0.0
2026-06-06 01:45:00,2026-06-06,7,SUR21,TER,0.0
2026-06-06 01:45:00,2026-06-06,7,SUR22,TER,0.0
2026-06-06 01:45:00,2026-06-06,7,SUR30,TER,37.28
2026-06-06 01:45:00,2026-06-06,7,SUR31,TER,43.2
2026-06-06 01:45:00,2026-06-06,7,SUR32,TER,43.19
2026-06-06 01:45:00,2026-06-06,7,SUR40,TER,34.67
2026-06-06 01:45:00,2026-06-06,7,SUR41,TER,41.04
2026-06-06 01:45:00,2026-06-06,7,SUR42,TER,41.12
2026-06-06 01:45:00,2026-06-06,7,VHE01,TER,0.0
2026-06-06 01:45:00,2026-06-06,7,VHE02,TER,0.0
2026-06-06 01:45:00,2026-06-06,7,VHE03,TER,0.0
2026-06-06 01:45:00,2026-06-06,7,VHE04,TER,0.0
2026-06-06 01:45:00,2026-06-06,7,VHE05,TER,0.0
2026-06-06 01:45:00,2026-06-06,7,VHE06,TER,0.0
2026-06-06 01:45:00,2026-06-06,7,VHE07,TER,0.0
2026-06-06 01:45:00,2026-06-06,7,VHE08,TER,0.0
2026-06-06 01:45:00,2026-06-06,7,WAR05,TER,0.0
2026-06-06 01:45:00,2026-06-06,7,WAR10,TER,28.25
2026-06-06 01:45:00,2026-06-06,7,WAR11,TER,24.88
2026-06-06 01:45:00,2026-06-06,7,WAR12,TER,24.76
2026-06-06 01:45:00,2026-06-06,7,WAR20,TER,29.7
2026-06-06 01:45:00,2026-06-06,7,WAR21,TER,23.89
2026-06-06 01:45:00,2026-06-06,7,WAR22,TER,24.04
2026-06-06 01:45:00,2026-06-06,7,WAR30,TER,36.59
2026-06-06 01:45:00,2026-06-06,7,WAR31,TER,41.72
2026-06-06 01:45:00,2026-06-06,7,WAR32,TER,41.86
2026-06-06 01:45:00,2026-06-06,7,WAR40,TER,0.0
2026-06-06 01:45:00,2026-06-06,7,WAR41,TER,0.0
2026-06-06 01:45:00,2026-06-06,7,WAR42,TER,0.0
2026-06-06 01:45:00,2026-06-06,7,CH ZON,HID,0.0
2026-06-06 01:45:00,2026-06-06,7,CH TIQ,HID,0.0
2026-06-06 01:45:00,2026-06-06,7,CH BOT,HID,1.03
2026-06-06 01:45:00,2026-06-06,7,CH CUT,HID,5.09
2026-06-06 01:45:00,2026-06-06,7,CH SRO BA,HID,1.22
2026-06-06 01:45:00,2026-06-06,7,CH SRO AC,HID,0.0
2026-06-06 01:45:00,2026-06-06,7,CH SAI,HID,2.76
2026-06-06 01:45:00,2026-06-06,7,CH CHU,HID,5.02
2026-06-06 01:45:00,2026-06-06,7,CH HAR,HID,0.0
2026-06-06 01:45:00,2026-06-06,7,CH CAH,HID,6.12
2026-06-06 01:45:00,2026-06-06,7,CH HUA,HID,12.12
2026-06-06 01:45:00,2026-06-06,7,CH CHJ2,HID,0.0
2026-06-06 01:45:00,2026-06-06,7,CH YAN,HID,0.0
2026-06-06 01:45:00,2026-06-06,7,CH COR,HID,40.92
2026-06-06 01:45:00,2026-06-06,7,CH SIS,HID,53.56
2026-06-06 01:45:00,2026-06-06,7,CH SJS,HID,26.56
2026-06-06 01:45:00,2026-06-06,7,CH SJE,HID,35.75
2026-06-06 01:45:00,2026-06-06,7,CH MIS,HID,11.0
2026-06-06 01:45:00,2026-06-06,7,CH MIG,HID,0.0
2026-06-06 01:45:00,2026-06-06,7,CH ANG,HID,2.9
2026-06-06 01:45:00,2026-06-06,7,CH CHO,HID,3.53
2026-06-06 01:45:00,2026-06-06,7,CH CRB,HID,3.67
2026-06-06 01:45:00,2026-06-06,7,CH KIL,HID,0.0
2026-06-06 01:45:00,2026-06-06,7,CH LAN,HID,0.0
2026-06-06 01:45:00,2026-06-06,7,CH PUN,HID,0.0
2026-06-06 01:45:00,2026-06-06,7,CH KAN,HID,0.0
2026-06-06 01:45:00,2026-06-06,7,CH SJA,HID,0.0
2026-06-06 01:45:00,2026-06-06,7,AGU01,BIO,0.0
2026-06-06 01:45:00,2026-06-06,7,AGU02,BIO,0.0
2026-06-06 01:45:00,2026-06-06,7,GBE01,BIO,7.06
2026-06-06 01:45:00,2026-06-06,7,IAG01,BIO,0.0
2026-06-06 01:45:00,2026-06-06,7,UNA01,BIO,0.0
2026-06-06 01:45:00,2026-06-06,7,CSF ORU,INT,-0.01
2026-06-06 01:45:00,2026-06-06,7,CSF UYU,INT,-0.34
2026-06-06 01:45:00,2026-06-06,7,CSF YUN,INT,0.0
2026-06-06 01:45:00,2026-06-06,7,CE EDO,INT,13.05
2026-06-06 01:45:00,2026-06-06,7,CE QOL,INT,0.46
2026-06-06 01:45:00,2026-06-06,7,CE SJU,INT,-0.17
2026-06-06 01:45:00,2026-06-06,7,CE WAR,INT,0.54
2026-06-06 02:00:00,2026-06-06,8,ALT01,TER,0.0
2026-06-06 02:00:00,2026-06-06,8,ALT02,TER,0.0
2026-06-06 02:00:00,2026-06-06,8,ARJ01,TER,0.0
2026-06-06 02:00:00,2026-06-06,8,ARJ02,TER,0.0
2026-06-06 02:00:00,2026-06-06,8,ARJ03,TER,0.0
2026-06-06 02:00:00,2026-06-06,8,ARJ08,TER,0.01
2026-06-06 02:00:00,2026-06-06,8,ARJ09,TER,0.0
2026-06-06 02:00:00,2026-06-06,8,ARJ11,TER,0.0
2026-06-06 02:00:00,2026-06-06,8,ARJ12,TER,0.0
2026-06-06 02:00:00,2026-06-06,8,ARJ13,TER,0.0
2026-06-06 02:00:00,2026-06-06,8,ARJ14,TER,0.0
2026-06-06 02:00:00,2026-06-06,8,ARJ15,TER,0.0
2026-06-06 02:00:00,2026-06-06,8,BUL01,TER,0.0
2026-06-06 02:00:00,2026-06-06,8,BUL02,TER,0.0
2026-06-06 02:00:00,2026-06-06,8,BUL03,TER,0.0
2026-06-06 02:00:00,2026-06-06,8,CAR01,TER,0.0
2026-06-06 02:00:00,2026-06-06,8,CAR02,TER,0.0
2026-06-06 02:00:00,2026-06-06,8,CAR03,TER,0.0
2026-06-06 02:00:00,2026-06-06,8,ERI01,TER,0.0
2026-06-06 02:00:00,2026-06-06,8,ERI02,TER,0.0
2026-06-06 02:00:00,2026-06-06,8,ERI03,TER,0.0
2026-06-06 02:00:00,2026-06-06,8,ERI04,TER,0.0
2026-06-06 02:00:00,2026-06-06,8,ERI30,TER,35.89
2026-06-06 02:00:00,2026-06-06,8,ERI31,TER,42.36
2026-06-06 02:00:00,2026-06-06,8,ERI32,TER,42.25
2026-06-06 02:00:00,2026-06-06,8,ERI40,TER,0.01
2026-06-06 02:00:00,2026-06-06,8,ERI41,TER,0.0
2026-06-06 02:00:00,2026-06-06,8,ERI42,TER,0.0
2026-06-06 02:00:00,2026-06-06,8,ERI50,TER,30.61
2026-06-06 02:00:00,2026-06-06,8,ERI51,TER,25.9
2026-06-06 02:00:00,2026-06-06,8,ERI52,TER,26.02
2026-06-06 02:00:00,2026-06-06,8,GCH01,TER,0.0
2026-06-06 02:00:00,2026-06-06,8,GCH02,TER,0.0
2026-06-06 02:00:00,2026-06-06,8,GCH04,TER,0.0
2026-06-06 02:00:00,2026-06-06,8,GCH06,TER,0.0
2026-06-06 02:00:00,2026-06-06,8,GCH09,TER,0.0
2026-06-06 02:00:00,2026-06-06,8,GCH10,TER,49.69
2026-06-06 02:00:00,2026-06-06,8,GCH11,TER,0.0
2026-06-06 02:00:00,2026-06-06,8,GCH12,TER,36.37
2026-06-06 02:00:00,2026-06-06,8,MOS,TER,0.0
2026-06-06 02:00:00,2026-06-06,8,SCZ01,TER,0.0
2026-06-06 02:00:00,2026-06-06,8,SCZ02,TER,0.0
2026-06-06 02:00:00,2026-06-06,8,SUR10,TER,28.05
2026-06-06 02:00:00,2026-06-06,8,SUR11,TER,23.81
2026-06-06 02:00:00,2026-06-06,8,SUR12,TER,23.63
2026-06-06 02:00:00,2026-06-06,8,SUR20,TER,0.0
2026-06-06 02:00:00,2026-06-06,8,SUR21,TER,0.0
2026-06-06 02:00:00,2026-06-06,8,SUR22,TER,0.0
2026-06-06 02:00:00,2026-06-06,8,SUR30,TER,36.91
2026-06-06 02:00:00,2026-06-06,8,SUR31,TER,43.16
2026-06-06 02:00:00,2026-06-06,8,SUR32,TER,43.25
2026-06-06 02:00:00,2026-06-06,8,SUR40,TER,34.64
2026-06-06 02:00:00,2026-06-06,8,SUR41,TER,40.63
2026-06-06 02:00:00,2026-06-06,8,SUR42,TER,40.76
2026-06-06 02:00:00,2026-06-06,8,VHE01,TER,0.0
2026-06-06 02:00:00,2026-06-06,8,VHE02,TER,0.0
2026-06-06 02:00:00,2026-06-06,8,VHE03,TER,0.0
2026-06-06 02:00:00,2026-06-06,8,VHE04,TER,0.0
2026-06-06 02:00:00,2026-06-06,8,VHE05,TER,0.0
2026-06-06 02:00:00,2026-06-06,8,VHE06,TER,0.0
2026-06-06 02:00:00,2026-06-06,8,VHE07,TER,0.0
2026-06-06 02:00:00,2026-06-06,8,VHE08,TER,0.0
2026-06-06 02:00:00,2026-06-06,8,WAR05,TER,0.0
2026-06-06 02:00:00,2026-06-06,8,WAR10,TER,27.65
2026-06-06 02:00:00,2026-06-06,8,WAR11,TER,24.73
2026-06-06 02:00:00,2026-06-06,8,WAR12,TER,24.71
2026-06-06 02:00:00,2026-06-06,8,WAR20,TER,29.47
2026-06-06 02:00:00,2026-06-06,8,WAR21,TER,23.67
2026-06-06 02:00:00,2026-06-06,8,WAR22,TER,23.83
2026-06-06 02:00:00,2026-06-06,8,WAR30,TER,36.44
2026-06-06 02:00:00,2026-06-06,8,WAR31,TER,41.52
2026-06-06 02:00:00,2026-06-06,8,WAR32,TER,41.64
2026-06-06 02:00:00,2026-06-06,8,WAR40,TER,0.0
2026-06-06 02:00:00,2026-06-06,8,WAR41,TER,0.0
2026-06-06 02:00:00,2026-06-06,8,WAR42,TER,0.0
2026-06-06 02:00:00,2026-06-06,8,CH ZON,HID,0.0
2026-06-06 02:00:00,2026-06-06,8,CH TIQ,HID,0.0
2026-06-06 02:00:00,2026-06-06,8,CH BOT,HID,1.02
2026-06-06 02:00:00,2026-06-06,8,CH CUT,HID,5.01
2026-06-06 02:00:00,2026-06-06,8,CH SRO BA,HID,1.24
2026-06-06 02:00:00,2026-06-06,8,CH SRO AC,HID,0.0
2026-06-06 02:00:00,2026-06-06,8,CH SAI,HID,2.73
2026-06-06 02:00:00,2026-06-06,8,CH CHU,HID,5.07
2026-06-06 02:00:00,2026-06-06,8,CH HAR,HID,0.0
2026-06-06 02:00:00,2026-06-06,8,CH CAH,HID,6.06
2026-06-06 02:00:00,2026-06-06,8,CH HUA,HID,12.57
2026-06-06 02:00:00,2026-06-06,8,CH CHJ2,HID,0.0
2026-06-06 02:00:00,2026-06-06,8,CH YAN,HID,0.0
2026-06-06 02:00:00,2026-06-06,8,CH COR,HID,40.75
2026-06-06 02:00:00,2026-06-06,8,CH SIS,HID,53.8
2026-06-06 02:00:00,2026-06-06,8,CH SJS,HID,26.3
2026-06-06 02:00:00,2026-06-06,8,CH SJE,HID,32.47
2026-06-06 02:00:00,2026-06-06,8,CH MIS,HID,11.0
2026-06-06 02:00:00,2026-06-06,8,CH MIG,HID,0.0
2026-06-06 02:00:00,2026-06-06,8,CH ANG,HID,2.89
2026-06-06 02:00:00,2026-06-06,8,CH CHO,HID,3.53
2026-06-06 02:00:00,2026-06-06,8,CH CRB,HID,3.61
2026-06-06 02:00:00,2026-06-06,8,CH KIL,HID,0.0
2026-06-06 02:00:00,2026-06-06,8,CH LAN,HID,0.0
2026-06-06 02:00:00,2026-06-06,8,CH PUN,HID,0.0
2026-06-06 02:00:00,2026-06-06,8,CH KAN,HID,0.0
2026-06-06 02:00:00,2026-06-06,8,CH SJA,HID,0.0
2026-06-06 02:00:00,2026-06-06,8,AGU01,BIO,0.0
2026-06-06 02:00:00,2026-06-06,8,AGU02,BIO,0.0
2026-06-06 02:00:00,2026-06-06,8,GBE01,BIO,6.99
2026-06-06 02:00:00,2026-06-06,8,IAG01,BIO,0.0
2026-06-06 02:00:00,2026-06-06,8,UNA01,BIO,0.0
2026-06-06 02:00:00,2026-06-06,8,CSF ORU,INT,-0.01
2026-06-06 02:00:00,2026-06-06,8,CSF UYU,INT,-0.37
2026-06-06 02:00:00,2026-06-06,8,CSF YUN,INT,0.0
2026-06-06 02:00:00,2026-06-06,8,CE EDO,INT,9.73
2026-06-06 02:00:00,2026-06-06,8,CE QOL,INT,0.61
2026-06-06 02:00:00,2026-06-06,8,CE SJU,INT,-0.27
2026-06-06 02:00:00,2026-06-06,8,CE WAR,INT,0.77
2026-06-06 02:15:00,2026-06-06,9,ALT01,TER,0.0
2026-06-06 02:15:00,2026-06-06,9,ALT02,TER,0.0
2026-06-06 02:15:00,2026-06-06,9,ARJ01,TER,0.0
2026-06-06 02:15:00,2026-06-06,9,ARJ02,TER,0.0
2026-06-06 02:15:00,2026-06-06,9,ARJ03,TER,0.0
2026-06-06 02:15:00,2026-06-06,9,ARJ08,TER,0.04
2026-06-06 02:15:00,2026-06-06,9,ARJ09,TER,0.0
2026-06-06 02:15:00,2026-06-06,9,ARJ11,TER,0.0
2026-06-06 02:15:00,2026-06-06,9,ARJ12,TER,0.0
2026-06-06 02:15:00,2026-06-06,9,ARJ13,TER,0.0
2026-06-06 02:15:00,2026-06-06,9,ARJ14,TER,0.0
2026-06-06 02:15:00,2026-06-06,9,ARJ15,TER,0.0
2026-06-06 02:15:00,2026-06-06,9,BUL01,TER,0.0
2026-06-06 02:15:00,2026-06-06,9,BUL02,TER,0.0
2026-06-06 02:15:00,2026-06-06,9,BUL03,TER,0.0
2026-06-06 02:15:00,2026-06-06,9,CAR01,TER,0.0
2026-06-06 02:15:00,2026-06-06,9,CAR02,TER,0.0
2026-06-06 02:15:00,2026-06-06,9,CAR03,TER,0.0
2026-06-06 02:15:00,2026-06-06,9,ERI01,TER,0.0
2026-06-06 02:15:00,2026-06-06,9,ERI02,TER,0.0
2026-06-06 02:15:00,2026-06-06,9,ERI03,TER,0.0
2026-06-06 02:15:00,2026-06-06,9,ERI04,TER,0.0
2026-06-06 02:15:00,2026-06-06,9,ERI30,TER,35.81
2026-06-06 02:15:00,2026-06-06,9,ERI31,TER,42.08
2026-06-06 02:15:00,2026-06-06,9,ERI32,TER,42.07
2026-06-06 02:15:00,2026-06-06,9,ERI40,TER,-0.02
2026-06-06 02:15:00,2026-06-06,9,ERI41,TER,0.0
2026-06-06 02:15:00,2026-06-06,9,ERI42,TER,0.0
2026-06-06 02:15:00,2026-06-06,9,ERI50,TER,30.38
2026-06-06 02:15:00,2026-06-06,9,ERI51,TER,25.82
2026-06-06 02:15:00,2026-06-06,9,ERI52,TER,25.81
2026-06-06 02:15:00,2026-06-06,9,GCH01,TER,0.0
2026-06-06 02:15:00,2026-06-06,9,GCH02,TER,0.0
2026-06-06 02:15:00,2026-06-06,9,GCH04,TER,0.0
2026-06-06 02:15:00,2026-06-06,9,GCH06,TER,0.0
2026-06-06 02:15:00,2026-06-06,9,GCH09,TER,0.0
2026-06-06 02:15:00,2026-06-06,9,GCH10,TER,49.89
2026-06-06 02:15:00,2026-06-06,9,GCH11,TER,0.0
2026-06-06 02:15:00,2026-06-06,9,GCH12,TER,36.36
2026-06-06 02:15:00,2026-06-06,9,MOS,TER,0.0
2026-06-06 02:15:00,2026-06-06,9,SCZ01,TER,0.0
2026-06-06 02:15:00,2026-06-06,9,SCZ02,TER,0.0
2026-06-06 02:15:00,2026-06-06,9,SUR10,TER,27.94
2026-06-06 02:15:00,2026-06-06,9,SUR11,TER,23.48
2026-06-06 02:15:00,2026-06-06,9,SUR12,TER,23.41
2026-06-06 02:15:00,2026-06-06,9,SUR20,TER,0.0
2026-06-06 02:15:00,2026-06-06,9,SUR21,TER,0.0
2026-06-06 02:15:00,2026-06-06,9,SUR22,TER,0.0
2026-06-06 02:15:00,2026-06-06,9,SUR30,TER,37.17
2026-06-06 02:15:00,2026-06-06,9,SUR31,TER,43.2
2026-06-06 02:15:00,2026-06-06,9,SUR32,TER,43.22
2026-06-06 02:15:00,2026-06-06,9,SUR40,TER,34.48
2026-06-06 02:15:00,2026-06-06,9,SUR41,TER,40.37
2026-06-06 02:15:00,2026-06-06,9,SUR42,TER,40.58
2026-06-06 02:15:00,2026-06-06,9,VHE01,TER,0.0
2026-06-06 02:15:00,2026-06-06,9,VHE02,TER,0.0
2026-06-06 02:15:00,2026-06-06,9,VHE03,TER,0.0
2026-06-06 02:15:00,2026-06-06,9,VHE04,TER,0.0
2026-06-06 02:15:00,2026-06-06,9,VHE05,TER,0.0
2026-06-06 02:15:00,2026-06-06,9,VHE06,TER,0.0
2026-06-06 02:15:00,2026-06-06,9,VHE07,TER,0.0
2026-06-06 02:15:00,2026-06-06,9,VHE08,TER,0.0
2026-06-06 02:15:00,2026-06-06,9,WAR05,TER,0.0
2026-06-06 02:15:00,2026-06-06,9,WAR10,TER,27.95
2026-06-06 02:15:00,2026-06-06,9,WAR11,TER,24.17
2026-06-06 02:15:00,2026-06-06,9,WAR12,TER,24.14
2026-06-06 02:15:00,2026-06-06,9,WAR20,TER,29.28
2026-06-06 02:15:00,2026-06-06,9,WAR21,TER,23.31
2026-06-06 02:15:00,2026-06-06,9,WAR22,TER,23.41
2026-06-06 02:15:00,2026-06-06,9,WAR30,TER,36.22
2026-06-06 02:15:00,2026-06-06,9,WAR31,TER,41.36
2026-06-06 02:15:00,2026-06-06,9,WAR32,TER,41.35
2026-06-06 02:15:00,2026-06-06,9,WAR40,TER,0.0
2026-06-06 02:15:00,2026-06-06,9,WAR41,TER,0.0
2026-06-06 02:15:00,2026-06-06,9,WAR42,TER,0.0
2026-06-06 02:15:00,2026-06-06,9,CH ZON,HID,0.0
2026-06-06 02:15:00,2026-06-06,9,CH TIQ,HID,0.0
2026-06-06 02:15:00,2026-06-06,9,CH BOT,HID,1.0
2026-06-06 02:15:00,2026-06-06,9,CH CUT,HID,5.1
2026-06-06 02:15:00,2026-06-06,9,CH SRO BA,HID,1.24
2026-06-06 02:15:00,2026-06-06,9,CH SRO AC,HID,0.0
2026-06-06 02:15:00,2026-06-06,9,CH SAI,HID,2.68
2026-06-06 02:15:00,2026-06-06,9,CH CHU,HID,4.49
2026-06-06 02:15:00,2026-06-06,9,CH HAR,HID,0.0
2026-06-06 02:15:00,2026-06-06,9,CH CAH,HID,6.0
2026-06-06 02:15:00,2026-06-06,9,CH HUA,HID,12.68
2026-06-06 02:15:00,2026-06-06,9,CH CHJ2,HID,0.0
2026-06-06 02:15:00,2026-06-06,9,CH YAN,HID,0.0
2026-06-06 02:15:00,2026-06-06,9,CH COR,HID,40.47
2026-06-06 02:15:00,2026-06-06,9,CH SIS,HID,53.2
2026-06-06 02:15:00,2026-06-06,9,CH SJS,HID,25.32
2026-06-06 02:15:00,2026-06-06,9,CH SJE,HID,31.05
2026-06-06 02:15:00,2026-06-06,9,CH MIS,HID,11.0
2026-06-06 02:15:00,2026-06-06,9,CH MIG,HID,0.0
2026-06-06 02:15:00,2026-06-06,9,CH ANG,HID,2.87
2026-06-06 02:15:00,2026-06-06,9,CH CHO,HID,3.53
2026-06-06 02:15:00,2026-06-06,9,CH CRB,HID,3.59
2026-06-06 02:15:00,2026-06-06,9,CH KIL,HID,0.0
2026-06-06 02:15:00,2026-06-06,9,CH LAN,HID,0.0
2026-06-06 02:15:00,2026-06-06,9,CH PUN,HID,0.0
2026-06-06 02:15:00,2026-06-06,9,CH KAN,HID,0.0
2026-06-06 02:15:00,2026-06-06,9,CH SJA,HID,0.0
2026-06-06 02:15:00,2026-06-06,9,AGU01,BIO,0.0
2026-06-06 02:15:00,2026-06-06,9,AGU02,BIO,0.0
2026-06-06 02:15:00,2026-06-06,9,GBE01,BIO,6.12
2026-06-06 02:15:00,2026-06-06,9,IAG01,BIO,0.0
2026-06-06 02:15:00,2026-06-06,9,UNA01,BIO,0.0
2026-06-06 02:15:00,2026-06-06,9,CSF ORU,INT,-0.01
2026-06-06 02:15:00,2026-06-06,9,CSF UYU,INT,-0.46
2026-06-06 02:15:00,2026-06-06,9,CSF YUN,INT,0.0
2026-06-06 02:15:00,2026-06-06,9,CE EDO,INT,8.55
2026-06-06 02:15:00,2026-06-06,9,CE QOL,INT,1.02
2026-06-06 02:15:00,2026-06-06,9,CE SJU,INT,0.55
2026-06-06 02:15:00,2026-06-06,9,CE WAR,INT,0.67
2026-06-06 02:30:00,2026-06-06,10,ALT01,TER,0.0
2026-06-06 02:30:00,2026-06-06,10,ALT02,TER,0.0
2026-06-06 02:30:00,2026-06-06,10,ARJ01,TER,0.0
2026-06-06 02:30:00,2026-06-06,10,ARJ02,TER,0.0
2026-06-06 02:30:00,2026-06-06,10,ARJ03,TER,0.0
2026-06-06 02:30:00,2026-06-06,10,ARJ08,TER,0.03
2026-06-06 02:30:00,2026-06-06,10,ARJ09,TER,0.0
2026-06-06 02:30:00,2026-06-06,10,ARJ11,TER,0.0
2026-06-06 02:30:00,2026-06-06,10,ARJ12,TER,0.0
2026-06-06 02:30:00,2026-06-06,10,ARJ13,TER,0.0
2026-06-06 02:30:00,2026-06-06,10,ARJ14,TER,0.0
2026-06-06 02:30:00,2026-06-06,10,ARJ15,TER,0.0
2026-06-06 02:30:00,2026-06-06,10,BUL01,TER,0.0
2026-06-06 02:30:00,2026-06-06,10,BUL02,TER,0.0
2026-06-06 02:30:00,2026-06-06,10,BUL03,TER,0.0
2026-06-06 02:30:00,2026-06-06,10,CAR01,TER,0.0
2026-06-06 02:30:00,2026-06-06,10,CAR02,TER,0.0
2026-06-06 02:30:00,2026-06-06,10,CAR03,TER,0.0
2026-06-06 02:30:00,2026-06-06,10,ERI01,TER,0.0
2026-06-06 02:30:00,2026-06-06,10,ERI02,TER,0.0
2026-06-06 02:30:00,2026-06-06,10,ERI03,TER,0.0
2026-06-06 02:30:00,2026-06-06,10,ERI04,TER,0.0
2026-06-06 02:30:00,2026-06-06,10,ERI30,TER,35.77
2026-06-06 02:30:00,2026-06-06,10,ERI31,TER,42.26
2026-06-06 02:30:00,2026-06-06,10,ERI32,TER,42.27
2026-06-06 02:30:00,2026-06-06,10,ERI40,TER,0.01
2026-06-06 02:30:00,2026-06-06,10,ERI41,TER,0.0
2026-06-06 02:30:00,2026-06-06,10,ERI42,TER,0.0
2026-06-06 02:30:00,2026-06-06,10,ERI50,TER,30.46
2026-06-06 02:30:00,2026-06-06,10,ERI51,TER,25.92
2026-06-06 02:30:00,2026-06-06,10,ERI52,TER,25.88
2026-06-06 02:30:00,2026-06-06,10,GCH01,TER,0.0
2026-06-06 02:30:00,2026-06-06,10,GCH02,TER,0.0
2026-06-06 02:30:00,2026-06-06,10,GCH04,TER,0.0
2026-06-06 02:30:00,2026-06-06,10,GCH06,TER,0.0
2026-06-06 02:30:00,2026-06-06,10,GCH09,TER,0.0
2026-06-06 02:30:00,2026-06-06,10,GCH10,TER,50.5
2026-06-06 02:30:00,2026-06-06,10,GCH11,TER,0.0
2026-06-06 02:30:00,2026-06-06,10,GCH12,TER,36.81
2026-06-06 02:30:00,2026-06-06,10,MOS,TER,0.0
2026-06-06 02:30:00,2026-06-06,10,SCZ01,TER,0.0
2026-06-06 02:30:00,2026-06-06,10,SCZ02,TER,0.0
2026-06-06 02:30:00,2026-06-06,10,SUR10,TER,28.01
2026-06-06 02:30:00,2026-06-06,10,SUR11,TER,23.44
2026-06-06 02:30:00,2026-06-06,10,SUR12,TER,23.38
2026-06-06 02:30:00,2026-06-06,10,SUR20,TER,0.0
2026-06-06 02:30:00,2026-06-06,10,SUR21,TER,0.0
2026-06-06 02:30:00,2026-06-06,10,SUR22,TER,0.0
2026-06-06 02:30:00,2026-06-06,10,SUR30,TER,37.32
2026-06-06 02:30:00,2026-06-06,10,SUR31,TER,43.09
2026-06-06 02:30:00,2026-06-06,10,SUR32,TER,43.18
2026-06-06 02:30:00,2026-06-06,10,SUR40,TER,34.07
2026-06-06 02:30:00,2026-06-06,10,SUR41,TER,37.3
2026-06-06 02:30:00,2026-06-06,10,SUR42,TER,37.33
2026-06-06 02:30:00,2026-06-06,10,VHE01,TER,0.0
2026-06-06 02:30:00,2026-06-06,10,VHE02,TER,0.0
2026-06-06 02:30:00,2026-06-06,10,VHE03,TER,0.0
2026-06-06 02:30:00,2026-06-06,10,VHE04,TER,0.0
2026-06-06 02:30:00,2026-06-06,10,VHE05,TER,0.0
2026-06-06 02:30:00,2026-06-06,10,VHE06,TER,0.0
2026-06-06 02:30:00,2026-06-06,10,VHE07,TER,0.0
2026-06-06 02:30:00,2026-06-06,10,VHE08,TER,0.0
2026-06-06 02:30:00,2026-06-06,10,WAR05,TER,0.0
2026-06-06 02:30:00,2026-06-06,10,WAR10,TER,27.68
2026-06-06 02:30:00,2026-06-06,10,WAR11,TER,24.31
2026-06-06 02:30:00,2026-06-06,10,WAR12,TER,24.37
2026-06-06 02:30:00,2026-06-06,10,WAR20,TER,29.24
2026-06-06 02:30:00,2026-06-06,10,WAR21,TER,23.4
2026-06-06 02:30:00,2026-06-06,10,WAR22,TER,23.48
2026-06-06 02:30:00,2026-06-06,10,WAR30,TER,36.25
2026-06-06 02:30:00,2026-06-06,10,WAR31,TER,41.35
2026-06-06 02:30:00,2026-06-06,10,WAR32,TER,41.47
2026-06-06 02:30:00,2026-06-06,10,WAR40,TER,0.0
2026-06-06 02:30:00,2026-06-06,10,WAR41,TER,0.0
2026-06-06 02:30:00,2026-06-06,10,WAR42,TER,0.0
2026-06-06 02:30:00,2026-06-06,10,CH ZON,HID,0.0
2026-06-06 02:30:00,2026-06-06,10,CH TIQ,HID,0.0
2026-06-06 02:30:00,2026-06-06,10,CH BOT,HID,1.0
2026-06-06 02:30:00,2026-06-06,10,CH CUT,HID,5.22
2026-06-06 02:30:00,2026-06-06,10,CH SRO BA,HID,1.24
2026-06-06 02:30:00,2026-06-06,10,CH SRO AC,HID,0.0
2026-06-06 02:30:00,2026-06-06,10,CH SAI,HID,2.71
2026-06-06 02:30:00,2026-06-06,10,CH CHU,HID,4.49
2026-06-06 02:30:00,2026-06-06,10,CH HAR,HID,0.0
2026-06-06 02:30:00,2026-06-06,10,CH CAH,HID,6.01
2026-06-06 02:30:00,2026-06-06,10,CH HUA,HID,12.71
2026-06-06 02:30:00,2026-06-06,10,CH CHJ2,HID,0.0
2026-06-06 02:30:00,2026-06-06,10,CH YAN,HID,0.0
2026-06-06 02:30:00,2026-06-06,10,CH COR,HID,40.6
2026-06-06 02:30:00,2026-06-06,10,CH SIS,HID,53.19
2026-06-06 02:30:00,2026-06-06,10,CH SJS,HID,25.42
2026-06-06 02:30:00,2026-06-06,10,CH SJE,HID,31.11
2026-06-06 02:30:00,2026-06-06,10,CH MIS,HID,11.0
2026-06-06 02:30:00,2026-06-06,10,CH MIG,HID,0.0
2026-06-06 02:30:00,2026-06-06,10,CH ANG,HID,2.88
2026-06-06 02:30:00,2026-06-06,10,CH CHO,HID,3.53
2026-06-06 02:30:00,2026-06-06,10,CH CRB,HID,3.61
2026-06-06 02:30:00,2026-06-06,10,CH KIL,HID,0.0
2026-06-06 02:30:00,2026-06-06,10,CH LAN,HID,0.0
2026-06-06 02:30:00,2026-06-06,10,CH PUN,HID,0.0
2026-06-06 02:30:00,2026-06-06,10,CH KAN,HID,0.0
2026-06-06 02:30:00,2026-06-06,10,CH SJA,HID,0.0
2026-06-06 02:30:00,2026-06-06,10,AGU01,BIO,0.0
2026-06-06 02:30:00,2026-06-06,10,AGU02,BIO,0.0
2026-06-06 02:30:00,2026-06-06,10,GBE01,BIO,6.51
2026-06-06 02:30:00,2026-06-06,10,IAG01,BIO,0.0
2026-06-06 02:30:00,2026-06-06,10,UNA01,BIO,0.0
2026-06-06 02:30:00,2026-06-06,10,CSF ORU,INT,-0.01
2026-06-06 02:30:00,2026-06-06,10,CSF UYU,INT,-0.44
2026-06-06 02:30:00,2026-06-06,10,CSF YUN,INT,0.0
2026-06-06 02:30:00,2026-06-06,10,CE EDO,INT,4.63
2026-06-06 02:30:00,2026-06-06,10,CE QOL,INT,1.4
2026-06-06 02:30:00,2026-06-06,10,CE SJU,INT,0.21
2026-06-06 02:30:00,2026-06-06,10,CE WAR,INT,0.57
2026-06-06 02:45:00,2026-06-06,11,ALT01,TER,0.0
2026-06-06 02:45:00,2026-06-06,11,ALT02,TER,0.0
2026-06-06 02:45:00,2026-06-06,11,ARJ01,TER,0.0
2026-06-06 02:45:00,2026-06-06,11,ARJ02,TER,0.0
2026-06-06 02:45:00,2026-06-06,11,ARJ03,TER,0.0
2026-06-06 02:45:00,2026-06-06,11,ARJ08,TER,0.06
2026-06-06 02:45:00,2026-06-06,11,ARJ09,TER,0.0
2026-06-06 02:45:00,2026-06-06,11,ARJ11,TER,0.0
2026-06-06 02:45:00,2026-06-06,11,ARJ12,TER,0.0
2026-06-06 02:45:00,2026-06-06,11,ARJ13,TER,0.0
2026-06-06 02:45:00,2026-06-06,11,ARJ14,TER,0.0
2026-06-06 02:45:00,2026-06-06,11,ARJ15,TER,0.0
2026-06-06 02:45:00,2026-06-06,11,BUL01,TER,0.0
2026-06-06 02:45:00,2026-06-06,11,BUL02,TER,0.0
2026-06-06 02:45:00,2026-06-06,11,BUL03,TER,0.0
2026-06-06 02:45:00,2026-06-06,11,CAR01,TER,0.0
2026-06-06 02:45:00,2026-06-06,11,CAR02,TER,0.0
2026-06-06 02:45:00,2026-06-06,11,CAR03,TER,0.0
2026-06-06 02:45:00,2026-06-06,11,ERI01,TER,0.0
2026-06-06 02:45:00,2026-06-06,11,ERI02,TER,0.0
2026-06-06 02:45:00,2026-06-06,11,ERI03,TER,0.0
2026-06-06 02:45:00,2026-06-06,11,ERI04,TER,0.0
2026-06-06 02:45:00,2026-06-06,11,ERI30,TER,35.77
2026-06-06 02:45:00,2026-06-06,11,ERI31,TER,42.21
2026-06-06 02:45:00,2026-06-06,11,ERI32,TER,42.22
2026-06-06 02:45:00,2026-06-06,11,ERI40,TER,-0.02
2026-06-06 02:45:00,2026-06-06,11,ERI41,TER,0.0
2026-06-06 02:45:00,2026-06-06,11,ERI42,TER,0.0
2026-06-06 02:45:00,2026-06-06,11,ERI50,TER,30.46
2026-06-06 02:45:00,2026-06-06,11,ERI51,TER,25.87
2026-06-06 02:45:00,2026-06-06,11,ERI52,TER,25.87
2026-06-06 02:45:00,2026-06-06,11,GCH01,TER,0.0
2026-06-06 02:45:00,2026-06-06,11,GCH02,TER,0.0
2026-06-06 02:45:00,2026-06-06,11,GCH04,TER,0.0
2026-06-06 02:45:00,2026-06-06,11,GCH06,TER,0.0
2026-06-06 02:45:00,2026-06-06,11,GCH09,TER,0.0
2026-06-06 02:45:00,2026-06-06,11,GCH10,TER,50.5
2026-06-06 02:45:00,2026-06-06,11,GCH11,TER,0.0
2026-06-06 02:45:00,2026-06-06,11,GCH12,TER,36.73
2026-06-06 02:45:00,2026-06-06,11,MOS,TER,0.0
2026-06-06 02:45:00,2026-06-06,11,SCZ01,TER,0.0
2026-06-06 02:45:00,2026-06-06,11,SCZ02,TER,0.0
2026-06-06 02:45:00,2026-06-06,11,SUR10,TER,28.01
2026-06-06 02:45:00,2026-06-06,11,SUR11,TER,23.51
2026-06-06 02:45:00,2026-06-06,11,SUR12,TER,23.46
2026-06-06 02:45:00,2026-06-06,11,SUR20,TER,0.0
2026-06-06 02:45:00,2026-06-06,11,SUR21,TER,0.0
2026-06-06 02:45:00,2026-06-06,11,SUR22,TER,0.0
2026-06-06 02:45:00,2026-06-06,11,SUR30,TER,37.02
2026-06-06 02:45:00,2026-06-06,11,SUR31,TER,43.15
2026-06-06 02:45:00,2026-06-06,11,SUR32,TER,43.18
2026-06-06 02:45:00,2026-06-06,11,SUR40,TER,32.93
2026-06-06 02:45:00,2026-06-06,11,SUR41,TER,35.79
2026-06-06 02:45:00,2026-06-06,11,SUR42,TER,35.85
2026-06-06 02:45:00,2026-06-06,11,VHE01,TER,0.0
2026-06-06 02:45:00,2026-06-06,11,VHE02,TER,0.0
2026-06-06 02:45:00,2026-06-06,11,VHE03,TER,0.0
2026-06-06 02:45:00,2026-06-06,11,VHE04,TER,0.0
2026-06-06 02:45:00,2026-06-06,11,VHE05,TER,0.0
2026-06-06 02:45:00,2026-06-06,11,VHE06,TER,0.0
2026-06-06 02:45:00,2026-06-06,11,VHE07,TER,0.0
2026-06-06 02:45:00,2026-06-06,11,VHE08,TER,0.0
2026-06-06 02:45:00,2026-06-06,11,WAR05,TER,0.0
2026-06-06 02:45:00,2026-06-06,11,WAR10,TER,27.84
2026-06-06 02:45:00,2026-06-06,11,WAR11,TER,24.4
2026-06-06 02:45:00,2026-06-06,11,WAR12,TER,24.32
2026-06-06 02:45:00,2026-06-06,11,WAR20,TER,29.24
2026-06-06 02:45:00,2026-06-06,11,WAR21,TER,23.48
2026-06-06 02:45:00,2026-06-06,11,WAR22,TER,23.56
2026-06-06 02:45:00,2026-06-06,11,WAR30,TER,36.44
2026-06-06 02:45:00,2026-06-06,11,WAR31,TER,41.49
2026-06-06 02:45:00,2026-06-06,11,WAR32,TER,41.57
2026-06-06 02:45:00,2026-06-06,11,WAR40,TER,0.0
2026-06-06 02:45:00,2026-06-06,11,WAR41,TER,0.0
2026-06-06 02:45:00,2026-06-06,11,WAR42,TER,0.0
2026-06-06 02:45:00,2026-06-06,11,CH ZON,HID,0.0
2026-06-06 02:45:00,2026-06-06,11,CH TIQ,HID,0.0
2026-06-06 02:45:00,2026-06-06,11,CH BOT,HID,0.99
2026-06-06 02:45:00,2026-06-06,11,CH CUT,HID,5.2
2026-06-06 02:45:00,2026-06-06,11,CH SRO BA,HID,1.24
2026-06-06 02:45:00,2026-06-06,11,CH SRO AC,HID,0.0
2026-06-06 02:45:00,2026-06-06,11,CH SAI,HID,2.71
2026-06-06 02:45:00,2026-06-06,11,CH CHU,HID,4.52
2026-06-06 02:45:00,2026-06-06,11,CH HAR,HID,0.0
2026-06-06 02:45:00,2026-06-06,11,CH CAH,HID,6.0
2026-06-06 02:45:00,2026-06-06,11,CH HUA,HID,12.72
2026-06-06 02:45:00,2026-06-06,11,CH CHJ2,HID,0.0
2026-06-06 02:45:00,2026-06-06,11,CH YAN,HID,0.0
2026-06-06 02:45:00,2026-06-06,11,CH COR,HID,40.69
2026-06-06 02:45:00,2026-06-06,11,CH SIS,HID,53.29
2026-06-06 02:45:00,2026-06-06,11,CH SJS,HID,25.5
2026-06-06 02:45:00,2026-06-06,11,CH SJE,HID,28.81
2026-06-06 02:45:00,2026-06-06,11,CH MIS,HID,11.5
2026-06-06 02:45:00,2026-06-06,11,CH MIG,HID,0.0
2026-06-06 02:45:00,2026-06-06,11,CH ANG,HID,2.87
2026-06-06 02:45:00,2026-06-06,11,CH CHO,HID,3.53
2026-06-06 02:45:00,2026-06-06,11,CH CRB,HID,3.6
2026-06-06 02:45:00,2026-06-06,11,CH KIL,HID,0.0
2026-06-06 02:45:00,2026-06-06,11,CH LAN,HID,0.0
2026-06-06 02:45:00,2026-06-06,11,CH PUN,HID,0.0
2026-06-06 02:45:00,2026-06-06,11,CH KAN,HID,0.0
2026-06-06 02:45:00,2026-06-06,11,CH SJA,HID,0.0
2026-06-06 02:45:00,2026-06-06,11,AGU01,BIO,0.0
2026-06-06 02:45:00,2026-06-06,11,AGU02,BIO,0.0
2026-06-06 02:45:00,2026-06-06,11,GBE01,BIO,6.56
2026-06-06 02:45:00,2026-06-06,11,IAG01,BIO,0.0
2026-06-06 02:45:00,2026-06-06,11,UNA01,BIO,0.0
2026-06-06 02:45:00,2026-06-06,11,CSF ORU,INT,-0.01
2026-06-06 02:45:00,2026-06-06,11,CSF UYU,INT,-0.49
2026-06-06 02:45:00,2026-06-06,11,CSF YUN,INT,0.0
2026-06-06 02:45:00,2026-06-06,11,CE EDO,INT,1.29
2026-06-06 02:45:00,2026-06-06,11,CE QOL,INT,0.94
2026-06-06 02:45:00,2026-06-06,11,CE SJU,INT,0.37
2026-06-06 02:45:00,2026-06-06,11,CE WAR,INT,0.38
2026-06-06 03:00:00,2026-06-06,12,ALT01,TER,0.0
2026-06-06 03:00:00,2026-06-06,12,ALT02,TER,0.0
2026-06-06 03:00:00,2026-06-06,12,ARJ01,TER,0.0
2026-06-06 03:00:00,2026-06-06,12,ARJ02,TER,0.0
2026-06-06 03:00:00,2026-06-06,12,ARJ03,TER,0.0
2026-06-06 03:00:00,2026-06-06,12,ARJ08,TER,0.03
2026-06-06 03:00:00,2026-06-06,12,ARJ09,TER,0.0
2026-06-06 03:00:00,2026-06-06,12,ARJ11,TER,0.0
2026-06-06 03:00:00,2026-06-06,12,ARJ12,TER,0.0
2026-06-06 03:00:00,2026-06-06,12,ARJ13,TER,0.0
2026-06-06 03:00:00,2026-06-06,12,ARJ14,TER,0.0
2026-06-06 03:00:00,2026-06-06,12,ARJ15,TER,0.0
2026-06-06 03:00:00,2026-06-06,12,BUL01,TER,0.0
2026-06-06 03:00:00,2026-06-06,12,BUL02,TER,0.0
2026-06-06 03:00:00,2026-06-06,12,BUL03,TER,0.0
2026-06-06 03:00:00,2026-06-06,12,CAR01,TER,0.0
2026-06-06 03:00:00,2026-06-06,12,CAR02,TER,0.0
2026-06-06 03:00:00,2026-06-06,12,CAR03,TER,0.0
2026-06-06 03:00:00,2026-06-06,12,ERI01,TER,0.0
2026-06-06 03:00:00,2026-06-06,12,ERI02,TER,0.0
2026-06-06 03:00:00,2026-06-06,12,ERI03,TER,0.0
2026-06-06 03:00:00,2026-06-06,12,ERI04,TER,0.0
2026-06-06 03:00:00,2026-06-06,12,ERI30,TER,35.77
2026-06-06 03:00:00,2026-06-06,12,ERI31,TER,42.12
2026-06-06 03:00:00,2026-06-06,12,ERI32,TER,42.16
2026-06-06 03:00:00,2026-06-06,12,ERI40,TER,0.01
2026-06-06 03:00:00,2026-06-06,12,ERI41,TER,0.0
2026-06-06 03:00:00,2026-06-06,12,ERI42,TER,0.0
2026-06-06 03:00:00,2026-06-06,12,ERI50,TER,30.49
2026-06-06 03:00:00,2026-06-06,12,ERI51,TER,25.69
2026-06-06 03:00:00,2026-06-06,12,ERI52,TER,25.7
2026-06-06 03:00:00,2026-06-06,12,GCH01,TER,0.0
2026-06-06 03:00:00,2026-06-06,12,GCH02,TER,0.0
2026-06-06 03:00:00,2026-06-06,12,GCH04,TER,0.0
2026-06-06 03:00:00,2026-06-06,12,GCH06,TER,0.0
2026-06-06 03:00:00,2026-06-06,12,GCH09,TER,0.0
2026-06-06 03:00:00,2026-06-06,12,GCH10,TER,50.0
2026-06-06 03:00:00,2026-06-06,12,GCH11,TER,0.0
2026-06-06 03:00:00,2026-06-06,12,GCH12,TER,36.51
2026-06-06 03:00:00,2026-06-06,12,MOS,TER,0.0
2026-06-06 03:00:00,2026-06-06,12,SCZ01,TER,0.0
2026-06-06 03:00:00,2026-06-06,12,SCZ02,TER,0.0
2026-06-06 03:00:00,2026-06-06,12,SUR10,TER,28.09
2026-06-06 03:00:00,2026-06-06,12,SUR11,TER,23.49
2026-06-06 03:00:00,2026-06-06,12,SUR12,TER,23.39
2026-06-06 03:00:00,2026-06-06,12,SUR20,TER,0.0
2026-06-06 03:00:00,2026-06-06,12,SUR21,TER,0.0
2026-06-06 03:00:00,2026-06-06,12,SUR22,TER,0.0
2026-06-06 03:00:00,2026-06-06,12,SUR30,TER,36.07
2026-06-06 03:00:00,2026-06-06,12,SUR31,TER,33.57
2026-06-06 03:00:00,2026-06-06,12,SUR32,TER,33.37
2026-06-06 03:00:00,2026-06-06,12,SUR40,TER,32.86
2026-06-06 03:00:00,2026-06-06,12,SUR41,TER,35.68
2026-06-06 03:00:00,2026-06-06,12,SUR42,TER,35.74
2026-06-06 03:00:00,2026-06-06,12,VHE01,TER,0.0
2026-06-06 03:00:00,2026-06-06,12,VHE02,TER,0.0
2026-06-06 03:00:00,2026-06-06,12,VHE03,TER,0.0
2026-06-06 03:00:00,2026-06-06,12,VHE04,TER,0.0
2026-06-06 03:00:00,2026-06-06,12,VHE05,TER,0.0
2026-06-06 03:00:00,2026-06-06,12,VHE06,TER,0.0
2026-06-06 03:00:00,2026-06-06,12,VHE07,TER,0.0
2026-06-06 03:00:00,2026-06-06,12,VHE08,TER,0.0
2026-06-06 03:00:00,2026-06-06,12,WAR05,TER,0.0
2026-06-06 03:00:00,2026-06-06,12,WAR10,TER,28.4
2026-06-06 03:00:00,2026-06-06,12,WAR11,TER,24.29
2026-06-06 03:00:00,2026-06-06,12,WAR12,TER,24.27
2026-06-06 03:00:00,2026-06-06,12,WAR20,TER,29.28
2026-06-06 03:00:00,2026-06-06,12,WAR21,TER,23.43
2026-06-06 03:00:00,2026-06-06,12,WAR22,TER,23.65
2026-06-06 03:00:00,2026-06-06,12,WAR30,TER,36.37
2026-06-06 03:00:00,2026-06-06,12,WAR31,TER,41.28
2026-06-06 03:00:00,2026-06-06,12,WAR32,TER,41.36
2026-06-06 03:00:00,2026-06-06,12,WAR40,TER,0.0
2026-06-06 03:00:00,2026-06-06,12,WAR41,TER,0.0
2026-06-06 03:00:00,2026-06-06,12,WAR42,TER,0.0
2026-06-06 03:00:00,2026-06-06,12,CH ZON,HID,0.0
2026-06-06 03:00:00,2026-06-06,12,CH TIQ,HID,0.0
2026-06-06 03:00:00,2026-06-06,12,CH BOT,HID,1.0
2026-06-06 03:00:00,2026-06-06,12,CH CUT,HID,5.0
2026-06-06 03:00:00,2026-06-06,12,CH SRO BA,HID,1.24
2026-06-06 03:00:00,2026-06-06,12,CH SRO AC,HID,0.0
2026-06-06 03:00:00,2026-06-06,12,CH SAI,HID,2.7
2026-06-06 03:00:00,2026-06-06,12,CH CHU,HID,4.5
2026-06-06 03:00:00,2026-06-06,12,CH HAR,HID,0.0
2026-06-06 03:00:00,2026-06-06,12,CH CAH,HID,5.99
2026-06-06 03:00:00,2026-06-06,12,CH HUA,HID,12.0
2026-06-06 03:00:00,2026-06-06,12,CH CHJ2,HID,0.0
2026-06-06 03:00:00,2026-06-06,12,CH YAN,HID,0.0
2026-06-06 03:00:00,2026-06-06,12,CH COR,HID,40.57
2026-06-06 03:00:00,2026-06-06,12,CH SIS,HID,53.15
2026-06-06 03:00:00,2026-06-06,12,CH SJS,HID,25.14
2026-06-06 03:00:00,2026-06-06,12,CH SJE,HID,28.06
2026-06-06 03:00:00,2026-06-06,12,CH MIS,HID,11.5
2026-06-06 03:00:00,2026-06-06,12,CH MIG,HID,0.0
2026-06-06 03:00:00,2026-06-06,12,CH ANG,HID,2.86
2026-06-06 03:00:00,2026-06-06,12,CH CHO,HID,3.53
2026-06-06 03:00:00,2026-06-06,12,CH CRB,HID,3.62
2026-06-06 03:00:00,2026-06-06,12,CH KIL,HID,0.0
2026-06-06 03:00:00,2026-06-06,12,CH LAN,HID,0.0
2026-06-06 03:00:00,2026-06-06,12,CH PUN,HID,0.0
2026-06-06 03:00:00,2026-06-06,12,CH KAN,HID,0.0
2026-06-06 03:00:00,2026-06-06,12,CH SJA,HID,0.0
2026-06-06 03:00:00,2026-06-06,12,AGU01,BIO,0.0
2026-06-06 03:00:00,2026-06-06,12,AGU02,BIO,0.0
2026-06-06 03:00:00,2026-06-06,12,GBE01,BIO,6.17
2026-06-06 03:00:00,2026-06-06,12,IAG01,BIO,0.0
2026-06-06 03:00:00,2026-06-06,12,UNA01,BIO,0.0
2026-06-06 03:00:00,2026-06-06,12,CSF ORU,INT,-0.01
2026-06-06 03:00:00,2026-06-06,12,CSF UYU,INT,-0.63
2026-06-06 03:00:00,2026-06-06,12,CSF YUN,INT,0.0
2026-06-06 03:00:00,2026-06-06,12,CE EDO,INT,0.18
2026-06-06 03:00:00,2026-06-06,12,CE QOL,INT,2.22
2026-06-06 03:00:00,2026-06-06,12,CE SJU,INT,0.21
2026-06-06 03:00:00,2026-06-06,12,CE WAR,INT,0.36
2026-06-06 03:15:00,2026-06-06,13,ALT01,TER,0.0
2026-06-06 03:15:00,2026-06-06,13,ALT02,TER,0.0
2026-06-06 03:15:00,2026-06-06,13,ARJ01,TER,0.0
2026-06-06 03:15:00,2026-06-06,13,ARJ02,TER,0.0
2026-06-06 03:15:00,2026-06-06,13,ARJ03,TER,0.0
2026-06-06 03:15:00,2026-06-06,13,ARJ08,TER,0.04
2026-06-06 03:15:00,2026-06-06,13,ARJ09,TER,0.0
2026-06-06 03:15:00,2026-06-06,13,ARJ11,TER,0.0
2026-06-06 03:15:00,2026-06-06,13,ARJ12,TER,0.0
2026-06-06 03:15:00,2026-06-06,13,ARJ13,TER,0.0
2026-06-06 03:15:00,2026-06-06,13,ARJ14,TER,0.0
2026-06-06 03:15:00,2026-06-06,13,ARJ15,TER,0.0
2026-06-06 03:15:00,2026-06-06,13,BUL01,TER,0.0
2026-06-06 03:15:00,2026-06-06,13,BUL02,TER,0.0
2026-06-06 03:15:00,2026-06-06,13,BUL03,TER,0.0
2026-06-06 03:15:00,2026-06-06,13,CAR01,TER,0.0
2026-06-06 03:15:00,2026-06-06,13,CAR02,TER,0.0
2026-06-06 03:15:00,2026-06-06,13,CAR03,TER,0.0
2026-06-06 03:15:00,2026-06-06,13,ERI01,TER,0.0
2026-06-06 03:15:00,2026-06-06,13,ERI02,TER,0.0
2026-06-06 03:15:00,2026-06-06,13,ERI03,TER,0.0
2026-06-06 03:15:00,2026-06-06,13,ERI04,TER,0.0
2026-06-06 03:15:00,2026-06-06,13,ERI30,TER,35.39
2026-06-06 03:15:00,2026-06-06,13,ERI31,TER,39.55
2026-06-06 03:15:00,2026-06-06,13,ERI32,TER,39.26
2026-06-06 03:15:00,2026-06-06,13,ERI40,TER,0.01
2026-06-06 03:15:00,2026-06-06,13,ERI41,TER,0.0
2026-06-06 03:15:00,2026-06-06,13,ERI42,TER,0.0
2026-06-06 03:15:00,2026-06-06,13,ERI50,TER,30.49
2026-06-06 03:15:00,2026-06-06,13,ERI51,TER,25.98
2026-06-06 03:15:00,2026-06-06,13,ERI52,TER,25.93
2026-06-06 03:15:00,2026-06-06,13,GCH01,TER,0.0
2026-06-06 03:15:00,2026-06-06,13,GCH02,TER,0.0
2026-06-06 03:15:00,2026-06-06,13,GCH04,TER,0.0
2026-06-06 03:15:00,2026-06-06,13,GCH06,TER,0.0
2026-06-06 03:15:00,2026-06-06,13,GCH09,TER,0.0
2026-06-06 03:15:00,2026-06-06,13,GCH10,TER,50.39
2026-06-06 03:15:00,2026-06-06,13,GCH11,TER,0.0
2026-06-06 03:15:00,2026-06-06,13,GCH12,TER,36.65
2026-06-06 03:15:00,2026-06-06,13,MOS,TER,0.0
2026-06-06 03:15:00,2026-06-06,13,SCZ01,TER,0.0
2026-06-06 03:15:00,2026-06-06,13,SCZ02,TER,0.0
2026-06-06 03:15:00,2026-06-06,13,SUR10,TER,28.05
2026-06-06 03:15:00,2026-06-06,13,SUR11,TER,23.55
2026-06-06 03:15:00,2026-06-06,13,SUR12,TER,23.42
2026-06-06 03:15:00,2026-06-06,13,SUR20,TER,0.0
2026-06-06 03:15:00,2026-06-06,13,SUR21,TER,0.0
2026-06-06 03:15:00,2026-06-06,13,SUR22,TER,0.0
2026-06-06 03:15:00,2026-06-06,13,SUR30,TER,30.85
2026-06-06 03:15:00,2026-06-06,13,SUR31,TER,26.3
2026-06-06 03:15:00,2026-06-06,13,SUR32,TER,26.28
2026-06-06 03:15:00,2026-06-06,13,SUR40,TER,32.93
2026-06-06 03:15:00,2026-06-06,13,SUR41,TER,35.79
2026-06-06 03:15:00,2026-06-06,13,SUR42,TER,35.84
2026-06-06 03:15:00,2026-06-06,13,VHE01,TER,0.0
2026-06-06 03:15:00,2026-06-06,13,VHE02,TER,0.0
2026-06-06 03:15:00,2026-06-06,13,VHE03,TER,0.0
2026-06-06 03:15:00,2026-06-06,13,VHE04,TER,0.0
2026-06-06 03:15:00,2026-06-06,13,VHE05,TER,0.0
2026-06-06 03:15:00,2026-06-06,13,VHE06,TER,0.0
2026-06-06 03:15:00,2026-06-06,13,VHE07,TER,0.0
2026-06-06 03:15:00,2026-06-06,13,VHE08,TER,0.0
2026-06-06 03:15:00,2026-06-06,13,WAR05,TER,0.0
2026-06-06 03:15:00,2026-06-06,13,WAR10,TER,28.25
2026-06-06 03:15:00,2026-06-06,13,WAR11,TER,24.46
2026-06-06 03:15:00,2026-06-06,13,WAR12,TER,24.5
2026-06-06 03:15:00,2026-06-06,13,WAR20,TER,29.43
2026-06-06 03:15:00,2026-06-06,13,WAR21,TER,23.61
2026-06-06 03:15:00,2026-06-06,13,WAR22,TER,23.93
2026-06-06 03:15:00,2026-06-06,13,WAR30,TER,36.37
2026-06-06 03:15:00,2026-06-06,13,WAR31,TER,41.73
2026-06-06 03:15:00,2026-06-06,13,WAR32,TER,41.73
2026-06-06 03:15:00,2026-06-06,13,WAR40,TER,0.0
2026-06-06 03:15:00,2026-06-06,13,WAR41,TER,0.0
2026-06-06 03:15:00,2026-06-06,13,WAR42,TER,0.0
2026-06-06 03:15:00,2026-06-06,13,CH ZON,HID,0.0
2026-06-06 03:15:00,2026-06-06,13,CH TIQ,HID,0.0
2026-06-06 03:15:00,2026-06-06,13,CH BOT,HID,1.02
2026-06-06 03:15:00,2026-06-06,13,CH CUT,HID,5.11
2026-06-06 03:15:00,2026-06-06,13,CH SRO BA,HID,1.27
2026-06-06 03:15:00,2026-06-06,13,CH SRO AC,HID,0.0
2026-06-06 03:15:00,2026-06-06,13,CH SAI,HID,2.76
2026-06-06 03:15:00,2026-06-06,13,CH CHU,HID,4.6
2026-06-06 03:15:00,2026-06-06,13,CH HAR,HID,0.0
2026-06-06 03:15:00,2026-06-06,13,CH CAH,HID,6.13
2026-06-06 03:15:00,2026-06-06,13,CH HUA,HID,12.16
2026-06-06 03:15:00,2026-06-06,13,CH CHJ2,HID,0.0
2026-06-06 03:15:00,2026-06-06,13,CH YAN,HID,0.0
2026-06-06 03:15:00,2026-06-06,13,CH COR,HID,33.52
2026-06-06 03:15:00,2026-06-06,13,CH SIS,HID,53.42
2026-06-06 03:15:00,2026-06-06,13,CH SJS,HID,25.88
2026-06-06 03:15:00,2026-06-06,13,CH SJE,HID,28.84
2026-06-06 03:15:00,2026-06-06,13,CH MIS,HID,11.5
2026-06-06 03:15:00,2026-06-06,13,CH MIG,HID,0.0
2026-06-06 03:15:00,2026-06-06,13,CH ANG,HID,2.9
2026-06-06 03:15:00,2026-06-06,13,CH CHO,HID,3.53
2026-06-06 03:15:00,2026-06-06,13,CH CRB,HID,3.63
2026-06-06 03:15:00,2026-06-06,13,CH KIL,HID,0.0
2026-06-06 03:15:00,2026-06-06,13,CH LAN,HID,0.0
2026-06-06 03:15:00,2026-06-06,13,CH PUN,HID,0.0
2026-06-06 03:15:00,2026-06-06,13,CH KAN,HID,0.0
2026-06-06 03:15:00,2026-06-06,13,CH SJA,HID,0.0
2026-06-06 03:15:00,2026-06-06,13,AGU01,BIO,0.0
2026-06-06 03:15:00,2026-06-06,13,AGU02,BIO,0.0
2026-06-06 03:15:00,2026-06-06,13,GBE01,BIO,7.05
2026-06-06 03:15:00,2026-06-06,13,IAG01,BIO,0.0
2026-06-06 03:15:00,2026-06-06,13,UNA01,BIO,0.0
2026-06-06 03:15:00,2026-06-06,13,CSF ORU,INT,-0.01
2026-06-06 03:15:00,2026-06-06,13,CSF UYU,INT,-0.65
2026-06-06 03:15:00,2026-06-06,13,CSF YUN,INT,0.0
2026-06-06 03:15:00,2026-06-06,13,CE EDO,INT,-0.11
2026-06-06 03:15:00,2026-06-06,13,CE QOL,INT,2.63
2026-06-06 03:15:00,2026-06-06,13,CE SJU,INT,-0.1
2026-06-06 03:15:00,2026-06-06,13,CE WAR,INT,-0.12
2026-06-06 03:30:00,2026-06-06,14,ALT01,TER,0.0
2026-06-06 03:30:00,2026-06-06,14,ALT02,TER,0.0
2026-06-06 03:30:00,2026-06-06,14,ARJ01,TER,0.0
2026-06-06 03:30:00,2026-06-06,14,ARJ02,TER,0.0
2026-06-06 03:30:00,2026-06-06,14,ARJ03,TER,0.0
2026-06-06 03:30:00,2026-06-06,14,ARJ08,TER,0.03
2026-06-06 03:30:00,2026-06-06,14,ARJ09,TER,0.0
2026-06-06 03:30:00,2026-06-06,14,ARJ11,TER,0.0
2026-06-06 03:30:00,2026-06-06,14,ARJ12,TER,0.0
2026-06-06 03:30:00,2026-06-06,14,ARJ13,TER,0.0
2026-06-06 03:30:00,2026-06-06,14,ARJ14,TER,0.0
2026-06-06 03:30:00,2026-06-06,14,ARJ15,TER,0.0
2026-06-06 03:30:00,2026-06-06,14,BUL01,TER,0.0
2026-06-06 03:30:00,2026-06-06,14,BUL02,TER,0.0
2026-06-06 03:30:00,2026-06-06,14,BUL03,TER,0.0
2026-06-06 03:30:00,2026-06-06,14,CAR01,TER,0.0
2026-06-06 03:30:00,2026-06-06,14,CAR02,TER,0.0
2026-06-06 03:30:00,2026-06-06,14,CAR03,TER,0.0
2026-06-06 03:30:00,2026-06-06,14,ERI01,TER,0.0
2026-06-06 03:30:00,2026-06-06,14,ERI02,TER,0.0
2026-06-06 03:30:00,2026-06-06,14,ERI03,TER,0.0
2026-06-06 03:30:00,2026-06-06,14,ERI04,TER,0.0
2026-06-06 03:30:00,2026-06-06,14,ERI30,TER,33.15
2026-06-06 03:30:00,2026-06-06,14,ERI31,TER,33.33
2026-06-06 03:30:00,2026-06-06,14,ERI32,TER,33.38
2026-06-06 03:30:00,2026-06-06,14,ERI40,TER,0.01
2026-06-06 03:30:00,2026-06-06,14,ERI41,TER,0.0
2026-06-06 03:30:00,2026-06-06,14,ERI42,TER,0.0
2026-06-06 03:30:00,2026-06-06,14,ERI50,TER,30.65
2026-06-06 03:30:00,2026-06-06,14,ERI51,TER,26.04
2026-06-06 03:30:00,2026-06-06,14,ERI52,TER,26.22
2026-06-06 03:30:00,2026-06-06,14,GCH01,TER,0.0
2026-06-06 03:30:00,2026-06-06,14,GCH02,TER,0.0
2026-06-06 03:30:00,2026-06-06,14,GCH04,TER,0.0
2026-06-06 03:30:00,2026-06-06,14,GCH06,TER,0.0
2026-06-06 03:30:00,2026-06-06,14,GCH09,TER,0.0
2026-06-06 03:30:00,2026-06-06,14,GCH10,TER,50.83
2026-06-06 03:30:00,2026-06-06,14,GCH11,TER,0.0
2026-06-06 03:30:00,2026-06-06,14,GCH12,TER,36.78
2026-06-06 03:30:00,2026-06-06,14,MOS,TER,0.0
2026-06-06 03:30:00,2026-06-06,14,SCZ01,TER,0.0
2026-06-06 03:30:00,2026-06-06,14,SCZ02,TER,0.0
2026-06-06 03:30:00,2026-06-06,14,SUR10,TER,28.09
2026-06-06 03:30:00,2026-06-06,14,SUR11,TER,24.04
2026-06-06 03:30:00,2026-06-06,14,SUR12,TER,24.0
2026-06-06 03:30:00,2026-06-06,14,SUR20,TER,0.0
2026-06-06 03:30:00,2026-06-06,14,SUR21,TER,0.0
2026-06-06 03:30:00,2026-06-06,14,SUR22,TER,0.0
2026-06-06 03:30:00,2026-06-06,14,SUR30,TER,29.79
2026-06-06 03:30:00,2026-06-06,14,SUR31,TER,27.02
2026-06-06 03:30:00,2026-06-06,14,SUR32,TER,27.07
2026-06-06 03:30:00,2026-06-06,14,SUR40,TER,32.78
2026-06-06 03:30:00,2026-06-06,14,SUR41,TER,36.41
2026-06-06 03:30:00,2026-06-06,14,SUR42,TER,36.39
2026-06-06 03:30:00,2026-06-06,14,VHE01,TER,0.0
2026-06-06 03:30:00,2026-06-06,14,VHE02,TER,0.0
2026-06-06 03:30:00,2026-06-06,14,VHE03,TER,0.0
2026-06-06 03:30:00,2026-06-06,14,VHE04,TER,0.0
2026-06-06 03:30:00,2026-06-06,14,VHE05,TER,0.0
2026-06-06 03:30:00,2026-06-06,14,VHE06,TER,0.0
2026-06-06 03:30:00,2026-06-06,14,VHE07,TER,0.0
2026-06-06 03:30:00,2026-06-06,14,VHE08,TER,0.0
2026-06-06 03:30:00,2026-06-06,14,WAR05,TER,0.0
2026-06-06 03:30:00,2026-06-06,14,WAR10,TER,28.4
2026-06-06 03:30:00,2026-06-06,14,WAR11,TER,25.12
2026-06-06 03:30:00,2026-06-06,14,WAR12,TER,25.03
2026-06-06 03:30:00,2026-06-06,14,WAR20,TER,29.62
2026-06-06 03:30:00,2026-06-06,14,WAR21,TER,24.14
2026-06-06 03:30:00,2026-06-06,14,WAR22,TER,24.16
2026-06-06 03:30:00,2026-06-06,14,WAR30,TER,36.37
2026-06-06 03:30:00,2026-06-06,14,WAR31,TER,41.79
2026-06-06 03:30:00,2026-06-06,14,WAR32,TER,41.66
2026-06-06 03:30:00,2026-06-06,14,WAR40,TER,0.0
2026-06-06 03:30:00,2026-06-06,14,WAR41,TER,0.0
2026-06-06 03:30:00,2026-06-06,14,WAR42,TER,0.0
2026-06-06 03:30:00,2026-06-06,14,CH ZON,HID,0.0
2026-06-06 03:30:00,2026-06-06,14,CH TIQ,HID,0.0
2026-06-06 03:30:00,2026-06-06,14,CH BOT,HID,1.02
2026-06-06 03:30:00,2026-06-06,14,CH CUT,HID,5.01
2026-06-06 03:30:00,2026-06-06,14,CH SRO BA,HID,1.28
2026-06-06 03:30:00,2026-06-06,14,CH SRO AC,HID,0.0
2026-06-06 03:30:00,2026-06-06,14,CH SAI,HID,2.77
2026-06-06 03:30:00,2026-06-06,14,CH CHU,HID,4.59
2026-06-06 03:30:00,2026-06-06,14,CH HAR,HID,0.0
2026-06-06 03:30:00,2026-06-06,14,CH CAH,HID,6.15
2026-06-06 03:30:00,2026-06-06,14,CH HUA,HID,12.17
2026-06-06 03:30:00,2026-06-06,14,CH CHJ2,HID,0.0
2026-06-06 03:30:00,2026-06-06,14,CH YAN,HID,0.0
2026-06-06 03:30:00,2026-06-06,14,CH COR,HID,33.81
2026-06-06 03:30:00,2026-06-06,14,CH SIS,HID,53.99
2026-06-06 03:30:00,2026-06-06,14,CH SJS,HID,26.45
2026-06-06 03:30:00,2026-06-06,14,CH SJE,HID,29.76
2026-06-06 03:30:00,2026-06-06,14,CH MIS,HID,11.5
2026-06-06 03:30:00,2026-06-06,14,CH MIG,HID,0.0
2026-06-06 03:30:00,2026-06-06,14,CH ANG,HID,2.89
2026-06-06 03:30:00,2026-06-06,14,CH CHO,HID,3.53
2026-06-06 03:30:00,2026-06-06,14,CH CRB,HID,3.63
2026-06-06 03:30:00,2026-06-06,14,CH KIL,HID,0.0
2026-06-06 03:30:00,2026-06-06,14,CH LAN,HID,0.0
2026-06-06 03:30:00,2026-06-06,14,CH PUN,HID,0.0
2026-06-06 03:30:00,2026-06-06,14,CH KAN,HID,0.0
2026-06-06 03:30:00,2026-06-06,14,CH SJA,HID,0.0
2026-06-06 03:30:00,2026-06-06,14,AGU01,BIO,0.0
2026-06-06 03:30:00,2026-06-06,14,AGU02,BIO,0.0
2026-06-06 03:30:00,2026-06-06,14,GBE01,BIO,7.16
2026-06-06 03:30:00,2026-06-06,14,IAG01,BIO,0.0
2026-06-06 03:30:00,2026-06-06,14,UNA01,BIO,0.0
2026-06-06 03:30:00,2026-06-06,14,CSF ORU,INT,-0.01
2026-06-06 03:30:00,2026-06-06,14,CSF UYU,INT,-0.7
2026-06-06 03:30:00,2026-06-06,14,CSF YUN,INT,0.0
2026-06-06 03:30:00,2026-06-06,14,CE EDO,INT,0.47
2026-06-06 03:30:00,2026-06-06,14,CE QOL,INT,1.72
2026-06-06 03:30:00,2026-06-06,14,CE SJU,INT,-0.21
2026-06-06 03:30:00,2026-06-06,14,CE WAR,INT,-0.12
2026-06-06 03:45:00,2026-06-06,15,ALT01,TER,0.0
2026-06-06 03:45:00,2026-06-06,15,ALT02,TER,0.0
2026-06-06 03:45:00,2026-06-06,15,ARJ01,TER,0.0
2026-06-06 03:45:00,2026-06-06,15,ARJ02,TER,0.0
2026-06-06 03:45:00,2026-06-06,15,ARJ03,TER,0.0
2026-06-06 03:45:00,2026-06-06,15,ARJ08,TER,0.04
2026-06-06 03:45:00,2026-06-06,15,ARJ09,TER,0.0
2026-06-06 03:45:00,2026-06-06,15,ARJ11,TER,0.0
2026-06-06 03:45:00,2026-06-06,15,ARJ12,TER,0.0
2026-06-06 03:45:00,2026-06-06,15,ARJ13,TER,0.0
2026-06-06 03:45:00,2026-06-06,15,ARJ14,TER,0.0
2026-06-06 03:45:00,2026-06-06,15,ARJ15,TER,0.0
2026-06-06 03:45:00,2026-06-06,15,BUL01,TER,0.0
2026-06-06 03:45:00,2026-06-06,15,BUL02,TER,0.0
2026-06-06 03:45:00,2026-06-06,15,BUL03,TER,0.0
2026-06-06 03:45:00,2026-06-06,15,CAR01,TER,0.0
2026-06-06 03:45:00,2026-06-06,15,CAR02,TER,0.0
2026-06-06 03:45:00,2026-06-06,15,CAR03,TER,0.0
2026-06-06 03:45:00,2026-06-06,15,ERI01,TER,0.0
2026-06-06 03:45:00,2026-06-06,15,ERI02,TER,0.0
2026-06-06 03:45:00,2026-06-06,15,ERI03,TER,0.0
2026-06-06 03:45:00,2026-06-06,15,ERI04,TER,0.0
2026-06-06 03:45:00,2026-06-06,15,ERI30,TER,33.15
2026-06-06 03:45:00,2026-06-06,15,ERI31,TER,33.21
2026-06-06 03:45:00,2026-06-06,15,ERI32,TER,33.14
2026-06-06 03:45:00,2026-06-06,15,ERI40,TER,0.01
2026-06-06 03:45:00,2026-06-06,15,ERI41,TER,0.0
2026-06-06 03:45:00,2026-06-06,15,ERI42,TER,0.0
2026-06-06 03:45:00,2026-06-06,15,ERI50,TER,30.61
2026-06-06 03:45:00,2026-06-06,15,ERI51,TER,25.75
2026-06-06 03:45:00,2026-06-06,15,ERI52,TER,25.81
2026-06-06 03:45:00,2026-06-06,15,GCH01,TER,0.0
2026-06-06 03:45:00,2026-06-06,15,GCH02,TER,0.0
2026-06-06 03:45:00,2026-06-06,15,GCH04,TER,0.0
2026-06-06 03:45:00,2026-06-06,15,GCH06,TER,0.0
2026-06-06 03:45:00,2026-06-06,15,GCH09,TER,0.0
2026-06-06 03:45:00,2026-06-06,15,GCH10,TER,50.39
2026-06-06 03:45:00,2026-06-06,15,GCH11,TER,0.0
2026-06-06 03:45:00,2026-06-06,15,GCH12,TER,36.65
2026-06-06 03:45:00,2026-06-06,15,MOS,TER,0.0
2026-06-06 03:45:00,2026-06-06,15,SCZ01,TER,0.0
2026-06-06 03:45:00,2026-06-06,15,SCZ02,TER,0.0
2026-06-06 03:45:00,2026-06-06,15,SUR10,TER,28.24
2026-06-06 03:45:00,2026-06-06,15,SUR11,TER,23.5
2026-06-06 03:45:00,2026-06-06,15,SUR12,TER,23.48
2026-06-06 03:45:00,2026-06-06,15,SUR20,TER,0.0
2026-06-06 03:45:00,2026-06-06,15,SUR21,TER,0.0
2026-06-06 03:45:00,2026-06-06,15,SUR22,TER,0.0
2026-06-06 03:45:00,2026-06-06,15,SUR30,TER,29.94
2026-06-06 03:45:00,2026-06-06,15,SUR31,TER,26.79
2026-06-06 03:45:00,2026-06-06,15,SUR32,TER,26.81
2026-06-06 03:45:00,2026-06-06,15,SUR40,TER,33.16
2026-06-06 03:45:00,2026-06-06,15,SUR41,TER,35.72
2026-06-06 03:45:00,2026-06-06,15,SUR42,TER,35.72
2026-06-06 03:45:00,2026-06-06,15,VHE01,TER,0.0
2026-06-06 03:45:00,2026-06-06,15,VHE02,TER,0.0
2026-06-06 03:45:00,2026-06-06,15,VHE03,TER,0.0
2026-06-06 03:45:00,2026-06-06,15,VHE04,TER,0.0
2026-06-06 03:45:00,2026-06-06,15,VHE05,TER,0.0
2026-06-06 03:45:00,2026-06-06,15,VHE06,TER,0.0
2026-06-06 03:45:00,2026-06-06,15,VHE07,TER,0.0
2026-06-06 03:45:00,2026-06-06,15,VHE08,TER,0.0
2026-06-06 03:45:00,2026-06-06,15,WAR05,TER,0.0
2026-06-06 03:45:00,2026-06-06,15,WAR10,TER,27.91
2026-06-06 03:45:00,2026-06-06,15,WAR11,TER,24.71
2026-06-06 03:45:00,2026-06-06,15,WAR12,TER,24.75
2026-06-06 03:45:00,2026-06-06,15,WAR20,TER,29.51
2026-06-06 03:45:00,2026-06-06,15,WAR21,TER,23.65
2026-06-06 03:45:00,2026-06-06,15,WAR22,TER,23.77
2026-06-06 03:45:00,2026-06-06,15,WAR30,TER,36.37
2026-06-06 03:45:00,2026-06-06,15,WAR31,TER,41.4
2026-06-06 03:45:00,2026-06-06,15,WAR32,TER,41.51
2026-06-06 03:45:00,2026-06-06,15,WAR40,TER,0.0
2026-06-06 03:45:00,2026-06-06,15,WAR41,TER,0.0
2026-06-06 03:45:00,2026-06-06,15,WAR42,TER,0.0
2026-06-06 03:45:00,2026-06-06,15,CH ZON,HID,0.0
2026-06-06 03:45:00,2026-06-06,15,CH TIQ,HID,0.0
2026-06-06 03:45:00,2026-06-06,15,CH BOT,HID,1.0
2026-06-06 03:45:00,2026-06-06,15,CH CUT,HID,4.92
2026-06-06 03:45:00,2026-06-06,15,CH SRO BA,HID,1.28
2026-06-06 03:45:00,2026-06-06,15,CH SRO AC,HID,0.0
2026-06-06 03:45:00,2026-06-06,15,CH SAI,HID,2.72
2026-06-06 03:45:00,2026-06-06,15,CH CHU,HID,3.49
2026-06-06 03:45:00,2026-06-06,15,CH HAR,HID,0.0
2026-06-06 03:45:00,2026-06-06,15,CH CAH,HID,6.05
2026-06-06 03:45:00,2026-06-06,15,CH HUA,HID,10.03
2026-06-06 03:45:00,2026-06-06,15,CH CHJ2,HID,0.0
2026-06-06 03:45:00,2026-06-06,15,CH YAN,HID,0.0
2026-06-06 03:45:00,2026-06-06,15,CH COR,HID,39.84
2026-06-06 03:45:00,2026-06-06,15,CH SIS,HID,53.52
2026-06-06 03:45:00,2026-06-06,15,CH SJS,HID,25.83
2026-06-06 03:45:00,2026-06-06,15,CH SJE,HID,28.98
2026-06-06 03:45:00,2026-06-06,15,CH MIS,HID,11.5
2026-06-06 03:45:00,2026-06-06,15,CH MIG,HID,0.0
2026-06-06 03:45:00,2026-06-06,15,CH ANG,HID,2.89
2026-06-06 03:45:00,2026-06-06,15,CH CHO,HID,3.52
2026-06-06 03:45:00,2026-06-06,15,CH CRB,HID,3.62
2026-06-06 03:45:00,2026-06-06,15,CH KIL,HID,0.0
2026-06-06 03:45:00,2026-06-06,15,CH LAN,HID,0.0
2026-06-06 03:45:00,2026-06-06,15,CH PUN,HID,0.0
2026-06-06 03:45:00,2026-06-06,15,CH KAN,HID,0.0
2026-06-06 03:45:00,2026-06-06,15,CH SJA,HID,0.0
2026-06-06 03:45:00,2026-06-06,15,AGU01,BIO,0.0
2026-06-06 03:45:00,2026-06-06,15,AGU02,BIO,0.0
2026-06-06 03:45:00,2026-06-06,15,GBE01,BIO,6.73
2026-06-06 03:45:00,2026-06-06,15,IAG01,BIO,0.0
2026-06-06 03:45:00,2026-06-06,15,UNA01,BIO,0.0
2026-06-06 03:45:00,2026-06-06,15,CSF ORU,INT,-0.01
2026-06-06 03:45:00,2026-06-06,15,CSF UYU,INT,-0.71
2026-06-06 03:45:00,2026-06-06,15,CSF YUN,INT,0.0
2026-06-06 03:45:00,2026-06-06,15,CE EDO,INT,2.68
2026-06-06 03:45:00,2026-06-06,15,CE QOL,INT,1.29
2026-06-06 03:45:00,2026-06-06,15,CE SJU,INT,-0.2
2026-06-06 03:45:00,2026-06-06,15,CE WAR,INT,-0.11
2026-06-06 04:00:00,2026-06-06,16,ALT01,TER,0.0
2026-06-06 04:00:00,2026-06-06,16,ALT02,TER,0.0
2026-06-06 04:00:00,2026-06-06,16,ARJ01,TER,0.0
2026-06-06 04:00:00,2026-06-06,16,ARJ02,TER,0.0
2026-06-06 04:00:00,2026-06-06,16,ARJ03,TER,0.0
2026-06-06 04:00:00,2026-06-06,16,ARJ08,TER,0.04
2026-06-06 04:00:00,2026-06-06,16,ARJ09,TER,0.0
2026-06-06 04:00:00,2026-06-06,16,ARJ11,TER,0.0
2026-06-06 04:00:00,2026-06-06,16,ARJ12,TER,0.0
2026-06-06 04:00:00,2026-06-06,16,ARJ13,TER,0.0
2026-06-06 04:00:00,2026-06-06,16,ARJ14,TER,0.0
2026-06-06 04:00:00,2026-06-06,16,ARJ15,TER,0.0
2026-06-06 04:00:00,2026-06-06,16,BUL01,TER,0.0
2026-06-06 04:00:00,2026-06-06,16,BUL02,TER,0.0
2026-06-06 04:00:00,2026-06-06,16,BUL03,TER,0.0
2026-06-06 04:00:00,2026-06-06,16,CAR01,TER,0.0
2026-06-06 04:00:00,2026-06-06,16,CAR02,TER,0.0
2026-06-06 04:00:00,2026-06-06,16,CAR03,TER,0.0
2026-06-06 04:00:00,2026-06-06,16,ERI01,TER,0.0
2026-06-06 04:00:00,2026-06-06,16,ERI02,TER,0.0
2026-06-06 04:00:00,2026-06-06,16,ERI03,TER,0.0
2026-06-06 04:00:00,2026-06-06,16,ERI04,TER,0.0
2026-06-06 04:00:00,2026-06-06,16,ERI30,TER,32.96
2026-06-06 04:00:00,2026-06-06,16,ERI31,TER,33.28
2026-06-06 04:00:00,2026-06-06,16,ERI32,TER,33.29
2026-06-06 04:00:00,2026-06-06,16,ERI40,TER,0.01
2026-06-06 04:00:00,2026-06-06,16,ERI41,TER,0.0
2026-06-06 04:00:00,2026-06-06,16,ERI42,TER,0.0
2026-06-06 04:00:00,2026-06-06,16,ERI50,TER,30.57
2026-06-06 04:00:00,2026-06-06,16,ERI51,TER,25.9
2026-06-06 04:00:00,2026-06-06,16,ERI52,TER,25.95
2026-06-06 04:00:00,2026-06-06,16,GCH01,TER,0.0
2026-06-06 04:00:00,2026-06-06,16,GCH02,TER,0.0
2026-06-06 04:00:00,2026-06-06,16,GCH04,TER,0.0
2026-06-06 04:00:00,2026-06-06,16,GCH06,TER,0.0
2026-06-06 04:00:00,2026-06-06,16,GCH09,TER,0.0
2026-06-06 04:00:00,2026-06-06,16,GCH10,TER,50.2
2026-06-06 04:00:00,2026-06-06,16,GCH11,TER,0.0
2026-06-06 04:00:00,2026-06-06,16,GCH12,TER,36.53
2026-06-06 04:00:00,2026-06-06,16,MOS,TER,0.0
2026-06-06 04:00:00,2026-06-06,16,SCZ01,TER,0.0
2026-06-06 04:00:00,2026-06-06,16,SCZ02,TER,0.0
2026-06-06 04:00:00,2026-06-06,16,SUR10,TER,28.09
2026-06-06 04:00:00,2026-06-06,16,SUR11,TER,23.55
2026-06-06 04:00:00,2026-06-06,16,SUR12,TER,23.55
2026-06-06 04:00:00,2026-06-06,16,SUR20,TER,0.0
2026-06-06 04:00:00,2026-06-06,16,SUR21,TER,0.0
2026-06-06 04:00:00,2026-06-06,16,SUR22,TER,0.0
2026-06-06 04:00:00,2026-06-06,16,SUR30,TER,29.75
2026-06-06 04:00:00,2026-06-06,16,SUR31,TER,26.87
2026-06-06 04:00:00,2026-06-06,16,SUR32,TER,26.91
2026-06-06 04:00:00,2026-06-06,16,SUR40,TER,32.02
2026-06-06 04:00:00,2026-06-06,16,SUR41,TER,32.81
2026-06-06 04:00:00,2026-06-06,16,SUR42,TER,32.87
2026-06-06 04:00:00,2026-06-06,16,VHE01,TER,0.0
2026-06-06 04:00:00,2026-06-06,16,VHE02,TER,0.0
2026-06-06 04:00:00,2026-06-06,16,VHE03,TER,0.0
2026-06-06 04:00:00,2026-06-06,16,VHE04,TER,0.0
2026-06-06 04:00:00,2026-06-06,16,VHE05,TER,0.0
2026-06-06 04:00:00,2026-06-06,16,VHE06,TER,0.0
2026-06-06 04:00:00,2026-06-06,16,VHE07,TER,0.0
2026-06-06 04:00:00,2026-06-06,16,VHE08,TER,0.0
2026-06-06 04:00:00,2026-06-06,16,WAR05,TER,0.0
2026-06-06 04:00:00,2026-06-06,16,WAR10,TER,28.1
2026-06-06 04:00:00,2026-06-06,16,WAR11,TER,24.54
2026-06-06 04:00:00,2026-06-06,16,WAR12,TER,24.5
2026-06-06 04:00:00,2026-06-06,16,WAR20,TER,29.47
2026-06-06 04:00:00,2026-06-06,16,WAR21,TER,23.62
2026-06-06 04:00:00,2026-06-06,16,WAR22,TER,23.77
2026-06-06 04:00:00,2026-06-06,16,WAR30,TER,36.37
2026-06-06 04:00:00,2026-06-06,16,WAR31,TER,41.81
2026-06-06 04:00:00,2026-06-06,16,WAR32,TER,41.91
2026-06-06 04:00:00,2026-06-06,16,WAR40,TER,0.0
2026-06-06 04:00:00,2026-06-06,16,WAR41,TER,0.0
2026-06-06 04:00:00,2026-06-06,16,WAR42,TER,0.0
2026-06-06 04:00:00,2026-06-06,16,CH ZON,HID,0.0
2026-06-06 04:00:00,2026-06-06,16,CH TIQ,HID,0.0
2026-06-06 04:00:00,2026-06-06,16,CH BOT,HID,1.01
2026-06-06 04:00:00,2026-06-06,16,CH CUT,HID,4.9
2026-06-06 04:00:00,2026-06-06,16,CH SRO BA,HID,1.28
2026-06-06 04:00:00,2026-06-06,16,CH SRO AC,HID,0.0
2026-06-06 04:00:00,2026-06-06,16,CH SAI,HID,2.7
2026-06-06 04:00:00,2026-06-06,16,CH CHU,HID,3.5
2026-06-06 04:00:00,2026-06-06,16,CH HAR,HID,0.0
2026-06-06 04:00:00,2026-06-06,16,CH CAH,HID,6.0
2026-06-06 04:00:00,2026-06-06,16,CH HUA,HID,11.45
2026-06-06 04:00:00,2026-06-06,16,CH CHJ2,HID,0.0
2026-06-06 04:00:00,2026-06-06,16,CH YAN,HID,0.0
2026-06-06 04:00:00,2026-06-06,16,CH COR,HID,40.28
2026-06-06 04:00:00,2026-06-06,16,CH SIS,HID,53.46
2026-06-06 04:00:00,2026-06-06,16,CH SJS,HID,25.87
2026-06-06 04:00:00,2026-06-06,16,CH SJE,HID,29.02
2026-06-06 04:00:00,2026-06-06,16,CH MIS,HID,11.5
2026-06-06 04:00:00,2026-06-06,16,CH MIG,HID,0.0
2026-06-06 04:00:00,2026-06-06,16,CH ANG,HID,2.88
2026-06-06 04:00:00,2026-06-06,16,CH CHO,HID,3.53
2026-06-06 04:00:00,2026-06-06,16,CH CRB,HID,3.59
2026-06-06 04:00:00,2026-06-06,16,CH KIL,HID,0.0
2026-06-06 04:00:00,2026-06-06,16,CH LAN,HID,0.0
2026-06-06 04:00:00,2026-06-06,16,CH PUN,HID,0.0
2026-06-06 04:00:00,2026-06-06,16,CH KAN,HID,0.0
2026-06-06 04:00:00,2026-06-06,16,CH SJA,HID,0.0
2026-06-06 04:00:00,2026-06-06,16,AGU01,BIO,0.0
2026-06-06 04:00:00,2026-06-06,16,AGU02,BIO,0.0
2026-06-06 04:00:00,2026-06-06,16,GBE01,BIO,6.57
2026-06-06 04:00:00,2026-06-06,16,IAG01,BIO,0.0
2026-06-06 04:00:00,2026-06-06,16,UNA01,BIO,0.0
2026-06-06 04:00:00,2026-06-06,16,CSF ORU,INT,-0.01
2026-06-06 04:00:00,2026-06-06,16,CSF UYU,INT,-0.72
2026-06-06 04:00:00,2026-06-06,16,CSF YUN,INT,0.0
2026-06-06 04:00:00,2026-06-06,16,CE EDO,INT,1.75
2026-06-06 04:00:00,2026-06-06,16,CE QOL,INT,1.81
2026-06-06 04:00:00,2026-06-06,16,CE SJU,INT,-0.17
2026-06-06 04:00:00,2026-06-06,16,CE WAR,INT,-0.12
2026-06-06 04:15:00,2026-06-06,17,ALT01,TER,0.0
2026-06-06 04:15:00,2026-06-06,17,ALT02,TER,0.0
2026-06-06 04:15:00,2026-06-06,17,ARJ01,TER,0.0
2026-06-06 04:15:00,2026-06-06,17,ARJ02,TER,0.0
2026-06-06 04:15:00,2026-06-06,17,ARJ03,TER,0.0
2026-06-06 04:15:00,2026-06-06,17,ARJ08,TER,0.0
2026-06-06 04:15:00,2026-06-06,17,ARJ09,TER,0.0
2026-06-06 04:15:00,2026-06-06,17,ARJ11,TER,0.0
2026-06-06 04:15:00,2026-06-06,17,ARJ12,TER,0.0
2026-06-06 04:15:00,2026-06-06,17,ARJ13,TER,0.0
2026-06-06 04:15:00,2026-06-06,17,ARJ14,TER,0.0
2026-06-06 04:15:00,2026-06-06,17,ARJ15,TER,0.0
2026-06-06 04:15:00,2026-06-06,17,BUL01,TER,0.0
2026-06-06 04:15:00,2026-06-06,17,BUL02,TER,0.0
2026-06-06 04:15:00,2026-06-06,17,BUL03,TER,0.0
2026-06-06 04:15:00,2026-06-06,17,CAR01,TER,0.0
2026-06-06 04:15:00,2026-06-06,17,CAR02,TER,0.0
2026-06-06 04:15:00,2026-06-06,17,CAR03,TER,0.0
2026-06-06 04:15:00,2026-06-06,17,ERI01,TER,0.0
2026-06-06 04:15:00,2026-06-06,17,ERI02,TER,0.0
2026-06-06 04:15:00,2026-06-06,17,ERI03,TER,0.0
2026-06-06 04:15:00,2026-06-06,17,ERI04,TER,0.0
2026-06-06 04:15:00,2026-06-06,17,ERI30,TER,30.84
2026-06-06 04:15:00,2026-06-06,17,ERI31,TER,28.81
2026-06-06 04:15:00,2026-06-06,17,ERI32,TER,28.76
2026-06-06 04:15:00,2026-06-06,17,ERI40,TER,0.01
2026-06-06 04:15:00,2026-06-06,17,ERI41,TER,0.0
2026-06-06 04:15:00,2026-06-06,17,ERI42,TER,0.0
2026-06-06 04:15:00,2026-06-06,17,ERI50,TER,30.11
2026-06-06 04:15:00,2026-06-06,17,ERI51,TER,25.23
2026-06-06 04:15:00,2026-06-06,17,ERI52,TER,25.53
2026-06-06 04:15:00,2026-06-06,17,GCH01,TER,0.0
2026-06-06 04:15:00,2026-06-06,17,GCH02,TER,0.0
2026-06-06 04:15:00,2026-06-06,17,GCH04,TER,0.0
2026-06-06 04:15:00,2026-06-06,17,GCH06,TER,0.0
2026-06-06 04:15:00,2026-06-06,17,GCH09,TER,0.0
2026-06-06 04:15:00,2026-06-06,17,GCH10,TER,50.81
2026-06-06 04:15:00,2026-06-06,17,GCH11,TER,0.0
2026-06-06 04:15:00,2026-06-06,17,GCH12,TER,36.45
2026-06-06 04:15:00,2026-06-06,17,MOS,TER,0.0
2026-06-06 04:15:00,2026-06-06,17,SCZ01,TER,0.0
2026-06-06 04:15:00,2026-06-06,17,SCZ02,TER,0.0
2026-06-06 04:15:00,2026-06-06,17,SUR10,TER,27.75
2026-06-06 04:15:00,2026-06-06,17,SUR11,TER,23.03
2026-06-06 04:15:00,2026-06-06,17,SUR12,TER,22.99
2026-06-06 04:15:00,2026-06-06,17,SUR20,TER,0.0
2026-06-06 04:15:00,2026-06-06,17,SUR21,TER,0.0
2026-06-06 04:15:00,2026-06-06,17,SUR22,TER,0.0
2026-06-06 04:15:00,2026-06-06,17,SUR30,TER,29.83
2026-06-06 04:15:00,2026-06-06,17,SUR31,TER,26.95
2026-06-06 04:15:00,2026-06-06,17,SUR32,TER,26.95
2026-06-06 04:15:00,2026-06-06,17,SUR40,TER,31.53
2026-06-06 04:15:00,2026-06-06,17,SUR41,TER,32.46
2026-06-06 04:15:00,2026-06-06,17,SUR42,TER,32.61
2026-06-06 04:15:00,2026-06-06,17,VHE01,TER,0.0
2026-06-06 04:15:00,2026-06-06,17,VHE02,TER,0.0
2026-06-06 04:15:00,2026-06-06,17,VHE03,TER,0.0
2026-06-06 04:15:00,2026-06-06,17,VHE04,TER,0.0
2026-06-06 04:15:00,2026-06-06,17,VHE05,TER,0.0
2026-06-06 04:15:00,2026-06-06,17,VHE06,TER,0.0
2026-06-06 04:15:00,2026-06-06,17,VHE07,TER,0.0
2026-06-06 04:15:00,2026-06-06,17,VHE08,TER,0.0
2026-06-06 04:15:00,2026-06-06,17,WAR05,TER,0.0
2026-06-06 04:15:00,2026-06-06,17,WAR10,TER,28.14
2026-06-06 04:15:00,2026-06-06,17,WAR11,TER,23.92
2026-06-06 04:15:00,2026-06-06,17,WAR12,TER,23.83
2026-06-06 04:15:00,2026-06-06,17,WAR20,TER,29.24
2026-06-06 04:15:00,2026-06-06,17,WAR21,TER,23.1
2026-06-06 04:15:00,2026-06-06,17,WAR22,TER,23.25
2026-06-06 04:15:00,2026-06-06,17,WAR30,TER,35.88
2026-06-06 04:15:00,2026-06-06,17,WAR31,TER,41.34
2026-06-06 04:15:00,2026-06-06,17,WAR32,TER,41.09
2026-06-06 04:15:00,2026-06-06,17,WAR40,TER,0.0
2026-06-06 04:15:00,2026-06-06,17,WAR41,TER,0.0
2026-06-06 04:15:00,2026-06-06,17,WAR42,TER,0.0
2026-06-06 04:15:00,2026-06-06,17,CH ZON,HID,0.0
2026-06-06 04:15:00,2026-06-06,17,CH TIQ,HID,0.0
2026-06-06 04:15:00,2026-06-06,17,CH BOT,HID,0.99
2026-06-06 04:15:00,2026-06-06,17,CH CUT,HID,5.08
2026-06-06 04:15:00,2026-06-06,17,CH SRO BA,HID,1.26
2026-06-06 04:15:00,2026-06-06,17,CH SRO AC,HID,0.0
2026-06-06 04:15:00,2026-06-06,17,CH SAI,HID,2.66
2026-06-06 04:15:00,2026-06-06,17,CH CHU,HID,3.48
2026-06-06 04:15:00,2026-06-06,17,CH HAR,HID,0.0
2026-06-06 04:15:00,2026-06-06,17,CH CAH,HID,5.97
2026-06-06 04:15:00,2026-06-06,17,CH HUA,HID,11.46
2026-06-06 04:15:00,2026-06-06,17,CH CHJ2,HID,0.0
2026-06-06 04:15:00,2026-06-06,17,CH YAN,HID,25.5
2026-06-06 04:15:00,2026-06-06,17,CH COR,HID,36.22
2026-06-06 04:15:00,2026-06-06,17,CH SIS,HID,52.6
2026-06-06 04:15:00,2026-06-06,17,CH SJS,HID,24.75
2026-06-06 04:15:00,2026-06-06,17,CH SJE,HID,27.25
2026-06-06 04:15:00,2026-06-06,17,CH MIS,HID,11.5
2026-06-06 04:15:00,2026-06-06,17,CH MIG,HID,0.0
2026-06-06 04:15:00,2026-06-06,17,CH ANG,HID,2.86
2026-06-06 04:15:00,2026-06-06,17,CH CHO,HID,3.53
2026-06-06 04:15:00,2026-06-06,17,CH CRB,HID,3.57
2026-06-06 04:15:00,2026-06-06,17,CH KIL,HID,0.0
2026-06-06 04:15:00,2026-06-06,17,CH LAN,HID,0.0
2026-06-06 04:15:00,2026-06-06,17,CH PUN,HID,0.0
2026-06-06 04:15:00,2026-06-06,17,CH KAN,HID,0.0
2026-06-06 04:15:00,2026-06-06,17,CH SJA,HID,0.0
2026-06-06 04:15:00,2026-06-06,17,AGU01,BIO,0.0
2026-06-06 04:15:00,2026-06-06,17,AGU02,BIO,0.0
2026-06-06 04:15:00,2026-06-06,17,GBE01,BIO,5.67
2026-06-06 04:15:00,2026-06-06,17,IAG01,BIO,0.0
2026-06-06 04:15:00,2026-06-06,17,UNA01,BIO,0.0
2026-06-06 04:15:00,2026-06-06,17,CSF ORU,INT,-0.01
2026-06-06 04:15:00,2026-06-06,17,CSF UYU,INT,-0.77
2026-06-06 04:15:00,2026-06-06,17,CSF YUN,INT,0.0
2026-06-06 04:15:00,2026-06-06,17,CE EDO,INT,1.47
2026-06-06 04:15:00,2026-06-06,17,CE QOL,INT,1.91
2026-06-06 04:15:00,2026-06-06,17,CE SJU,INT,-0.19
2026-06-06 04:15:00,2026-06-06,17,CE WAR,INT,-0.11
2026-06-06 04:30:00,2026-06-06,18,ALT01,TER,0.0
2026-06-06 04:30:00,2026-06-06,18,ALT02,TER,0.0
2026-06-06 04:30:00,2026-06-06,18,ARJ01,TER,0.0
2026-06-06 04:30:00,2026-06-06,18,ARJ02,TER,0.0
2026-06-06 04:30:00,2026-06-06,18,ARJ03,TER,0.0
2026-06-06 04:30:00,2026-06-06,18,ARJ08,TER,0.03
2026-06-06 04:30:00,2026-06-06,18,ARJ09,TER,0.0
2026-06-06 04:30:00,2026-06-06,18,ARJ11,TER,0.0
2026-06-06 04:30:00,2026-06-06,18,ARJ12,TER,0.0
2026-06-06 04:30:00,2026-06-06,18,ARJ13,TER,0.0
2026-06-06 04:30:00,2026-06-06,18,ARJ14,TER,0.0
2026-06-06 04:30:00,2026-06-06,18,ARJ15,TER,0.0
2026-06-06 04:30:00,2026-06-06,18,BUL01,TER,0.0
2026-06-06 04:30:00,2026-06-06,18,BUL02,TER,0.0
2026-06-06 04:30:00,2026-06-06,18,BUL03,TER,0.0
2026-06-06 04:30:00,2026-06-06,18,CAR01,TER,0.0
2026-06-06 04:30:00,2026-06-06,18,CAR02,TER,0.0
2026-06-06 04:30:00,2026-06-06,18,CAR03,TER,0.0
2026-06-06 04:30:00,2026-06-06,18,ERI01,TER,0.0
2026-06-06 04:30:00,2026-06-06,18,ERI02,TER,0.0
2026-06-06 04:30:00,2026-06-06,18,ERI03,TER,0.0
2026-06-06 04:30:00,2026-06-06,18,ERI04,TER,0.0
2026-06-06 04:30:00,2026-06-06,18,ERI30,TER,32.54
2026-06-06 04:30:00,2026-06-06,18,ERI31,TER,31.72
2026-06-06 04:30:00,2026-06-06,18,ERI32,TER,31.74
2026-06-06 04:30:00,2026-06-06,18,ERI40,TER,-0.02
2026-06-06 04:30:00,2026-06-06,18,ERI41,TER,0.0
2026-06-06 04:30:00,2026-06-06,18,ERI42,TER,0.0
2026-06-06 04:30:00,2026-06-06,18,ERI50,TER,30.8
2026-06-06 04:30:00,2026-06-06,18,ERI51,TER,26.3
2026-06-06 04:30:00,2026-06-06,18,ERI52,TER,26.42
2026-06-06 04:30:00,2026-06-06,18,GCH01,TER,0.0
2026-06-06 04:30:00,2026-06-06,18,GCH02,TER,0.0
2026-06-06 04:30:00,2026-06-06,18,GCH04,TER,0.0
2026-06-06 04:30:00,2026-06-06,18,GCH06,TER,0.0
2026-06-06 04:30:00,2026-06-06,18,GCH09,TER,0.0
2026-06-06 04:30:00,2026-06-06,18,GCH10,TER,50.02
2026-06-06 04:30:00,2026-06-06,18,GCH11,TER,0.0
2026-06-06 04:30:00,2026-06-06,18,GCH12,TER,36.47
2026-06-06 04:30:00,2026-06-06,18,MOS,TER,0.0
2026-06-06 04:30:00,2026-06-06,18,SCZ01,TER,0.0
2026-06-06 04:30:00,2026-06-06,18,SCZ02,TER,0.0
2026-06-06 04:30:00,2026-06-06,18,SUR10,TER,28.39
2026-06-06 04:30:00,2026-06-06,18,SUR11,TER,24.1
2026-06-06 04:30:00,2026-06-06,18,SUR12,TER,24.14
2026-06-06 04:30:00,2026-06-06,18,SUR20,TER,0.0
2026-06-06 04:30:00,2026-06-06,18,SUR21,TER,0.0
2026-06-06 04:30:00,2026-06-06,18,SUR22,TER,0.0
2026-06-06 04:30:00,2026-06-06,18,SUR30,TER,29.91
2026-06-06 04:30:00,2026-06-06,18,SUR31,TER,26.9
2026-06-06 04:30:00,2026-06-06,18,SUR32,TER,26.92
2026-06-06 04:30:00,2026-06-06,18,SUR40,TER,32.21
2026-06-06 04:30:00,2026-06-06,18,SUR41,TER,33.41
2026-06-06 04:30:00,2026-06-06,18,SUR42,TER,33.44
2026-06-06 04:30:00,2026-06-06,18,VHE01,TER,0.0
2026-06-06 04:30:00,2026-06-06,18,VHE02,TER,0.0
2026-06-06 04:30:00,2026-06-06,18,VHE03,TER,0.0
2026-06-06 04:30:00,2026-06-06,18,VHE04,TER,0.0
2026-06-06 04:30:00,2026-06-06,18,VHE05,TER,0.0
2026-06-06 04:30:00,2026-06-06,18,VHE06,TER,0.0
2026-06-06 04:30:00,2026-06-06,18,VHE07,TER,0.0
2026-06-06 04:30:00,2026-06-06,18,VHE08,TER,0.0
2026-06-06 04:30:00,2026-06-06,18,WAR05,TER,0.0
2026-06-06 04:30:00,2026-06-06,18,WAR10,TER,28.4
2026-06-06 04:30:00,2026-06-06,18,WAR11,TER,25.29
2026-06-06 04:30:00,2026-06-06,18,WAR12,TER,25.37
2026-06-06 04:30:00,2026-06-06,18,WAR20,TER,29.7
2026-06-06 04:30:00,2026-06-06,18,WAR21,TER,24.34
2026-06-06 04:30:00,2026-06-06,18,WAR22,TER,24.45
2026-06-06 04:30:00,2026-06-06,18,WAR30,TER,36.59
2026-06-06 04:30:00,2026-06-06,18,WAR31,TER,42.25
2026-06-06 04:30:00,2026-06-06,18,WAR32,TER,42.32
2026-06-06 04:30:00,2026-06-06,18,WAR40,TER,0.0
2026-06-06 04:30:00,2026-06-06,18,WAR41,TER,0.0
2026-06-06 04:30:00,2026-06-06,18,WAR42,TER,0.0
2026-06-06 04:30:00,2026-06-06,18,CH ZON,HID,0.0
2026-06-06 04:30:00,2026-06-06,18,CH TIQ,HID,0.0
2026-06-06 04:30:00,2026-06-06,18,CH BOT,HID,0.82
2026-06-06 04:30:00,2026-06-06,18,CH CUT,HID,5.06
2026-06-06 04:30:00,2026-06-06,18,CH SRO BA,HID,1.28
2026-06-06 04:30:00,2026-06-06,18,CH SRO AC,HID,0.0
2026-06-06 04:30:00,2026-06-06,18,CH SAI,HID,2.78
2026-06-06 04:30:00,2026-06-06,18,CH CHU,HID,3.62
2026-06-06 04:30:00,2026-06-06,18,CH HAR,HID,0.0
2026-06-06 04:30:00,2026-06-06,18,CH CAH,HID,6.18
2026-06-06 04:30:00,2026-06-06,18,CH HUA,HID,12.01
2026-06-06 04:30:00,2026-06-06,18,CH CHJ2,HID,0.0
2026-06-06 04:30:00,2026-06-06,18,CH YAN,HID,26.7
2026-06-06 04:30:00,2026-06-06,18,CH COR,HID,22.55
2026-06-06 04:30:00,2026-06-06,18,CH SIS,HID,36.17
2026-06-06 04:30:00,2026-06-06,18,CH SJS,HID,26.72
2026-06-06 04:30:00,2026-06-06,18,CH SJE,HID,30.17
2026-06-06 04:30:00,2026-06-06,18,CH MIS,HID,11.5
2026-06-06 04:30:00,2026-06-06,18,CH MIG,HID,0.0
2026-06-06 04:30:00,2026-06-06,18,CH ANG,HID,2.9
2026-06-06 04:30:00,2026-06-06,18,CH CHO,HID,3.53
2026-06-06 04:30:00,2026-06-06,18,CH CRB,HID,3.66
2026-06-06 04:30:00,2026-06-06,18,CH KIL,HID,0.0
2026-06-06 04:30:00,2026-06-06,18,CH LAN,HID,0.0
2026-06-06 04:30:00,2026-06-06,18,CH PUN,HID,0.0
2026-06-06 04:30:00,2026-06-06,18,CH KAN,HID,0.0
2026-06-06 04:30:00,2026-06-06,18,CH SJA,HID,0.0
2026-06-06 04:30:00,2026-06-06,18,AGU01,BIO,0.0
2026-06-06 04:30:00,2026-06-06,18,AGU02,BIO,0.0
2026-06-06 04:30:00,2026-06-06,18,GBE01,BIO,7.32
2026-06-06 04:30:00,2026-06-06,18,IAG01,BIO,0.0
2026-06-06 04:30:00,2026-06-06,18,UNA01,BIO,0.0
2026-06-06 04:30:00,2026-06-06,18,CSF ORU,INT,-0.01
2026-06-06 04:30:00,2026-06-06,18,CSF UYU,INT,-0.78
2026-06-06 04:30:00,2026-06-06,18,CSF YUN,INT,0.0
2026-06-06 04:30:00,2026-06-06,18,CE EDO,INT,0.77
2026-06-06 04:30:00,2026-06-06,18,CE QOL,INT,3.5
2026-06-06 04:30:00,2026-06-06,18,CE SJU,INT,-0.18
2026-06-06 04:30:00,2026-06-06,18,CE WAR,INT,-0.12
2026-06-06 04:45:00,2026-06-06,19,ALT01,TER,0.0
2026-06-06 04:45:00,2026-06-06,19,ALT02,TER,0.0
2026-06-06 04:45:00,2026-06-06,19,ARJ01,TER,0.0
2026-06-06 04:45:00,2026-06-06,19,ARJ02,TER,0.0
2026-06-06 04:45:00,2026-06-06,19,ARJ03,TER,0.0
2026-06-06 04:45:00,2026-06-06,19,ARJ08,TER,0.04
2026-06-06 04:45:00,2026-06-06,19,ARJ09,TER,0.0
2026-06-06 04:45:00,2026-06-06,19,ARJ11,TER,0.0
2026-06-06 04:45:00,2026-06-06,19,ARJ12,TER,0.0
2026-06-06 04:45:00,2026-06-06,19,ARJ13,TER,0.0
2026-06-06 04:45:00,2026-06-06,19,ARJ14,TER,0.0
2026-06-06 04:45:00,2026-06-06,19,ARJ15,TER,0.0
2026-06-06 04:45:00,2026-06-06,19,BUL01,TER,0.0
2026-06-06 04:45:00,2026-06-06,19,BUL02,TER,0.0
2026-06-06 04:45:00,2026-06-06,19,BUL03,TER,0.0
2026-06-06 04:45:00,2026-06-06,19,CAR01,TER,0.0
2026-06-06 04:45:00,2026-06-06,19,CAR02,TER,0.0
2026-06-06 04:45:00,2026-06-06,19,CAR03,TER,0.0
2026-06-06 04:45:00,2026-06-06,19,ERI01,TER,0.0
2026-06-06 04:45:00,2026-06-06,19,ERI02,TER,0.0
2026-06-06 04:45:00,2026-06-06,19,ERI03,TER,0.0
2026-06-06 04:45:00,2026-06-06,19,ERI04,TER,0.0
2026-06-06 04:45:00,2026-06-06,19,ERI30,TER,34.94
2026-06-06 04:45:00,2026-06-06,19,ERI31,TER,39.65
2026-06-06 04:45:00,2026-06-06,19,ERI32,TER,39.55
2026-06-06 04:45:00,2026-06-06,19,ERI40,TER,0.01
2026-06-06 04:45:00,2026-06-06,19,ERI41,TER,0.0
2026-06-06 04:45:00,2026-06-06,19,ERI42,TER,0.0
2026-06-06 04:45:00,2026-06-06,19,ERI50,TER,30.49
2026-06-06 04:45:00,2026-06-06,19,ERI51,TER,25.61
2026-06-06 04:45:00,2026-06-06,19,ERI52,TER,25.56
2026-06-06 04:45:00,2026-06-06,19,GCH01,TER,0.0
2026-06-06 04:45:00,2026-06-06,19,GCH02,TER,0.0
2026-06-06 04:45:00,2026-06-06,19,GCH04,TER,0.0
2026-06-06 04:45:00,2026-06-06,19,GCH06,TER,0.0
2026-06-06 04:45:00,2026-06-06,19,GCH09,TER,0.0
2026-06-06 04:45:00,2026-06-06,19,GCH10,TER,50.2
2026-06-06 04:45:00,2026-06-06,19,GCH11,TER,0.0
2026-06-06 04:45:00,2026-06-06,19,GCH12,TER,36.45
2026-06-06 04:45:00,2026-06-06,19,MOS,TER,0.0
2026-06-06 04:45:00,2026-06-06,19,SCZ01,TER,0.0
2026-06-06 04:45:00,2026-06-06,19,SCZ02,TER,0.0
2026-06-06 04:45:00,2026-06-06,19,SUR10,TER,28.05
2026-06-06 04:45:00,2026-06-06,19,SUR11,TER,23.49
2026-06-06 04:45:00,2026-06-06,19,SUR12,TER,23.39
2026-06-06 04:45:00,2026-06-06,19,SUR20,TER,0.0
2026-06-06 04:45:00,2026-06-06,19,SUR21,TER,0.0
2026-06-06 04:45:00,2026-06-06,19,SUR22,TER,0.0
2026-06-06 04:45:00,2026-06-06,19,SUR30,TER,29.79
2026-06-06 04:45:00,2026-06-06,19,SUR31,TER,26.92
2026-06-06 04:45:00,2026-06-06,19,SUR32,TER,26.94
2026-06-06 04:45:00,2026-06-06,19,SUR40,TER,31.99
2026-06-06 04:45:00,2026-06-06,19,SUR41,TER,32.56
2026-06-06 04:45:00,2026-06-06,19,SUR42,TER,32.65
2026-06-06 04:45:00,2026-06-06,19,VHE01,TER,0.0
2026-06-06 04:45:00,2026-06-06,19,VHE02,TER,0.0
2026-06-06 04:45:00,2026-06-06,19,VHE03,TER,0.0
2026-06-06 04:45:00,2026-06-06,19,VHE04,TER,0.0
2026-06-06 04:45:00,2026-06-06,19,VHE05,TER,0.0
2026-06-06 04:45:00,2026-06-06,19,VHE06,TER,0.0
2026-06-06 04:45:00,2026-06-06,19,VHE07,TER,0.0
2026-06-06 04:45:00,2026-06-06,19,VHE08,TER,0.0
2026-06-06 04:45:00,2026-06-06,19,WAR05,TER,0.0
2026-06-06 04:45:00,2026-06-06,19,WAR10,TER,28.02
2026-06-06 04:45:00,2026-06-06,19,WAR11,TER,24.65
2026-06-06 04:45:00,2026-06-06,19,WAR12,TER,24.7
2026-06-06 04:45:00,2026-06-06,19,WAR20,TER,29.51
2026-06-06 04:45:00,2026-06-06,19,WAR21,TER,23.66
2026-06-06 04:45:00,2026-06-06,19,WAR22,TER,23.84
2026-06-06 04:45:00,2026-06-06,19,WAR30,TER,36.37
2026-06-06 04:45:00,2026-06-06,19,WAR31,TER,41.43
2026-06-06 04:45:00,2026-06-06,19,WAR32,TER,41.67
2026-06-06 04:45:00,2026-06-06,19,WAR40,TER,0.0
2026-06-06 04:45:00,2026-06-06,19,WAR41,TER,0.0
2026-06-06 04:45:00,2026-06-06,19,WAR42,TER,0.0
2026-06-06 04:45:00,2026-06-06,19,CH ZON,HID,0.0
2026-06-06 04:45:00,2026-06-06,19,CH TIQ,HID,0.0
2026-06-06 04:45:00,2026-06-06,19,CH BOT,HID,0.79
2026-06-06 04:45:00,2026-06-06,19,CH CUT,HID,4.88
2026-06-06 04:45:00,2026-06-06,19,CH SRO BA,HID,1.27
2026-06-06 04:45:00,2026-06-06,19,CH SRO AC,HID,0.0
2026-06-06 04:45:00,2026-06-06,19,CH SAI,HID,2.96
2026-06-06 04:45:00,2026-06-06,19,CH CHU,HID,2.78
2026-06-06 04:45:00,2026-06-06,19,CH HAR,HID,0.0
2026-06-06 04:45:00,2026-06-06,19,CH CAH,HID,5.96
2026-06-06 04:45:00,2026-06-06,19,CH HUA,HID,12.17
2026-06-06 04:45:00,2026-06-06,19,CH CHJ2,HID,0.0
2026-06-06 04:45:00,2026-06-06,19,CH YAN,HID,25.3
2026-06-06 04:45:00,2026-06-06,19,CH COR,HID,21.88
2026-06-06 04:45:00,2026-06-06,19,CH SIS,HID,35.48
2026-06-06 04:45:00,2026-06-06,19,CH SJS,HID,25.2
2026-06-06 04:45:00,2026-06-06,19,CH SJE,HID,28.15
2026-06-06 04:45:00,2026-06-06,19,CH MIS,HID,11.5
2026-06-06 04:45:00,2026-06-06,19,CH MIG,HID,0.0
2026-06-06 04:45:00,2026-06-06,19,CH ANG,HID,2.87
2026-06-06 04:45:00,2026-06-06,19,CH CHO,HID,3.53
2026-06-06 04:45:00,2026-06-06,19,CH CRB,HID,3.59
2026-06-06 04:45:00,2026-06-06,19,CH KIL,HID,0.0
2026-06-06 04:45:00,2026-06-06,19,CH LAN,HID,0.0
2026-06-06 04:45:00,2026-06-06,19,CH PUN,HID,0.0
2026-06-06 04:45:00,2026-06-06,19,CH KAN,HID,0.0
2026-06-06 04:45:00,2026-06-06,19,CH SJA,HID,0.0
2026-06-06 04:45:00,2026-06-06,19,AGU01,BIO,0.0
2026-06-06 04:45:00,2026-06-06,19,AGU02,BIO,0.0
2026-06-06 04:45:00,2026-06-06,19,GBE01,BIO,5.85
2026-06-06 04:45:00,2026-06-06,19,IAG01,BIO,0.0
2026-06-06 04:45:00,2026-06-06,19,UNA01,BIO,0.0
2026-06-06 04:45:00,2026-06-06,19,CSF ORU,INT,-0.01
2026-06-06 04:45:00,2026-06-06,19,CSF UYU,INT,-0.76
2026-06-06 04:45:00,2026-06-06,19,CSF YUN,INT,0.0
2026-06-06 04:45:00,2026-06-06,19,CE EDO,INT,0.11
2026-06-06 04:45:00,2026-06-06,19,CE QOL,INT,1.54
2026-06-06 04:45:00,2026-06-06,19,CE SJU,INT,-0.21
2026-06-06 04:45:00,2026-06-06,19,CE WAR,INT,-0.11
2026-06-06 05:00:00,2026-06-06,20,ALT01,TER,0.0
2026-06-06 05:00:00,2026-06-06,20,ALT02,TER,0.0
2026-06-06 05:00:00,2026-06-06,20,ARJ01,TER,0.0
2026-06-06 05:00:00,2026-06-06,20,ARJ02,TER,0.0
2026-06-06 05:00:00,2026-06-06,20,ARJ03,TER,0.0
2026-06-06 05:00:00,2026-06-06,20,ARJ08,TER,0.02
2026-06-06 05:00:00,2026-06-06,20,ARJ09,TER,0.0
2026-06-06 05:00:00,2026-06-06,20,ARJ11,TER,0.0
2026-06-06 05:00:00,2026-06-06,20,ARJ12,TER,0.0
2026-06-06 05:00:00,2026-06-06,20,ARJ13,TER,0.0
2026-06-06 05:00:00,2026-06-06,20,ARJ14,TER,0.0
2026-06-06 05:00:00,2026-06-06,20,ARJ15,TER,0.0
2026-06-06 05:00:00,2026-06-06,20,BUL01,TER,0.0
2026-06-06 05:00:00,2026-06-06,20,BUL02,TER,0.0
2026-06-06 05:00:00,2026-06-06,20,BUL03,TER,0.0
2026-06-06 05:00:00,2026-06-06,20,CAR01,TER,0.0
2026-06-06 05:00:00,2026-06-06,20,CAR02,TER,0.0
2026-06-06 05:00:00,2026-06-06,20,CAR03,TER,0.0
2026-06-06 05:00:00,2026-06-06,20,ERI01,TER,0.0
2026-06-06 05:00:00,2026-06-06,20,ERI02,TER,0.0
2026-06-06 05:00:00,2026-06-06,20,ERI03,TER,0.0
2026-06-06 05:00:00,2026-06-06,20,ERI04,TER,0.0
2026-06-06 05:00:00,2026-06-06,20,ERI30,TER,36.0
2026-06-06 05:00:00,2026-06-06,20,ERI31,TER,42.29
2026-06-06 05:00:00,2026-06-06,20,ERI32,TER,42.22
2026-06-06 05:00:00,2026-06-06,20,ERI40,TER,0.01
2026-06-06 05:00:00,2026-06-06,20,ERI41,TER,0.0
2026-06-06 05:00:00,2026-06-06,20,ERI42,TER,0.0
2026-06-06 05:00:00,2026-06-06,20,ERI50,TER,30.46
2026-06-06 05:00:00,2026-06-06,20,ERI51,TER,25.95
2026-06-06 05:00:00,2026-06-06,20,ERI52,TER,26.0
2026-06-06 05:00:00,2026-06-06,20,GCH01,TER,0.0
2026-06-06 05:00:00,2026-06-06,20,GCH02,TER,0.0
2026-06-06 05:00:00,2026-06-06,20,GCH04,TER,0.0
2026-06-06 05:00:00,2026-06-06,20,GCH06,TER,0.0
2026-06-06 05:00:00,2026-06-06,20,GCH09,TER,0.0
2026-06-06 05:00:00,2026-06-06,20,GCH10,TER,50.52
2026-06-06 05:00:00,2026-06-06,20,GCH11,TER,0.0
2026-06-06 05:00:00,2026-06-06,20,GCH12,TER,36.54
2026-06-06 05:00:00,2026-06-06,20,MOS,TER,0.0
2026-06-06 05:00:00,2026-06-06,20,SCZ01,TER,0.0
2026-06-06 05:00:00,2026-06-06,20,SCZ02,TER,0.0
2026-06-06 05:00:00,2026-06-06,20,SUR10,TER,28.05
2026-06-06 05:00:00,2026-06-06,20,SUR11,TER,23.76
2026-06-06 05:00:00,2026-06-06,20,SUR12,TER,23.52
2026-06-06 05:00:00,2026-06-06,20,SUR20,TER,0.0
2026-06-06 05:00:00,2026-06-06,20,SUR21,TER,0.0
2026-06-06 05:00:00,2026-06-06,20,SUR22,TER,0.0
2026-06-06 05:00:00,2026-06-06,20,SUR30,TER,30.02
2026-06-06 05:00:00,2026-06-06,20,SUR31,TER,26.87
2026-06-06 05:00:00,2026-06-06,20,SUR32,TER,26.96
2026-06-06 05:00:00,2026-06-06,20,SUR40,TER,31.61
2026-06-06 05:00:00,2026-06-06,20,SUR41,TER,33.1
2026-06-06 05:00:00,2026-06-06,20,SUR42,TER,33.12
2026-06-06 05:00:00,2026-06-06,20,VHE01,TER,0.0
2026-06-06 05:00:00,2026-06-06,20,VHE02,TER,0.0
2026-06-06 05:00:00,2026-06-06,20,VHE03,TER,0.0
2026-06-06 05:00:00,2026-06-06,20,VHE04,TER,0.0
2026-06-06 05:00:00,2026-06-06,20,VHE05,TER,0.0
2026-06-06 05:00:00,2026-06-06,20,VHE06,TER,0.0
2026-06-06 05:00:00,2026-06-06,20,VHE07,TER,0.0
2026-06-06 05:00:00,2026-06-06,20,VHE08,TER,0.0
2026-06-06 05:00:00,2026-06-06,20,WAR05,TER,0.0
2026-06-06 05:00:00,2026-06-06,20,WAR10,TER,28.29
2026-06-06 05:00:00,2026-06-06,20,WAR11,TER,24.67
2026-06-06 05:00:00,2026-06-06,20,WAR12,TER,24.69
2026-06-06 05:00:00,2026-06-06,20,WAR20,TER,29.51
2026-06-06 05:00:00,2026-06-06,20,WAR21,TER,23.88
2026-06-06 05:00:00,2026-06-06,20,WAR22,TER,23.95
2026-06-06 05:00:00,2026-06-06,20,WAR30,TER,36.22
2026-06-06 05:00:00,2026-06-06,20,WAR31,TER,41.8
2026-06-06 05:00:00,2026-06-06,20,WAR32,TER,41.83
2026-06-06 05:00:00,2026-06-06,20,WAR40,TER,0.0
2026-06-06 05:00:00,2026-06-06,20,WAR41,TER,0.0
2026-06-06 05:00:00,2026-06-06,20,WAR42,TER,0.0
2026-06-06 05:00:00,2026-06-06,20,CH ZON,HID,0.0
2026-06-06 05:00:00,2026-06-06,20,CH TIQ,HID,0.0
2026-06-06 05:00:00,2026-06-06,20,CH BOT,HID,0.81
2026-06-06 05:00:00,2026-06-06,20,CH CUT,HID,4.98
2026-06-06 05:00:00,2026-06-06,20,CH SRO BA,HID,1.27
2026-06-06 05:00:00,2026-06-06,20,CH SRO AC,HID,3.54
2026-06-06 05:00:00,2026-06-06,20,CH SAI,HID,3.05
2026-06-06 05:00:00,2026-06-06,20,CH CHU,HID,2.87
2026-06-06 05:00:00,2026-06-06,20,CH HAR,HID,0.0
2026-06-06 05:00:00,2026-06-06,20,CH CAH,HID,6.11
2026-06-06 05:00:00,2026-06-06,20,CH HUA,HID,12.31
2026-06-06 05:00:00,2026-06-06,20,CH CHJ2,HID,0.0
2026-06-06 05:00:00,2026-06-06,20,CH YAN,HID,26.4
2026-06-06 05:00:00,2026-06-06,20,CH COR,HID,22.2
2026-06-06 05:00:00,2026-06-06,20,CH SIS,HID,35.75
2026-06-06 05:00:00,2026-06-06,20,CH SJS,HID,20.85
2026-06-06 05:00:00,2026-06-06,20,CH SJE,HID,21.28
2026-06-06 05:00:00,2026-06-06,20,CH MIS,HID,11.5
2026-06-06 05:00:00,2026-06-06,20,CH MIG,HID,0.0
2026-06-06 05:00:00,2026-06-06,20,CH ANG,HID,2.88
2026-06-06 05:00:00,2026-06-06,20,CH CHO,HID,3.53
2026-06-06 05:00:00,2026-06-06,20,CH CRB,HID,3.62
2026-06-06 05:00:00,2026-06-06,20,CH KIL,HID,0.0
2026-06-06 05:00:00,2026-06-06,20,CH LAN,HID,0.0
2026-06-06 05:00:00,2026-06-06,20,CH PUN,HID,0.0
2026-06-06 05:00:00,2026-06-06,20,CH KAN,HID,0.0
2026-06-06 05:00:00,2026-06-06,20,CH SJA,HID,0.0
2026-06-06 05:00:00,2026-06-06,20,AGU01,BIO,0.0
2026-06-06 05:00:00,2026-06-06,20,AGU02,BIO,0.0
2026-06-06 05:00:00,2026-06-06,20,GBE01,BIO,7.11
2026-06-06 05:00:00,2026-06-06,20,IAG01,BIO,0.0
2026-06-06 05:00:00,2026-06-06,20,UNA01,BIO,0.0
2026-06-06 05:00:00,2026-06-06,20,CSF ORU,INT,-0.01
2026-06-06 05:00:00,2026-06-06,20,CSF UYU,INT,-0.77
2026-06-06 05:00:00,2026-06-06,20,CSF YUN,INT,0.0
2026-06-06 05:00:00,2026-06-06,20,CE EDO,INT,-0.13
2026-06-06 05:00:00,2026-06-06,20,CE QOL,INT,1.67
2026-06-06 05:00:00,2026-06-06,20,CE SJU,INT,-0.18
2026-06-06 05:00:00,2026-06-06,20,CE WAR,INT,-0.09
2026-06-06 05:15:00,2026-06-06,21,ALT01,TER,0.0
2026-06-06 05:15:00,2026-06-06,21,ALT02,TER,0.0
2026-06-06 05:15:00,2026-06-06,21,ARJ01,TER,0.0
2026-06-06 05:15:00,2026-06-06,21,ARJ02,TER,0.0
2026-06-06 05:15:00,2026-06-06,21,ARJ03,TER,0.0
2026-06-06 05:15:00,2026-06-06,21,ARJ08,TER,0.04
2026-06-06 05:15:00,2026-06-06,21,ARJ09,TER,0.0
2026-06-06 05:15:00,2026-06-06,21,ARJ11,TER,0.0
2026-06-06 05:15:00,2026-06-06,21,ARJ12,TER,0.0
2026-06-06 05:15:00,2026-06-06,21,ARJ13,TER,0.0
2026-06-06 05:15:00,2026-06-06,21,ARJ14,TER,0.0
2026-06-06 05:15:00,2026-06-06,21,ARJ15,TER,0.0
2026-06-06 05:15:00,2026-06-06,21,BUL01,TER,0.0
2026-06-06 05:15:00,2026-06-06,21,BUL02,TER,0.0
2026-06-06 05:15:00,2026-06-06,21,BUL03,TER,0.0
2026-06-06 05:15:00,2026-06-06,21,CAR01,TER,0.0
2026-06-06 05:15:00,2026-06-06,21,CAR02,TER,0.0
2026-06-06 05:15:00,2026-06-06,21,CAR03,TER,0.0
2026-06-06 05:15:00,2026-06-06,21,ERI01,TER,0.0
2026-06-06 05:15:00,2026-06-06,21,ERI02,TER,0.0
2026-06-06 05:15:00,2026-06-06,21,ERI03,TER,0.0
2026-06-06 05:15:00,2026-06-06,21,ERI04,TER,0.0
2026-06-06 05:15:00,2026-06-06,21,ERI30,TER,35.96
2026-06-06 05:15:00,2026-06-06,21,ERI31,TER,42.11
2026-06-06 05:15:00,2026-06-06,21,ERI32,TER,42.18
2026-06-06 05:15:00,2026-06-06,21,ERI40,TER,-0.02
2026-06-06 05:15:00,2026-06-06,21,ERI41,TER,0.0
2026-06-06 05:15:00,2026-06-06,21,ERI42,TER,0.0
2026-06-06 05:15:00,2026-06-06,21,ERI50,TER,30.87
2026-06-06 05:15:00,2026-06-06,21,ERI51,TER,28.04
2026-06-06 05:15:00,2026-06-06,21,ERI52,TER,28.88
2026-06-06 05:15:00,2026-06-06,21,GCH01,TER,0.0
2026-06-06 05:15:00,2026-06-06,21,GCH02,TER,0.0
2026-06-06 05:15:00,2026-06-06,21,GCH04,TER,0.0
2026-06-06 05:15:00,2026-06-06,21,GCH06,TER,0.0
2026-06-06 05:15:00,2026-06-06,21,GCH09,TER,0.0
2026-06-06 05:15:00,2026-06-06,21,GCH10,TER,50.14
2026-06-06 05:15:00,2026-06-06,21,GCH11,TER,0.0
2026-06-06 05:15:00,2026-06-06,21,GCH12,TER,36.29
2026-06-06 05:15:00,2026-06-06,21,MOS,TER,0.0
2026-06-06 05:15:00,2026-06-06,21,SCZ01,TER,0.0
2026-06-06 05:15:00,2026-06-06,21,SCZ02,TER,0.0
2026-06-06 05:15:00,2026-06-06,21,SUR10,TER,28.13
2026-06-06 05:15:00,2026-06-06,21,SUR11,TER,23.79
2026-06-06 05:15:00,2026-06-06,21,SUR12,TER,23.4
2026-06-06 05:15:00,2026-06-06,21,SUR20,TER,0.0
2026-06-06 05:15:00,2026-06-06,21,SUR21,TER,0.0
2026-06-06 05:15:00,2026-06-06,21,SUR22,TER,0.0
2026-06-06 05:15:00,2026-06-06,21,SUR30,TER,30.89
2026-06-06 05:15:00,2026-06-06,21,SUR31,TER,30.26
2026-06-06 05:15:00,2026-06-06,21,SUR32,TER,30.43
2026-06-06 05:15:00,2026-06-06,21,SUR40,TER,31.34
2026-06-06 05:15:00,2026-06-06,21,SUR41,TER,33.24
2026-06-06 05:15:00,2026-06-06,21,SUR42,TER,33.29
2026-06-06 05:15:00,2026-06-06,21,VHE01,TER,0.0
2026-06-06 05:15:00,2026-06-06,21,VHE02,TER,0.0
2026-06-06 05:15:00,2026-06-06,21,VHE03,TER,0.0
2026-06-06 05:15:00,2026-06-06,21,VHE04,TER,0.0
2026-06-06 05:15:00,2026-06-06,21,VHE05,TER,0.0
2026-06-06 05:15:00,2026-06-06,21,VHE06,TER,0.0
2026-06-06 05:15:00,2026-06-06,21,VHE07,TER,0.0
2026-06-06 05:15:00,2026-06-06,21,VHE08,TER,0.0
2026-06-06 05:15:00,2026-06-06,21,WAR05,TER,0.0
2026-06-06 05:15:00,2026-06-06,21,WAR10,TER,28.1
2026-06-06 05:15:00,2026-06-06,21,WAR11,TER,24.84
2026-06-06 05:15:00,2026-06-06,21,WAR12,TER,24.97
2026-06-06 05:15:00,2026-06-06,21,WAR20,TER,34.48
2026-06-06 05:15:00,2026-06-06,21,WAR21,TER,37.77
2026-06-06 05:15:00,2026-06-06,21,WAR22,TER,37.74
2026-06-06 05:15:00,2026-06-06,21,WAR30,TER,36.37
2026-06-06 05:15:00,2026-06-06,21,WAR31,TER,41.82
2026-06-06 05:15:00,2026-06-06,21,WAR32,TER,41.59
2026-06-06 05:15:00,2026-06-06,21,WAR40,TER,0.0
2026-06-06 05:15:00,2026-06-06,21,WAR41,TER,0.0
2026-06-06 05:15:00,2026-06-06,21,WAR42,TER,0.0
2026-06-06 05:15:00,2026-06-06,21,CH ZON,HID,0.0
2026-06-06 05:15:00,2026-06-06,21,CH TIQ,HID,0.0
2026-06-06 05:15:00,2026-06-06,21,CH BOT,HID,0.8
2026-06-06 05:15:00,2026-06-06,21,CH CUT,HID,4.68
2026-06-06 05:15:00,2026-06-06,21,CH SRO BA,HID,1.28
2026-06-06 05:15:00,2026-06-06,21,CH SRO AC,HID,3.45
2026-06-06 05:15:00,2026-06-06,21,CH SAI,HID,2.96
2026-06-06 05:15:00,2026-06-06,21,CH CHU,HID,2.79
2026-06-06 05:15:00,2026-06-06,21,CH HAR,HID,0.0
2026-06-06 05:15:00,2026-06-06,21,CH CAH,HID,9.36
2026-06-06 05:15:00,2026-06-06,21,CH HUA,HID,12.19
2026-06-06 05:15:00,2026-06-06,21,CH CHJ2,HID,0.0
2026-06-06 05:15:00,2026-06-06,21,CH YAN,HID,0.0
2026-06-06 05:15:00,2026-06-06,21,CH COR,HID,26.65
2026-06-06 05:15:00,2026-06-06,21,CH SIS,HID,35.88
2026-06-06 05:15:00,2026-06-06,21,CH SJS,HID,19.2
2026-06-06 05:15:00,2026-06-06,21,CH SJE,HID,19.74
2026-06-06 05:15:00,2026-06-06,21,CH MIS,HID,11.5
2026-06-06 05:15:00,2026-06-06,21,CH MIG,HID,0.0
2026-06-06 05:15:00,2026-06-06,21,CH ANG,HID,2.88
2026-06-06 05:15:00,2026-06-06,21,CH CHO,HID,3.53
2026-06-06 05:15:00,2026-06-06,21,CH CRB,HID,3.62
2026-06-06 05:15:00,2026-06-06,21,CH KIL,HID,0.0
2026-06-06 05:15:00,2026-06-06,21,CH LAN,HID,0.0
2026-06-06 05:15:00,2026-06-06,21,CH PUN,HID,0.0
2026-06-06 05:15:00,2026-06-06,21,CH KAN,HID,0.0
2026-06-06 05:15:00,2026-06-06,21,CH SJA,HID,0.0
2026-06-06 05:15:00,2026-06-06,21,AGU01,BIO,0.0
2026-06-06 05:15:00,2026-06-06,21,AGU02,BIO,0.0
2026-06-06 05:15:00,2026-06-06,21,GBE01,BIO,5.1
2026-06-06 05:15:00,2026-06-06,21,IAG01,BIO,0.0
2026-06-06 05:15:00,2026-06-06,21,UNA01,BIO,0.0
2026-06-06 05:15:00,2026-06-06,21,CSF ORU,INT,-0.01
2026-06-06 05:15:00,2026-06-06,21,CSF UYU,INT,-0.79
2026-06-06 05:15:00,2026-06-06,21,CSF YUN,INT,0.0
2026-06-06 05:15:00,2026-06-06,21,CE EDO,INT,-0.18
2026-06-06 05:15:00,2026-06-06,21,CE QOL,INT,1.05
2026-06-06 05:15:00,2026-06-06,21,CE SJU,INT,-0.15
2026-06-06 05:15:00,2026-06-06,21,CE WAR,INT,-0.1
2026-06-06 05:30:00,2026-06-06,22,ALT01,TER,0.0
2026-06-06 05:30:00,2026-06-06,22,ALT02,TER,0.0
2026-06-06 05:30:00,2026-06-06,22,ARJ01,TER,0.0
2026-06-06 05:30:00,2026-06-06,22,ARJ02,TER,0.0
2026-06-06 05:30:00,2026-06-06,22,ARJ03,TER,0.0
2026-06-06 05:30:00,2026-06-06,22,ARJ08,TER,0.0
2026-06-06 05:30:00,2026-06-06,22,ARJ09,TER,0.0
2026-06-06 05:30:00,2026-06-06,22,ARJ11,TER,0.0
2026-06-06 05:30:00,2026-06-06,22,ARJ12,TER,0.0
2026-06-06 05:30:00,2026-06-06,22,ARJ13,TER,0.0
2026-06-06 05:30:00,2026-06-06,22,ARJ14,TER,0.0
2026-06-06 05:30:00,2026-06-06,22,ARJ15,TER,0.0
2026-06-06 05:30:00,2026-06-06,22,BUL01,TER,0.0
2026-06-06 05:30:00,2026-06-06,22,BUL02,TER,0.0
2026-06-06 05:30:00,2026-06-06,22,BUL03,TER,0.0
2026-06-06 05:30:00,2026-06-06,22,CAR01,TER,0.0
2026-06-06 05:30:00,2026-06-06,22,CAR02,TER,0.0
2026-06-06 05:30:00,2026-06-06,22,CAR03,TER,0.0
2026-06-06 05:30:00,2026-06-06,22,ERI01,TER,0.0
2026-06-06 05:30:00,2026-06-06,22,ERI02,TER,0.0
2026-06-06 05:30:00,2026-06-06,22,ERI03,TER,0.0
2026-06-06 05:30:00,2026-06-06,22,ERI04,TER,0.0
2026-06-06 05:30:00,2026-06-06,22,ERI30,TER,35.81
2026-06-06 05:30:00,2026-06-06,22,ERI31,TER,42.18
2026-06-06 05:30:00,2026-06-06,22,ERI32,TER,42.06
2026-06-06 05:30:00,2026-06-06,22,ERI40,TER,0.01
2026-06-06 05:30:00,2026-06-06,22,ERI41,TER,0.0
2026-06-06 05:30:00,2026-06-06,22,ERI42,TER,0.0
2026-06-06 05:30:00,2026-06-06,22,ERI50,TER,33.99
2026-06-06 05:30:00,2026-06-06,22,ERI51,TER,33.22
2026-06-06 05:30:00,2026-06-06,22,ERI52,TER,33.15
2026-06-06 05:30:00,2026-06-06,22,GCH01,TER,0.0
2026-06-06 05:30:00,2026-06-06,22,GCH02,TER,0.0
2026-06-06 05:30:00,2026-06-06,22,GCH04,TER,0.0
2026-06-06 05:30:00,2026-06-06,22,GCH06,TER,0.0
2026-06-06 05:30:00,2026-06-06,22,GCH09,TER,0.0
2026-06-06 05:30:00,2026-06-06,22,GCH10,TER,50.38
2026-06-06 05:30:00,2026-06-06,22,GCH11,TER,0.0
2026-06-06 05:30:00,2026-06-06,22,GCH12,TER,36.44
2026-06-06 05:30:00,2026-06-06,22,MOS,TER,0.0
2026-06-06 05:30:00,2026-06-06,22,SCZ01,TER,0.0
2026-06-06 05:30:00,2026-06-06,22,SCZ02,TER,0.0
2026-06-06 05:30:00,2026-06-06,22,SUR10,TER,28.01
2026-06-06 05:30:00,2026-06-06,22,SUR11,TER,23.39
2026-06-06 05:30:00,2026-06-06,22,SUR12,TER,23.4
2026-06-06 05:30:00,2026-06-06,22,SUR20,TER,0.0
2026-06-06 05:30:00,2026-06-06,22,SUR21,TER,0.0
2026-06-06 05:30:00,2026-06-06,22,SUR22,TER,0.0
2026-06-06 05:30:00,2026-06-06,22,SUR30,TER,36.0
2026-06-06 05:30:00,2026-06-06,22,SUR31,TER,43.84
2026-06-06 05:30:00,2026-06-06,22,SUR32,TER,43.7
2026-06-06 05:30:00,2026-06-06,22,SUR40,TER,32.02
2026-06-06 05:30:00,2026-06-06,22,SUR41,TER,32.59
2026-06-06 05:30:00,2026-06-06,22,SUR42,TER,32.65
2026-06-06 05:30:00,2026-06-06,22,VHE01,TER,0.0
2026-06-06 05:30:00,2026-06-06,22,VHE02,TER,0.0
2026-06-06 05:30:00,2026-06-06,22,VHE03,TER,0.0
2026-06-06 05:30:00,2026-06-06,22,VHE04,TER,0.0
2026-06-06 05:30:00,2026-06-06,22,VHE05,TER,0.0
2026-06-06 05:30:00,2026-06-06,22,VHE06,TER,0.0
2026-06-06 05:30:00,2026-06-06,22,VHE07,TER,0.0
2026-06-06 05:30:00,2026-06-06,22,VHE08,TER,0.0
2026-06-06 05:30:00,2026-06-06,22,WAR05,TER,0.0
2026-06-06 05:30:00,2026-06-06,22,WAR10,TER,27.91
2026-06-06 05:30:00,2026-06-06,22,WAR11,TER,24.91
2026-06-06 05:30:00,2026-06-06,22,WAR12,TER,24.79
2026-06-06 05:30:00,2026-06-06,22,WAR20,TER,35.32
2026-06-06 05:30:00,2026-06-06,22,WAR21,TER,37.03
2026-06-06 05:30:00,2026-06-06,22,WAR22,TER,37.25
2026-06-06 05:30:00,2026-06-06,22,WAR30,TER,36.33
2026-06-06 05:30:00,2026-06-06,22,WAR31,TER,41.46
2026-06-06 05:30:00,2026-06-06,22,WAR32,TER,41.42
2026-06-06 05:30:00,2026-06-06,22,WAR40,TER,0.0
2026-06-06 05:30:00,2026-06-06,22,WAR41,TER,0.0
2026-06-06 05:30:00,2026-06-06,22,WAR42,TER,0.0
2026-06-06 05:30:00,2026-06-06,22,CH ZON,HID,0.0
2026-06-06 05:30:00,2026-06-06,22,CH TIQ,HID,0.0
2026-06-06 05:30:00,2026-06-06,22,CH BOT,HID,0.79
2026-06-06 05:30:00,2026-06-06,22,CH CUT,HID,4.67
2026-06-06 05:30:00,2026-06-06,22,CH SRO BA,HID,1.27
2026-06-06 05:30:00,2026-06-06,22,CH SRO AC,HID,3.45
2026-06-06 05:30:00,2026-06-06,22,CH SAI,HID,4.46
2026-06-06 05:30:00,2026-06-06,22,CH CHU,HID,2.78
2026-06-06 05:30:00,2026-06-06,22,CH HAR,HID,0.0
2026-06-06 05:30:00,2026-06-06,22,CH CAH,HID,7.97
2026-06-06 05:30:00,2026-06-06,22,CH HUA,HID,12.17
2026-06-06 05:30:00,2026-06-06,22,CH CHJ2,HID,0.0
2026-06-06 05:30:00,2026-06-06,22,CH YAN,HID,0.0
2026-06-06 05:30:00,2026-06-06,22,CH COR,HID,26.39
2026-06-06 05:30:00,2026-06-06,22,CH SIS,HID,35.38
2026-06-06 05:30:00,2026-06-06,22,CH SJS,HID,18.2
2026-06-06 05:30:00,2026-06-06,22,CH SJE,HID,18.21
2026-06-06 05:30:00,2026-06-06,22,CH MIS,HID,11.5
2026-06-06 05:30:00,2026-06-06,22,CH MIG,HID,0.0
2026-06-06 05:30:00,2026-06-06,22,CH ANG,HID,2.89
2026-06-06 05:30:00,2026-06-06,22,CH CHO,HID,3.53
2026-06-06 05:30:00,2026-06-06,22,CH CRB,HID,3.6
2026-06-06 05:30:00,2026-06-06,22,CH KIL,HID,0.0
2026-06-06 05:30:00,2026-06-06,22,CH LAN,HID,0.0
2026-06-06 05:30:00,2026-06-06,22,CH PUN,HID,0.0
2026-06-06 05:30:00,2026-06-06,22,CH KAN,HID,0.0
2026-06-06 05:30:00,2026-06-06,22,CH SJA,HID,0.0
2026-06-06 05:30:00,2026-06-06,22,AGU01,BIO,0.0
2026-06-06 05:30:00,2026-06-06,22,AGU02,BIO,0.0
2026-06-06 05:30:00,2026-06-06,22,GBE01,BIO,6.11
2026-06-06 05:30:00,2026-06-06,22,IAG01,BIO,0.0
2026-06-06 05:30:00,2026-06-06,22,UNA01,BIO,0.0
2026-06-06 05:30:00,2026-06-06,22,CSF ORU,INT,-0.01
2026-06-06 05:30:00,2026-06-06,22,CSF UYU,INT,-0.77
2026-06-06 05:30:00,2026-06-06,22,CSF YUN,INT,0.0
2026-06-06 05:30:00,2026-06-06,22,CE EDO,INT,-0.23
2026-06-06 05:30:00,2026-06-06,22,CE QOL,INT,0.48
2026-06-06 05:30:00,2026-06-06,22,CE SJU,INT,-0.08
2026-06-06 05:30:00,2026-06-06,22,CE WAR,INT,-0.08
2026-06-06 05:45:00,2026-06-06,23,ALT01,TER,0.0
2026-06-06 05:45:00,2026-06-06,23,ALT02,TER,0.0
2026-06-06 05:45:00,2026-06-06,23,ARJ01,TER,0.0
2026-06-06 05:45:00,2026-06-06,23,ARJ02,TER,0.0
2026-06-06 05:45:00,2026-06-06,23,ARJ03,TER,0.0
2026-06-06 05:45:00,2026-06-06,23,ARJ08,TER,0.04
2026-06-06 05:45:00,2026-06-06,23,ARJ09,TER,0.0
2026-06-06 05:45:00,2026-06-06,23,ARJ11,TER,0.0
2026-06-06 05:45:00,2026-06-06,23,ARJ12,TER,0.0
2026-06-06 05:45:00,2026-06-06,23,ARJ13,TER,0.0
2026-06-06 05:45:00,2026-06-06,23,ARJ14,TER,0.0
2026-06-06 05:45:00,2026-06-06,23,ARJ15,TER,0.0
2026-06-06 05:45:00,2026-06-06,23,BUL01,TER,0.0
2026-06-06 05:45:00,2026-06-06,23,BUL02,TER,0.0
2026-06-06 05:45:00,2026-06-06,23,BUL03,TER,0.0
2026-06-06 05:45:00,2026-06-06,23,CAR01,TER,0.0
2026-06-06 05:45:00,2026-06-06,23,CAR02,TER,0.0
2026-06-06 05:45:00,2026-06-06,23,CAR03,TER,0.0
2026-06-06 05:45:00,2026-06-06,23,ERI01,TER,0.0
2026-06-06 05:45:00,2026-06-06,23,ERI02,TER,0.0
2026-06-06 05:45:00,2026-06-06,23,ERI03,TER,0.0
2026-06-06 05:45:00,2026-06-06,23,ERI04,TER,0.0
2026-06-06 05:45:00,2026-06-06,23,ERI30,TER,35.7
2026-06-06 05:45:00,2026-06-06,23,ERI31,TER,41.62
2026-06-06 05:45:00,2026-06-06,23,ERI32,TER,41.68
2026-06-06 05:45:00,2026-06-06,23,ERI40,TER,-0.02
2026-06-06 05:45:00,2026-06-06,23,ERI41,TER,0.0
2026-06-06 05:45:00,2026-06-06,23,ERI42,TER,0.0
2026-06-06 05:45:00,2026-06-06,23,ERI50,TER,35.39
2026-06-06 05:45:00,2026-06-06,23,ERI51,TER,38.94
2026-06-06 05:45:00,2026-06-06,23,ERI52,TER,38.99
2026-06-06 05:45:00,2026-06-06,23,GCH01,TER,0.0
2026-06-06 05:45:00,2026-06-06,23,GCH02,TER,0.0
2026-06-06 05:45:00,2026-06-06,23,GCH04,TER,0.0
2026-06-06 05:45:00,2026-06-06,23,GCH06,TER,0.0
2026-06-06 05:45:00,2026-06-06,23,GCH09,TER,0.0
2026-06-06 05:45:00,2026-06-06,23,GCH10,TER,50.2
2026-06-06 05:45:00,2026-06-06,23,GCH11,TER,0.0
2026-06-06 05:45:00,2026-06-06,23,GCH12,TER,36.43
2026-06-06 05:45:00,2026-06-06,23,MOS,TER,0.0
2026-06-06 05:45:00,2026-06-06,23,SCZ01,TER,0.0
2026-06-06 05:45:00,2026-06-06,23,SCZ02,TER,0.0
2026-06-06 05:45:00,2026-06-06,23,SUR10,TER,27.82
2026-06-06 05:45:00,2026-06-06,23,SUR11,TER,23.07
2026-06-06 05:45:00,2026-06-06,23,SUR12,TER,23.01
2026-06-06 05:45:00,2026-06-06,23,SUR20,TER,0.0
2026-06-06 05:45:00,2026-06-06,23,SUR21,TER,0.0
2026-06-06 05:45:00,2026-06-06,23,SUR22,TER,0.0
2026-06-06 05:45:00,2026-06-06,23,SUR30,TER,36.91
2026-06-06 05:45:00,2026-06-06,23,SUR31,TER,43.49
2026-06-06 05:45:00,2026-06-06,23,SUR32,TER,43.37
2026-06-06 05:45:00,2026-06-06,23,SUR40,TER,31.46
2026-06-06 05:45:00,2026-06-06,23,SUR41,TER,32.35
2026-06-06 05:45:00,2026-06-06,23,SUR42,TER,32.46
2026-06-06 05:45:00,2026-06-06,23,VHE01,TER,0.0
2026-06-06 05:45:00,2026-06-06,23,VHE02,TER,0.0
2026-06-06 05:45:00,2026-06-06,23,VHE03,TER,0.0
2026-06-06 05:45:00,2026-06-06,23,VHE04,TER,0.0
2026-06-06 05:45:00,2026-06-06,23,VHE05,TER,0.0
2026-06-06 05:45:00,2026-06-06,23,VHE06,TER,0.0
2026-06-06 05:45:00,2026-06-06,23,VHE07,TER,0.0
2026-06-06 05:45:00,2026-06-06,23,VHE08,TER,0.0
2026-06-06 05:45:00,2026-06-06,23,WAR05,TER,0.0
2026-06-06 05:45:00,2026-06-06,23,WAR10,TER,27.5
2026-06-06 05:45:00,2026-06-06,23,WAR11,TER,24.58
2026-06-06 05:45:00,2026-06-06,23,WAR12,TER,24.52
2026-06-06 05:45:00,2026-06-06,23,WAR20,TER,35.2
2026-06-06 05:45:00,2026-06-06,23,WAR21,TER,36.61
2026-06-06 05:45:00,2026-06-06,23,WAR22,TER,36.88
2026-06-06 05:45:00,2026-06-06,23,WAR30,TER,36.18
2026-06-06 05:45:00,2026-06-06,23,WAR31,TER,41.11
2026-06-06 05:45:00,2026-06-06,23,WAR32,TER,41.13
2026-06-06 05:45:00,2026-06-06,23,WAR40,TER,0.0
2026-06-06 05:45:00,2026-06-06,23,WAR41,TER,0.0
2026-06-06 05:45:00,2026-06-06,23,WAR42,TER,0.0
2026-06-06 05:45:00,2026-06-06,23,CH ZON,HID,0.0
2026-06-06 05:45:00,2026-06-06,23,CH TIQ,HID,0.0
2026-06-06 05:45:00,2026-06-06,23,CH BOT,HID,0.78
2026-06-06 05:45:00,2026-06-06,23,CH CUT,HID,4.98
2026-06-06 05:45:00,2026-06-06,23,CH SRO BA,HID,1.27
2026-06-06 05:45:00,2026-06-06,23,CH SRO AC,HID,3.46
2026-06-06 05:45:00,2026-06-06,23,CH SAI,HID,4.46
2026-06-06 05:45:00,2026-06-06,23,CH CHU,HID,2.76
2026-06-06 05:45:00,2026-06-06,23,CH HAR,HID,0.0
2026-06-06 05:45:00,2026-06-06,23,CH CAH,HID,7.98
2026-06-06 05:45:00,2026-06-06,23,CH HUA,HID,12.15
2026-06-06 05:45:00,2026-06-06,23,CH CHJ2,HID,0.0
2026-06-06 05:45:00,2026-06-06,23,CH YAN,HID,0.0
2026-06-06 05:45:00,2026-06-06,23,CH COR,HID,26.23
2026-06-06 05:45:00,2026-06-06,23,CH SIS,HID,35.17
2026-06-06 05:45:00,2026-06-06,23,CH SJS,HID,17.94
2026-06-06 05:45:00,2026-06-06,23,CH SJE,HID,17.74
2026-06-06 05:45:00,2026-06-06,23,CH MIS,HID,11.5
2026-06-06 05:45:00,2026-06-06,23,CH MIG,HID,0.0
2026-06-06 05:45:00,2026-06-06,23,CH ANG,HID,2.88
2026-06-06 05:45:00,2026-06-06,23,CH CHO,HID,3.53
2026-06-06 05:45:00,2026-06-06,23,CH CRB,HID,3.57
2026-06-06 05:45:00,2026-06-06,23,CH KIL,HID,0.0
2026-06-06 05:45:00,2026-06-06,23,CH LAN,HID,0.0
2026-06-06 05:45:00,2026-06-06,23,CH PUN,HID,0.0
2026-06-06 05:45:00,2026-06-06,23,CH KAN,HID,0.0
2026-06-06 05:45:00,2026-06-06,23,CH SJA,HID,0.0
2026-06-06 05:45:00,2026-06-06,23,AGU01,BIO,0.0
2026-06-06 05:45:00,2026-06-06,23,AGU02,BIO,0.0
2026-06-06 05:45:00,2026-06-06,23,GBE01,BIO,5.75
2026-06-06 05:45:00,2026-06-06,23,IAG01,BIO,0.0
2026-06-06 05:45:00,2026-06-06,23,UNA01,BIO,0.0
2026-06-06 05:45:00,2026-06-06,23,CSF ORU,INT,-0.01
2026-06-06 05:45:00,2026-06-06,23,CSF UYU,INT,-0.78
2026-06-06 05:45:00,2026-06-06,23,CSF YUN,INT,0.0
2026-06-06 05:45:00,2026-06-06,23,CE EDO,INT,-0.26
2026-06-06 05:45:00,2026-06-06,23,CE QOL,INT,0.25
2026-06-06 05:45:00,2026-06-06,23,CE SJU,INT,-0.08
2026-06-06 05:45:00,2026-06-06,23,CE WAR,INT,-0.08
2026-06-06 06:00:00,2026-06-06,24,ALT01,TER,0.0
2026-06-06 06:00:00,2026-06-06,24,ALT02,TER,0.0
2026-06-06 06:00:00,2026-06-06,24,ARJ01,TER,0.0
2026-06-06 06:00:00,2026-06-06,24,ARJ02,TER,0.0
2026-06-06 06:00:00,2026-06-06,24,ARJ03,TER,0.0
2026-06-06 06:00:00,2026-06-06,24,ARJ08,TER,0.04
2026-06-06 06:00:00,2026-06-06,24,ARJ09,TER,0.0
2026-06-06 06:00:00,2026-06-06,24,ARJ11,TER,0.0
2026-06-06 06:00:00,2026-06-06,24,ARJ12,TER,0.0
2026-06-06 06:00:00,2026-06-06,24,ARJ13,TER,0.0
2026-06-06 06:00:00,2026-06-06,24,ARJ14,TER,0.0
2026-06-06 06:00:00,2026-06-06,24,ARJ15,TER,0.0
2026-06-06 06:00:00,2026-06-06,24,BUL01,TER,0.0
2026-06-06 06:00:00,2026-06-06,24,BUL02,TER,0.0
2026-06-06 06:00:00,2026-06-06,24,BUL03,TER,0.0
2026-06-06 06:00:00,2026-06-06,24,CAR01,TER,0.0
2026-06-06 06:00:00,2026-06-06,24,CAR02,TER,0.0
2026-06-06 06:00:00,2026-06-06,24,CAR03,TER,0.0
2026-06-06 06:00:00,2026-06-06,24,ERI01,TER,0.0
2026-06-06 06:00:00,2026-06-06,24,ERI02,TER,0.0
2026-06-06 06:00:00,2026-06-06,24,ERI03,TER,0.0
2026-06-06 06:00:00,2026-06-06,24,ERI04,TER,0.0
2026-06-06 06:00:00,2026-06-06,24,ERI30,TER,35.62
2026-06-06 06:00:00,2026-06-06,24,ERI31,TER,41.72
2026-06-06 06:00:00,2026-06-06,24,ERI32,TER,41.67
2026-06-06 06:00:00,2026-06-06,24,ERI40,TER,0.01
2026-06-06 06:00:00,2026-06-06,24,ERI41,TER,0.0
2026-06-06 06:00:00,2026-06-06,24,ERI42,TER,0.0
2026-06-06 06:00:00,2026-06-06,24,ERI50,TER,36.84
2026-06-06 06:00:00,2026-06-06,24,ERI51,TER,41.13
2026-06-06 06:00:00,2026-06-06,24,ERI52,TER,41.07
2026-06-06 06:00:00,2026-06-06,24,GCH01,TER,0.0
2026-06-06 06:00:00,2026-06-06,24,GCH02,TER,0.0
2026-06-06 06:00:00,2026-06-06,24,GCH04,TER,0.0
2026-06-06 06:00:00,2026-06-06,24,GCH06,TER,0.0
2026-06-06 06:00:00,2026-06-06,24,GCH09,TER,0.0
2026-06-06 06:00:00,2026-06-06,24,GCH10,TER,50.59
2026-06-06 06:00:00,2026-06-06,24,GCH11,TER,0.0
2026-06-06 06:00:00,2026-06-06,24,GCH12,TER,36.61
2026-06-06 06:00:00,2026-06-06,24,MOS,TER,0.0
2026-06-06 06:00:00,2026-06-06,24,SCZ01,TER,0.0
2026-06-06 06:00:00,2026-06-06,24,SCZ02,TER,0.0
2026-06-06 06:00:00,2026-06-06,24,SUR10,TER,27.82
2026-06-06 06:00:00,2026-06-06,24,SUR11,TER,23.1
2026-06-06 06:00:00,2026-06-06,24,SUR12,TER,23.03
2026-06-06 06:00:00,2026-06-06,24,SUR20,TER,0.0
2026-06-06 06:00:00,2026-06-06,24,SUR21,TER,0.0
2026-06-06 06:00:00,2026-06-06,24,SUR22,TER,0.0
2026-06-06 06:00:00,2026-06-06,24,SUR30,TER,36.64
2026-06-06 06:00:00,2026-06-06,24,SUR31,TER,43.45
2026-06-06 06:00:00,2026-06-06,24,SUR32,TER,43.46
2026-06-06 06:00:00,2026-06-06,24,SUR40,TER,32.1
2026-06-06 06:00:00,2026-06-06,24,SUR41,TER,35.54
2026-06-06 06:00:00,2026-06-06,24,SUR42,TER,35.67
2026-06-06 06:00:00,2026-06-06,24,VHE01,TER,0.0
2026-06-06 06:00:00,2026-06-06,24,VHE02,TER,0.0
2026-06-06 06:00:00,2026-06-06,24,VHE03,TER,0.0
2026-06-06 06:00:00,2026-06-06,24,VHE04,TER,0.0
2026-06-06 06:00:00,2026-06-06,24,VHE05,TER,0.0
2026-06-06 06:00:00,2026-06-06,24,VHE06,TER,0.0
2026-06-06 06:00:00,2026-06-06,24,VHE07,TER,0.0
2026-06-06 06:00:00,2026-06-06,24,VHE08,TER,0.0
2026-06-06 06:00:00,2026-06-06,24,WAR05,TER,0.0
2026-06-06 06:00:00,2026-06-06,24,WAR10,TER,28.1
2026-06-06 06:00:00,2026-06-06,24,WAR11,TER,24.11
2026-06-06 06:00:00,2026-06-06,24,WAR12,TER,23.97
2026-06-06 06:00:00,2026-06-06,24,WAR20,TER,35.16
2026-06-06 06:00:00,2026-06-06,24,WAR21,TER,36.49
2026-06-06 06:00:00,2026-06-06,24,WAR22,TER,36.84
2026-06-06 06:00:00,2026-06-06,24,WAR30,TER,36.03
2026-06-06 06:00:00,2026-06-06,24,WAR31,TER,40.95
2026-06-06 06:00:00,2026-06-06,24,WAR32,TER,41.18
2026-06-06 06:00:00,2026-06-06,24,WAR40,TER,0.0
2026-06-06 06:00:00,2026-06-06,24,WAR41,TER,0.0
2026-06-06 06:00:00,2026-06-06,24,WAR42,TER,0.0
2026-06-06 06:00:00,2026-06-06,24,CH ZON,HID,0.0
2026-06-06 06:00:00,2026-06-06,24,CH TIQ,HID,0.0
2026-06-06 06:00:00,2026-06-06,24,CH BOT,HID,0.8
2026-06-06 06:00:00,2026-06-06,24,CH CUT,HID,5.25
2026-06-06 06:00:00,2026-06-06,24,CH SRO BA,HID,1.26
2026-06-06 06:00:00,2026-06-06,24,CH SRO AC,HID,3.45
2026-06-06 06:00:00,2026-06-06,24,CH SAI,HID,4.44
2026-06-06 06:00:00,2026-06-06,24,CH CHU,HID,2.77
2026-06-06 06:00:00,2026-06-06,24,CH HAR,HID,0.0
2026-06-06 06:00:00,2026-06-06,24,CH CAH,HID,7.92
2026-06-06 06:00:00,2026-06-06,24,CH HUA,HID,12.44
2026-06-06 06:00:00,2026-06-06,24,CH CHJ2,HID,0.0
2026-06-06 06:00:00,2026-06-06,24,CH YAN,HID,0.0
2026-06-06 06:00:00,2026-06-06,24,CH COR,HID,22.68
2026-06-06 06:00:00,2026-06-06,24,CH SIS,HID,35.13
2026-06-06 06:00:00,2026-06-06,24,CH SJS,HID,17.81
2026-06-06 06:00:00,2026-06-06,24,CH SJE,HID,17.6
2026-06-06 06:00:00,2026-06-06,24,CH MIS,HID,11.5
2026-06-06 06:00:00,2026-06-06,24,CH MIG,HID,0.0
2026-06-06 06:00:00,2026-06-06,24,CH ANG,HID,2.89
2026-06-06 06:00:00,2026-06-06,24,CH CHO,HID,3.53
2026-06-06 06:00:00,2026-06-06,24,CH CRB,HID,3.58
2026-06-06 06:00:00,2026-06-06,24,CH KIL,HID,0.0
2026-06-06 06:00:00,2026-06-06,24,CH LAN,HID,0.0
2026-06-06 06:00:00,2026-06-06,24,CH PUN,HID,0.0
2026-06-06 06:00:00,2026-06-06,24,CH KAN,HID,0.0
2026-06-06 06:00:00,2026-06-06,24,CH SJA,HID,0.0
2026-06-06 06:00:00,2026-06-06,24,AGU01,BIO,0.0
2026-06-06 06:00:00,2026-06-06,24,AGU02,BIO,0.0
2026-06-06 06:00:00,2026-06-06,24,GBE01,BIO,5.79
2026-06-06 06:00:00,2026-06-06,24,IAG01,BIO,0.0
2026-06-06 06:00:00,2026-06-06,24,UNA01,BIO,0.0
2026-06-06 06:00:00,2026-06-06,24,CSF ORU,INT,-0.01
2026-06-06 06:00:00,2026-06-06,24,CSF UYU,INT,-0.8
2026-06-06 06:00:00,2026-06-06,24,CSF YUN,INT,0.0
2026-06-06 06:00:00,2026-06-06,24,CE EDO,INT,-0.23
2026-06-06 06:00:00,2026-06-06,24,CE QOL,INT,0.24
2026-06-06 06:00:00,2026-06-06,24,CE SJU,INT,-0.11
2026-06-06 06:00:00,2026-06-06,24,CE WAR,INT,-0.07
2026-06-06 06:15:00,2026-06-06,25,ALT01,TER,0.0
2026-06-06 06:15:00,2026-06-06,25,ALT02,TER,0.0
2026-06-06 06:15:00,2026-06-06,25,ARJ01,TER,0.0
2026-06-06 06:15:00,2026-06-06,25,ARJ02,TER,0.0
2026-06-06 06:15:00,2026-06-06,25,ARJ03,TER,0.0
2026-06-06 06:15:00,2026-06-06,25,ARJ08,TER,0.03
2026-06-06 06:15:00,2026-06-06,25,ARJ09,TER,0.0
2026-06-06 06:15:00,2026-06-06,25,ARJ11,TER,0.0
2026-06-06 06:15:00,2026-06-06,25,ARJ12,TER,0.0
2026-06-06 06:15:00,2026-06-06,25,ARJ13,TER,0.0
2026-06-06 06:15:00,2026-06-06,25,ARJ14,TER,0.0
2026-06-06 06:15:00,2026-06-06,25,ARJ15,TER,0.0
2026-06-06 06:15:00,2026-06-06,25,BUL01,TER,0.0
2026-06-06 06:15:00,2026-06-06,25,BUL02,TER,0.0
2026-06-06 06:15:00,2026-06-06,25,BUL03,TER,0.0
2026-06-06 06:15:00,2026-06-06,25,CAR01,TER,0.0
2026-06-06 06:15:00,2026-06-06,25,CAR02,TER,0.0
2026-06-06 06:15:00,2026-06-06,25,CAR03,TER,0.0
2026-06-06 06:15:00,2026-06-06,25,ERI01,TER,0.0
2026-06-06 06:15:00,2026-06-06,25,ERI02,TER,0.0
2026-06-06 06:15:00,2026-06-06,25,ERI03,TER,0.0
2026-06-06 06:15:00,2026-06-06,25,ERI04,TER,0.0
2026-06-06 06:15:00,2026-06-06,25,ERI30,TER,35.89
2026-06-06 06:15:00,2026-06-06,25,ERI31,TER,42.29
2026-06-06 06:15:00,2026-06-06,25,ERI32,TER,42.35
2026-06-06 06:15:00,2026-06-06,25,ERI40,TER,-0.02
2026-06-06 06:15:00,2026-06-06,25,ERI41,TER,0.0
2026-06-06 06:15:00,2026-06-06,25,ERI42,TER,0.0
2026-06-06 06:15:00,2026-06-06,25,ERI50,TER,36.91
2026-06-06 06:15:00,2026-06-06,25,ERI51,TER,41.9
2026-06-06 06:15:00,2026-06-06,25,ERI52,TER,41.91
2026-06-06 06:15:00,2026-06-06,25,GCH01,TER,0.0
2026-06-06 06:15:00,2026-06-06,25,GCH02,TER,0.0
2026-06-06 06:15:00,2026-06-06,25,GCH04,TER,0.0
2026-06-06 06:15:00,2026-06-06,25,GCH06,TER,0.0
2026-06-06 06:15:00,2026-06-06,25,GCH09,TER,0.0
2026-06-06 06:15:00,2026-06-06,25,GCH10,TER,50.2
2026-06-06 06:15:00,2026-06-06,25,GCH11,TER,0.0
2026-06-06 06:15:00,2026-06-06,25,GCH12,TER,36.64
2026-06-06 06:15:00,2026-06-06,25,MOS,TER,0.0
2026-06-06 06:15:00,2026-06-06,25,SCZ01,TER,0.0
2026-06-06 06:15:00,2026-06-06,25,SCZ02,TER,0.0
2026-06-06 06:15:00,2026-06-06,25,SUR10,TER,28.09
2026-06-06 06:15:00,2026-06-06,25,SUR11,TER,23.55
2026-06-06 06:15:00,2026-06-06,25,SUR12,TER,23.5
2026-06-06 06:15:00,2026-06-06,25,SUR20,TER,0.0
2026-06-06 06:15:00,2026-06-06,25,SUR21,TER,0.0
2026-06-06 06:15:00,2026-06-06,25,SUR22,TER,0.0
2026-06-06 06:15:00,2026-06-06,25,SUR30,TER,36.94
2026-06-06 06:15:00,2026-06-06,25,SUR31,TER,43.19
2026-06-06 06:15:00,2026-06-06,25,SUR32,TER,43.32
2026-06-06 06:15:00,2026-06-06,25,SUR40,TER,33.16
2026-06-06 06:15:00,2026-06-06,25,SUR41,TER,35.74
2026-06-06 06:15:00,2026-06-06,25,SUR42,TER,35.74
2026-06-06 06:15:00,2026-06-06,25,VHE01,TER,0.0
2026-06-06 06:15:00,2026-06-06,25,VHE02,TER,0.0
2026-06-06 06:15:00,2026-06-06,25,VHE03,TER,0.0
2026-06-06 06:15:00,2026-06-06,25,VHE04,TER,0.0
2026-06-06 06:15:00,2026-06-06,25,VHE05,TER,0.0
2026-06-06 06:15:00,2026-06-06,25,VHE06,TER,0.0
2026-06-06 06:15:00,2026-06-06,25,VHE07,TER,0.0
2026-06-06 06:15:00,2026-06-06,25,VHE08,TER,0.0
2026-06-06 06:15:00,2026-06-06,25,WAR05,TER,0.0
2026-06-06 06:15:00,2026-06-06,25,WAR10,TER,27.53
2026-06-06 06:15:00,2026-06-06,25,WAR11,TER,25.14
2026-06-06 06:15:00,2026-06-06,25,WAR12,TER,24.89
2026-06-06 06:15:00,2026-06-06,25,WAR20,TER,35.35
2026-06-06 06:15:00,2026-06-06,25,WAR21,TER,37.08
2026-06-06 06:15:00,2026-06-06,25,WAR22,TER,37.29
2026-06-06 06:15:00,2026-06-06,25,WAR30,TER,36.59
2026-06-06 06:15:00,2026-06-06,25,WAR31,TER,41.76
2026-06-06 06:15:00,2026-06-06,25,WAR32,TER,41.76
2026-06-06 06:15:00,2026-06-06,25,WAR40,TER,0.0
2026-06-06 06:15:00,2026-06-06,25,WAR41,TER,0.0
2026-06-06 06:15:00,2026-06-06,25,WAR42,TER,0.0
2026-06-06 06:15:00,2026-06-06,25,CH ZON,HID,0.0
2026-06-06 06:15:00,2026-06-06,25,CH TIQ,HID,0.0
2026-06-06 06:15:00,2026-06-06,25,CH BOT,HID,0.82
2026-06-06 06:15:00,2026-06-06,25,CH CUT,HID,5.34
2026-06-06 06:15:00,2026-06-06,25,CH SRO BA,HID,1.27
2026-06-06 06:15:00,2026-06-06,25,CH SRO AC,HID,3.56
2026-06-06 06:15:00,2026-06-06,25,CH SAI,HID,4.53
2026-06-06 06:15:00,2026-06-06,25,CH CHU,HID,2.85
2026-06-06 06:15:00,2026-06-06,25,CH HAR,HID,0.0
2026-06-06 06:15:00,2026-06-06,25,CH CAH,HID,7.53
2026-06-06 06:15:00,2026-06-06,25,CH HUA,HID,13.57
2026-06-06 06:15:00,2026-06-06,25,CH CHJ2,HID,0.0
2026-06-06 06:15:00,2026-06-06,25,CH YAN,HID,0.0
2026-06-06 06:15:00,2026-06-06,25,CH COR,HID,22.19
2026-06-06 06:15:00,2026-06-06,25,CH SIS,HID,35.8
2026-06-06 06:15:00,2026-06-06,25,CH SJS,HID,18.95
2026-06-06 06:15:00,2026-06-06,25,CH SJE,HID,19.26
2026-06-06 06:15:00,2026-06-06,25,CH MIS,HID,11.5
2026-06-06 06:15:00,2026-06-06,25,CH MIG,HID,0.0
2026-06-06 06:15:00,2026-06-06,25,CH ANG,HID,2.91
2026-06-06 06:15:00,2026-06-06,25,CH CHO,HID,3.53
2026-06-06 06:15:00,2026-06-06,25,CH CRB,HID,3.65
2026-06-06 06:15:00,2026-06-06,25,CH KIL,HID,0.0
2026-06-06 06:15:00,2026-06-06,25,CH LAN,HID,0.0
2026-06-06 06:15:00,2026-06-06,25,CH PUN,HID,0.0
2026-06-06 06:15:00,2026-06-06,25,CH KAN,HID,0.0
2026-06-06 06:15:00,2026-06-06,25,CH SJA,HID,0.0
2026-06-06 06:15:00,2026-06-06,25,AGU01,BIO,0.0
2026-06-06 06:15:00,2026-06-06,25,AGU02,BIO,0.0
2026-06-06 06:15:00,2026-06-06,25,GBE01,BIO,5.56
2026-06-06 06:15:00,2026-06-06,25,IAG01,BIO,0.0
2026-06-06 06:15:00,2026-06-06,25,UNA01,BIO,0.0
2026-06-06 06:15:00,2026-06-06,25,CSF ORU,INT,-0.01
2026-06-06 06:15:00,2026-06-06,25,CSF UYU,INT,-0.79
2026-06-06 06:15:00,2026-06-06,25,CSF YUN,INT,0.0
2026-06-06 06:15:00,2026-06-06,25,CE EDO,INT,-0.24
2026-06-06 06:15:00,2026-06-06,25,CE QOL,INT,0.2
2026-06-06 06:15:00,2026-06-06,25,CE SJU,INT,-0.11
2026-06-06 06:15:00,2026-06-06,25,CE WAR,INT,-0.07
2026-06-06 06:30:00,2026-06-06,26,ALT01,TER,0.0
2026-06-06 06:30:00,2026-06-06,26,ALT02,TER,0.0
2026-06-06 06:30:00,2026-06-06,26,ARJ01,TER,0.0
2026-06-06 06:30:00,2026-06-06,26,ARJ02,TER,0.0
2026-06-06 06:30:00,2026-06-06,26,ARJ03,TER,0.0
2026-06-06 06:30:00,2026-06-06,26,ARJ08,TER,0.04
2026-06-06 06:30:00,2026-06-06,26,ARJ09,TER,0.0
2026-06-06 06:30:00,2026-06-06,26,ARJ11,TER,0.0
2026-06-06 06:30:00,2026-06-06,26,ARJ12,TER,0.0
2026-06-06 06:30:00,2026-06-06,26,ARJ13,TER,0.0
2026-06-06 06:30:00,2026-06-06,26,ARJ14,TER,0.0
2026-06-06 06:30:00,2026-06-06,26,ARJ15,TER,0.0
2026-06-06 06:30:00,2026-06-06,26,BUL01,TER,0.0
2026-06-06 06:30:00,2026-06-06,26,BUL02,TER,0.0
2026-06-06 06:30:00,2026-06-06,26,BUL03,TER,0.0
2026-06-06 06:30:00,2026-06-06,26,CAR01,TER,0.0
2026-06-06 06:30:00,2026-06-06,26,CAR02,TER,0.0
2026-06-06 06:30:00,2026-06-06,26,CAR03,TER,0.0
2026-06-06 06:30:00,2026-06-06,26,ERI01,TER,0.0
2026-06-06 06:30:00,2026-06-06,26,ERI02,TER,0.0
2026-06-06 06:30:00,2026-06-06,26,ERI03,TER,0.0
2026-06-06 06:30:00,2026-06-06,26,ERI04,TER,0.0
2026-06-06 06:30:00,2026-06-06,26,ERI30,TER,36.08
2026-06-06 06:30:00,2026-06-06,26,ERI31,TER,42.8
2026-06-06 06:30:00,2026-06-06,26,ERI32,TER,42.75
2026-06-06 06:30:00,2026-06-06,26,ERI40,TER,0.01
2026-06-06 06:30:00,2026-06-06,26,ERI41,TER,0.0
2026-06-06 06:30:00,2026-06-06,26,ERI42,TER,0.0
2026-06-06 06:30:00,2026-06-06,26,ERI50,TER,36.91
2026-06-06 06:30:00,2026-06-06,26,ERI51,TER,42.44
2026-06-06 06:30:00,2026-06-06,26,ERI52,TER,42.43
2026-06-06 06:30:00,2026-06-06,26,GCH01,TER,0.0
2026-06-06 06:30:00,2026-06-06,26,GCH02,TER,0.0
2026-06-06 06:30:00,2026-06-06,26,GCH04,TER,0.0
2026-06-06 06:30:00,2026-06-06,26,GCH06,TER,0.0
2026-06-06 06:30:00,2026-06-06,26,GCH09,TER,0.0
2026-06-06 06:30:00,2026-06-06,26,GCH10,TER,50.27
2026-06-06 06:30:00,2026-06-06,26,GCH11,TER,0.0
2026-06-06 06:30:00,2026-06-06,26,GCH12,TER,36.54
2026-06-06 06:30:00,2026-06-06,26,MOS,TER,0.0
2026-06-06 06:30:00,2026-06-06,26,SCZ01,TER,0.0
2026-06-06 06:30:00,2026-06-06,26,SCZ02,TER,0.0
2026-06-06 06:30:00,2026-06-06,26,SUR10,TER,28.32
2026-06-06 06:30:00,2026-06-06,26,SUR11,TER,24.03
2026-06-06 06:30:00,2026-06-06,26,SUR12,TER,23.97
2026-06-06 06:30:00,2026-06-06,26,SUR20,TER,0.0
2026-06-06 06:30:00,2026-06-06,26,SUR21,TER,0.0
2026-06-06 06:30:00,2026-06-06,26,SUR22,TER,0.0
2026-06-06 06:30:00,2026-06-06,26,SUR30,TER,36.6
2026-06-06 06:30:00,2026-06-06,26,SUR31,TER,43.27
2026-06-06 06:30:00,2026-06-06,26,SUR32,TER,43.37
2026-06-06 06:30:00,2026-06-06,26,SUR40,TER,33.24
2026-06-06 06:30:00,2026-06-06,26,SUR41,TER,36.23
2026-06-06 06:30:00,2026-06-06,26,SUR42,TER,36.19
2026-06-06 06:30:00,2026-06-06,26,VHE01,TER,0.0
2026-06-06 06:30:00,2026-06-06,26,VHE02,TER,0.0
2026-06-06 06:30:00,2026-06-06,26,VHE03,TER,0.0
2026-06-06 06:30:00,2026-06-06,26,VHE04,TER,0.0
2026-06-06 06:30:00,2026-06-06,26,VHE05,TER,0.0
2026-06-06 06:30:00,2026-06-06,26,VHE06,TER,0.0
2026-06-06 06:30:00,2026-06-06,26,VHE07,TER,0.0
2026-06-06 06:30:00,2026-06-06,26,VHE08,TER,0.0
2026-06-06 06:30:00,2026-06-06,26,WAR05,TER,0.0
2026-06-06 06:30:00,2026-06-06,26,WAR10,TER,28.52
2026-06-06 06:30:00,2026-06-06,26,WAR11,TER,25.16
2026-06-06 06:30:00,2026-06-06,26,WAR12,TER,25.25
2026-06-06 06:30:00,2026-06-06,26,WAR20,TER,35.58
2026-06-06 06:30:00,2026-06-06,26,WAR21,TER,37.67
2026-06-06 06:30:00,2026-06-06,26,WAR22,TER,37.82
2026-06-06 06:30:00,2026-06-06,26,WAR30,TER,36.56
2026-06-06 06:30:00,2026-06-06,26,WAR31,TER,42.26
2026-06-06 06:30:00,2026-06-06,26,WAR32,TER,42.37
2026-06-06 06:30:00,2026-06-06,26,WAR40,TER,0.0
2026-06-06 06:30:00,2026-06-06,26,WAR41,TER,0.0
2026-06-06 06:30:00,2026-06-06,26,WAR42,TER,0.0
2026-06-06 06:30:00,2026-06-06,26,CH ZON,HID,0.0
2026-06-06 06:30:00,2026-06-06,26,CH TIQ,HID,0.0
2026-06-06 06:30:00,2026-06-06,26,CH BOT,HID,0.81
2026-06-06 06:30:00,2026-06-06,26,CH CUT,HID,5.21
2026-06-06 06:30:00,2026-06-06,26,CH SRO BA,HID,1.29
2026-06-06 06:30:00,2026-06-06,26,CH SRO AC,HID,3.63
2026-06-06 06:30:00,2026-06-06,26,CH SAI,HID,4.57
2026-06-06 06:30:00,2026-06-06,26,CH CHU,HID,2.92
2026-06-06 06:30:00,2026-06-06,26,CH HAR,HID,0.0
2026-06-06 06:30:00,2026-06-06,26,CH CAH,HID,7.62
2026-06-06 06:30:00,2026-06-06,26,CH HUA,HID,13.74
2026-06-06 06:30:00,2026-06-06,26,CH CHJ2,HID,0.0
2026-06-06 06:30:00,2026-06-06,26,CH YAN,HID,0.0
2026-06-06 06:30:00,2026-06-06,26,CH COR,HID,26.92
2026-06-06 06:30:00,2026-06-06,26,CH SIS,HID,36.3
2026-06-06 06:30:00,2026-06-06,26,CH SJS,HID,19.91
2026-06-06 06:30:00,2026-06-06,26,CH SJE,HID,20.43
2026-06-06 06:30:00,2026-06-06,26,CH MIS,HID,11.5
2026-06-06 06:30:00,2026-06-06,26,CH MIG,HID,0.0
2026-06-06 06:30:00,2026-06-06,26,CH ANG,HID,2.93
2026-06-06 06:30:00,2026-06-06,26,CH CHO,HID,3.53
2026-06-06 06:30:00,2026-06-06,26,CH CRB,HID,3.71
2026-06-06 06:30:00,2026-06-06,26,CH KIL,HID,0.0
2026-06-06 06:30:00,2026-06-06,26,CH LAN,HID,0.0
2026-06-06 06:30:00,2026-06-06,26,CH PUN,HID,0.0
2026-06-06 06:30:00,2026-06-06,26,CH KAN,HID,0.0
2026-06-06 06:30:00,2026-06-06,26,CH SJA,HID,0.0
2026-06-06 06:30:00,2026-06-06,26,AGU01,BIO,0.0
2026-06-06 06:30:00,2026-06-06,26,AGU02,BIO,0.0
2026-06-06 06:30:00,2026-06-06,26,GBE01,BIO,5.86
2026-06-06 06:30:00,2026-06-06,26,IAG01,BIO,0.0
2026-06-06 06:30:00,2026-06-06,26,UNA01,BIO,0.0
2026-06-06 06:30:00,2026-06-06,26,CSF ORU,INT,-0.01
2026-06-06 06:30:00,2026-06-06,26,CSF UYU,INT,-0.8
2026-06-06 06:30:00,2026-06-06,26,CSF YUN,INT,0.0
2026-06-06 06:30:00,2026-06-06,26,CE EDO,INT,-0.23
2026-06-06 06:30:00,2026-06-06,26,CE QOL,INT,0.16
2026-06-06 06:30:00,2026-06-06,26,CE SJU,INT,-0.12
2026-06-06 06:30:00,2026-06-06,26,CE WAR,INT,-0.04
2026-06-06 06:45:00,2026-06-06,27,ALT01,TER,0.0
2026-06-06 06:45:00,2026-06-06,27,ALT02,TER,0.0
2026-06-06 06:45:00,2026-06-06,27,ARJ01,TER,0.0
2026-06-06 06:45:00,2026-06-06,27,ARJ02,TER,0.0
2026-06-06 06:45:00,2026-06-06,27,ARJ03,TER,0.0
2026-06-06 06:45:00,2026-06-06,27,ARJ08,TER,0.04
2026-06-06 06:45:00,2026-06-06,27,ARJ09,TER,0.0
2026-06-06 06:45:00,2026-06-06,27,ARJ11,TER,0.0
2026-06-06 06:45:00,2026-06-06,27,ARJ12,TER,0.0
2026-06-06 06:45:00,2026-06-06,27,ARJ13,TER,0.0
2026-06-06 06:45:00,2026-06-06,27,ARJ14,TER,0.0
2026-06-06 06:45:00,2026-06-06,27,ARJ15,TER,0.0
2026-06-06 06:45:00,2026-06-06,27,BUL01,TER,0.0
2026-06-06 06:45:00,2026-06-06,27,BUL02,TER,0.0
2026-06-06 06:45:00,2026-06-06,27,BUL03,TER,0.0
2026-06-06 06:45:00,2026-06-06,27,CAR01,TER,0.0
2026-06-06 06:45:00,2026-06-06,27,CAR02,TER,0.0
2026-06-06 06:45:00,2026-06-06,27,CAR03,TER,0.0
2026-06-06 06:45:00,2026-06-06,27,ERI01,TER,0.0
2026-06-06 06:45:00,2026-06-06,27,ERI02,TER,0.0
2026-06-06 06:45:00,2026-06-06,27,ERI03,TER,0.0
2026-06-06 06:45:00,2026-06-06,27,ERI04,TER,0.0
2026-06-06 06:45:00,2026-06-06,27,ERI30,TER,35.73
2026-06-06 06:45:00,2026-06-06,27,ERI31,TER,41.72
2026-06-06 06:45:00,2026-06-06,27,ERI32,TER,41.68
2026-06-06 06:45:00,2026-06-06,27,ERI40,TER,-0.02
2026-06-06 06:45:00,2026-06-06,27,ERI41,TER,0.0
2026-06-06 06:45:00,2026-06-06,27,ERI42,TER,0.0
2026-06-06 06:45:00,2026-06-06,27,ERI50,TER,36.65
2026-06-06 06:45:00,2026-06-06,27,ERI51,TER,41.23
2026-06-06 06:45:00,2026-06-06,27,ERI52,TER,41.33
2026-06-06 06:45:00,2026-06-06,27,GCH01,TER,0.0
2026-06-06 06:45:00,2026-06-06,27,GCH02,TER,0.0
2026-06-06 06:45:00,2026-06-06,27,GCH04,TER,0.0
2026-06-06 06:45:00,2026-06-06,27,GCH06,TER,0.0
2026-06-06 06:45:00,2026-06-06,27,GCH09,TER,0.0
2026-06-06 06:45:00,2026-06-06,27,GCH10,TER,50.09
2026-06-06 06:45:00,2026-06-06,27,GCH11,TER,0.0
2026-06-06 06:45:00,2026-06-06,27,GCH12,TER,36.28
2026-06-06 06:45:00,2026-06-06,27,MOS,TER,0.0
2026-06-06 06:45:00,2026-06-06,27,SCZ01,TER,0.0
2026-06-06 06:45:00,2026-06-06,27,SCZ02,TER,0.0
2026-06-06 06:45:00,2026-06-06,27,SUR10,TER,28.01
2026-06-06 06:45:00,2026-06-06,27,SUR11,TER,22.99
2026-06-06 06:45:00,2026-06-06,27,SUR12,TER,22.83
2026-06-06 06:45:00,2026-06-06,27,SUR20,TER,0.0
2026-06-06 06:45:00,2026-06-06,27,SUR21,TER,0.0
2026-06-06 06:45:00,2026-06-06,27,SUR22,TER,0.0
2026-06-06 06:45:00,2026-06-06,27,SUR30,TER,36.64
2026-06-06 06:45:00,2026-06-06,27,SUR31,TER,43.52
2026-06-06 06:45:00,2026-06-06,27,SUR32,TER,43.63
2026-06-06 06:45:00,2026-06-06,27,SUR40,TER,32.82
2026-06-06 06:45:00,2026-06-06,27,SUR41,TER,34.97
2026-06-06 06:45:00,2026-06-06,27,SUR42,TER,35.0
2026-06-06 06:45:00,2026-06-06,27,VHE01,TER,0.0
2026-06-06 06:45:00,2026-06-06,27,VHE02,TER,0.0
2026-06-06 06:45:00,2026-06-06,27,VHE03,TER,0.0
2026-06-06 06:45:00,2026-06-06,27,VHE04,TER,0.0
2026-06-06 06:45:00,2026-06-06,27,VHE05,TER,0.0
2026-06-06 06:45:00,2026-06-06,27,VHE06,TER,0.0
2026-06-06 06:45:00,2026-06-06,27,VHE07,TER,0.0
2026-06-06 06:45:00,2026-06-06,27,VHE08,TER,0.0
2026-06-06 06:45:00,2026-06-06,27,WAR05,TER,0.0
2026-06-06 06:45:00,2026-06-06,27,WAR10,TER,27.95
2026-06-06 06:45:00,2026-06-06,27,WAR11,TER,24.32
2026-06-06 06:45:00,2026-06-06,27,WAR12,TER,24.21
2026-06-06 06:45:00,2026-06-06,27,WAR20,TER,35.2
2026-06-06 06:45:00,2026-06-06,27,WAR21,TER,36.48
2026-06-06 06:45:00,2026-06-06,27,WAR22,TER,36.73
2026-06-06 06:45:00,2026-06-06,27,WAR30,TER,36.37
2026-06-06 06:45:00,2026-06-06,27,WAR31,TER,40.81
2026-06-06 06:45:00,2026-06-06,27,WAR32,TER,40.93
2026-06-06 06:45:00,2026-06-06,27,WAR40,TER,0.0
2026-06-06 06:45:00,2026-06-06,27,WAR41,TER,0.0
2026-06-06 06:45:00,2026-06-06,27,WAR42,TER,0.0
2026-06-06 06:45:00,2026-06-06,27,CH ZON,HID,0.0
2026-06-06 06:45:00,2026-06-06,27,CH TIQ,HID,0.0
2026-06-06 06:45:00,2026-06-06,27,CH BOT,HID,0.79
2026-06-06 06:45:00,2026-06-06,27,CH CUT,HID,5.03
2026-06-06 06:45:00,2026-06-06,27,CH SRO BA,HID,1.29
2026-06-06 06:45:00,2026-06-06,27,CH SRO AC,HID,3.46
2026-06-06 06:45:00,2026-06-06,27,CH SAI,HID,4.43
2026-06-06 06:45:00,2026-06-06,27,CH CHU,HID,2.75
2026-06-06 06:45:00,2026-06-06,27,CH HAR,HID,0.0
2026-06-06 06:45:00,2026-06-06,27,CH CAH,HID,7.42
2026-06-06 06:45:00,2026-06-06,27,CH HUA,HID,11.89
2026-06-06 06:45:00,2026-06-06,27,CH CHJ2,HID,0.0
2026-06-06 06:45:00,2026-06-06,27,CH YAN,HID,0.0
2026-06-06 06:45:00,2026-06-06,27,CH COR,HID,21.85
2026-06-06 06:45:00,2026-06-06,27,CH SIS,HID,35.14
2026-06-06 06:45:00,2026-06-06,27,CH SJS,HID,18.09
2026-06-06 06:45:00,2026-06-06,27,CH SJE,HID,18.03
2026-06-06 06:45:00,2026-06-06,27,CH MIS,HID,11.5
2026-06-06 06:45:00,2026-06-06,27,CH MIG,HID,0.0
2026-06-06 06:45:00,2026-06-06,27,CH ANG,HID,2.9
2026-06-06 06:45:00,2026-06-06,27,CH CHO,HID,3.53
2026-06-06 06:45:00,2026-06-06,27,CH CRB,HID,3.62
2026-06-06 06:45:00,2026-06-06,27,CH KIL,HID,0.0
2026-06-06 06:45:00,2026-06-06,27,CH LAN,HID,0.0
2026-06-06 06:45:00,2026-06-06,27,CH PUN,HID,0.0
2026-06-06 06:45:00,2026-06-06,27,CH KAN,HID,0.0
2026-06-06 06:45:00,2026-06-06,27,CH SJA,HID,0.0
2026-06-06 06:45:00,2026-06-06,27,AGU01,BIO,0.0
2026-06-06 06:45:00,2026-06-06,27,AGU02,BIO,0.0
2026-06-06 06:45:00,2026-06-06,27,GBE01,BIO,4.22
2026-06-06 06:45:00,2026-06-06,27,IAG01,BIO,0.0
2026-06-06 06:45:00,2026-06-06,27,UNA01,BIO,0.0
2026-06-06 06:45:00,2026-06-06,27,CSF ORU,INT,-0.01
2026-06-06 06:45:00,2026-06-06,27,CSF UYU,INT,-0.83
2026-06-06 06:45:00,2026-06-06,27,CSF YUN,INT,0.0
2026-06-06 06:45:00,2026-06-06,27,CE EDO,INT,-0.08
2026-06-06 06:45:00,2026-06-06,27,CE QOL,INT,0.16
2026-06-06 06:45:00,2026-06-06,27,CE SJU,INT,-0.13
2026-06-06 06:45:00,2026-06-06,27,CE WAR,INT,-0.03
2026-06-06 07:00:00,2026-06-06,28,ALT01,TER,0.0
2026-06-06 07:00:00,2026-06-06,28,ALT02,TER,0.0
2026-06-06 07:00:00,2026-06-06,28,ARJ01,TER,0.0
2026-06-06 07:00:00,2026-06-06,28,ARJ02,TER,0.0
2026-06-06 07:00:00,2026-06-06,28,ARJ03,TER,0.0
2026-06-06 07:00:00,2026-06-06,28,ARJ08,TER,0.04
2026-06-06 07:00:00,2026-06-06,28,ARJ09,TER,0.0
2026-06-06 07:00:00,2026-06-06,28,ARJ11,TER,0.0
2026-06-06 07:00:00,2026-06-06,28,ARJ12,TER,0.0
2026-06-06 07:00:00,2026-06-06,28,ARJ13,TER,0.0
2026-06-06 07:00:00,2026-06-06,28,ARJ14,TER,0.0
2026-06-06 07:00:00,2026-06-06,28,ARJ15,TER,0.0
2026-06-06 07:00:00,2026-06-06,28,BUL01,TER,0.0
2026-06-06 07:00:00,2026-06-06,28,BUL02,TER,0.0
2026-06-06 07:00:00,2026-06-06,28,BUL03,TER,0.0
2026-06-06 07:00:00,2026-06-06,28,CAR01,TER,0.0
2026-06-06 07:00:00,2026-06-06,28,CAR02,TER,0.0
2026-06-06 07:00:00,2026-06-06,28,CAR03,TER,0.0
2026-06-06 07:00:00,2026-06-06,28,ERI01,TER,0.0
2026-06-06 07:00:00,2026-06-06,28,ERI02,TER,0.0
2026-06-06 07:00:00,2026-06-06,28,ERI03,TER,0.0
2026-06-06 07:00:00,2026-06-06,28,ERI04,TER,0.0
2026-06-06 07:00:00,2026-06-06,28,ERI30,TER,35.43
2026-06-06 07:00:00,2026-06-06,28,ERI31,TER,41.27
2026-06-06 07:00:00,2026-06-06,28,ERI32,TER,41.4
2026-06-06 07:00:00,2026-06-06,28,ERI40,TER,0.01
2026-06-06 07:00:00,2026-06-06,28,ERI41,TER,0.0
2026-06-06 07:00:00,2026-06-06,28,ERI42,TER,0.0
2026-06-06 07:00:00,2026-06-06,28,ERI50,TER,36.53
2026-06-06 07:00:00,2026-06-06,28,ERI51,TER,40.97
2026-06-06 07:00:00,2026-06-06,28,ERI52,TER,40.94
2026-06-06 07:00:00,2026-06-06,28,GCH01,TER,0.0
2026-06-06 07:00:00,2026-06-06,28,GCH02,TER,0.0
2026-06-06 07:00:00,2026-06-06,28,GCH04,TER,0.0
2026-06-06 07:00:00,2026-06-06,28,GCH06,TER,0.0
2026-06-06 07:00:00,2026-06-06,28,GCH09,TER,0.0
2026-06-06 07:00:00,2026-06-06,28,GCH10,TER,50.64
2026-06-06 07:00:00,2026-06-06,28,GCH11,TER,0.0
2026-06-06 07:00:00,2026-06-06,28,GCH12,TER,36.79
2026-06-06 07:00:00,2026-06-06,28,MOS,TER,0.0
2026-06-06 07:00:00,2026-06-06,28,SCZ01,TER,0.0
2026-06-06 07:00:00,2026-06-06,28,SCZ02,TER,0.0
2026-06-06 07:00:00,2026-06-06,28,SUR10,TER,28.01
2026-06-06 07:00:00,2026-06-06,28,SUR11,TER,22.65
2026-06-06 07:00:00,2026-06-06,28,SUR12,TER,22.78
2026-06-06 07:00:00,2026-06-06,28,SUR20,TER,0.0
2026-06-06 07:00:00,2026-06-06,28,SUR21,TER,0.0
2026-06-06 07:00:00,2026-06-06,28,SUR22,TER,0.0
2026-06-06 07:00:00,2026-06-06,28,SUR30,TER,36.83
2026-06-06 07:00:00,2026-06-06,28,SUR31,TER,43.32
2026-06-06 07:00:00,2026-06-06,28,SUR32,TER,43.4
2026-06-06 07:00:00,2026-06-06,28,SUR40,TER,32.06
2026-06-06 07:00:00,2026-06-06,28,SUR41,TER,35.09
2026-06-06 07:00:00,2026-06-06,28,SUR42,TER,35.23
2026-06-06 07:00:00,2026-06-06,28,VHE01,TER,0.0
2026-06-06 07:00:00,2026-06-06,28,VHE02,TER,0.0
2026-06-06 07:00:00,2026-06-06,28,VHE03,TER,0.0
2026-06-06 07:00:00,2026-06-06,28,VHE04,TER,0.0
2026-06-06 07:00:00,2026-06-06,28,VHE05,TER,0.0
2026-06-06 07:00:00,2026-06-06,28,VHE06,TER,0.0
2026-06-06 07:00:00,2026-06-06,28,VHE07,TER,0.0
2026-06-06 07:00:00,2026-06-06,28,VHE08,TER,0.0
2026-06-06 07:00:00,2026-06-06,28,WAR05,TER,0.0
2026-06-06 07:00:00,2026-06-06,28,WAR10,TER,27.91
2026-06-06 07:00:00,2026-06-06,28,WAR11,TER,23.95
2026-06-06 07:00:00,2026-06-06,28,WAR12,TER,23.9
2026-06-06 07:00:00,2026-06-06,28,WAR20,TER,34.86
2026-06-06 07:00:00,2026-06-06,28,WAR21,TER,36.22
2026-06-06 07:00:00,2026-06-06,28,WAR22,TER,36.41
2026-06-06 07:00:00,2026-06-06,28,WAR30,TER,36.03
2026-06-06 07:00:00,2026-06-06,28,WAR31,TER,40.73
2026-06-06 07:00:00,2026-06-06,28,WAR32,TER,40.93
2026-06-06 07:00:00,2026-06-06,28,WAR40,TER,0.0
2026-06-06 07:00:00,2026-06-06,28,WAR41,TER,0.0
2026-06-06 07:00:00,2026-06-06,28,WAR42,TER,0.0
2026-06-06 07:00:00,2026-06-06,28,CH ZON,HID,0.0
2026-06-06 07:00:00,2026-06-06,28,CH TIQ,HID,0.0
2026-06-06 07:00:00,2026-06-06,28,CH BOT,HID,0.78
2026-06-06 07:00:00,2026-06-06,28,CH CUT,HID,5.03
2026-06-06 07:00:00,2026-06-06,28,CH SRO BA,HID,1.28
2026-06-06 07:00:00,2026-06-06,28,CH SRO AC,HID,3.45
2026-06-06 07:00:00,2026-06-06,28,CH SAI,HID,4.43
2026-06-06 07:00:00,2026-06-06,28,CH CHU,HID,3.96
2026-06-06 07:00:00,2026-06-06,28,CH HAR,HID,0.0
2026-06-06 07:00:00,2026-06-06,28,CH CAH,HID,7.4
2026-06-06 07:00:00,2026-06-06,28,CH HUA,HID,12.38
2026-06-06 07:00:00,2026-06-06,28,CH CHJ2,HID,0.0
2026-06-06 07:00:00,2026-06-06,28,CH YAN,HID,0.0
2026-06-06 07:00:00,2026-06-06,28,CH COR,HID,21.55
2026-06-06 07:00:00,2026-06-06,28,CH SIS,HID,22.66
2026-06-06 07:00:00,2026-06-06,28,CH SJS,HID,17.61
2026-06-06 07:00:00,2026-06-06,28,CH SJE,HID,17.34
2026-06-06 07:00:00,2026-06-06,28,CH MIS,HID,11.5
2026-06-06 07:00:00,2026-06-06,28,CH MIG,HID,0.0
2026-06-06 07:00:00,2026-06-06,28,CH ANG,HID,2.93
2026-06-06 07:00:00,2026-06-06,28,CH CHO,HID,3.53
2026-06-06 07:00:00,2026-06-06,28,CH CRB,HID,3.62
2026-06-06 07:00:00,2026-06-06,28,CH KIL,HID,0.0
2026-06-06 07:00:00,2026-06-06,28,CH LAN,HID,0.0
2026-06-06 07:00:00,2026-06-06,28,CH PUN,HID,0.0
2026-06-06 07:00:00,2026-06-06,28,CH KAN,HID,0.0
2026-06-06 07:00:00,2026-06-06,28,CH SJA,HID,0.0
2026-06-06 07:00:00,2026-06-06,28,AGU01,BIO,0.0
2026-06-06 07:00:00,2026-06-06,28,AGU02,BIO,0.0
2026-06-06 07:00:00,2026-06-06,28,GBE01,BIO,5.31
2026-06-06 07:00:00,2026-06-06,28,IAG01,BIO,0.0
2026-06-06 07:00:00,2026-06-06,28,UNA01,BIO,0.0
2026-06-06 07:00:00,2026-06-06,28,CSF ORU,INT,0.0
2026-06-06 07:00:00,2026-06-06,28,CSF UYU,INT,0.0
2026-06-06 07:00:00,2026-06-06,28,CSF YUN,INT,0.0
2026-06-06 07:00:00,2026-06-06,28,CE EDO,INT,-0.16
2026-06-06 07:00:00,2026-06-06,28,CE QOL,INT,0.17
2026-06-06 07:00:00,2026-06-06,28,CE SJU,INT,-0.08
2026-06-06 07:00:00,2026-06-06,28,CE WAR,INT,-0.03
2026-06-06 07:15:00,2026-06-06,29,ALT01,TER,0.0
2026-06-06 07:15:00,2026-06-06,29,ALT02,TER,0.0
2026-06-06 07:15:00,2026-06-06,29,ARJ01,TER,0.0
2026-06-06 07:15:00,2026-06-06,29,ARJ02,TER,0.0
2026-06-06 07:15:00,2026-06-06,29,ARJ03,TER,0.0
2026-06-06 07:15:00,2026-06-06,29,ARJ08,TER,0.04
2026-06-06 07:15:00,2026-06-06,29,ARJ09,TER,0.0
2026-06-06 07:15:00,2026-06-06,29,ARJ11,TER,0.0
2026-06-06 07:15:00,2026-06-06,29,ARJ12,TER,0.0
2026-06-06 07:15:00,2026-06-06,29,ARJ13,TER,0.0
2026-06-06 07:15:00,2026-06-06,29,ARJ14,TER,0.0
2026-06-06 07:15:00,2026-06-06,29,ARJ15,TER,0.0
2026-06-06 07:15:00,2026-06-06,29,BUL01,TER,0.0
2026-06-06 07:15:00,2026-06-06,29,BUL02,TER,0.0
2026-06-06 07:15:00,2026-06-06,29,BUL03,TER,0.0
2026-06-06 07:15:00,2026-06-06,29,CAR01,TER,0.0
2026-06-06 07:15:00,2026-06-06,29,CAR02,TER,0.0
2026-06-06 07:15:00,2026-06-06,29,CAR03,TER,0.0
2026-06-06 07:15:00,2026-06-06,29,ERI01,TER,0.0
2026-06-06 07:15:00,2026-06-06,29,ERI02,TER,0.0
2026-06-06 07:15:00,2026-06-06,29,ERI03,TER,0.0
2026-06-06 07:15:00,2026-06-06,29,ERI04,TER,0.0
2026-06-06 07:15:00,2026-06-06,29,ERI30,TER,35.54
2026-06-06 07:15:00,2026-06-06,29,ERI31,TER,42.01
2026-06-06 07:15:00,2026-06-06,29,ERI32,TER,42.0
2026-06-06 07:15:00,2026-06-06,29,ERI40,TER,0.01
2026-06-06 07:15:00,2026-06-06,29,ERI41,TER,0.0
2026-06-06 07:15:00,2026-06-06,29,ERI42,TER,0.0
2026-06-06 07:15:00,2026-06-06,29,ERI50,TER,36.65
2026-06-06 07:15:00,2026-06-06,29,ERI51,TER,41.31
2026-06-06 07:15:00,2026-06-06,29,ERI52,TER,41.82
2026-06-06 07:15:00,2026-06-06,29,GCH01,TER,0.0
2026-06-06 07:15:00,2026-06-06,29,GCH02,TER,0.0
2026-06-06 07:15:00,2026-06-06,29,GCH04,TER,0.0
2026-06-06 07:15:00,2026-06-06,29,GCH06,TER,0.0
2026-06-06 07:15:00,2026-06-06,29,GCH09,TER,0.0
2026-06-06 07:15:00,2026-06-06,29,GCH10,TER,49.84
2026-06-06 07:15:00,2026-06-06,29,GCH11,TER,0.0
2026-06-06 07:15:00,2026-06-06,29,GCH12,TER,36.45
2026-06-06 07:15:00,2026-06-06,29,MOS,TER,0.0
2026-06-06 07:15:00,2026-06-06,29,SCZ01,TER,0.0
2026-06-06 07:15:00,2026-06-06,29,SCZ02,TER,0.0
2026-06-06 07:15:00,2026-06-06,29,SUR10,TER,27.94
2026-06-06 07:15:00,2026-06-06,29,SUR11,TER,23.04
2026-06-06 07:15:00,2026-06-06,29,SUR12,TER,22.93
2026-06-06 07:15:00,2026-06-06,29,SUR20,TER,0.0
2026-06-06 07:15:00,2026-06-06,29,SUR21,TER,0.0
2026-06-06 07:15:00,2026-06-06,29,SUR22,TER,0.0
2026-06-06 07:15:00,2026-06-06,29,SUR30,TER,36.79
2026-06-06 07:15:00,2026-06-06,29,SUR31,TER,43.3
2026-06-06 07:15:00,2026-06-06,29,SUR32,TER,43.33
2026-06-06 07:15:00,2026-06-06,29,SUR40,TER,32.18
2026-06-06 07:15:00,2026-06-06,29,SUR41,TER,35.46
2026-06-06 07:15:00,2026-06-06,29,SUR42,TER,35.46
2026-06-06 07:15:00,2026-06-06,29,VHE01,TER,0.0
2026-06-06 07:15:00,2026-06-06,29,VHE02,TER,0.0
2026-06-06 07:15:00,2026-06-06,29,VHE03,TER,0.0
2026-06-06 07:15:00,2026-06-06,29,VHE04,TER,0.0
2026-06-06 07:15:00,2026-06-06,29,VHE05,TER,0.0
2026-06-06 07:15:00,2026-06-06,29,VHE06,TER,0.0
2026-06-06 07:15:00,2026-06-06,29,VHE07,TER,0.0
2026-06-06 07:15:00,2026-06-06,29,VHE08,TER,0.0
2026-06-06 07:15:00,2026-06-06,29,WAR05,TER,0.0
2026-06-06 07:15:00,2026-06-06,29,WAR10,TER,28.06
2026-06-06 07:15:00,2026-06-06,29,WAR11,TER,24.17
2026-06-06 07:15:00,2026-06-06,29,WAR12,TER,24.14
2026-06-06 07:15:00,2026-06-06,29,WAR20,TER,35.05
2026-06-06 07:15:00,2026-06-06,29,WAR21,TER,38.2
2026-06-06 07:15:00,2026-06-06,29,WAR22,TER,38.46
2026-06-06 07:15:00,2026-06-06,29,WAR30,TER,36.25
2026-06-06 07:15:00,2026-06-06,29,WAR31,TER,41.17
2026-06-06 07:15:00,2026-06-06,29,WAR32,TER,41.19
2026-06-06 07:15:00,2026-06-06,29,WAR40,TER,0.0
2026-06-06 07:15:00,2026-06-06,29,WAR41,TER,0.0
2026-06-06 07:15:00,2026-06-06,29,WAR42,TER,0.0
2026-06-06 07:15:00,2026-06-06,29,CH ZON,HID,0.0
2026-06-06 07:15:00,2026-06-06,29,CH TIQ,HID,0.0
2026-06-06 07:15:00,2026-06-06,29,CH BOT,HID,0.78
2026-06-06 07:15:00,2026-06-06,29,CH CUT,HID,4.99
2026-06-06 07:15:00,2026-06-06,29,CH SRO BA,HID,1.27
2026-06-06 07:15:00,2026-06-06,29,CH SRO AC,HID,3.4
2026-06-06 07:15:00,2026-06-06,29,CH SAI,HID,4.11
2026-06-06 07:15:00,2026-06-06,29,CH CHU,HID,6.9
2026-06-06 07:15:00,2026-06-06,29,CH HAR,HID,0.0
2026-06-06 07:15:00,2026-06-06,29,CH CAH,HID,7.37
2026-06-06 07:15:00,2026-06-06,29,CH HUA,HID,12.36
2026-06-06 07:15:00,2026-06-06,29,CH CHJ2,HID,0.0
2026-06-06 07:15:00,2026-06-06,29,CH YAN,HID,0.0
2026-06-06 07:15:00,2026-06-06,29,CH COR,HID,19.37
2026-06-06 07:15:00,2026-06-06,29,CH SIS,HID,22.91
2026-06-06 07:15:00,2026-06-06,29,CH SJS,HID,17.77
2026-06-06 07:15:00,2026-06-06,29,CH SJE,HID,17.64
2026-06-06 07:15:00,2026-06-06,29,CH MIS,HID,11.5
2026-06-06 07:15:00,2026-06-06,29,CH MIG,HID,0.0
2026-06-06 07:15:00,2026-06-06,29,CH ANG,HID,2.92
2026-06-06 07:15:00,2026-06-06,29,CH CHO,HID,3.53
2026-06-06 07:15:00,2026-06-06,29,CH CRB,HID,3.61
2026-06-06 07:15:00,2026-06-06,29,CH KIL,HID,0.0
2026-06-06 07:15:00,2026-06-06,29,CH LAN,HID,0.0
2026-06-06 07:15:00,2026-06-06,29,CH PUN,HID,0.0
2026-06-06 07:15:00,2026-06-06,29,CH KAN,HID,0.0
2026-06-06 07:15:00,2026-06-06,29,CH SJA,HID,0.0
2026-06-06 07:15:00,2026-06-06,29,AGU01,BIO,0.0
2026-06-06 07:15:00,2026-06-06,29,AGU02,BIO,0.0
2026-06-06 07:15:00,2026-06-06,29,GBE01,BIO,5.44
2026-06-06 07:15:00,2026-06-06,29,IAG01,BIO,0.0
2026-06-06 07:15:00,2026-06-06,29,UNA01,BIO,0.0
2026-06-06 07:15:00,2026-06-06,29,CSF ORU,INT,3.94
2026-06-06 07:15:00,2026-06-06,29,CSF UYU,INT,0.15
2026-06-06 07:15:00,2026-06-06,29,CSF YUN,INT,0.0
2026-06-06 07:15:00,2026-06-06,29,CE EDO,INT,-0.06
2026-06-06 07:15:00,2026-06-06,29,CE QOL,INT,0.22
2026-06-06 07:15:00,2026-06-06,29,CE SJU,INT,-0.11
2026-06-06 07:15:00,2026-06-06,29,CE WAR,INT,-0.02
2026-06-06 07:30:00,2026-06-06,30,ALT01,TER,0.0
2026-06-06 07:30:00,2026-06-06,30,ALT02,TER,0.0
2026-06-06 07:30:00,2026-06-06,30,ARJ01,TER,0.0
2026-06-06 07:30:00,2026-06-06,30,ARJ02,TER,0.0
2026-06-06 07:30:00,2026-06-06,30,ARJ03,TER,0.0
2026-06-06 07:30:00,2026-06-06,30,ARJ08,TER,0.03
2026-06-06 07:30:00,2026-06-06,30,ARJ09,TER,0.0
2026-06-06 07:30:00,2026-06-06,30,ARJ11,TER,0.0
2026-06-06 07:30:00,2026-06-06,30,ARJ12,TER,0.0
2026-06-06 07:30:00,2026-06-06,30,ARJ13,TER,0.0
2026-06-06 07:30:00,2026-06-06,30,ARJ14,TER,0.0
2026-06-06 07:30:00,2026-06-06,30,ARJ15,TER,0.0
2026-06-06 07:30:00,2026-06-06,30,BUL01,TER,0.0
2026-06-06 07:30:00,2026-06-06,30,BUL02,TER,0.0
2026-06-06 07:30:00,2026-06-06,30,BUL03,TER,0.0
2026-06-06 07:30:00,2026-06-06,30,CAR01,TER,0.0
2026-06-06 07:30:00,2026-06-06,30,CAR02,TER,0.0
2026-06-06 07:30:00,2026-06-06,30,CAR03,TER,0.0
2026-06-06 07:30:00,2026-06-06,30,ERI01,TER,0.0
2026-06-06 07:30:00,2026-06-06,30,ERI02,TER,0.0
2026-06-06 07:30:00,2026-06-06,30,ERI03,TER,0.0
2026-06-06 07:30:00,2026-06-06,30,ERI04,TER,0.0
2026-06-06 07:30:00,2026-06-06,30,ERI30,TER,35.92
2026-06-06 07:30:00,2026-06-06,30,ERI31,TER,42.57
2026-06-06 07:30:00,2026-06-06,30,ERI32,TER,42.59
2026-06-06 07:30:00,2026-06-06,30,ERI40,TER,0.01
2026-06-06 07:30:00,2026-06-06,30,ERI41,TER,0.0
2026-06-06 07:30:00,2026-06-06,30,ERI42,TER,0.0
2026-06-06 07:30:00,2026-06-06,30,ERI50,TER,36.87
2026-06-06 07:30:00,2026-06-06,30,ERI51,TER,42.2
2026-06-06 07:30:00,2026-06-06,30,ERI52,TER,42.08
2026-06-06 07:30:00,2026-06-06,30,GCH01,TER,0.0
2026-06-06 07:30:00,2026-06-06,30,GCH02,TER,0.0
2026-06-06 07:30:00,2026-06-06,30,GCH04,TER,0.0
2026-06-06 07:30:00,2026-06-06,30,GCH06,TER,0.0
2026-06-06 07:30:00,2026-06-06,30,GCH09,TER,0.0
2026-06-06 07:30:00,2026-06-06,30,GCH10,TER,50.31
2026-06-06 07:30:00,2026-06-06,30,GCH11,TER,0.0
2026-06-06 07:30:00,2026-06-06,30,GCH12,TER,36.64
2026-06-06 07:30:00,2026-06-06,30,MOS,TER,0.0
2026-06-06 07:30:00,2026-06-06,30,SCZ01,TER,0.0
2026-06-06 07:30:00,2026-06-06,30,SCZ02,TER,0.0
2026-06-06 07:30:00,2026-06-06,30,SUR10,TER,27.94
2026-06-06 07:30:00,2026-06-06,30,SUR11,TER,23.03
2026-06-06 07:30:00,2026-06-06,30,SUR12,TER,22.9
2026-06-06 07:30:00,2026-06-06,30,SUR20,TER,0.0
2026-06-06 07:30:00,2026-06-06,30,SUR21,TER,0.0
2026-06-06 07:30:00,2026-06-06,30,SUR22,TER,0.0
2026-06-06 07:30:00,2026-06-06,30,SUR30,TER,36.94
2026-06-06 07:30:00,2026-06-06,30,SUR31,TER,43.31
2026-06-06 07:30:00,2026-06-06,30,SUR32,TER,43.37
2026-06-06 07:30:00,2026-06-06,30,SUR40,TER,32.82
2026-06-06 07:30:00,2026-06-06,30,SUR41,TER,35.2
2026-06-06 07:30:00,2026-06-06,30,SUR42,TER,35.18
2026-06-06 07:30:00,2026-06-06,30,VHE01,TER,0.0
2026-06-06 07:30:00,2026-06-06,30,VHE02,TER,0.0
2026-06-06 07:30:00,2026-06-06,30,VHE03,TER,0.0
2026-06-06 07:30:00,2026-06-06,30,VHE04,TER,0.0
2026-06-06 07:30:00,2026-06-06,30,VHE05,TER,0.0
2026-06-06 07:30:00,2026-06-06,30,VHE06,TER,0.0
2026-06-06 07:30:00,2026-06-06,30,VHE07,TER,0.0
2026-06-06 07:30:00,2026-06-06,30,VHE08,TER,0.0
2026-06-06 07:30:00,2026-06-06,30,WAR05,TER,0.0
2026-06-06 07:30:00,2026-06-06,30,WAR10,TER,27.65
2026-06-06 07:30:00,2026-06-06,30,WAR11,TER,24.46
2026-06-06 07:30:00,2026-06-06,30,WAR12,TER,24.51
2026-06-06 07:30:00,2026-06-06,30,WAR20,TER,35.81
2026-06-06 07:30:00,2026-06-06,30,WAR21,TER,38.62
2026-06-06 07:30:00,2026-06-06,30,WAR22,TER,38.79
2026-06-06 07:30:00,2026-06-06,30,WAR30,TER,36.41
2026-06-06 07:30:00,2026-06-06,30,WAR31,TER,41.55
2026-06-06 07:30:00,2026-06-06,30,WAR32,TER,41.62
2026-06-06 07:30:00,2026-06-06,30,WAR40,TER,0.0
2026-06-06 07:30:00,2026-06-06,30,WAR41,TER,0.0
2026-06-06 07:30:00,2026-06-06,30,WAR42,TER,0.0
2026-06-06 07:30:00,2026-06-06,30,CH ZON,HID,0.0
2026-06-06 07:30:00,2026-06-06,30,CH TIQ,HID,0.0
2026-06-06 07:30:00,2026-06-06,30,CH BOT,HID,0.79
2026-06-06 07:30:00,2026-06-06,30,CH CUT,HID,5.24
2026-06-06 07:30:00,2026-06-06,30,CH SRO BA,HID,1.29
2026-06-06 07:30:00,2026-06-06,30,CH SRO AC,HID,3.47
2026-06-06 07:30:00,2026-06-06,30,CH SAI,HID,4.14
2026-06-06 07:30:00,2026-06-06,30,CH CHU,HID,6.97
2026-06-06 07:30:00,2026-06-06,30,CH HAR,HID,0.0
2026-06-06 07:30:00,2026-06-06,30,CH CAH,HID,7.45
2026-06-06 07:30:00,2026-06-06,30,CH HUA,HID,12.42
2026-06-06 07:30:00,2026-06-06,30,CH CHJ2,HID,0.0
2026-06-06 07:30:00,2026-06-06,30,CH YAN,HID,0.0
2026-06-06 07:30:00,2026-06-06,30,CH COR,HID,18.83
2026-06-06 07:30:00,2026-06-06,30,CH SIS,HID,23.0
2026-06-06 07:30:00,2026-06-06,30,CH SJS,HID,17.93
2026-06-06 07:30:00,2026-06-06,30,CH SJE,HID,17.77
2026-06-06 07:30:00,2026-06-06,30,CH MIS,HID,11.5
2026-06-06 07:30:00,2026-06-06,30,CH MIG,HID,0.0
2026-06-06 07:30:00,2026-06-06,30,CH ANG,HID,2.93
2026-06-06 07:30:00,2026-06-06,30,CH CHO,HID,3.53
2026-06-06 07:30:00,2026-06-06,30,CH CRB,HID,3.68
2026-06-06 07:30:00,2026-06-06,30,CH KIL,HID,0.0
2026-06-06 07:30:00,2026-06-06,30,CH LAN,HID,0.0
2026-06-06 07:30:00,2026-06-06,30,CH PUN,HID,0.0
2026-06-06 07:30:00,2026-06-06,30,CH KAN,HID,0.0
2026-06-06 07:30:00,2026-06-06,30,CH SJA,HID,0.0
2026-06-06 07:30:00,2026-06-06,30,AGU01,BIO,0.0
2026-06-06 07:30:00,2026-06-06,30,AGU02,BIO,0.0
2026-06-06 07:30:00,2026-06-06,30,GBE01,BIO,5.74
2026-06-06 07:30:00,2026-06-06,30,IAG01,BIO,0.0
2026-06-06 07:30:00,2026-06-06,30,UNA01,BIO,0.0
2026-06-06 07:30:00,2026-06-06,30,CSF ORU,INT,12.45
2026-06-06 07:30:00,2026-06-06,30,CSF UYU,INT,4.2
2026-06-06 07:30:00,2026-06-06,30,CSF YUN,INT,0.0
2026-06-06 07:30:00,2026-06-06,30,CE EDO,INT,0.01
2026-06-06 07:30:00,2026-06-06,30,CE QOL,INT,0.13
2026-06-06 07:30:00,2026-06-06,30,CE SJU,INT,-0.13
2026-06-06 07:30:00,2026-06-06,30,CE WAR,INT,-0.04
2026-06-06 07:45:00,2026-06-06,31,ALT01,TER,0.0
2026-06-06 07:45:00,2026-06-06,31,ALT02,TER,0.0
2026-06-06 07:45:00,2026-06-06,31,ARJ01,TER,0.0
2026-06-06 07:45:00,2026-06-06,31,ARJ02,TER,0.0
2026-06-06 07:45:00,2026-06-06,31,ARJ03,TER,0.0
2026-06-06 07:45:00,2026-06-06,31,ARJ08,TER,0.04
2026-06-06 07:45:00,2026-06-06,31,ARJ09,TER,0.0
2026-06-06 07:45:00,2026-06-06,31,ARJ11,TER,0.0
2026-06-06 07:45:00,2026-06-06,31,ARJ12,TER,0.0
2026-06-06 07:45:00,2026-06-06,31,ARJ13,TER,0.0
2026-06-06 07:45:00,2026-06-06,31,ARJ14,TER,0.0
2026-06-06 07:45:00,2026-06-06,31,ARJ15,TER,0.0
2026-06-06 07:45:00,2026-06-06,31,BUL01,TER,0.0
2026-06-06 07:45:00,2026-06-06,31,BUL02,TER,0.0
2026-06-06 07:45:00,2026-06-06,31,BUL03,TER,0.0
2026-06-06 07:45:00,2026-06-06,31,CAR01,TER,0.0
2026-06-06 07:45:00,2026-06-06,31,CAR02,TER,0.0
2026-06-06 07:45:00,2026-06-06,31,CAR03,TER,0.0
2026-06-06 07:45:00,2026-06-06,31,ERI01,TER,0.0
2026-06-06 07:45:00,2026-06-06,31,ERI02,TER,0.0
2026-06-06 07:45:00,2026-06-06,31,ERI03,TER,0.0
2026-06-06 07:45:00,2026-06-06,31,ERI04,TER,0.0
2026-06-06 07:45:00,2026-06-06,31,ERI30,TER,36.0
2026-06-06 07:45:00,2026-06-06,31,ERI31,TER,42.87
2026-06-06 07:45:00,2026-06-06,31,ERI32,TER,42.96
2026-06-06 07:45:00,2026-06-06,31,ERI40,TER,0.01
2026-06-06 07:45:00,2026-06-06,31,ERI41,TER,0.0
2026-06-06 07:45:00,2026-06-06,31,ERI42,TER,0.0
2026-06-06 07:45:00,2026-06-06,31,ERI50,TER,37.06
2026-06-06 07:45:00,2026-06-06,31,ERI51,TER,42.62
2026-06-06 07:45:00,2026-06-06,31,ERI52,TER,42.49
2026-06-06 07:45:00,2026-06-06,31,GCH01,TER,0.0
2026-06-06 07:45:00,2026-06-06,31,GCH02,TER,0.0
2026-06-06 07:45:00,2026-06-06,31,GCH04,TER,0.0
2026-06-06 07:45:00,2026-06-06,31,GCH06,TER,0.0
2026-06-06 07:45:00,2026-06-06,31,GCH09,TER,0.0
2026-06-06 07:45:00,2026-06-06,31,GCH10,TER,50.06
2026-06-06 07:45:00,2026-06-06,31,GCH11,TER,0.0
2026-06-06 07:45:00,2026-06-06,31,GCH12,TER,36.53
2026-06-06 07:45:00,2026-06-06,31,MOS,TER,0.0
2026-06-06 07:45:00,2026-06-06,31,SCZ01,TER,0.0
2026-06-06 07:45:00,2026-06-06,31,SCZ02,TER,0.0
2026-06-06 07:45:00,2026-06-06,31,SUR10,TER,28.01
2026-06-06 07:45:00,2026-06-06,31,SUR11,TER,23.32
2026-06-06 07:45:00,2026-06-06,31,SUR12,TER,23.25
2026-06-06 07:45:00,2026-06-06,31,SUR20,TER,0.0
2026-06-06 07:45:00,2026-06-06,31,SUR21,TER,0.0
2026-06-06 07:45:00,2026-06-06,31,SUR22,TER,0.0
2026-06-06 07:45:00,2026-06-06,31,SUR30,TER,36.64
2026-06-06 07:45:00,2026-06-06,31,SUR31,TER,43.4
2026-06-06 07:45:00,2026-06-06,31,SUR32,TER,43.4
2026-06-06 07:45:00,2026-06-06,31,SUR40,TER,32.55
2026-06-06 07:45:00,2026-06-06,31,SUR41,TER,35.73
2026-06-06 07:45:00,2026-06-06,31,SUR42,TER,35.8
2026-06-06 07:45:00,2026-06-06,31,VHE01,TER,0.0
2026-06-06 07:45:00,2026-06-06,31,VHE02,TER,0.0
2026-06-06 07:45:00,2026-06-06,31,VHE03,TER,0.0
2026-06-06 07:45:00,2026-06-06,31,VHE04,TER,0.0
2026-06-06 07:45:00,2026-06-06,31,VHE05,TER,0.0
2026-06-06 07:45:00,2026-06-06,31,VHE06,TER,0.0
2026-06-06 07:45:00,2026-06-06,31,VHE07,TER,0.0
2026-06-06 07:45:00,2026-06-06,31,VHE08,TER,0.0
2026-06-06 07:45:00,2026-06-06,31,WAR05,TER,0.0
2026-06-06 07:45:00,2026-06-06,31,WAR10,TER,28.21
2026-06-06 07:45:00,2026-06-06,31,WAR11,TER,24.4
2026-06-06 07:45:00,2026-06-06,31,WAR12,TER,24.41
2026-06-06 07:45:00,2026-06-06,31,WAR20,TER,35.89
2026-06-06 07:45:00,2026-06-06,31,WAR21,TER,38.9
2026-06-06 07:45:00,2026-06-06,31,WAR22,TER,39.14
2026-06-06 07:45:00,2026-06-06,31,WAR30,TER,36.52
2026-06-06 07:45:00,2026-06-06,31,WAR31,TER,42.06
2026-06-06 07:45:00,2026-06-06,31,WAR32,TER,42.26
2026-06-06 07:45:00,2026-06-06,31,WAR40,TER,0.0
2026-06-06 07:45:00,2026-06-06,31,WAR41,TER,0.0
2026-06-06 07:45:00,2026-06-06,31,WAR42,TER,0.0
2026-06-06 07:45:00,2026-06-06,31,CH ZON,HID,0.0
2026-06-06 07:45:00,2026-06-06,31,CH TIQ,HID,0.0
2026-06-06 07:45:00,2026-06-06,31,CH BOT,HID,0.8
2026-06-06 07:45:00,2026-06-06,31,CH CUT,HID,5.3
2026-06-06 07:45:00,2026-06-06,31,CH SRO BA,HID,1.29
2026-06-06 07:45:00,2026-06-06,31,CH SRO AC,HID,3.5
2026-06-06 07:45:00,2026-06-06,31,CH SAI,HID,4.17
2026-06-06 07:45:00,2026-06-06,31,CH CHU,HID,7.0
2026-06-06 07:45:00,2026-06-06,31,CH HAR,HID,0.0
2026-06-06 07:45:00,2026-06-06,31,CH CAH,HID,7.5
2026-06-06 07:45:00,2026-06-06,31,CH HUA,HID,12.51
2026-06-06 07:45:00,2026-06-06,31,CH CHJ2,HID,0.0
2026-06-06 07:45:00,2026-06-06,31,CH YAN,HID,0.0
2026-06-06 07:45:00,2026-06-06,31,CH COR,HID,19.02
2026-06-06 07:45:00,2026-06-06,31,CH SIS,HID,23.22
2026-06-06 07:45:00,2026-06-06,31,CH SJS,HID,18.24
2026-06-06 07:45:00,2026-06-06,31,CH SJE,HID,18.27
2026-06-06 07:45:00,2026-06-06,31,CH MIS,HID,11.5
2026-06-06 07:45:00,2026-06-06,31,CH MIG,HID,0.0
2026-06-06 07:45:00,2026-06-06,31,CH ANG,HID,2.95
2026-06-06 07:45:00,2026-06-06,31,CH CHO,HID,3.53
2026-06-06 07:45:00,2026-06-06,31,CH CRB,HID,3.7
2026-06-06 07:45:00,2026-06-06,31,CH KIL,HID,0.0
2026-06-06 07:45:00,2026-06-06,31,CH LAN,HID,0.0
2026-06-06 07:45:00,2026-06-06,31,CH PUN,HID,0.0
2026-06-06 07:45:00,2026-06-06,31,CH KAN,HID,0.0
2026-06-06 07:45:00,2026-06-06,31,CH SJA,HID,0.0
2026-06-06 07:45:00,2026-06-06,31,AGU01,BIO,0.0
2026-06-06 07:45:00,2026-06-06,31,AGU02,BIO,0.0
2026-06-06 07:45:00,2026-06-06,31,GBE01,BIO,6.14
2026-06-06 07:45:00,2026-06-06,31,IAG01,BIO,0.0
2026-06-06 07:45:00,2026-06-06,31,UNA01,BIO,0.0
2026-06-06 07:45:00,2026-06-06,31,CSF ORU,INT,19.13
2026-06-06 07:45:00,2026-06-06,31,CSF UYU,INT,6.89
2026-06-06 07:45:00,2026-06-06,31,CSF YUN,INT,0.0
2026-06-06 07:45:00,2026-06-06,31,CE EDO,INT,0.37
2026-06-06 07:45:00,2026-06-06,31,CE QOL,INT,0.08
2026-06-06 07:45:00,2026-06-06,31,CE SJU,INT,-0.1
2026-06-06 07:45:00,2026-06-06,31,CE WAR,INT,-0.04
2026-06-06 08:00:00,2026-06-06,32,ALT01,TER,0.0
2026-06-06 08:00:00,2026-06-06,32,ALT02,TER,0.0
2026-06-06 08:00:00,2026-06-06,32,ARJ01,TER,0.0
2026-06-06 08:00:00,2026-06-06,32,ARJ02,TER,0.0
2026-06-06 08:00:00,2026-06-06,32,ARJ03,TER,0.0
2026-06-06 08:00:00,2026-06-06,32,ARJ08,TER,0.04
2026-06-06 08:00:00,2026-06-06,32,ARJ09,TER,0.0
2026-06-06 08:00:00,2026-06-06,32,ARJ11,TER,0.0
2026-06-06 08:00:00,2026-06-06,32,ARJ12,TER,0.0
2026-06-06 08:00:00,2026-06-06,32,ARJ13,TER,0.0
2026-06-06 08:00:00,2026-06-06,32,ARJ14,TER,0.0
2026-06-06 08:00:00,2026-06-06,32,ARJ15,TER,0.0
2026-06-06 08:00:00,2026-06-06,32,BUL01,TER,0.0
2026-06-06 08:00:00,2026-06-06,32,BUL02,TER,0.0
2026-06-06 08:00:00,2026-06-06,32,BUL03,TER,0.0
2026-06-06 08:00:00,2026-06-06,32,CAR01,TER,0.0
2026-06-06 08:00:00,2026-06-06,32,CAR02,TER,0.0
2026-06-06 08:00:00,2026-06-06,32,CAR03,TER,0.0
2026-06-06 08:00:00,2026-06-06,32,ERI01,TER,0.0
2026-06-06 08:00:00,2026-06-06,32,ERI02,TER,0.0
2026-06-06 08:00:00,2026-06-06,32,ERI03,TER,0.0
2026-06-06 08:00:00,2026-06-06,32,ERI04,TER,0.0
2026-06-06 08:00:00,2026-06-06,32,ERI30,TER,36.15
2026-06-06 08:00:00,2026-06-06,32,ERI31,TER,43.26
2026-06-06 08:00:00,2026-06-06,32,ERI32,TER,43.27
2026-06-06 08:00:00,2026-06-06,32,ERI40,TER,0.01
2026-06-06 08:00:00,2026-06-06,32,ERI41,TER,0.0
2026-06-06 08:00:00,2026-06-06,32,ERI42,TER,0.0
2026-06-06 08:00:00,2026-06-06,32,ERI50,TER,37.14
2026-06-06 08:00:00,2026-06-06,32,ERI51,TER,42.84
2026-06-06 08:00:00,2026-06-06,32,ERI52,TER,42.9
2026-06-06 08:00:00,2026-06-06,32,GCH01,TER,0.0
2026-06-06 08:00:00,2026-06-06,32,GCH02,TER,0.0
2026-06-06 08:00:00,2026-06-06,32,GCH04,TER,0.0
2026-06-06 08:00:00,2026-06-06,32,GCH06,TER,0.0
2026-06-06 08:00:00,2026-06-06,32,GCH09,TER,0.0
2026-06-06 08:00:00,2026-06-06,32,GCH10,TER,50.64
2026-06-06 08:00:00,2026-06-06,32,GCH11,TER,0.0
2026-06-06 08:00:00,2026-06-06,32,GCH12,TER,36.65
2026-06-06 08:00:00,2026-06-06,32,MOS,TER,0.0
2026-06-06 08:00:00,2026-06-06,32,SCZ01,TER,0.0
2026-06-06 08:00:00,2026-06-06,32,SCZ02,TER,0.0
2026-06-06 08:00:00,2026-06-06,32,SUR10,TER,28.28
2026-06-06 08:00:00,2026-06-06,32,SUR11,TER,23.61
2026-06-06 08:00:00,2026-06-06,32,SUR12,TER,23.48
2026-06-06 08:00:00,2026-06-06,32,SUR20,TER,0.0
2026-06-06 08:00:00,2026-06-06,32,SUR21,TER,0.0
2026-06-06 08:00:00,2026-06-06,32,SUR22,TER,0.0
2026-06-06 08:00:00,2026-06-06,32,SUR30,TER,36.83
2026-06-06 08:00:00,2026-06-06,32,SUR31,TER,43.46
2026-06-06 08:00:00,2026-06-06,32,SUR32,TER,43.32
2026-06-06 08:00:00,2026-06-06,32,SUR40,TER,32.78
2026-06-06 08:00:00,2026-06-06,32,SUR41,TER,35.95
2026-06-06 08:00:00,2026-06-06,32,SUR42,TER,36.09
2026-06-06 08:00:00,2026-06-06,32,VHE01,TER,0.0
2026-06-06 08:00:00,2026-06-06,32,VHE02,TER,0.0
2026-06-06 08:00:00,2026-06-06,32,VHE03,TER,0.0
2026-06-06 08:00:00,2026-06-06,32,VHE04,TER,0.0
2026-06-06 08:00:00,2026-06-06,32,VHE05,TER,0.0
2026-06-06 08:00:00,2026-06-06,32,VHE06,TER,0.0
2026-06-06 08:00:00,2026-06-06,32,VHE07,TER,0.0
2026-06-06 08:00:00,2026-06-06,32,VHE08,TER,0.0
2026-06-06 08:00:00,2026-06-06,32,WAR05,TER,0.0
2026-06-06 08:00:00,2026-06-06,32,WAR10,TER,28.33
2026-06-06 08:00:00,2026-06-06,32,WAR11,TER,24.73
2026-06-06 08:00:00,2026-06-06,32,WAR12,TER,24.69
2026-06-06 08:00:00,2026-06-06,32,WAR20,TER,36.0
2026-06-06 08:00:00,2026-06-06,32,WAR21,TER,39.2
2026-06-06 08:00:00,2026-06-06,32,WAR22,TER,39.39
2026-06-06 08:00:00,2026-06-06,32,WAR30,TER,36.44
2026-06-06 08:00:00,2026-06-06,32,WAR31,TER,42.3
2026-06-06 08:00:00,2026-06-06,32,WAR32,TER,42.39
2026-06-06 08:00:00,2026-06-06,32,WAR40,TER,0.0
2026-06-06 08:00:00,2026-06-06,32,WAR41,TER,0.0
2026-06-06 08:00:00,2026-06-06,32,WAR42,TER,0.0
2026-06-06 08:00:00,2026-06-06,32,CH ZON,HID,0.0
2026-06-06 08:00:00,2026-06-06,32,CH TIQ,HID,0.0
2026-06-06 08:00:00,2026-06-06,32,CH BOT,HID,0.81
2026-06-06 08:00:00,2026-06-06,32,CH CUT,HID,5.25
2026-06-06 08:00:00,2026-06-06,32,CH SRO BA,HID,1.29
2026-06-06 08:00:00,2026-06-06,32,CH SRO AC,HID,3.59
2026-06-06 08:00:00,2026-06-06,32,CH SAI,HID,4.23
2026-06-06 08:00:00,2026-06-06,32,CH CHU,HID,7.03
2026-06-06 08:00:00,2026-06-06,32,CH HAR,HID,0.0
2026-06-06 08:00:00,2026-06-06,32,CH CAH,HID,7.54
2026-06-06 08:00:00,2026-06-06,32,CH HUA,HID,12.6
2026-06-06 08:00:00,2026-06-06,32,CH CHJ2,HID,0.0
2026-06-06 08:00:00,2026-06-06,32,CH YAN,HID,0.0
2026-06-06 08:00:00,2026-06-06,32,CH COR,HID,19.39
2026-06-06 08:00:00,2026-06-06,32,CH SIS,HID,23.79
2026-06-06 08:00:00,2026-06-06,32,CH SJS,HID,19.32
2026-06-06 08:00:00,2026-06-06,32,CH SJE,HID,19.65
2026-06-06 08:00:00,2026-06-06,32,CH MIS,HID,11.5
2026-06-06 08:00:00,2026-06-06,32,CH MIG,HID,0.0
2026-06-06 08:00:00,2026-06-06,32,CH ANG,HID,2.93
2026-06-06 08:00:00,2026-06-06,32,CH CHO,HID,3.53
2026-06-06 08:00:00,2026-06-06,32,CH CRB,HID,3.71
2026-06-06 08:00:00,2026-06-06,32,CH KIL,HID,0.0
2026-06-06 08:00:00,2026-06-06,32,CH LAN,HID,0.0
2026-06-06 08:00:00,2026-06-06,32,CH PUN,HID,0.0
2026-06-06 08:00:00,2026-06-06,32,CH KAN,HID,0.0
2026-06-06 08:00:00,2026-06-06,32,CH SJA,HID,0.0
2026-06-06 08:00:00,2026-06-06,32,AGU01,BIO,0.0
2026-06-06 08:00:00,2026-06-06,32,AGU02,BIO,0.0
2026-06-06 08:00:00,2026-06-06,32,GBE01,BIO,5.49
2026-06-06 08:00:00,2026-06-06,32,IAG01,BIO,0.0
2026-06-06 08:00:00,2026-06-06,32,UNA01,BIO,0.0
2026-06-06 08:00:00,2026-06-06,32,CSF ORU,INT,25.56
2026-06-06 08:00:00,2026-06-06,32,CSF UYU,INT,15.78
2026-06-06 08:00:00,2026-06-06,32,CSF YUN,INT,0.0
2026-06-06 08:00:00,2026-06-06,32,CE EDO,INT,0.83
2026-06-06 08:00:00,2026-06-06,32,CE QOL,INT,0.08
2026-06-06 08:00:00,2026-06-06,32,CE SJU,INT,0.48
2026-06-06 08:00:00,2026-06-06,32,CE WAR,INT,-0.04
2026-06-06 08:15:00,2026-06-06,33,ALT01,TER,0.0
2026-06-06 08:15:00,2026-06-06,33,ALT02,TER,0.0
2026-06-06 08:15:00,2026-06-06,33,ARJ01,TER,0.0
2026-06-06 08:15:00,2026-06-06,33,ARJ02,TER,0.0
2026-06-06 08:15:00,2026-06-06,33,ARJ03,TER,0.0
2026-06-06 08:15:00,2026-06-06,33,ARJ08,TER,0.03
2026-06-06 08:15:00,2026-06-06,33,ARJ09,TER,0.0
2026-06-06 08:15:00,2026-06-06,33,ARJ11,TER,0.0
2026-06-06 08:15:00,2026-06-06,33,ARJ12,TER,0.0
2026-06-06 08:15:00,2026-06-06,33,ARJ13,TER,0.0
2026-06-06 08:15:00,2026-06-06,33,ARJ14,TER,0.0
2026-06-06 08:15:00,2026-06-06,33,ARJ15,TER,0.0
2026-06-06 08:15:00,2026-06-06,33,BUL01,TER,0.0
2026-06-06 08:15:00,2026-06-06,33,BUL02,TER,0.0
2026-06-06 08:15:00,2026-06-06,33,BUL03,TER,0.0
2026-06-06 08:15:00,2026-06-06,33,CAR01,TER,0.0
2026-06-06 08:15:00,2026-06-06,33,CAR02,TER,0.0
2026-06-06 08:15:00,2026-06-06,33,CAR03,TER,0.0
2026-06-06 08:15:00,2026-06-06,33,ERI01,TER,0.0
2026-06-06 08:15:00,2026-06-06,33,ERI02,TER,0.0
2026-06-06 08:15:00,2026-06-06,33,ERI03,TER,0.0
2026-06-06 08:15:00,2026-06-06,33,ERI04,TER,0.0
2026-06-06 08:15:00,2026-06-06,33,ERI30,TER,36.34
2026-06-06 08:15:00,2026-06-06,33,ERI31,TER,43.58
2026-06-06 08:15:00,2026-06-06,33,ERI32,TER,43.65
2026-06-06 08:15:00,2026-06-06,33,ERI40,TER,-0.02
2026-06-06 08:15:00,2026-06-06,33,ERI41,TER,0.0
2026-06-06 08:15:00,2026-06-06,33,ERI42,TER,0.0
2026-06-06 08:15:00,2026-06-06,33,ERI50,TER,37.22
2026-06-06 08:15:00,2026-06-06,33,ERI51,TER,43.26
2026-06-06 08:15:00,2026-06-06,33,ERI52,TER,43.28
2026-06-06 08:15:00,2026-06-06,33,GCH01,TER,0.0
2026-06-06 08:15:00,2026-06-06,33,GCH02,TER,0.0
2026-06-06 08:15:00,2026-06-06,33,GCH04,TER,0.0
2026-06-06 08:15:00,2026-06-06,33,GCH06,TER,0.0
2026-06-06 08:15:00,2026-06-06,33,GCH09,TER,0.0
2026-06-06 08:15:00,2026-06-06,33,GCH10,TER,49.95
2026-06-06 08:15:00,2026-06-06,33,GCH11,TER,0.0
2026-06-06 08:15:00,2026-06-06,33,GCH12,TER,36.3
2026-06-06 08:15:00,2026-06-06,33,MOS,TER,0.0
2026-06-06 08:15:00,2026-06-06,33,SCZ01,TER,0.0
2026-06-06 08:15:00,2026-06-06,33,SCZ02,TER,0.0
2026-06-06 08:15:00,2026-06-06,33,SUR10,TER,28.5
2026-06-06 08:15:00,2026-06-06,33,SUR11,TER,23.93
2026-06-06 08:15:00,2026-06-06,33,SUR12,TER,23.84
2026-06-06 08:15:00,2026-06-06,33,SUR20,TER,0.0
2026-06-06 08:15:00,2026-06-06,33,SUR21,TER,0.0
2026-06-06 08:15:00,2026-06-06,33,SUR22,TER,0.0
2026-06-06 08:15:00,2026-06-06,33,SUR30,TER,36.91
2026-06-06 08:15:00,2026-06-06,33,SUR31,TER,43.32
2026-06-06 08:15:00,2026-06-06,33,SUR32,TER,43.26
2026-06-06 08:15:00,2026-06-06,33,SUR40,TER,28.32
2026-06-06 08:15:00,2026-06-06,33,SUR41,TER,26.25
2026-06-06 08:15:00,2026-06-06,33,SUR42,TER,26.28
2026-06-06 08:15:00,2026-06-06,33,VHE01,TER,0.0
2026-06-06 08:15:00,2026-06-06,33,VHE02,TER,0.0
2026-06-06 08:15:00,2026-06-06,33,VHE03,TER,0.0
2026-06-06 08:15:00,2026-06-06,33,VHE04,TER,0.0
2026-06-06 08:15:00,2026-06-06,33,VHE05,TER,0.0
2026-06-06 08:15:00,2026-06-06,33,VHE06,TER,0.0
2026-06-06 08:15:00,2026-06-06,33,VHE07,TER,0.0
2026-06-06 08:15:00,2026-06-06,33,VHE08,TER,0.0
2026-06-06 08:15:00,2026-06-06,33,WAR05,TER,0.0
2026-06-06 08:15:00,2026-06-06,33,WAR10,TER,28.4
2026-06-06 08:15:00,2026-06-06,33,WAR11,TER,25.38
2026-06-06 08:15:00,2026-06-06,33,WAR12,TER,25.26
2026-06-06 08:15:00,2026-06-06,33,WAR20,TER,36.3
2026-06-06 08:15:00,2026-06-06,33,WAR21,TER,39.7
2026-06-06 08:15:00,2026-06-06,33,WAR22,TER,39.92
2026-06-06 08:15:00,2026-06-06,33,WAR30,TER,36.82
2026-06-06 08:15:00,2026-06-06,33,WAR31,TER,42.56
2026-06-06 08:15:00,2026-06-06,33,WAR32,TER,42.81
2026-06-06 08:15:00,2026-06-06,33,WAR40,TER,0.0
2026-06-06 08:15:00,2026-06-06,33,WAR41,TER,0.0
2026-06-06 08:15:00,2026-06-06,33,WAR42,TER,0.0
2026-06-06 08:15:00,2026-06-06,33,CH ZON,HID,0.0
2026-06-06 08:15:00,2026-06-06,33,CH TIQ,HID,0.0
2026-06-06 08:15:00,2026-06-06,33,CH BOT,HID,0.81
2026-06-06 08:15:00,2026-06-06,33,CH CUT,HID,5.27
2026-06-06 08:15:00,2026-06-06,33,CH SRO BA,HID,1.31
2026-06-06 08:15:00,2026-06-06,33,CH SRO AC,HID,3.63
2026-06-06 08:15:00,2026-06-06,33,CH SAI,HID,4.26
2026-06-06 08:15:00,2026-06-06,33,CH CHU,HID,7.08
2026-06-06 08:15:00,2026-06-06,33,CH HAR,HID,0.0
2026-06-06 08:15:00,2026-06-06,33,CH CAH,HID,7.62
2026-06-06 08:15:00,2026-06-06,33,CH HUA,HID,12.67
2026-06-06 08:15:00,2026-06-06,33,CH CHJ2,HID,0.0
2026-06-06 08:15:00,2026-06-06,33,CH YAN,HID,0.0
2026-06-06 08:15:00,2026-06-06,33,CH COR,HID,31.37
2026-06-06 08:15:00,2026-06-06,33,CH SIS,HID,54.04
2026-06-06 08:15:00,2026-06-06,33,CH SJS,HID,19.92
2026-06-06 08:15:00,2026-06-06,33,CH SJE,HID,20.64
2026-06-06 08:15:00,2026-06-06,33,CH MIS,HID,11.5
2026-06-06 08:15:00,2026-06-06,33,CH MIG,HID,0.0
2026-06-06 08:15:00,2026-06-06,33,CH ANG,HID,2.92
2026-06-06 08:15:00,2026-06-06,33,CH CHO,HID,3.53
2026-06-06 08:15:00,2026-06-06,33,CH CRB,HID,3.74
2026-06-06 08:15:00,2026-06-06,33,CH KIL,HID,0.0
2026-06-06 08:15:00,2026-06-06,33,CH LAN,HID,0.0
2026-06-06 08:15:00,2026-06-06,33,CH PUN,HID,0.0
2026-06-06 08:15:00,2026-06-06,33,CH KAN,HID,0.0
2026-06-06 08:15:00,2026-06-06,33,CH SJA,HID,0.0
2026-06-06 08:15:00,2026-06-06,33,AGU01,BIO,0.0
2026-06-06 08:15:00,2026-06-06,33,AGU02,BIO,0.0
2026-06-06 08:15:00,2026-06-06,33,GBE01,BIO,5.82
2026-06-06 08:15:00,2026-06-06,33,IAG01,BIO,0.0
2026-06-06 08:15:00,2026-06-06,33,UNA01,BIO,0.0
2026-06-06 08:15:00,2026-06-06,33,CSF ORU,INT,31.98
2026-06-06 08:15:00,2026-06-06,33,CSF UYU,INT,22.11
2026-06-06 08:15:00,2026-06-06,33,CSF YUN,INT,0.0
2026-06-06 08:15:00,2026-06-06,33,CE EDO,INT,1.32
2026-06-06 08:15:00,2026-06-06,33,CE QOL,INT,0.08
2026-06-06 08:15:00,2026-06-06,33,CE SJU,INT,0.34
2026-06-06 08:15:00,2026-06-06,33,CE WAR,INT,-0.02
2026-06-06 08:30:00,2026-06-06,34,ALT01,TER,0.0
2026-06-06 08:30:00,2026-06-06,34,ALT02,TER,0.0
2026-06-06 08:30:00,2026-06-06,34,ARJ01,TER,0.0
2026-06-06 08:30:00,2026-06-06,34,ARJ02,TER,0.0
2026-06-06 08:30:00,2026-06-06,34,ARJ03,TER,0.0
2026-06-06 08:30:00,2026-06-06,34,ARJ08,TER,0.03
2026-06-06 08:30:00,2026-06-06,34,ARJ09,TER,0.0
2026-06-06 08:30:00,2026-06-06,34,ARJ11,TER,0.0
2026-06-06 08:30:00,2026-06-06,34,ARJ12,TER,0.0
2026-06-06 08:30:00,2026-06-06,34,ARJ13,TER,0.0
2026-06-06 08:30:00,2026-06-06,34,ARJ14,TER,0.0
2026-06-06 08:30:00,2026-06-06,34,ARJ15,TER,0.0
2026-06-06 08:30:00,2026-06-06,34,BUL01,TER,0.0
2026-06-06 08:30:00,2026-06-06,34,BUL02,TER,0.0
2026-06-06 08:30:00,2026-06-06,34,BUL03,TER,0.0
2026-06-06 08:30:00,2026-06-06,34,CAR01,TER,0.0
2026-06-06 08:30:00,2026-06-06,34,CAR02,TER,0.0
2026-06-06 08:30:00,2026-06-06,34,CAR03,TER,0.0
2026-06-06 08:30:00,2026-06-06,34,ERI01,TER,0.0
2026-06-06 08:30:00,2026-06-06,34,ERI02,TER,0.0
2026-06-06 08:30:00,2026-06-06,34,ERI03,TER,0.0
2026-06-06 08:30:00,2026-06-06,34,ERI04,TER,0.0
2026-06-06 08:30:00,2026-06-06,34,ERI30,TER,36.11
2026-06-06 08:30:00,2026-06-06,34,ERI31,TER,43.16
2026-06-06 08:30:00,2026-06-06,34,ERI32,TER,43.33
2026-06-06 08:30:00,2026-06-06,34,ERI40,TER,0.01
2026-06-06 08:30:00,2026-06-06,34,ERI41,TER,0.0
2026-06-06 08:30:00,2026-06-06,34,ERI42,TER,0.0
2026-06-06 08:30:00,2026-06-06,34,ERI50,TER,37.1
2026-06-06 08:30:00,2026-06-06,34,ERI51,TER,42.77
2026-06-06 08:30:00,2026-06-06,34,ERI52,TER,42.9
2026-06-06 08:30:00,2026-06-06,34,GCH01,TER,0.0
2026-06-06 08:30:00,2026-06-06,34,GCH02,TER,0.0
2026-06-06 08:30:00,2026-06-06,34,GCH04,TER,0.0
2026-06-06 08:30:00,2026-06-06,34,GCH06,TER,0.0
2026-06-06 08:30:00,2026-06-06,34,GCH09,TER,0.0
2026-06-06 08:30:00,2026-06-06,34,GCH10,TER,50.63
2026-06-06 08:30:00,2026-06-06,34,GCH11,TER,0.0
2026-06-06 08:30:00,2026-06-06,34,GCH12,TER,36.65
2026-06-06 08:30:00,2026-06-06,34,MOS,TER,0.0
2026-06-06 08:30:00,2026-06-06,34,SCZ01,TER,0.0
2026-06-06 08:30:00,2026-06-06,34,SCZ02,TER,0.0
2026-06-06 08:30:00,2026-06-06,34,SUR10,TER,28.05
2026-06-06 08:30:00,2026-06-06,34,SUR11,TER,23.52
2026-06-06 08:30:00,2026-06-06,34,SUR12,TER,23.46
2026-06-06 08:30:00,2026-06-06,34,SUR20,TER,0.0
2026-06-06 08:30:00,2026-06-06,34,SUR21,TER,0.0
2026-06-06 08:30:00,2026-06-06,34,SUR22,TER,0.0
2026-06-06 08:30:00,2026-06-06,34,SUR30,TER,36.79
2026-06-06 08:30:00,2026-06-06,34,SUR31,TER,43.32
2026-06-06 08:30:00,2026-06-06,34,SUR32,TER,43.35
2026-06-06 08:30:00,2026-06-06,34,SUR40,TER,28.05
2026-06-06 08:30:00,2026-06-06,34,SUR41,TER,25.82
2026-06-06 08:30:00,2026-06-06,34,SUR42,TER,25.78
2026-06-06 08:30:00,2026-06-06,34,VHE01,TER,0.0
2026-06-06 08:30:00,2026-06-06,34,VHE02,TER,0.0
2026-06-06 08:30:00,2026-06-06,34,VHE03,TER,0.0
2026-06-06 08:30:00,2026-06-06,34,VHE04,TER,0.0
2026-06-06 08:30:00,2026-06-06,34,VHE05,TER,0.0
2026-06-06 08:30:00,2026-06-06,34,VHE06,TER,0.0
2026-06-06 08:30:00,2026-06-06,34,VHE07,TER,0.0
2026-06-06 08:30:00,2026-06-06,34,VHE08,TER,0.0
2026-06-06 08:30:00,2026-06-06,34,WAR05,TER,0.0
2026-06-06 08:30:00,2026-06-06,34,WAR10,TER,32.18
2026-06-06 08:30:00,2026-06-06,34,WAR11,TER,33.99
2026-06-06 08:30:00,2026-06-06,34,WAR12,TER,33.98
2026-06-06 08:30:00,2026-06-06,34,WAR20,TER,36.08
2026-06-06 08:30:00,2026-06-06,34,WAR21,TER,39.13
2026-06-06 08:30:00,2026-06-06,34,WAR22,TER,39.26
2026-06-06 08:30:00,2026-06-06,34,WAR30,TER,36.75
2026-06-06 08:30:00,2026-06-06,34,WAR31,TER,42.24
2026-06-06 08:30:00,2026-06-06,34,WAR32,TER,42.29
2026-06-06 08:30:00,2026-06-06,34,WAR40,TER,0.0
2026-06-06 08:30:00,2026-06-06,34,WAR41,TER,0.0
2026-06-06 08:30:00,2026-06-06,34,WAR42,TER,0.0
2026-06-06 08:30:00,2026-06-06,34,CH ZON,HID,0.0
2026-06-06 08:30:00,2026-06-06,34,CH TIQ,HID,0.0
2026-06-06 08:30:00,2026-06-06,34,CH BOT,HID,0.61
2026-06-06 08:30:00,2026-06-06,34,CH CUT,HID,5.25
2026-06-06 08:30:00,2026-06-06,34,CH SRO BA,HID,1.31
2026-06-06 08:30:00,2026-06-06,34,CH SRO AC,HID,3.59
2026-06-06 08:30:00,2026-06-06,34,CH SAI,HID,4.23
2026-06-06 08:30:00,2026-06-06,34,CH CHU,HID,7.01
2026-06-06 08:30:00,2026-06-06,34,CH HAR,HID,0.0
2026-06-06 08:30:00,2026-06-06,34,CH CAH,HID,7.58
2026-06-06 08:30:00,2026-06-06,34,CH HUA,HID,12.59
2026-06-06 08:30:00,2026-06-06,34,CH CHJ2,HID,0.0
2026-06-06 08:30:00,2026-06-06,34,CH YAN,HID,0.0
2026-06-06 08:30:00,2026-06-06,34,CH COR,HID,35.05
2026-06-06 08:30:00,2026-06-06,34,CH SIS,HID,52.75
2026-06-06 08:30:00,2026-06-06,34,CH SJS,HID,18.8
2026-06-06 08:30:00,2026-06-06,34,CH SJE,HID,18.99
2026-06-06 08:30:00,2026-06-06,34,CH MIS,HID,11.5
2026-06-06 08:30:00,2026-06-06,34,CH MIG,HID,0.0
2026-06-06 08:30:00,2026-06-06,34,CH ANG,HID,2.91
2026-06-06 08:30:00,2026-06-06,34,CH CHO,HID,3.54
2026-06-06 08:30:00,2026-06-06,34,CH CRB,HID,3.71
2026-06-06 08:30:00,2026-06-06,34,CH KIL,HID,0.0
2026-06-06 08:30:00,2026-06-06,34,CH LAN,HID,0.0
2026-06-06 08:30:00,2026-06-06,34,CH PUN,HID,0.0
2026-06-06 08:30:00,2026-06-06,34,CH KAN,HID,0.0
2026-06-06 08:30:00,2026-06-06,34,CH SJA,HID,0.0
2026-06-06 08:30:00,2026-06-06,34,AGU01,BIO,0.0
2026-06-06 08:30:00,2026-06-06,34,AGU02,BIO,0.0
2026-06-06 08:30:00,2026-06-06,34,GBE01,BIO,6.75
2026-06-06 08:30:00,2026-06-06,34,IAG01,BIO,0.0
2026-06-06 08:30:00,2026-06-06,34,UNA01,BIO,0.0
2026-06-06 08:30:00,2026-06-06,34,CSF ORU,INT,37.53
2026-06-06 08:30:00,2026-06-06,34,CSF UYU,INT,26.4
2026-06-06 08:30:00,2026-06-06,34,CSF YUN,INT,0.0
2026-06-06 08:30:00,2026-06-06,34,CE EDO,INT,1.26
2026-06-06 08:30:00,2026-06-06,34,CE QOL,INT,0.08
2026-06-06 08:30:00,2026-06-06,34,CE SJU,INT,1.68
2026-06-06 08:30:00,2026-06-06,34,CE WAR,INT,0.07
2026-06-06 08:45:00,2026-06-06,35,ALT01,TER,0.0
2026-06-06 08:45:00,2026-06-06,35,ALT02,TER,0.0
2026-06-06 08:45:00,2026-06-06,35,ARJ01,TER,0.0
2026-06-06 08:45:00,2026-06-06,35,ARJ02,TER,0.0
2026-06-06 08:45:00,2026-06-06,35,ARJ03,TER,0.0
2026-06-06 08:45:00,2026-06-06,35,ARJ08,TER,0.04
2026-06-06 08:45:00,2026-06-06,35,ARJ09,TER,0.0
2026-06-06 08:45:00,2026-06-06,35,ARJ11,TER,0.0
2026-06-06 08:45:00,2026-06-06,35,ARJ12,TER,0.0
2026-06-06 08:45:00,2026-06-06,35,ARJ13,TER,0.0
2026-06-06 08:45:00,2026-06-06,35,ARJ14,TER,0.0
2026-06-06 08:45:00,2026-06-06,35,ARJ15,TER,0.0
2026-06-06 08:45:00,2026-06-06,35,BUL01,TER,0.0
2026-06-06 08:45:00,2026-06-06,35,BUL02,TER,0.0
2026-06-06 08:45:00,2026-06-06,35,BUL03,TER,0.0
2026-06-06 08:45:00,2026-06-06,35,CAR01,TER,0.0
2026-06-06 08:45:00,2026-06-06,35,CAR02,TER,0.0
2026-06-06 08:45:00,2026-06-06,35,CAR03,TER,0.0
2026-06-06 08:45:00,2026-06-06,35,ERI01,TER,0.0
2026-06-06 08:45:00,2026-06-06,35,ERI02,TER,0.0
2026-06-06 08:45:00,2026-06-06,35,ERI03,TER,0.0
2026-06-06 08:45:00,2026-06-06,35,ERI04,TER,0.0
2026-06-06 08:45:00,2026-06-06,35,ERI30,TER,36.19
2026-06-06 08:45:00,2026-06-06,35,ERI31,TER,43.09
2026-06-06 08:45:00,2026-06-06,35,ERI32,TER,43.03
2026-06-06 08:45:00,2026-06-06,35,ERI40,TER,0.01
2026-06-06 08:45:00,2026-06-06,35,ERI41,TER,0.0
2026-06-06 08:45:00,2026-06-06,35,ERI42,TER,0.0
2026-06-06 08:45:00,2026-06-06,35,ERI50,TER,37.1
2026-06-06 08:45:00,2026-06-06,35,ERI51,TER,42.67
2026-06-06 08:45:00,2026-06-06,35,ERI52,TER,42.72
2026-06-06 08:45:00,2026-06-06,35,GCH01,TER,0.0
2026-06-06 08:45:00,2026-06-06,35,GCH02,TER,0.0
2026-06-06 08:45:00,2026-06-06,35,GCH04,TER,0.0
2026-06-06 08:45:00,2026-06-06,35,GCH06,TER,0.0
2026-06-06 08:45:00,2026-06-06,35,GCH09,TER,0.0
2026-06-06 08:45:00,2026-06-06,35,GCH10,TER,49.88
2026-06-06 08:45:00,2026-06-06,35,GCH11,TER,0.0
2026-06-06 08:45:00,2026-06-06,35,GCH12,TER,36.3
2026-06-06 08:45:00,2026-06-06,35,MOS,TER,0.0
2026-06-06 08:45:00,2026-06-06,35,SCZ01,TER,0.0
2026-06-06 08:45:00,2026-06-06,35,SCZ02,TER,0.0
2026-06-06 08:45:00,2026-06-06,35,SUR10,TER,28.13
2026-06-06 08:45:00,2026-06-06,35,SUR11,TER,23.58
2026-06-06 08:45:00,2026-06-06,35,SUR12,TER,23.28
2026-06-06 08:45:00,2026-06-06,35,SUR20,TER,0.0
2026-06-06 08:45:00,2026-06-06,35,SUR21,TER,0.0
2026-06-06 08:45:00,2026-06-06,35,SUR22,TER,0.0
2026-06-06 08:45:00,2026-06-06,35,SUR30,TER,36.79
2026-06-06 08:45:00,2026-06-06,35,SUR31,TER,43.33
2026-06-06 08:45:00,2026-06-06,35,SUR32,TER,43.36
2026-06-06 08:45:00,2026-06-06,35,SUR40,TER,28.24
2026-06-06 08:45:00,2026-06-06,35,SUR41,TER,25.61
2026-06-06 08:45:00,2026-06-06,35,SUR42,TER,25.74
2026-06-06 08:45:00,2026-06-06,35,VHE01,TER,0.0
2026-06-06 08:45:00,2026-06-06,35,VHE02,TER,0.0
2026-06-06 08:45:00,2026-06-06,35,VHE03,TER,0.0
2026-06-06 08:45:00,2026-06-06,35,VHE04,TER,0.0
2026-06-06 08:45:00,2026-06-06,35,VHE05,TER,0.0
2026-06-06 08:45:00,2026-06-06,35,VHE06,TER,0.0
2026-06-06 08:45:00,2026-06-06,35,VHE07,TER,0.0
2026-06-06 08:45:00,2026-06-06,35,VHE08,TER,0.0
2026-06-06 08:45:00,2026-06-06,35,WAR05,TER,0.0
2026-06-06 08:45:00,2026-06-06,35,WAR10,TER,33.69
2026-06-06 08:45:00,2026-06-06,35,WAR11,TER,40.77
2026-06-06 08:45:00,2026-06-06,35,WAR12,TER,40.81
2026-06-06 08:45:00,2026-06-06,35,WAR20,TER,36.11
2026-06-06 08:45:00,2026-06-06,35,WAR21,TER,38.93
2026-06-06 08:45:00,2026-06-06,35,WAR22,TER,39.11
2026-06-06 08:45:00,2026-06-06,35,WAR30,TER,36.71
2026-06-06 08:45:00,2026-06-06,35,WAR31,TER,42.01
2026-06-06 08:45:00,2026-06-06,35,WAR32,TER,42.11
2026-06-06 08:45:00,2026-06-06,35,WAR40,TER,0.0
2026-06-06 08:45:00,2026-06-06,35,WAR41,TER,0.0
2026-06-06 08:45:00,2026-06-06,35,WAR42,TER,0.0
2026-06-06 08:45:00,2026-06-06,35,CH ZON,HID,0.0
2026-06-06 08:45:00,2026-06-06,35,CH TIQ,HID,0.0
2026-06-06 08:45:00,2026-06-06,35,CH BOT,HID,0.5
2026-06-06 08:45:00,2026-06-06,35,CH CUT,HID,5.2
2026-06-06 08:45:00,2026-06-06,35,CH SRO BA,HID,1.28
2026-06-06 08:45:00,2026-06-06,35,CH SRO AC,HID,3.45
2026-06-06 08:45:00,2026-06-06,35,CH SAI,HID,4.16
2026-06-06 08:45:00,2026-06-06,35,CH CHU,HID,6.97
2026-06-06 08:45:00,2026-06-06,35,CH HAR,HID,0.0
2026-06-06 08:45:00,2026-06-06,35,CH CAH,HID,8.53
2026-06-06 08:45:00,2026-06-06,35,CH HUA,HID,12.5
2026-06-06 08:45:00,2026-06-06,35,CH CHJ2,HID,0.0
2026-06-06 08:45:00,2026-06-06,35,CH YAN,HID,0.0
2026-06-06 08:45:00,2026-06-06,35,CH COR,HID,40.0
2026-06-06 08:45:00,2026-06-06,35,CH SIS,HID,52.83
2026-06-06 08:45:00,2026-06-06,35,CH SJS,HID,22.03
2026-06-06 08:45:00,2026-06-06,35,CH SJE,HID,22.46
2026-06-06 08:45:00,2026-06-06,35,CH MIS,HID,11.5
2026-06-06 08:45:00,2026-06-06,35,CH MIG,HID,0.0
2026-06-06 08:45:00,2026-06-06,35,CH ANG,HID,2.89
2026-06-06 08:45:00,2026-06-06,35,CH CHO,HID,3.53
2026-06-06 08:45:00,2026-06-06,35,CH CRB,HID,3.71
2026-06-06 08:45:00,2026-06-06,35,CH KIL,HID,0.0
2026-06-06 08:45:00,2026-06-06,35,CH LAN,HID,0.0
2026-06-06 08:45:00,2026-06-06,35,CH PUN,HID,0.0
2026-06-06 08:45:00,2026-06-06,35,CH KAN,HID,0.0
2026-06-06 08:45:00,2026-06-06,35,CH SJA,HID,0.0
2026-06-06 08:45:00,2026-06-06,35,AGU01,BIO,0.0
2026-06-06 08:45:00,2026-06-06,35,AGU02,BIO,0.0
2026-06-06 08:45:00,2026-06-06,35,GBE01,BIO,4.59
2026-06-06 08:45:00,2026-06-06,35,IAG01,BIO,0.0
2026-06-06 08:45:00,2026-06-06,35,UNA01,BIO,0.0
2026-06-06 08:45:00,2026-06-06,35,CSF ORU,INT,42.74
2026-06-06 08:45:00,2026-06-06,35,CSF UYU,INT,30.26
2026-06-06 08:45:00,2026-06-06,35,CSF YUN,INT,0.0
2026-06-06 08:45:00,2026-06-06,35,CE EDO,INT,0.99
2026-06-06 08:45:00,2026-06-06,35,CE QOL,INT,0.08
2026-06-06 08:45:00,2026-06-06,35,CE SJU,INT,0.94
2026-06-06 08:45:00,2026-06-06,35,CE WAR,INT,-0.01
2026-06-06 09:00:00,2026-06-06,36,ALT01,TER,0.0
2026-06-06 09:00:00,2026-06-06,36,ALT02,TER,0.0
2026-06-06 09:00:00,2026-06-06,36,ARJ01,TER,0.0
2026-06-06 09:00:00,2026-06-06,36,ARJ02,TER,0.0
2026-06-06 09:00:00,2026-06-06,36,ARJ03,TER,0.0
2026-06-06 09:00:00,2026-06-06,36,ARJ08,TER,0.04
2026-06-06 09:00:00,2026-06-06,36,ARJ09,TER,0.0
2026-06-06 09:00:00,2026-06-06,36,ARJ11,TER,0.0
2026-06-06 09:00:00,2026-06-06,36,ARJ12,TER,0.0
2026-06-06 09:00:00,2026-06-06,36,ARJ13,TER,0.0
2026-06-06 09:00:00,2026-06-06,36,ARJ14,TER,0.0
2026-06-06 09:00:00,2026-06-06,36,ARJ15,TER,0.0
2026-06-06 09:00:00,2026-06-06,36,BUL01,TER,0.0
2026-06-06 09:00:00,2026-06-06,36,BUL02,TER,0.0
2026-06-06 09:00:00,2026-06-06,36,BUL03,TER,0.0
2026-06-06 09:00:00,2026-06-06,36,CAR01,TER,0.0
2026-06-06 09:00:00,2026-06-06,36,CAR02,TER,0.0
2026-06-06 09:00:00,2026-06-06,36,CAR03,TER,0.0
2026-06-06 09:00:00,2026-06-06,36,ERI01,TER,0.0
2026-06-06 09:00:00,2026-06-06,36,ERI02,TER,0.0
2026-06-06 09:00:00,2026-06-06,36,ERI03,TER,0.0
2026-06-06 09:00:00,2026-06-06,36,ERI04,TER,0.0
2026-06-06 09:00:00,2026-06-06,36,ERI30,TER,36.08
2026-06-06 09:00:00,2026-06-06,36,ERI31,TER,43.11
2026-06-06 09:00:00,2026-06-06,36,ERI32,TER,43.13
2026-06-06 09:00:00,2026-06-06,36,ERI40,TER,0.01
2026-06-06 09:00:00,2026-06-06,36,ERI41,TER,0.0
2026-06-06 09:00:00,2026-06-06,36,ERI42,TER,0.0
2026-06-06 09:00:00,2026-06-06,36,ERI50,TER,37.14
2026-06-06 09:00:00,2026-06-06,36,ERI51,TER,42.71
2026-06-06 09:00:00,2026-06-06,36,ERI52,TER,42.72
2026-06-06 09:00:00,2026-06-06,36,GCH01,TER,0.0
2026-06-06 09:00:00,2026-06-06,36,GCH02,TER,0.0
2026-06-06 09:00:00,2026-06-06,36,GCH04,TER,0.0
2026-06-06 09:00:00,2026-06-06,36,GCH06,TER,0.0
2026-06-06 09:00:00,2026-06-06,36,GCH09,TER,0.0
2026-06-06 09:00:00,2026-06-06,36,GCH10,TER,49.89
2026-06-06 09:00:00,2026-06-06,36,GCH11,TER,0.0
2026-06-06 09:00:00,2026-06-06,36,GCH12,TER,36.52
2026-06-06 09:00:00,2026-06-06,36,MOS,TER,0.0
2026-06-06 09:00:00,2026-06-06,36,SCZ01,TER,0.0
2026-06-06 09:00:00,2026-06-06,36,SCZ02,TER,0.0
2026-06-06 09:00:00,2026-06-06,36,SUR10,TER,27.94
2026-06-06 09:00:00,2026-06-06,36,SUR11,TER,23.27
2026-06-06 09:00:00,2026-06-06,36,SUR12,TER,23.17
2026-06-06 09:00:00,2026-06-06,36,SUR20,TER,0.0
2026-06-06 09:00:00,2026-06-06,36,SUR21,TER,0.0
2026-06-06 09:00:00,2026-06-06,36,SUR22,TER,0.0
2026-06-06 09:00:00,2026-06-06,36,SUR30,TER,36.6
2026-06-06 09:00:00,2026-06-06,36,SUR31,TER,43.4
2026-06-06 09:00:00,2026-06-06,36,SUR32,TER,43.56
2026-06-06 09:00:00,2026-06-06,36,SUR40,TER,28.01
2026-06-06 09:00:00,2026-06-06,36,SUR41,TER,25.8
2026-06-06 09:00:00,2026-06-06,36,SUR42,TER,25.8
2026-06-06 09:00:00,2026-06-06,36,VHE01,TER,0.0
2026-06-06 09:00:00,2026-06-06,36,VHE02,TER,0.0
2026-06-06 09:00:00,2026-06-06,36,VHE03,TER,0.0
2026-06-06 09:00:00,2026-06-06,36,VHE04,TER,0.0
2026-06-06 09:00:00,2026-06-06,36,VHE05,TER,0.0
2026-06-06 09:00:00,2026-06-06,36,VHE06,TER,0.0
2026-06-06 09:00:00,2026-06-06,36,VHE07,TER,0.0
2026-06-06 09:00:00,2026-06-06,36,VHE08,TER,0.0
2026-06-06 09:00:00,2026-06-06,36,WAR05,TER,0.0
2026-06-06 09:00:00,2026-06-06,36,WAR10,TER,34.29
2026-06-06 09:00:00,2026-06-06,36,WAR11,TER,40.39
2026-06-06 09:00:00,2026-06-06,36,WAR12,TER,40.23
2026-06-06 09:00:00,2026-06-06,36,WAR20,TER,36.08
2026-06-06 09:00:00,2026-06-06,36,WAR21,TER,38.93
2026-06-06 09:00:00,2026-06-06,36,WAR22,TER,39.14
2026-06-06 09:00:00,2026-06-06,36,WAR30,TER,36.59
2026-06-06 09:00:00,2026-06-06,36,WAR31,TER,42.23
2026-06-06 09:00:00,2026-06-06,36,WAR32,TER,42.23
2026-06-06 09:00:00,2026-06-06,36,WAR40,TER,0.0
2026-06-06 09:00:00,2026-06-06,36,WAR41,TER,0.0
2026-06-06 09:00:00,2026-06-06,36,WAR42,TER,0.0
2026-06-06 09:00:00,2026-06-06,36,CH ZON,HID,0.0
2026-06-06 09:00:00,2026-06-06,36,CH TIQ,HID,0.0
2026-06-06 09:00:00,2026-06-06,36,CH BOT,HID,0.51
2026-06-06 09:00:00,2026-06-06,36,CH CUT,HID,4.96
2026-06-06 09:00:00,2026-06-06,36,CH SRO BA,HID,1.28
2026-06-06 09:00:00,2026-06-06,36,CH SRO AC,HID,3.5
2026-06-06 09:00:00,2026-06-06,36,CH SAI,HID,4.19
2026-06-06 09:00:00,2026-06-06,36,CH CHU,HID,7.0
2026-06-06 09:00:00,2026-06-06,36,CH HAR,HID,0.0
2026-06-06 09:00:00,2026-06-06,36,CH CAH,HID,8.5
2026-06-06 09:00:00,2026-06-06,36,CH HUA,HID,13.5
2026-06-06 09:00:00,2026-06-06,36,CH CHJ2,HID,0.0
2026-06-06 09:00:00,2026-06-06,36,CH YAN,HID,0.0
2026-06-06 09:00:00,2026-06-06,36,CH COR,HID,39.95
2026-06-06 09:00:00,2026-06-06,36,CH SIS,HID,52.57
2026-06-06 09:00:00,2026-06-06,36,CH SJS,HID,23.47
2026-06-06 09:00:00,2026-06-06,36,CH SJE,HID,27.93
2026-06-06 09:00:00,2026-06-06,36,CH MIS,HID,11.5
2026-06-06 09:00:00,2026-06-06,36,CH MIG,HID,0.0
2026-06-06 09:00:00,2026-06-06,36,CH ANG,HID,2.9
2026-06-06 09:00:00,2026-06-06,36,CH CHO,HID,3.53
2026-06-06 09:00:00,2026-06-06,36,CH CRB,HID,3.7
2026-06-06 09:00:00,2026-06-06,36,CH KIL,HID,0.0
2026-06-06 09:00:00,2026-06-06,36,CH LAN,HID,0.0
2026-06-06 09:00:00,2026-06-06,36,CH PUN,HID,0.0
2026-06-06 09:00:00,2026-06-06,36,CH KAN,HID,0.0
2026-06-06 09:00:00,2026-06-06,36,CH SJA,HID,0.0
2026-06-06 09:00:00,2026-06-06,36,AGU01,BIO,0.0
2026-06-06 09:00:00,2026-06-06,36,AGU02,BIO,0.0
2026-06-06 09:00:00,2026-06-06,36,GBE01,BIO,4.69
2026-06-06 09:00:00,2026-06-06,36,IAG01,BIO,0.0
2026-06-06 09:00:00,2026-06-06,36,UNA01,BIO,0.0
2026-06-06 09:00:00,2026-06-06,36,CSF ORU,INT,47.58
2026-06-06 09:00:00,2026-06-06,36,CSF UYU,INT,34.3
2026-06-06 09:00:00,2026-06-06,36,CSF YUN,INT,0.0
2026-06-06 09:00:00,2026-06-06,36,CE EDO,INT,0.83
2026-06-06 09:00:00,2026-06-06,36,CE QOL,INT,0.04
2026-06-06 09:00:00,2026-06-06,36,CE SJU,INT,0.44
2026-06-06 09:00:00,2026-06-06,36,CE WAR,INT,-0.05
2026-06-06 09:15:00,2026-06-06,37,ALT01,TER,0.0
2026-06-06 09:15:00,2026-06-06,37,ALT02,TER,0.0
2026-06-06 09:15:00,2026-06-06,37,ARJ01,TER,0.0
2026-06-06 09:15:00,2026-06-06,37,ARJ02,TER,0.0
2026-06-06 09:15:00,2026-06-06,37,ARJ03,TER,0.0
2026-06-06 09:15:00,2026-06-06,37,ARJ08,TER,0.03
2026-06-06 09:15:00,2026-06-06,37,ARJ09,TER,0.0
2026-06-06 09:15:00,2026-06-06,37,ARJ11,TER,0.0
2026-06-06 09:15:00,2026-06-06,37,ARJ12,TER,0.0
2026-06-06 09:15:00,2026-06-06,37,ARJ13,TER,0.0
2026-06-06 09:15:00,2026-06-06,37,ARJ14,TER,0.0
2026-06-06 09:15:00,2026-06-06,37,ARJ15,TER,0.0
2026-06-06 09:15:00,2026-06-06,37,BUL01,TER,0.0
2026-06-06 09:15:00,2026-06-06,37,BUL02,TER,0.0
2026-06-06 09:15:00,2026-06-06,37,BUL03,TER,0.0
2026-06-06 09:15:00,2026-06-06,37,CAR01,TER,0.0
2026-06-06 09:15:00,2026-06-06,37,CAR02,TER,0.0
2026-06-06 09:15:00,2026-06-06,37,CAR03,TER,0.0
2026-06-06 09:15:00,2026-06-06,37,ERI01,TER,0.0
2026-06-06 09:15:00,2026-06-06,37,ERI02,TER,0.0
2026-06-06 09:15:00,2026-06-06,37,ERI03,TER,0.0
2026-06-06 09:15:00,2026-06-06,37,ERI04,TER,0.0
2026-06-06 09:15:00,2026-06-06,37,ERI30,TER,36.15
2026-06-06 09:15:00,2026-06-06,37,ERI31,TER,43.39
2026-06-06 09:15:00,2026-06-06,37,ERI32,TER,43.53
2026-06-06 09:15:00,2026-06-06,37,ERI40,TER,0.01
2026-06-06 09:15:00,2026-06-06,37,ERI41,TER,0.0
2026-06-06 09:15:00,2026-06-06,37,ERI42,TER,0.0
2026-06-06 09:15:00,2026-06-06,37,ERI50,TER,37.22
2026-06-06 09:15:00,2026-06-06,37,ERI51,TER,43.13
2026-06-06 09:15:00,2026-06-06,37,ERI52,TER,43.07
2026-06-06 09:15:00,2026-06-06,37,GCH01,TER,0.0
2026-06-06 09:15:00,2026-06-06,37,GCH02,TER,0.0
2026-06-06 09:15:00,2026-06-06,37,GCH04,TER,0.0
2026-06-06 09:15:00,2026-06-06,37,GCH06,TER,0.0
2026-06-06 09:15:00,2026-06-06,37,GCH09,TER,0.0
2026-06-06 09:15:00,2026-06-06,37,GCH10,TER,50.94
2026-06-06 09:15:00,2026-06-06,37,GCH11,TER,0.0
2026-06-06 09:15:00,2026-06-06,37,GCH12,TER,36.9
2026-06-06 09:15:00,2026-06-06,37,MOS,TER,0.0
2026-06-06 09:15:00,2026-06-06,37,SCZ01,TER,0.0
2026-06-06 09:15:00,2026-06-06,37,SCZ02,TER,0.0
2026-06-06 09:15:00,2026-06-06,37,SUR10,TER,27.94
2026-06-06 09:15:00,2026-06-06,37,SUR11,TER,23.8
2026-06-06 09:15:00,2026-06-06,37,SUR12,TER,23.61
2026-06-06 09:15:00,2026-06-06,37,SUR20,TER,0.0
2026-06-06 09:15:00,2026-06-06,37,SUR21,TER,0.0
2026-06-06 09:15:00,2026-06-06,37,SUR22,TER,0.0
2026-06-06 09:15:00,2026-06-06,37,SUR30,TER,36.79
2026-06-06 09:15:00,2026-06-06,37,SUR31,TER,43.44
2026-06-06 09:15:00,2026-06-06,37,SUR32,TER,43.49
2026-06-06 09:15:00,2026-06-06,37,SUR40,TER,30.4
2026-06-06 09:15:00,2026-06-06,37,SUR41,TER,29.91
2026-06-06 09:15:00,2026-06-06,37,SUR42,TER,30.01
2026-06-06 09:15:00,2026-06-06,37,VHE01,TER,0.0
2026-06-06 09:15:00,2026-06-06,37,VHE02,TER,0.0
2026-06-06 09:15:00,2026-06-06,37,VHE03,TER,0.0
2026-06-06 09:15:00,2026-06-06,37,VHE04,TER,0.0
2026-06-06 09:15:00,2026-06-06,37,VHE05,TER,0.0
2026-06-06 09:15:00,2026-06-06,37,VHE06,TER,0.0
2026-06-06 09:15:00,2026-06-06,37,VHE07,TER,0.0
2026-06-06 09:15:00,2026-06-06,37,VHE08,TER,0.0
2026-06-06 09:15:00,2026-06-06,37,WAR05,TER,0.0
2026-06-06 09:15:00,2026-06-06,37,WAR10,TER,34.63
2026-06-06 09:15:00,2026-06-06,37,WAR11,TER,40.69
2026-06-06 09:15:00,2026-06-06,37,WAR12,TER,40.62
2026-06-06 09:15:00,2026-06-06,37,WAR20,TER,36.3
2026-06-06 09:15:00,2026-06-06,37,WAR21,TER,39.29
2026-06-06 09:15:00,2026-06-06,37,WAR22,TER,39.59
2026-06-06 09:15:00,2026-06-06,37,WAR30,TER,36.71
2026-06-06 09:15:00,2026-06-06,37,WAR31,TER,42.58
2026-06-06 09:15:00,2026-06-06,37,WAR32,TER,42.62
2026-06-06 09:15:00,2026-06-06,37,WAR40,TER,0.0
2026-06-06 09:15:00,2026-06-06,37,WAR41,TER,0.0
2026-06-06 09:15:00,2026-06-06,37,WAR42,TER,0.0
2026-06-06 09:15:00,2026-06-06,37,CH ZON,HID,0.0
2026-06-06 09:15:00,2026-06-06,37,CH TIQ,HID,0.0
2026-06-06 09:15:00,2026-06-06,37,CH BOT,HID,0.52
2026-06-06 09:15:00,2026-06-06,37,CH CUT,HID,4.67
2026-06-06 09:15:00,2026-06-06,37,CH SRO BA,HID,1.29
2026-06-06 09:15:00,2026-06-06,37,CH SRO AC,HID,3.64
2026-06-06 09:15:00,2026-06-06,37,CH SAI,HID,4.28
2026-06-06 09:15:00,2026-06-06,37,CH CHU,HID,7.14
2026-06-06 09:15:00,2026-06-06,37,CH HAR,HID,0.0
2026-06-06 09:15:00,2026-06-06,37,CH CAH,HID,8.69
2026-06-06 09:15:00,2026-06-06,37,CH HUA,HID,13.76
2026-06-06 09:15:00,2026-06-06,37,CH CHJ2,HID,0.0
2026-06-06 09:15:00,2026-06-06,37,CH YAN,HID,0.0
2026-06-06 09:15:00,2026-06-06,37,CH COR,HID,40.55
2026-06-06 09:15:00,2026-06-06,37,CH SIS,HID,53.37
2026-06-06 09:15:00,2026-06-06,37,CH SJS,HID,24.5
2026-06-06 09:15:00,2026-06-06,37,CH SJE,HID,29.84
2026-06-06 09:15:00,2026-06-06,37,CH MIS,HID,11.5
2026-06-06 09:15:00,2026-06-06,37,CH MIG,HID,0.0
2026-06-06 09:15:00,2026-06-06,37,CH ANG,HID,2.93
2026-06-06 09:15:00,2026-06-06,37,CH CHO,HID,3.53
2026-06-06 09:15:00,2026-06-06,37,CH CRB,HID,3.74
2026-06-06 09:15:00,2026-06-06,37,CH KIL,HID,0.0
2026-06-06 09:15:00,2026-06-06,37,CH LAN,HID,0.0
2026-06-06 09:15:00,2026-06-06,37,CH PUN,HID,0.0
2026-06-06 09:15:00,2026-06-06,37,CH KAN,HID,0.0
2026-06-06 09:15:00,2026-06-06,37,CH SJA,HID,0.0
2026-06-06 09:15:00,2026-06-06,37,AGU01,BIO,0.0
2026-06-06 09:15:00,2026-06-06,37,AGU02,BIO,0.0
2026-06-06 09:15:00,2026-06-06,37,GBE01,BIO,5.87
2026-06-06 09:15:00,2026-06-06,37,IAG01,BIO,0.0
2026-06-06 09:15:00,2026-06-06,37,UNA01,BIO,0.0
2026-06-06 09:15:00,2026-06-06,37,CSF ORU,INT,51.88
2026-06-06 09:15:00,2026-06-06,37,CSF UYU,INT,37.6
2026-06-06 09:15:00,2026-06-06,37,CSF YUN,INT,0.0
2026-06-06 09:15:00,2026-06-06,37,CE EDO,INT,1.14
2026-06-06 09:15:00,2026-06-06,37,CE QOL,INT,0.04
2026-06-06 09:15:00,2026-06-06,37,CE SJU,INT,0.02
2026-06-06 09:15:00,2026-06-06,37,CE WAR,INT,-0.07
2026-06-06 09:30:00,2026-06-06,38,ALT01,TER,0.0
2026-06-06 09:30:00,2026-06-06,38,ALT02,TER,0.0
2026-06-06 09:30:00,2026-06-06,38,ARJ01,TER,0.0
2026-06-06 09:30:00,2026-06-06,38,ARJ02,TER,0.0
2026-06-06 09:30:00,2026-06-06,38,ARJ03,TER,0.0
2026-06-06 09:30:00,2026-06-06,38,ARJ08,TER,0.04
2026-06-06 09:30:00,2026-06-06,38,ARJ09,TER,0.0
2026-06-06 09:30:00,2026-06-06,38,ARJ11,TER,0.0
2026-06-06 09:30:00,2026-06-06,38,ARJ12,TER,0.0
2026-06-06 09:30:00,2026-06-06,38,ARJ13,TER,0.0
2026-06-06 09:30:00,2026-06-06,38,ARJ14,TER,0.0
2026-06-06 09:30:00,2026-06-06,38,ARJ15,TER,0.0
2026-06-06 09:30:00,2026-06-06,38,BUL01,TER,0.0
2026-06-06 09:30:00,2026-06-06,38,BUL02,TER,0.0
2026-06-06 09:30:00,2026-06-06,38,BUL03,TER,0.0
2026-06-06 09:30:00,2026-06-06,38,CAR01,TER,0.0
2026-06-06 09:30:00,2026-06-06,38,CAR02,TER,0.0
2026-06-06 09:30:00,2026-06-06,38,CAR03,TER,0.0
2026-06-06 09:30:00,2026-06-06,38,ERI01,TER,0.0
2026-06-06 09:30:00,2026-06-06,38,ERI02,TER,0.0
2026-06-06 09:30:00,2026-06-06,38,ERI03,TER,0.0
2026-06-06 09:30:00,2026-06-06,38,ERI04,TER,0.0
2026-06-06 09:30:00,2026-06-06,38,ERI30,TER,36.46
2026-06-06 09:30:00,2026-06-06,38,ERI31,TER,44.44
2026-06-06 09:30:00,2026-06-06,38,ERI32,TER,44.55
2026-06-06 09:30:00,2026-06-06,38,ERI40,TER,0.01
2026-06-06 09:30:00,2026-06-06,38,ERI41,TER,0.0
2026-06-06 09:30:00,2026-06-06,38,ERI42,TER,0.0
2026-06-06 09:30:00,2026-06-06,38,ERI50,TER,37.44
2026-06-06 09:30:00,2026-06-06,38,ERI51,TER,44.22
2026-06-06 09:30:00,2026-06-06,38,ERI52,TER,44.25
2026-06-06 09:30:00,2026-06-06,38,GCH01,TER,0.0
2026-06-06 09:30:00,2026-06-06,38,GCH02,TER,0.0
2026-06-06 09:30:00,2026-06-06,38,GCH04,TER,0.0
2026-06-06 09:30:00,2026-06-06,38,GCH06,TER,0.0
2026-06-06 09:30:00,2026-06-06,38,GCH09,TER,0.0
2026-06-06 09:30:00,2026-06-06,38,GCH10,TER,50.78
2026-06-06 09:30:00,2026-06-06,38,GCH11,TER,0.0
2026-06-06 09:30:00,2026-06-06,38,GCH12,TER,36.84
2026-06-06 09:30:00,2026-06-06,38,MOS,TER,0.0
2026-06-06 09:30:00,2026-06-06,38,SCZ01,TER,0.0
2026-06-06 09:30:00,2026-06-06,38,SCZ02,TER,0.0
2026-06-06 09:30:00,2026-06-06,38,SUR10,TER,28.32
2026-06-06 09:30:00,2026-06-06,38,SUR11,TER,24.51
2026-06-06 09:30:00,2026-06-06,38,SUR12,TER,24.6
2026-06-06 09:30:00,2026-06-06,38,SUR20,TER,0.0
2026-06-06 09:30:00,2026-06-06,38,SUR21,TER,0.0
2026-06-06 09:30:00,2026-06-06,38,SUR22,TER,0.0
2026-06-06 09:30:00,2026-06-06,38,SUR30,TER,36.41
2026-06-06 09:30:00,2026-06-06,38,SUR31,TER,43.17
2026-06-06 09:30:00,2026-06-06,38,SUR32,TER,43.29
2026-06-06 09:30:00,2026-06-06,38,SUR40,TER,30.66
2026-06-06 09:30:00,2026-06-06,38,SUR41,TER,31.07
2026-06-06 09:30:00,2026-06-06,38,SUR42,TER,30.81
2026-06-06 09:30:00,2026-06-06,38,VHE01,TER,0.0
2026-06-06 09:30:00,2026-06-06,38,VHE02,TER,0.0
2026-06-06 09:30:00,2026-06-06,38,VHE03,TER,0.0
2026-06-06 09:30:00,2026-06-06,38,VHE04,TER,0.0
2026-06-06 09:30:00,2026-06-06,38,VHE05,TER,0.0
2026-06-06 09:30:00,2026-06-06,38,VHE06,TER,0.0
2026-06-06 09:30:00,2026-06-06,38,VHE07,TER,0.0
2026-06-06 09:30:00,2026-06-06,38,VHE08,TER,0.0
2026-06-06 09:30:00,2026-06-06,38,WAR05,TER,0.0
2026-06-06 09:30:00,2026-06-06,38,WAR10,TER,34.82
2026-06-06 09:30:00,2026-06-06,38,WAR11,TER,41.38
2026-06-06 09:30:00,2026-06-06,38,WAR12,TER,41.33
2026-06-06 09:30:00,2026-06-06,38,WAR20,TER,36.46
2026-06-06 09:30:00,2026-06-06,38,WAR21,TER,39.95
2026-06-06 09:30:00,2026-06-06,38,WAR22,TER,40.42
2026-06-06 09:30:00,2026-06-06,38,WAR30,TER,36.97
2026-06-06 09:30:00,2026-06-06,38,WAR31,TER,43.11
2026-06-06 09:30:00,2026-06-06,38,WAR32,TER,43.18
2026-06-06 09:30:00,2026-06-06,38,WAR40,TER,0.0
2026-06-06 09:30:00,2026-06-06,38,WAR41,TER,0.0
2026-06-06 09:30:00,2026-06-06,38,WAR42,TER,0.0
2026-06-06 09:30:00,2026-06-06,38,CH ZON,HID,0.0
2026-06-06 09:30:00,2026-06-06,38,CH TIQ,HID,0.0
2026-06-06 09:30:00,2026-06-06,38,CH BOT,HID,0.55
2026-06-06 09:30:00,2026-06-06,38,CH CUT,HID,4.74
2026-06-06 09:30:00,2026-06-06,38,CH SRO BA,HID,1.28
2026-06-06 09:30:00,2026-06-06,38,CH SRO AC,HID,3.69
2026-06-06 09:30:00,2026-06-06,38,CH SAI,HID,4.34
2026-06-06 09:30:00,2026-06-06,38,CH CHU,HID,7.23
2026-06-06 09:30:00,2026-06-06,38,CH HAR,HID,0.0
2026-06-06 09:30:00,2026-06-06,38,CH CAH,HID,9.36
2026-06-06 09:30:00,2026-06-06,38,CH HUA,HID,13.9
2026-06-06 09:30:00,2026-06-06,38,CH CHJ2,HID,0.0
2026-06-06 09:30:00,2026-06-06,38,CH YAN,HID,0.0
2026-06-06 09:30:00,2026-06-06,38,CH COR,HID,41.0
2026-06-06 09:30:00,2026-06-06,38,CH SIS,HID,54.26
2026-06-06 09:30:00,2026-06-06,38,CH SJS,HID,25.16
2026-06-06 09:30:00,2026-06-06,38,CH SJE,HID,31.2
2026-06-06 09:30:00,2026-06-06,38,CH MIS,HID,11.5
2026-06-06 09:30:00,2026-06-06,38,CH MIG,HID,0.0
2026-06-06 09:30:00,2026-06-06,38,CH ANG,HID,2.97
2026-06-06 09:30:00,2026-06-06,38,CH CHO,HID,3.53
2026-06-06 09:30:00,2026-06-06,38,CH CRB,HID,3.78
2026-06-06 09:30:00,2026-06-06,38,CH KIL,HID,0.0
2026-06-06 09:30:00,2026-06-06,38,CH LAN,HID,0.0
2026-06-06 09:30:00,2026-06-06,38,CH PUN,HID,0.0
2026-06-06 09:30:00,2026-06-06,38,CH KAN,HID,0.0
2026-06-06 09:30:00,2026-06-06,38,CH SJA,HID,0.0
2026-06-06 09:30:00,2026-06-06,38,AGU01,BIO,0.0
2026-06-06 09:30:00,2026-06-06,38,AGU02,BIO,0.0
2026-06-06 09:30:00,2026-06-06,38,GBE01,BIO,6.48
2026-06-06 09:30:00,2026-06-06,38,IAG01,BIO,0.0
2026-06-06 09:30:00,2026-06-06,38,UNA01,BIO,0.0
2026-06-06 09:30:00,2026-06-06,38,CSF ORU,INT,55.95
2026-06-06 09:30:00,2026-06-06,38,CSF UYU,INT,40.53
2026-06-06 09:30:00,2026-06-06,38,CSF YUN,INT,0.0
2026-06-06 09:30:00,2026-06-06,38,CE EDO,INT,0.19
2026-06-06 09:30:00,2026-06-06,38,CE QOL,INT,0.04
2026-06-06 09:30:00,2026-06-06,38,CE SJU,INT,-0.21
2026-06-06 09:30:00,2026-06-06,38,CE WAR,INT,-0.07
2026-06-06 09:45:00,2026-06-06,39,ALT01,TER,0.0
2026-06-06 09:45:00,2026-06-06,39,ALT02,TER,0.0
2026-06-06 09:45:00,2026-06-06,39,ARJ01,TER,0.0
2026-06-06 09:45:00,2026-06-06,39,ARJ02,TER,0.0
2026-06-06 09:45:00,2026-06-06,39,ARJ03,TER,0.0
2026-06-06 09:45:00,2026-06-06,39,ARJ08,TER,0.03
2026-06-06 09:45:00,2026-06-06,39,ARJ09,TER,0.0
2026-06-06 09:45:00,2026-06-06,39,ARJ11,TER,0.0
2026-06-06 09:45:00,2026-06-06,39,ARJ12,TER,0.0
2026-06-06 09:45:00,2026-06-06,39,ARJ13,TER,0.0
2026-06-06 09:45:00,2026-06-06,39,ARJ14,TER,0.0
2026-06-06 09:45:00,2026-06-06,39,ARJ15,TER,0.0
2026-06-06 09:45:00,2026-06-06,39,BUL01,TER,0.0
2026-06-06 09:45:00,2026-06-06,39,BUL02,TER,0.0
2026-06-06 09:45:00,2026-06-06,39,BUL03,TER,0.0
2026-06-06 09:45:00,2026-06-06,39,CAR01,TER,0.0
2026-06-06 09:45:00,2026-06-06,39,CAR02,TER,0.0
2026-06-06 09:45:00,2026-06-06,39,CAR03,TER,0.0
2026-06-06 09:45:00,2026-06-06,39,ERI01,TER,0.0
2026-06-06 09:45:00,2026-06-06,39,ERI02,TER,0.0
2026-06-06 09:45:00,2026-06-06,39,ERI03,TER,0.0
2026-06-06 09:45:00,2026-06-06,39,ERI04,TER,0.0
2026-06-06 09:45:00,2026-06-06,39,ERI30,TER,36.19
2026-06-06 09:45:00,2026-06-06,39,ERI31,TER,43.11
2026-06-06 09:45:00,2026-06-06,39,ERI32,TER,43.15
2026-06-06 09:45:00,2026-06-06,39,ERI40,TER,0.01
2026-06-06 09:45:00,2026-06-06,39,ERI41,TER,0.0
2026-06-06 09:45:00,2026-06-06,39,ERI42,TER,0.0
2026-06-06 09:45:00,2026-06-06,39,ERI50,TER,37.22
2026-06-06 09:45:00,2026-06-06,39,ERI51,TER,42.74
2026-06-06 09:45:00,2026-06-06,39,ERI52,TER,42.78
2026-06-06 09:45:00,2026-06-06,39,GCH01,TER,0.0
2026-06-06 09:45:00,2026-06-06,39,GCH02,TER,0.0
2026-06-06 09:45:00,2026-06-06,39,GCH04,TER,0.0
2026-06-06 09:45:00,2026-06-06,39,GCH06,TER,0.0
2026-06-06 09:45:00,2026-06-06,39,GCH09,TER,0.0
2026-06-06 09:45:00,2026-06-06,39,GCH10,TER,50.14
2026-06-06 09:45:00,2026-06-06,39,GCH11,TER,0.0
2026-06-06 09:45:00,2026-06-06,39,GCH12,TER,36.89
2026-06-06 09:45:00,2026-06-06,39,MOS,TER,0.0
2026-06-06 09:45:00,2026-06-06,39,SCZ01,TER,0.0
2026-06-06 09:45:00,2026-06-06,39,SCZ02,TER,0.0
2026-06-06 09:45:00,2026-06-06,39,SUR10,TER,27.67
2026-06-06 09:45:00,2026-06-06,39,SUR11,TER,23.41
2026-06-06 09:45:00,2026-06-06,39,SUR12,TER,23.33
2026-06-06 09:45:00,2026-06-06,39,SUR20,TER,0.0
2026-06-06 09:45:00,2026-06-06,39,SUR21,TER,0.0
2026-06-06 09:45:00,2026-06-06,39,SUR22,TER,0.0
2026-06-06 09:45:00,2026-06-06,39,SUR30,TER,36.76
2026-06-06 09:45:00,2026-06-06,39,SUR31,TER,43.49
2026-06-06 09:45:00,2026-06-06,39,SUR32,TER,43.61
2026-06-06 09:45:00,2026-06-06,39,SUR40,TER,30.09
2026-06-06 09:45:00,2026-06-06,39,SUR41,TER,29.92
2026-06-06 09:45:00,2026-06-06,39,SUR42,TER,29.76
2026-06-06 09:45:00,2026-06-06,39,VHE01,TER,0.0
2026-06-06 09:45:00,2026-06-06,39,VHE02,TER,0.0
2026-06-06 09:45:00,2026-06-06,39,VHE03,TER,0.0
2026-06-06 09:45:00,2026-06-06,39,VHE04,TER,0.0
2026-06-06 09:45:00,2026-06-06,39,VHE05,TER,0.0
2026-06-06 09:45:00,2026-06-06,39,VHE06,TER,0.0
2026-06-06 09:45:00,2026-06-06,39,VHE07,TER,0.0
2026-06-06 09:45:00,2026-06-06,39,VHE08,TER,0.0
2026-06-06 09:45:00,2026-06-06,39,WAR05,TER,0.0
2026-06-06 09:45:00,2026-06-06,39,WAR10,TER,34.48
2026-06-06 09:45:00,2026-06-06,39,WAR11,TER,39.93
2026-06-06 09:45:00,2026-06-06,39,WAR12,TER,39.9
2026-06-06 09:45:00,2026-06-06,39,WAR20,TER,36.19
2026-06-06 09:45:00,2026-06-06,39,WAR21,TER,38.64
2026-06-06 09:45:00,2026-06-06,39,WAR22,TER,38.77
2026-06-06 09:45:00,2026-06-06,39,WAR30,TER,36.59
2026-06-06 09:45:00,2026-06-06,39,WAR31,TER,41.82
2026-06-06 09:45:00,2026-06-06,39,WAR32,TER,41.96
2026-06-06 09:45:00,2026-06-06,39,WAR40,TER,0.0
2026-06-06 09:45:00,2026-06-06,39,WAR41,TER,0.0
2026-06-06 09:45:00,2026-06-06,39,WAR42,TER,0.0
2026-06-06 09:45:00,2026-06-06,39,CH ZON,HID,0.0
2026-06-06 09:45:00,2026-06-06,39,CH TIQ,HID,0.0
2026-06-06 09:45:00,2026-06-06,39,CH BOT,HID,0.51
2026-06-06 09:45:00,2026-06-06,39,CH CUT,HID,4.41
2026-06-06 09:45:00,2026-06-06,39,CH SRO BA,HID,1.29
2026-06-06 09:45:00,2026-06-06,39,CH SRO AC,HID,3.51
2026-06-06 09:45:00,2026-06-06,39,CH SAI,HID,4.2
2026-06-06 09:45:00,2026-06-06,39,CH CHU,HID,7.01
2026-06-06 09:45:00,2026-06-06,39,CH HAR,HID,0.0
2026-06-06 09:45:00,2026-06-06,39,CH CAH,HID,9.01
2026-06-06 09:45:00,2026-06-06,39,CH HUA,HID,13.53
2026-06-06 09:45:00,2026-06-06,39,CH CHJ2,HID,0.0
2026-06-06 09:45:00,2026-06-06,39,CH YAN,HID,25.9
2026-06-06 09:45:00,2026-06-06,39,CH COR,HID,39.79
2026-06-06 09:45:00,2026-06-06,39,CH SIS,HID,52.58
2026-06-06 09:45:00,2026-06-06,39,CH SJS,HID,31.32
2026-06-06 09:45:00,2026-06-06,39,CH SJE,HID,32.94
2026-06-06 09:45:00,2026-06-06,39,CH MIS,HID,11.5
2026-06-06 09:45:00,2026-06-06,39,CH MIG,HID,0.0
2026-06-06 09:45:00,2026-06-06,39,CH ANG,HID,2.9
2026-06-06 09:45:00,2026-06-06,39,CH CHO,HID,3.53
2026-06-06 09:45:00,2026-06-06,39,CH CRB,HID,3.66
2026-06-06 09:45:00,2026-06-06,39,CH KIL,HID,0.0
2026-06-06 09:45:00,2026-06-06,39,CH LAN,HID,0.0
2026-06-06 09:45:00,2026-06-06,39,CH PUN,HID,0.0
2026-06-06 09:45:00,2026-06-06,39,CH KAN,HID,0.0
2026-06-06 09:45:00,2026-06-06,39,CH SJA,HID,0.0
2026-06-06 09:45:00,2026-06-06,39,AGU01,BIO,0.0
2026-06-06 09:45:00,2026-06-06,39,AGU02,BIO,0.0
2026-06-06 09:45:00,2026-06-06,39,GBE01,BIO,4.87
2026-06-06 09:45:00,2026-06-06,39,IAG01,BIO,0.0
2026-06-06 09:45:00,2026-06-06,39,UNA01,BIO,0.0
2026-06-06 09:45:00,2026-06-06,39,CSF ORU,INT,59.46
2026-06-06 09:45:00,2026-06-06,39,CSF UYU,INT,43.18
2026-06-06 09:45:00,2026-06-06,39,CSF YUN,INT,0.0
2026-06-06 09:45:00,2026-06-06,39,CE EDO,INT,0.51
2026-06-06 09:45:00,2026-06-06,39,CE QOL,INT,1.38
2026-06-06 09:45:00,2026-06-06,39,CE SJU,INT,-0.2
2026-06-06 09:45:00,2026-06-06,39,CE WAR,INT,-0.08
2026-06-06 10:00:00,2026-06-06,40,ALT01,TER,0.0
2026-06-06 10:00:00,2026-06-06,40,ALT02,TER,0.0
2026-06-06 10:00:00,2026-06-06,40,ARJ01,TER,0.0
2026-06-06 10:00:00,2026-06-06,40,ARJ02,TER,0.0
2026-06-06 10:00:00,2026-06-06,40,ARJ03,TER,0.0
2026-06-06 10:00:00,2026-06-06,40,ARJ08,TER,0.03
2026-06-06 10:00:00,2026-06-06,40,ARJ09,TER,0.0
2026-06-06 10:00:00,2026-06-06,40,ARJ11,TER,0.0
2026-06-06 10:00:00,2026-06-06,40,ARJ12,TER,0.0
2026-06-06 10:00:00,2026-06-06,40,ARJ13,TER,0.0
2026-06-06 10:00:00,2026-06-06,40,ARJ14,TER,0.0
2026-06-06 10:00:00,2026-06-06,40,ARJ15,TER,0.0
2026-06-06 10:00:00,2026-06-06,40,BUL01,TER,0.0
2026-06-06 10:00:00,2026-06-06,40,BUL02,TER,0.0
2026-06-06 10:00:00,2026-06-06,40,BUL03,TER,0.0
2026-06-06 10:00:00,2026-06-06,40,CAR01,TER,0.0
2026-06-06 10:00:00,2026-06-06,40,CAR02,TER,0.0
2026-06-06 10:00:00,2026-06-06,40,CAR03,TER,0.0
2026-06-06 10:00:00,2026-06-06,40,ERI01,TER,0.0
2026-06-06 10:00:00,2026-06-06,40,ERI02,TER,0.0
2026-06-06 10:00:00,2026-06-06,40,ERI03,TER,0.0
2026-06-06 10:00:00,2026-06-06,40,ERI04,TER,0.0
2026-06-06 10:00:00,2026-06-06,40,ERI30,TER,36.08
2026-06-06 10:00:00,2026-06-06,40,ERI31,TER,42.68
2026-06-06 10:00:00,2026-06-06,40,ERI32,TER,42.69
2026-06-06 10:00:00,2026-06-06,40,ERI40,TER,0.01
2026-06-06 10:00:00,2026-06-06,40,ERI41,TER,0.0
2026-06-06 10:00:00,2026-06-06,40,ERI42,TER,0.0
2026-06-06 10:00:00,2026-06-06,40,ERI50,TER,37.06
2026-06-06 10:00:00,2026-06-06,40,ERI51,TER,42.44
2026-06-06 10:00:00,2026-06-06,40,ERI52,TER,42.27
2026-06-06 10:00:00,2026-06-06,40,GCH01,TER,0.0
2026-06-06 10:00:00,2026-06-06,40,GCH02,TER,0.0
2026-06-06 10:00:00,2026-06-06,40,GCH04,TER,0.0
2026-06-06 10:00:00,2026-06-06,40,GCH06,TER,0.0
2026-06-06 10:00:00,2026-06-06,40,GCH09,TER,0.0
2026-06-06 10:00:00,2026-06-06,40,GCH10,TER,49.84
2026-06-06 10:00:00,2026-06-06,40,GCH11,TER,0.0
2026-06-06 10:00:00,2026-06-06,40,GCH12,TER,36.35
2026-06-06 10:00:00,2026-06-06,40,MOS,TER,0.0
2026-06-06 10:00:00,2026-06-06,40,SCZ01,TER,0.0
2026-06-06 10:00:00,2026-06-06,40,SCZ02,TER,0.0
2026-06-06 10:00:00,2026-06-06,40,SUR10,TER,27.75
2026-06-06 10:00:00,2026-06-06,40,SUR11,TER,23.25
2026-06-06 10:00:00,2026-06-06,40,SUR12,TER,23.22
2026-06-06 10:00:00,2026-06-06,40,SUR20,TER,0.0
2026-06-06 10:00:00,2026-06-06,40,SUR21,TER,0.0
2026-06-06 10:00:00,2026-06-06,40,SUR22,TER,0.0
2026-06-06 10:00:00,2026-06-06,40,SUR30,TER,36.64
2026-06-06 10:00:00,2026-06-06,40,SUR31,TER,43.44
2026-06-06 10:00:00,2026-06-06,40,SUR32,TER,43.55
2026-06-06 10:00:00,2026-06-06,40,SUR40,TER,31.53
2026-06-06 10:00:00,2026-06-06,40,SUR41,TER,32.92
2026-06-06 10:00:00,2026-06-06,40,SUR42,TER,32.98
2026-06-06 10:00:00,2026-06-06,40,VHE01,TER,0.0
2026-06-06 10:00:00,2026-06-06,40,VHE02,TER,0.0
2026-06-06 10:00:00,2026-06-06,40,VHE03,TER,0.0
2026-06-06 10:00:00,2026-06-06,40,VHE04,TER,0.0
2026-06-06 10:00:00,2026-06-06,40,VHE05,TER,0.0
2026-06-06 10:00:00,2026-06-06,40,VHE06,TER,0.0
2026-06-06 10:00:00,2026-06-06,40,VHE07,TER,0.0
2026-06-06 10:00:00,2026-06-06,40,VHE08,TER,0.0
2026-06-06 10:00:00,2026-06-06,40,WAR05,TER,0.0
2026-06-06 10:00:00,2026-06-06,40,WAR10,TER,34.29
2026-06-06 10:00:00,2026-06-06,40,WAR11,TER,39.53
2026-06-06 10:00:00,2026-06-06,40,WAR12,TER,39.5
2026-06-06 10:00:00,2026-06-06,40,WAR20,TER,36.08
2026-06-06 10:00:00,2026-06-06,40,WAR21,TER,38.05
2026-06-06 10:00:00,2026-06-06,40,WAR22,TER,38.19
2026-06-06 10:00:00,2026-06-06,40,WAR30,TER,36.44
2026-06-06 10:00:00,2026-06-06,40,WAR31,TER,41.4
2026-06-06 10:00:00,2026-06-06,40,WAR32,TER,41.45
2026-06-06 10:00:00,2026-06-06,40,WAR40,TER,0.0
2026-06-06 10:00:00,2026-06-06,40,WAR41,TER,0.0
2026-06-06 10:00:00,2026-06-06,40,WAR42,TER,0.0
2026-06-06 10:00:00,2026-06-06,40,CH ZON,HID,0.0
2026-06-06 10:00:00,2026-06-06,40,CH TIQ,HID,0.0
2026-06-06 10:00:00,2026-06-06,40,CH BOT,HID,0.5
2026-06-06 10:00:00,2026-06-06,40,CH CUT,HID,4.62
2026-06-06 10:00:00,2026-06-06,40,CH SRO BA,HID,1.27
2026-06-06 10:00:00,2026-06-06,40,CH SRO AC,HID,3.49
2026-06-06 10:00:00,2026-06-06,40,CH SAI,HID,4.2
2026-06-06 10:00:00,2026-06-06,40,CH CHU,HID,6.99
2026-06-06 10:00:00,2026-06-06,40,CH HAR,HID,0.0
2026-06-06 10:00:00,2026-06-06,40,CH CAH,HID,9.0
2026-06-06 10:00:00,2026-06-06,40,CH HUA,HID,13.51
2026-06-06 10:00:00,2026-06-06,40,CH CHJ2,HID,0.0
2026-06-06 10:00:00,2026-06-06,40,CH YAN,HID,25.7
2026-06-06 10:00:00,2026-06-06,40,CH COR,HID,39.84
2026-06-06 10:00:00,2026-06-06,40,CH SIS,HID,52.64
2026-06-06 10:00:00,2026-06-06,40,CH SJS,HID,31.54
2026-06-06 10:00:00,2026-06-06,40,CH SJE,HID,36.14
2026-06-06 10:00:00,2026-06-06,40,CH MIS,HID,11.5
2026-06-06 10:00:00,2026-06-06,40,CH MIG,HID,0.0
2026-06-06 10:00:00,2026-06-06,40,CH ANG,HID,2.91
2026-06-06 10:00:00,2026-06-06,40,CH CHO,HID,3.53
2026-06-06 10:00:00,2026-06-06,40,CH CRB,HID,3.7
2026-06-06 10:00:00,2026-06-06,40,CH KIL,HID,0.0
2026-06-06 10:00:00,2026-06-06,40,CH LAN,HID,0.0
2026-06-06 10:00:00,2026-06-06,40,CH PUN,HID,0.0
2026-06-06 10:00:00,2026-06-06,40,CH KAN,HID,0.0
2026-06-06 10:00:00,2026-06-06,40,CH SJA,HID,0.0
2026-06-06 10:00:00,2026-06-06,40,AGU01,BIO,0.0
2026-06-06 10:00:00,2026-06-06,40,AGU02,BIO,0.0
2026-06-06 10:00:00,2026-06-06,40,GBE01,BIO,4.56
2026-06-06 10:00:00,2026-06-06,40,IAG01,BIO,0.0
2026-06-06 10:00:00,2026-06-06,40,UNA01,BIO,0.0
2026-06-06 10:00:00,2026-06-06,40,CSF ORU,INT,62.59
2026-06-06 10:00:00,2026-06-06,40,CSF UYU,INT,46.07
2026-06-06 10:00:00,2026-06-06,40,CSF YUN,INT,0.0
2026-06-06 10:00:00,2026-06-06,40,CE EDO,INT,1.11
2026-06-06 10:00:00,2026-06-06,40,CE QOL,INT,3.56
2026-06-06 10:00:00,2026-06-06,40,CE SJU,INT,-0.17
2026-06-06 10:00:00,2026-06-06,40,CE WAR,INT,-0.08
2026-06-06 10:15:00,2026-06-06,41,ALT01,TER,0.0
2026-06-06 10:15:00,2026-06-06,41,ALT02,TER,0.0
2026-06-06 10:15:00,2026-06-06,41,ARJ01,TER,0.0
2026-06-06 10:15:00,2026-06-06,41,ARJ02,TER,0.0
2026-06-06 10:15:00,2026-06-06,41,ARJ03,TER,0.0
2026-06-06 10:15:00,2026-06-06,41,ARJ08,TER,0.03
2026-06-06 10:15:00,2026-06-06,41,ARJ09,TER,0.0
2026-06-06 10:15:00,2026-06-06,41,ARJ11,TER,0.0
2026-06-06 10:15:00,2026-06-06,41,ARJ12,TER,0.0
2026-06-06 10:15:00,2026-06-06,41,ARJ13,TER,0.0
2026-06-06 10:15:00,2026-06-06,41,ARJ14,TER,0.0
2026-06-06 10:15:00,2026-06-06,41,ARJ15,TER,0.0
2026-06-06 10:15:00,2026-06-06,41,BUL01,TER,0.0
2026-06-06 10:15:00,2026-06-06,41,BUL02,TER,0.0
2026-06-06 10:15:00,2026-06-06,41,BUL03,TER,0.0
2026-06-06 10:15:00,2026-06-06,41,CAR01,TER,0.0
2026-06-06 10:15:00,2026-06-06,41,CAR02,TER,0.0
2026-06-06 10:15:00,2026-06-06,41,CAR03,TER,0.0
2026-06-06 10:15:00,2026-06-06,41,ERI01,TER,0.0
2026-06-06 10:15:00,2026-06-06,41,ERI02,TER,0.0
2026-06-06 10:15:00,2026-06-06,41,ERI03,TER,0.0
2026-06-06 10:15:00,2026-06-06,41,ERI04,TER,0.0
2026-06-06 10:15:00,2026-06-06,41,ERI30,TER,35.92
2026-06-06 10:15:00,2026-06-06,41,ERI31,TER,42.96
2026-06-06 10:15:00,2026-06-06,41,ERI32,TER,42.94
2026-06-06 10:15:00,2026-06-06,41,ERI40,TER,0.01
2026-06-06 10:15:00,2026-06-06,41,ERI41,TER,0.0
2026-06-06 10:15:00,2026-06-06,41,ERI42,TER,0.0
2026-06-06 10:15:00,2026-06-06,41,ERI50,TER,36.95
2026-06-06 10:15:00,2026-06-06,41,ERI51,TER,42.66
2026-06-06 10:15:00,2026-06-06,41,ERI52,TER,42.49
2026-06-06 10:15:00,2026-06-06,41,GCH01,TER,0.0
2026-06-06 10:15:00,2026-06-06,41,GCH02,TER,0.0
2026-06-06 10:15:00,2026-06-06,41,GCH04,TER,0.0
2026-06-06 10:15:00,2026-06-06,41,GCH06,TER,0.0
2026-06-06 10:15:00,2026-06-06,41,GCH09,TER,0.0
2026-06-06 10:15:00,2026-06-06,41,GCH10,TER,50.64
2026-06-06 10:15:00,2026-06-06,41,GCH11,TER,0.0
2026-06-06 10:15:00,2026-06-06,41,GCH12,TER,36.89
2026-06-06 10:15:00,2026-06-06,41,MOS,TER,0.0
2026-06-06 10:15:00,2026-06-06,41,SCZ01,TER,0.0
2026-06-06 10:15:00,2026-06-06,41,SCZ02,TER,0.0
2026-06-06 10:15:00,2026-06-06,41,SUR10,TER,27.48
2026-06-06 10:15:00,2026-06-06,41,SUR11,TER,23.53
2026-06-06 10:15:00,2026-06-06,41,SUR12,TER,23.38
2026-06-06 10:15:00,2026-06-06,41,SUR20,TER,0.0
2026-06-06 10:15:00,2026-06-06,41,SUR21,TER,0.0
2026-06-06 10:15:00,2026-06-06,41,SUR22,TER,0.0
2026-06-06 10:15:00,2026-06-06,41,SUR30,TER,36.64
2026-06-06 10:15:00,2026-06-06,41,SUR31,TER,43.42
2026-06-06 10:15:00,2026-06-06,41,SUR32,TER,43.48
2026-06-06 10:15:00,2026-06-06,41,SUR40,TER,31.8
2026-06-06 10:15:00,2026-06-06,41,SUR41,TER,33.79
2026-06-06 10:15:00,2026-06-06,41,SUR42,TER,33.93
2026-06-06 10:15:00,2026-06-06,41,VHE01,TER,0.0
2026-06-06 10:15:00,2026-06-06,41,VHE02,TER,0.0
2026-06-06 10:15:00,2026-06-06,41,VHE03,TER,0.0
2026-06-06 10:15:00,2026-06-06,41,VHE04,TER,0.0
2026-06-06 10:15:00,2026-06-06,41,VHE05,TER,0.0
2026-06-06 10:15:00,2026-06-06,41,VHE06,TER,0.0
2026-06-06 10:15:00,2026-06-06,41,VHE07,TER,0.0
2026-06-06 10:15:00,2026-06-06,41,VHE08,TER,0.0
2026-06-06 10:15:00,2026-06-06,41,WAR05,TER,0.0
2026-06-06 10:15:00,2026-06-06,41,WAR10,TER,34.25
2026-06-06 10:15:00,2026-06-06,41,WAR11,TER,39.74
2026-06-06 10:15:00,2026-06-06,41,WAR12,TER,39.63
2026-06-06 10:15:00,2026-06-06,41,WAR20,TER,35.96
2026-06-06 10:15:00,2026-06-06,41,WAR21,TER,38.26
2026-06-06 10:15:00,2026-06-06,41,WAR22,TER,38.5
2026-06-06 10:15:00,2026-06-06,41,WAR30,TER,36.44
2026-06-06 10:15:00,2026-06-06,41,WAR31,TER,41.47
2026-06-06 10:15:00,2026-06-06,41,WAR32,TER,41.55
2026-06-06 10:15:00,2026-06-06,41,WAR40,TER,0.0
2026-06-06 10:15:00,2026-06-06,41,WAR41,TER,0.0
2026-06-06 10:15:00,2026-06-06,41,WAR42,TER,0.0
2026-06-06 10:15:00,2026-06-06,41,CH ZON,HID,0.0
2026-06-06 10:15:00,2026-06-06,41,CH TIQ,HID,0.0
2026-06-06 10:15:00,2026-06-06,41,CH BOT,HID,0.51
2026-06-06 10:15:00,2026-06-06,41,CH CUT,HID,4.61
2026-06-06 10:15:00,2026-06-06,41,CH SRO BA,HID,1.27
2026-06-06 10:15:00,2026-06-06,41,CH SRO AC,HID,3.82
2026-06-06 10:15:00,2026-06-06,41,CH SAI,HID,4.24
2026-06-06 10:15:00,2026-06-06,41,CH CHU,HID,7.07
2026-06-06 10:15:00,2026-06-06,41,CH HAR,HID,0.0
2026-06-06 10:15:00,2026-06-06,41,CH CAH,HID,9.12
2026-06-06 10:15:00,2026-06-06,41,CH HUA,HID,13.28
2026-06-06 10:15:00,2026-06-06,41,CH CHJ2,HID,0.0
2026-06-06 10:15:00,2026-06-06,41,CH YAN,HID,26.0
2026-06-06 10:15:00,2026-06-06,41,CH COR,HID,40.09
2026-06-06 10:15:00,2026-06-06,41,CH SIS,HID,52.95
2026-06-06 10:15:00,2026-06-06,41,CH SJS,HID,32.05
2026-06-06 10:15:00,2026-06-06,41,CH SJE,HID,37.02
2026-06-06 10:15:00,2026-06-06,41,CH MIS,HID,11.5
2026-06-06 10:15:00,2026-06-06,41,CH MIG,HID,0.0
2026-06-06 10:15:00,2026-06-06,41,CH ANG,HID,2.92
2026-06-06 10:15:00,2026-06-06,41,CH CHO,HID,3.53
2026-06-06 10:15:00,2026-06-06,41,CH CRB,HID,3.71
2026-06-06 10:15:00,2026-06-06,41,CH KIL,HID,0.0
2026-06-06 10:15:00,2026-06-06,41,CH LAN,HID,0.0
2026-06-06 10:15:00,2026-06-06,41,CH PUN,HID,0.0
2026-06-06 10:15:00,2026-06-06,41,CH KAN,HID,0.0
2026-06-06 10:15:00,2026-06-06,41,CH SJA,HID,0.0
2026-06-06 10:15:00,2026-06-06,41,AGU01,BIO,0.0
2026-06-06 10:15:00,2026-06-06,41,AGU02,BIO,0.0
2026-06-06 10:15:00,2026-06-06,41,GBE01,BIO,5.5
2026-06-06 10:15:00,2026-06-06,41,IAG01,BIO,0.0
2026-06-06 10:15:00,2026-06-06,41,UNA01,BIO,0.0
2026-06-06 10:15:00,2026-06-06,41,CSF ORU,INT,65.22
2026-06-06 10:15:00,2026-06-06,41,CSF UYU,INT,48.62
2026-06-06 10:15:00,2026-06-06,41,CSF YUN,INT,0.0
2026-06-06 10:15:00,2026-06-06,41,CE EDO,INT,2.68
2026-06-06 10:15:00,2026-06-06,41,CE QOL,INT,2.77
2026-06-06 10:15:00,2026-06-06,41,CE SJU,INT,-0.18
2026-06-06 10:15:00,2026-06-06,41,CE WAR,INT,0.32
2026-06-06 10:30:00,2026-06-06,42,ALT01,TER,0.0
2026-06-06 10:30:00,2026-06-06,42,ALT02,TER,0.0
2026-06-06 10:30:00,2026-06-06,42,ARJ01,TER,0.0
2026-06-06 10:30:00,2026-06-06,42,ARJ02,TER,0.0
2026-06-06 10:30:00,2026-06-06,42,ARJ03,TER,0.0
2026-06-06 10:30:00,2026-06-06,42,ARJ08,TER,0.04
2026-06-06 10:30:00,2026-06-06,42,ARJ09,TER,0.0
2026-06-06 10:30:00,2026-06-06,42,ARJ11,TER,0.0
2026-06-06 10:30:00,2026-06-06,42,ARJ12,TER,0.0
2026-06-06 10:30:00,2026-06-06,42,ARJ13,TER,0.0
2026-06-06 10:30:00,2026-06-06,42,ARJ14,TER,0.0
2026-06-06 10:30:00,2026-06-06,42,ARJ15,TER,0.0
2026-06-06 10:30:00,2026-06-06,42,BUL01,TER,0.0
2026-06-06 10:30:00,2026-06-06,42,BUL02,TER,0.0
2026-06-06 10:30:00,2026-06-06,42,BUL03,TER,0.0
2026-06-06 10:30:00,2026-06-06,42,CAR01,TER,0.0
2026-06-06 10:30:00,2026-06-06,42,CAR02,TER,0.0
2026-06-06 10:30:00,2026-06-06,42,CAR03,TER,0.0
2026-06-06 10:30:00,2026-06-06,42,ERI01,TER,0.0
2026-06-06 10:30:00,2026-06-06,42,ERI02,TER,0.0
2026-06-06 10:30:00,2026-06-06,42,ERI03,TER,0.0
2026-06-06 10:30:00,2026-06-06,42,ERI04,TER,0.0
2026-06-06 10:30:00,2026-06-06,42,ERI30,TER,36.08
2026-06-06 10:30:00,2026-06-06,42,ERI31,TER,43.15
2026-06-06 10:30:00,2026-06-06,42,ERI32,TER,43.24
2026-06-06 10:30:00,2026-06-06,42,ERI40,TER,0.01
2026-06-06 10:30:00,2026-06-06,42,ERI41,TER,0.0
2026-06-06 10:30:00,2026-06-06,42,ERI42,TER,0.0
2026-06-06 10:30:00,2026-06-06,42,ERI50,TER,37.1
2026-06-06 10:30:00,2026-06-06,42,ERI51,TER,42.76
2026-06-06 10:30:00,2026-06-06,42,ERI52,TER,42.69
2026-06-06 10:30:00,2026-06-06,42,GCH01,TER,0.0
2026-06-06 10:30:00,2026-06-06,42,GCH02,TER,0.0
2026-06-06 10:30:00,2026-06-06,42,GCH04,TER,0.0
2026-06-06 10:30:00,2026-06-06,42,GCH06,TER,0.0
2026-06-06 10:30:00,2026-06-06,42,GCH09,TER,0.0
2026-06-06 10:30:00,2026-06-06,42,GCH10,TER,50.77
2026-06-06 10:30:00,2026-06-06,42,GCH11,TER,0.0
2026-06-06 10:30:00,2026-06-06,42,GCH12,TER,36.84
2026-06-06 10:30:00,2026-06-06,42,MOS,TER,0.0
2026-06-06 10:30:00,2026-06-06,42,SCZ01,TER,0.0
2026-06-06 10:30:00,2026-06-06,42,SCZ02,TER,0.0
2026-06-06 10:30:00,2026-06-06,42,SUR10,TER,27.71
2026-06-06 10:30:00,2026-06-06,42,SUR11,TER,23.88
2026-06-06 10:30:00,2026-06-06,42,SUR12,TER,23.69
2026-06-06 10:30:00,2026-06-06,42,SUR20,TER,0.0
2026-06-06 10:30:00,2026-06-06,42,SUR21,TER,0.0
2026-06-06 10:30:00,2026-06-06,42,SUR22,TER,0.0
2026-06-06 10:30:00,2026-06-06,42,SUR30,TER,36.64
2026-06-06 10:30:00,2026-06-06,42,SUR31,TER,43.44
2026-06-06 10:30:00,2026-06-06,42,SUR32,TER,43.55
2026-06-06 10:30:00,2026-06-06,42,SUR40,TER,31.8
2026-06-06 10:30:00,2026-06-06,42,SUR41,TER,34.29
2026-06-06 10:30:00,2026-06-06,42,SUR42,TER,34.16
2026-06-06 10:30:00,2026-06-06,42,VHE01,TER,0.0
2026-06-06 10:30:00,2026-06-06,42,VHE02,TER,0.0
2026-06-06 10:30:00,2026-06-06,42,VHE03,TER,0.0
2026-06-06 10:30:00,2026-06-06,42,VHE04,TER,0.0
2026-06-06 10:30:00,2026-06-06,42,VHE05,TER,0.0
2026-06-06 10:30:00,2026-06-06,42,VHE06,TER,0.0
2026-06-06 10:30:00,2026-06-06,42,VHE07,TER,0.0
2026-06-06 10:30:00,2026-06-06,42,VHE08,TER,0.0
2026-06-06 10:30:00,2026-06-06,42,WAR05,TER,0.0
2026-06-06 10:30:00,2026-06-06,42,WAR10,TER,34.29
2026-06-06 10:30:00,2026-06-06,42,WAR11,TER,39.91
2026-06-06 10:30:00,2026-06-06,42,WAR12,TER,39.87
2026-06-06 10:30:00,2026-06-06,42,WAR20,TER,35.96
2026-06-06 10:30:00,2026-06-06,42,WAR21,TER,38.53
2026-06-06 10:30:00,2026-06-06,42,WAR22,TER,38.91
2026-06-06 10:30:00,2026-06-06,42,WAR30,TER,36.56
2026-06-06 10:30:00,2026-06-06,42,WAR31,TER,41.64
2026-06-06 10:30:00,2026-06-06,42,WAR32,TER,41.81
2026-06-06 10:30:00,2026-06-06,42,WAR40,TER,0.0
2026-06-06 10:30:00,2026-06-06,42,WAR41,TER,0.0
2026-06-06 10:30:00,2026-06-06,42,WAR42,TER,0.0
2026-06-06 10:30:00,2026-06-06,42,CH ZON,HID,0.0
2026-06-06 10:30:00,2026-06-06,42,CH TIQ,HID,0.0
2026-06-06 10:30:00,2026-06-06,42,CH BOT,HID,0.51
2026-06-06 10:30:00,2026-06-06,42,CH CUT,HID,4.67
2026-06-06 10:30:00,2026-06-06,42,CH SRO BA,HID,1.28
2026-06-06 10:30:00,2026-06-06,42,CH SRO AC,HID,3.89
2026-06-06 10:30:00,2026-06-06,42,CH SAI,HID,4.29
2026-06-06 10:30:00,2026-06-06,42,CH CHU,HID,7.15
2026-06-06 10:30:00,2026-06-06,42,CH HAR,HID,0.0
2026-06-06 10:30:00,2026-06-06,42,CH CAH,HID,9.15
2026-06-06 10:30:00,2026-06-06,42,CH HUA,HID,13.45
2026-06-06 10:30:00,2026-06-06,42,CH CHJ2,HID,0.0
2026-06-06 10:30:00,2026-06-06,42,CH YAN,HID,26.2
2026-06-06 10:30:00,2026-06-06,42,CH COR,HID,40.27
2026-06-06 10:30:00,2026-06-06,42,CH SIS,HID,53.27
2026-06-06 10:30:00,2026-06-06,42,CH SJS,HID,32.39
2026-06-06 10:30:00,2026-06-06,42,CH SJE,HID,37.51
2026-06-06 10:30:00,2026-06-06,42,CH MIS,HID,11.5
2026-06-06 10:30:00,2026-06-06,42,CH MIG,HID,0.0
2026-06-06 10:30:00,2026-06-06,42,CH ANG,HID,2.93
2026-06-06 10:30:00,2026-06-06,42,CH CHO,HID,3.54
2026-06-06 10:30:00,2026-06-06,42,CH CRB,HID,3.74
2026-06-06 10:30:00,2026-06-06,42,CH KIL,HID,0.0
2026-06-06 10:30:00,2026-06-06,42,CH LAN,HID,0.0
2026-06-06 10:30:00,2026-06-06,42,CH PUN,HID,0.0
2026-06-06 10:30:00,2026-06-06,42,CH KAN,HID,0.0
2026-06-06 10:30:00,2026-06-06,42,CH SJA,HID,0.0
2026-06-06 10:30:00,2026-06-06,42,AGU01,BIO,0.0
2026-06-06 10:30:00,2026-06-06,42,AGU02,BIO,0.0
2026-06-06 10:30:00,2026-06-06,42,GBE01,BIO,5.66
2026-06-06 10:30:00,2026-06-06,42,IAG01,BIO,0.0
2026-06-06 10:30:00,2026-06-06,42,UNA01,BIO,0.0
2026-06-06 10:30:00,2026-06-06,42,CSF ORU,INT,67.55
2026-06-06 10:30:00,2026-06-06,42,CSF UYU,INT,50.55
2026-06-06 10:30:00,2026-06-06,42,CSF YUN,INT,0.0
2026-06-06 10:30:00,2026-06-06,42,CE EDO,INT,4.32
2026-06-06 10:30:00,2026-06-06,42,CE QOL,INT,3.22
2026-06-06 10:30:00,2026-06-06,42,CE SJU,INT,0.16
2026-06-06 10:30:00,2026-06-06,42,CE WAR,INT,0.01
2026-06-06 10:45:00,2026-06-06,43,ALT01,TER,0.0
2026-06-06 10:45:00,2026-06-06,43,ALT02,TER,0.0
2026-06-06 10:45:00,2026-06-06,43,ARJ01,TER,0.0
2026-06-06 10:45:00,2026-06-06,43,ARJ02,TER,0.0
2026-06-06 10:45:00,2026-06-06,43,ARJ03,TER,0.0
2026-06-06 10:45:00,2026-06-06,43,ARJ08,TER,0.03
2026-06-06 10:45:00,2026-06-06,43,ARJ09,TER,0.0
2026-06-06 10:45:00,2026-06-06,43,ARJ11,TER,0.0
2026-06-06 10:45:00,2026-06-06,43,ARJ12,TER,0.0
2026-06-06 10:45:00,2026-06-06,43,ARJ13,TER,0.0
2026-06-06 10:45:00,2026-06-06,43,ARJ14,TER,0.0
2026-06-06 10:45:00,2026-06-06,43,ARJ15,TER,0.0
2026-06-06 10:45:00,2026-06-06,43,BUL01,TER,0.0
2026-06-06 10:45:00,2026-06-06,43,BUL02,TER,0.0
2026-06-06 10:45:00,2026-06-06,43,BUL03,TER,0.0
2026-06-06 10:45:00,2026-06-06,43,CAR01,TER,0.0
2026-06-06 10:45:00,2026-06-06,43,CAR02,TER,0.0
2026-06-06 10:45:00,2026-06-06,43,CAR03,TER,0.0
2026-06-06 10:45:00,2026-06-06,43,ERI01,TER,0.0
2026-06-06 10:45:00,2026-06-06,43,ERI02,TER,0.0
2026-06-06 10:45:00,2026-06-06,43,ERI03,TER,0.0
2026-06-06 10:45:00,2026-06-06,43,ERI04,TER,0.0
2026-06-06 10:45:00,2026-06-06,43,ERI30,TER,35.96
2026-06-06 10:45:00,2026-06-06,43,ERI31,TER,43.39
2026-06-06 10:45:00,2026-06-06,43,ERI32,TER,43.53
2026-06-06 10:45:00,2026-06-06,43,ERI40,TER,0.01
2026-06-06 10:45:00,2026-06-06,43,ERI41,TER,0.0
2026-06-06 10:45:00,2026-06-06,43,ERI42,TER,0.0
2026-06-06 10:45:00,2026-06-06,43,ERI50,TER,37.22
2026-06-06 10:45:00,2026-06-06,43,ERI51,TER,42.9
2026-06-06 10:45:00,2026-06-06,43,ERI52,TER,43.06
2026-06-06 10:45:00,2026-06-06,43,GCH01,TER,0.0
2026-06-06 10:45:00,2026-06-06,43,GCH02,TER,0.0
2026-06-06 10:45:00,2026-06-06,43,GCH04,TER,0.0
2026-06-06 10:45:00,2026-06-06,43,GCH06,TER,0.0
2026-06-06 10:45:00,2026-06-06,43,GCH09,TER,0.0
2026-06-06 10:45:00,2026-06-06,43,GCH10,TER,50.27
2026-06-06 10:45:00,2026-06-06,43,GCH11,TER,0.0
2026-06-06 10:45:00,2026-06-06,43,GCH12,TER,36.78
2026-06-06 10:45:00,2026-06-06,43,MOS,TER,0.0
2026-06-06 10:45:00,2026-06-06,43,SCZ01,TER,0.0
2026-06-06 10:45:00,2026-06-06,43,SCZ02,TER,0.0
2026-06-06 10:45:00,2026-06-06,43,SUR10,TER,27.75
2026-06-06 10:45:00,2026-06-06,43,SUR11,TER,24.01
2026-06-06 10:45:00,2026-06-06,43,SUR12,TER,23.87
2026-06-06 10:45:00,2026-06-06,43,SUR20,TER,0.0
2026-06-06 10:45:00,2026-06-06,43,SUR21,TER,0.0
2026-06-06 10:45:00,2026-06-06,43,SUR22,TER,0.0
2026-06-06 10:45:00,2026-06-06,43,SUR30,TER,36.53
2026-06-06 10:45:00,2026-06-06,43,SUR31,TER,43.72
2026-06-06 10:45:00,2026-06-06,43,SUR32,TER,43.5
2026-06-06 10:45:00,2026-06-06,43,SUR40,TER,32.18
2026-06-06 10:45:00,2026-06-06,43,SUR41,TER,34.17
2026-06-06 10:45:00,2026-06-06,43,SUR42,TER,34.27
2026-06-06 10:45:00,2026-06-06,43,VHE01,TER,0.0
2026-06-06 10:45:00,2026-06-06,43,VHE02,TER,0.0
2026-06-06 10:45:00,2026-06-06,43,VHE03,TER,0.0
2026-06-06 10:45:00,2026-06-06,43,VHE04,TER,0.0
2026-06-06 10:45:00,2026-06-06,43,VHE05,TER,0.0
2026-06-06 10:45:00,2026-06-06,43,VHE06,TER,0.0
2026-06-06 10:45:00,2026-06-06,43,VHE07,TER,0.0
2026-06-06 10:45:00,2026-06-06,43,VHE08,TER,0.0
2026-06-06 10:45:00,2026-06-06,43,WAR05,TER,0.0
2026-06-06 10:45:00,2026-06-06,43,WAR10,TER,34.48
2026-06-06 10:45:00,2026-06-06,43,WAR11,TER,40.39
2026-06-06 10:45:00,2026-06-06,43,WAR12,TER,40.15
2026-06-06 10:45:00,2026-06-06,43,WAR20,TER,36.15
2026-06-06 10:45:00,2026-06-06,43,WAR21,TER,38.84
2026-06-06 10:45:00,2026-06-06,43,WAR22,TER,39.01
2026-06-06 10:45:00,2026-06-06,43,WAR30,TER,36.52
2026-06-06 10:45:00,2026-06-06,43,WAR31,TER,41.91
2026-06-06 10:45:00,2026-06-06,43,WAR32,TER,42.02
2026-06-06 10:45:00,2026-06-06,43,WAR40,TER,0.0
2026-06-06 10:45:00,2026-06-06,43,WAR41,TER,0.0
2026-06-06 10:45:00,2026-06-06,43,WAR42,TER,0.0
2026-06-06 10:45:00,2026-06-06,43,CH ZON,HID,0.0
2026-06-06 10:45:00,2026-06-06,43,CH TIQ,HID,0.0
2026-06-06 10:45:00,2026-06-06,43,CH BOT,HID,0.53
2026-06-06 10:45:00,2026-06-06,43,CH CUT,HID,4.59
2026-06-06 10:45:00,2026-06-06,43,CH SRO BA,HID,1.28
2026-06-06 10:45:00,2026-06-06,43,CH SRO AC,HID,3.87
2026-06-06 10:45:00,2026-06-06,43,CH SAI,HID,4.29
2026-06-06 10:45:00,2026-06-06,43,CH CHU,HID,7.15
2026-06-06 10:45:00,2026-06-06,43,CH HAR,HID,0.0
2026-06-06 10:45:00,2026-06-06,43,CH CAH,HID,9.23
2026-06-06 10:45:00,2026-06-06,43,CH HUA,HID,13.44
2026-06-06 10:45:00,2026-06-06,43,CH CHJ2,HID,0.0
2026-06-06 10:45:00,2026-06-06,43,CH YAN,HID,25.9
2026-06-06 10:45:00,2026-06-06,43,CH COR,HID,40.51
2026-06-06 10:45:00,2026-06-06,43,CH SIS,HID,53.57
2026-06-06 10:45:00,2026-06-06,43,CH SJS,HID,32.66
2026-06-06 10:45:00,2026-06-06,43,CH SJE,HID,37.74
2026-06-06 10:45:00,2026-06-06,43,CH MIS,HID,11.5
2026-06-06 10:45:00,2026-06-06,43,CH MIG,HID,0.0
2026-06-06 10:45:00,2026-06-06,43,CH ANG,HID,2.9
2026-06-06 10:45:00,2026-06-06,43,CH CHO,HID,3.54
2026-06-06 10:45:00,2026-06-06,43,CH CRB,HID,3.71
2026-06-06 10:45:00,2026-06-06,43,CH KIL,HID,0.0
2026-06-06 10:45:00,2026-06-06,43,CH LAN,HID,0.0
2026-06-06 10:45:00,2026-06-06,43,CH PUN,HID,0.0
2026-06-06 10:45:00,2026-06-06,43,CH KAN,HID,0.0
2026-06-06 10:45:00,2026-06-06,43,CH SJA,HID,0.0
2026-06-06 10:45:00,2026-06-06,43,AGU01,BIO,0.0
2026-06-06 10:45:00,2026-06-06,43,AGU02,BIO,0.0
2026-06-06 10:45:00,2026-06-06,43,GBE01,BIO,5.88
2026-06-06 10:45:00,2026-06-06,43,IAG01,BIO,0.0
2026-06-06 10:45:00,2026-06-06,43,UNA01,BIO,0.0
2026-06-06 10:45:00,2026-06-06,43,CSF ORU,INT,69.63
2026-06-06 10:45:00,2026-06-06,43,CSF UYU,INT,52.26
2026-06-06 10:45:00,2026-06-06,43,CSF YUN,INT,0.0
2026-06-06 10:45:00,2026-06-06,43,CE EDO,INT,3.46
2026-06-06 10:45:00,2026-06-06,43,CE QOL,INT,2.84
2026-06-06 10:45:00,2026-06-06,43,CE SJU,INT,0.7
2026-06-06 10:45:00,2026-06-06,43,CE WAR,INT,0.09
2026-06-06 11:00:00,2026-06-06,44,ALT01,TER,0.0
2026-06-06 11:00:00,2026-06-06,44,ALT02,TER,0.0
2026-06-06 11:00:00,2026-06-06,44,ARJ01,TER,0.0
2026-06-06 11:00:00,2026-06-06,44,ARJ02,TER,0.0
2026-06-06 11:00:00,2026-06-06,44,ARJ03,TER,0.0
2026-06-06 11:00:00,2026-06-06,44,ARJ08,TER,0.02
2026-06-06 11:00:00,2026-06-06,44,ARJ09,TER,0.0
2026-06-06 11:00:00,2026-06-06,44,ARJ11,TER,0.0
2026-06-06 11:00:00,2026-06-06,44,ARJ12,TER,0.0
2026-06-06 11:00:00,2026-06-06,44,ARJ13,TER,0.0
2026-06-06 11:00:00,2026-06-06,44,ARJ14,TER,0.0
2026-06-06 11:00:00,2026-06-06,44,ARJ15,TER,0.0
2026-06-06 11:00:00,2026-06-06,44,BUL01,TER,0.0
2026-06-06 11:00:00,2026-06-06,44,BUL02,TER,0.0
2026-06-06 11:00:00,2026-06-06,44,BUL03,TER,0.0
2026-06-06 11:00:00,2026-06-06,44,CAR01,TER,0.0
2026-06-06 11:00:00,2026-06-06,44,CAR02,TER,0.0
2026-06-06 11:00:00,2026-06-06,44,CAR03,TER,0.0
2026-06-06 11:00:00,2026-06-06,44,ERI01,TER,0.0
2026-06-06 11:00:00,2026-06-06,44,ERI02,TER,0.0
2026-06-06 11:00:00,2026-06-06,44,ERI03,TER,0.0
2026-06-06 11:00:00,2026-06-06,44,ERI04,TER,0.0
2026-06-06 11:00:00,2026-06-06,44,ERI30,TER,36.15
2026-06-06 11:00:00,2026-06-06,44,ERI31,TER,42.71
2026-06-06 11:00:00,2026-06-06,44,ERI32,TER,42.65
2026-06-06 11:00:00,2026-06-06,44,ERI40,TER,0.01
2026-06-06 11:00:00,2026-06-06,44,ERI41,TER,0.0
2026-06-06 11:00:00,2026-06-06,44,ERI42,TER,0.0
2026-06-06 11:00:00,2026-06-06,44,ERI50,TER,37.06
2026-06-06 11:00:00,2026-06-06,44,ERI51,TER,42.48
2026-06-06 11:00:00,2026-06-06,44,ERI52,TER,42.36
2026-06-06 11:00:00,2026-06-06,44,GCH01,TER,0.0
2026-06-06 11:00:00,2026-06-06,44,GCH02,TER,0.0
2026-06-06 11:00:00,2026-06-06,44,GCH04,TER,0.0
2026-06-06 11:00:00,2026-06-06,44,GCH06,TER,0.0
2026-06-06 11:00:00,2026-06-06,44,GCH09,TER,0.0
2026-06-06 11:00:00,2026-06-06,44,GCH10,TER,50.25
2026-06-06 11:00:00,2026-06-06,44,GCH11,TER,0.0
2026-06-06 11:00:00,2026-06-06,44,GCH12,TER,36.42
2026-06-06 11:00:00,2026-06-06,44,MOS,TER,0.0
2026-06-06 11:00:00,2026-06-06,44,SCZ01,TER,0.0
2026-06-06 11:00:00,2026-06-06,44,SCZ02,TER,0.0
2026-06-06 11:00:00,2026-06-06,44,SUR10,TER,27.67
2026-06-06 11:00:00,2026-06-06,44,SUR11,TER,23.79
2026-06-06 11:00:00,2026-06-06,44,SUR12,TER,23.73
2026-06-06 11:00:00,2026-06-06,44,SUR20,TER,0.0
2026-06-06 11:00:00,2026-06-06,44,SUR21,TER,0.0
2026-06-06 11:00:00,2026-06-06,44,SUR22,TER,0.0
2026-06-06 11:00:00,2026-06-06,44,SUR30,TER,36.76
2026-06-06 11:00:00,2026-06-06,44,SUR31,TER,43.37
2026-06-06 11:00:00,2026-06-06,44,SUR32,TER,43.52
2026-06-06 11:00:00,2026-06-06,44,SUR40,TER,34.45
2026-06-06 11:00:00,2026-06-06,44,SUR41,TER,41.23
2026-06-06 11:00:00,2026-06-06,44,SUR42,TER,41.3
2026-06-06 11:00:00,2026-06-06,44,VHE01,TER,0.0
2026-06-06 11:00:00,2026-06-06,44,VHE02,TER,0.0
2026-06-06 11:00:00,2026-06-06,44,VHE03,TER,0.0
2026-06-06 11:00:00,2026-06-06,44,VHE04,TER,0.0
2026-06-06 11:00:00,2026-06-06,44,VHE05,TER,0.0
2026-06-06 11:00:00,2026-06-06,44,VHE06,TER,0.0
2026-06-06 11:00:00,2026-06-06,44,VHE07,TER,0.0
2026-06-06 11:00:00,2026-06-06,44,VHE08,TER,0.0
2026-06-06 11:00:00,2026-06-06,44,WAR05,TER,0.0
2026-06-06 11:00:00,2026-06-06,44,WAR10,TER,34.18
2026-06-06 11:00:00,2026-06-06,44,WAR11,TER,39.34
2026-06-06 11:00:00,2026-06-06,44,WAR12,TER,39.34
2026-06-06 11:00:00,2026-06-06,44,WAR20,TER,35.81
2026-06-06 11:00:00,2026-06-06,44,WAR21,TER,38.01
2026-06-06 11:00:00,2026-06-06,44,WAR22,TER,38.21
2026-06-06 11:00:00,2026-06-06,44,WAR30,TER,36.52
2026-06-06 11:00:00,2026-06-06,44,WAR31,TER,40.97
2026-06-06 11:00:00,2026-06-06,44,WAR32,TER,41.04
2026-06-06 11:00:00,2026-06-06,44,WAR40,TER,0.0
2026-06-06 11:00:00,2026-06-06,44,WAR41,TER,0.0
2026-06-06 11:00:00,2026-06-06,44,WAR42,TER,0.0
2026-06-06 11:00:00,2026-06-06,44,CH ZON,HID,0.0
2026-06-06 11:00:00,2026-06-06,44,CH TIQ,HID,0.0
2026-06-06 11:00:00,2026-06-06,44,CH BOT,HID,0.52
2026-06-06 11:00:00,2026-06-06,44,CH CUT,HID,4.55
2026-06-06 11:00:00,2026-06-06,44,CH SRO BA,HID,1.27
2026-06-06 11:00:00,2026-06-06,44,CH SRO AC,HID,3.88
2026-06-06 11:00:00,2026-06-06,44,CH SAI,HID,4.48
2026-06-06 11:00:00,2026-06-06,44,CH CHU,HID,7.15
2026-06-06 11:00:00,2026-06-06,44,CH HAR,HID,0.0
2026-06-06 11:00:00,2026-06-06,44,CH CAH,HID,9.19
2026-06-06 11:00:00,2026-06-06,44,CH HUA,HID,13.41
2026-06-06 11:00:00,2026-06-06,44,CH CHJ2,HID,0.0
2026-06-06 11:00:00,2026-06-06,44,CH YAN,HID,25.6
2026-06-06 11:00:00,2026-06-06,44,CH COR,HID,40.22
2026-06-06 11:00:00,2026-06-06,44,CH SIS,HID,53.16
2026-06-06 11:00:00,2026-06-06,44,CH SJS,HID,38.0
2026-06-06 11:00:00,2026-06-06,44,CH SJE,HID,40.9
2026-06-06 11:00:00,2026-06-06,44,CH MIS,HID,11.5
2026-06-06 11:00:00,2026-06-06,44,CH MIG,HID,0.0
2026-06-06 11:00:00,2026-06-06,44,CH ANG,HID,2.89
2026-06-06 11:00:00,2026-06-06,44,CH CHO,HID,3.54
2026-06-06 11:00:00,2026-06-06,44,CH CRB,HID,3.71
2026-06-06 11:00:00,2026-06-06,44,CH KIL,HID,0.0
2026-06-06 11:00:00,2026-06-06,44,CH LAN,HID,0.0
2026-06-06 11:00:00,2026-06-06,44,CH PUN,HID,0.0
2026-06-06 11:00:00,2026-06-06,44,CH KAN,HID,0.0
2026-06-06 11:00:00,2026-06-06,44,CH SJA,HID,0.0
2026-06-06 11:00:00,2026-06-06,44,AGU01,BIO,0.0
2026-06-06 11:00:00,2026-06-06,44,AGU02,BIO,0.0
2026-06-06 11:00:00,2026-06-06,44,GBE01,BIO,5.7
2026-06-06 11:00:00,2026-06-06,44,IAG01,BIO,0.0
2026-06-06 11:00:00,2026-06-06,44,UNA01,BIO,0.0
2026-06-06 11:00:00,2026-06-06,44,CSF ORU,INT,71.35
2026-06-06 11:00:00,2026-06-06,44,CSF UYU,INT,53.25
2026-06-06 11:00:00,2026-06-06,44,CSF YUN,INT,0.0
2026-06-06 11:00:00,2026-06-06,44,CE EDO,INT,3.26
2026-06-06 11:00:00,2026-06-06,44,CE QOL,INT,3.03
2026-06-06 11:00:00,2026-06-06,44,CE SJU,INT,0.44
2026-06-06 11:00:00,2026-06-06,44,CE WAR,INT,0.65
2026-06-06 11:15:00,2026-06-06,45,ALT01,TER,0.0
2026-06-06 11:15:00,2026-06-06,45,ALT02,TER,0.0
2026-06-06 11:15:00,2026-06-06,45,ARJ01,TER,0.0
2026-06-06 11:15:00,2026-06-06,45,ARJ02,TER,0.0
2026-06-06 11:15:00,2026-06-06,45,ARJ03,TER,0.0
2026-06-06 11:15:00,2026-06-06,45,ARJ08,TER,0.02
2026-06-06 11:15:00,2026-06-06,45,ARJ09,TER,0.0
2026-06-06 11:15:00,2026-06-06,45,ARJ11,TER,0.0
2026-06-06 11:15:00,2026-06-06,45,ARJ12,TER,0.0
2026-06-06 11:15:00,2026-06-06,45,ARJ13,TER,0.0
2026-06-06 11:15:00,2026-06-06,45,ARJ14,TER,0.0
2026-06-06 11:15:00,2026-06-06,45,ARJ15,TER,0.0
2026-06-06 11:15:00,2026-06-06,45,BUL01,TER,0.0
2026-06-06 11:15:00,2026-06-06,45,BUL02,TER,0.0
2026-06-06 11:15:00,2026-06-06,45,BUL03,TER,0.0
2026-06-06 11:15:00,2026-06-06,45,CAR01,TER,0.0
2026-06-06 11:15:00,2026-06-06,45,CAR02,TER,0.0
2026-06-06 11:15:00,2026-06-06,45,CAR03,TER,0.0
2026-06-06 11:15:00,2026-06-06,45,ERI01,TER,0.0
2026-06-06 11:15:00,2026-06-06,45,ERI02,TER,0.0
2026-06-06 11:15:00,2026-06-06,45,ERI03,TER,0.0
2026-06-06 11:15:00,2026-06-06,45,ERI04,TER,0.0
2026-06-06 11:15:00,2026-06-06,45,ERI30,TER,35.92
2026-06-06 11:15:00,2026-06-06,45,ERI31,TER,42.84
2026-06-06 11:15:00,2026-06-06,45,ERI32,TER,42.76
2026-06-06 11:15:00,2026-06-06,45,ERI40,TER,-0.02
2026-06-06 11:15:00,2026-06-06,45,ERI41,TER,0.0
2026-06-06 11:15:00,2026-06-06,45,ERI42,TER,0.0
2026-06-06 11:15:00,2026-06-06,45,ERI50,TER,36.91
2026-06-06 11:15:00,2026-06-06,45,ERI51,TER,42.42
2026-06-06 11:15:00,2026-06-06,45,ERI52,TER,42.41
2026-06-06 11:15:00,2026-06-06,45,GCH01,TER,0.0
2026-06-06 11:15:00,2026-06-06,45,GCH02,TER,0.0
2026-06-06 11:15:00,2026-06-06,45,GCH04,TER,0.0
2026-06-06 11:15:00,2026-06-06,45,GCH06,TER,0.0
2026-06-06 11:15:00,2026-06-06,45,GCH09,TER,0.0
2026-06-06 11:15:00,2026-06-06,45,GCH10,TER,51.0
2026-06-06 11:15:00,2026-06-06,45,GCH11,TER,0.0
2026-06-06 11:15:00,2026-06-06,45,GCH12,TER,36.95
2026-06-06 11:15:00,2026-06-06,45,MOS,TER,0.0
2026-06-06 11:15:00,2026-06-06,45,SCZ01,TER,0.0
2026-06-06 11:15:00,2026-06-06,45,SCZ02,TER,0.0
2026-06-06 11:15:00,2026-06-06,45,SUR10,TER,27.67
2026-06-06 11:15:00,2026-06-06,45,SUR11,TER,23.81
2026-06-06 11:15:00,2026-06-06,45,SUR12,TER,23.71
2026-06-06 11:15:00,2026-06-06,45,SUR20,TER,0.0
2026-06-06 11:15:00,2026-06-06,45,SUR21,TER,0.0
2026-06-06 11:15:00,2026-06-06,45,SUR22,TER,0.0
2026-06-06 11:15:00,2026-06-06,45,SUR30,TER,36.57
2026-06-06 11:15:00,2026-06-06,45,SUR31,TER,43.48
2026-06-06 11:15:00,2026-06-06,45,SUR32,TER,43.45
2026-06-06 11:15:00,2026-06-06,45,SUR40,TER,34.64
2026-06-06 11:15:00,2026-06-06,45,SUR41,TER,41.03
2026-06-06 11:15:00,2026-06-06,45,SUR42,TER,40.96
2026-06-06 11:15:00,2026-06-06,45,VHE01,TER,0.0
2026-06-06 11:15:00,2026-06-06,45,VHE02,TER,0.0
2026-06-06 11:15:00,2026-06-06,45,VHE03,TER,0.0
2026-06-06 11:15:00,2026-06-06,45,VHE04,TER,0.0
2026-06-06 11:15:00,2026-06-06,45,VHE05,TER,0.0
2026-06-06 11:15:00,2026-06-06,45,VHE06,TER,0.0
2026-06-06 11:15:00,2026-06-06,45,VHE07,TER,0.0
2026-06-06 11:15:00,2026-06-06,45,VHE08,TER,0.0
2026-06-06 11:15:00,2026-06-06,45,WAR05,TER,0.0
2026-06-06 11:15:00,2026-06-06,45,WAR10,TER,34.14
2026-06-06 11:15:00,2026-06-06,45,WAR11,TER,39.36
2026-06-06 11:15:00,2026-06-06,45,WAR12,TER,39.37
2026-06-06 11:15:00,2026-06-06,45,WAR20,TER,35.77
2026-06-06 11:15:00,2026-06-06,45,WAR21,TER,37.89
2026-06-06 11:15:00,2026-06-06,45,WAR22,TER,38.2
2026-06-06 11:15:00,2026-06-06,45,WAR30,TER,36.41
2026-06-06 11:15:00,2026-06-06,45,WAR31,TER,41.06
2026-06-06 11:15:00,2026-06-06,45,WAR32,TER,41.11
2026-06-06 11:15:00,2026-06-06,45,WAR40,TER,0.0
2026-06-06 11:15:00,2026-06-06,45,WAR41,TER,0.0
2026-06-06 11:15:00,2026-06-06,45,WAR42,TER,0.0
2026-06-06 11:15:00,2026-06-06,45,CH ZON,HID,0.0
2026-06-06 11:15:00,2026-06-06,45,CH TIQ,HID,0.0
2026-06-06 11:15:00,2026-06-06,45,CH BOT,HID,0.52
2026-06-06 11:15:00,2026-06-06,45,CH CUT,HID,4.54
2026-06-06 11:15:00,2026-06-06,45,CH SRO BA,HID,1.27
2026-06-06 11:15:00,2026-06-06,45,CH SRO AC,HID,3.86
2026-06-06 11:15:00,2026-06-06,45,CH SAI,HID,4.47
2026-06-06 11:15:00,2026-06-06,45,CH CHU,HID,7.09
2026-06-06 11:15:00,2026-06-06,45,CH HAR,HID,0.0
2026-06-06 11:15:00,2026-06-06,45,CH CAH,HID,9.18
2026-06-06 11:15:00,2026-06-06,45,CH HUA,HID,13.98
2026-06-06 11:15:00,2026-06-06,45,CH CHJ2,HID,0.0
2026-06-06 11:15:00,2026-06-06,45,CH YAN,HID,26.0
2026-06-06 11:15:00,2026-06-06,45,CH COR,HID,40.25
2026-06-06 11:15:00,2026-06-06,45,CH SIS,HID,53.22
2026-06-06 11:15:00,2026-06-06,45,CH SJS,HID,38.4
2026-06-06 11:15:00,2026-06-06,45,CH SJE,HID,45.18
2026-06-06 11:15:00,2026-06-06,45,CH MIS,HID,11.5
2026-06-06 11:15:00,2026-06-06,45,CH MIG,HID,0.0
2026-06-06 11:15:00,2026-06-06,45,CH ANG,HID,2.93
2026-06-06 11:15:00,2026-06-06,45,CH CHO,HID,3.53
2026-06-06 11:15:00,2026-06-06,45,CH CRB,HID,3.7
2026-06-06 11:15:00,2026-06-06,45,CH KIL,HID,0.0
2026-06-06 11:15:00,2026-06-06,45,CH LAN,HID,0.0
2026-06-06 11:15:00,2026-06-06,45,CH PUN,HID,0.0
2026-06-06 11:15:00,2026-06-06,45,CH KAN,HID,0.0
2026-06-06 11:15:00,2026-06-06,45,CH SJA,HID,0.0
2026-06-06 11:15:00,2026-06-06,45,AGU01,BIO,0.0
2026-06-06 11:15:00,2026-06-06,45,AGU02,BIO,0.0
2026-06-06 11:15:00,2026-06-06,45,GBE01,BIO,5.72
2026-06-06 11:15:00,2026-06-06,45,IAG01,BIO,0.0
2026-06-06 11:15:00,2026-06-06,45,UNA01,BIO,0.0
2026-06-06 11:15:00,2026-06-06,45,CSF ORU,INT,72.87
2026-06-06 11:15:00,2026-06-06,45,CSF UYU,INT,54.2
2026-06-06 11:15:00,2026-06-06,45,CSF YUN,INT,0.0
2026-06-06 11:15:00,2026-06-06,45,CE EDO,INT,2.63
2026-06-06 11:15:00,2026-06-06,45,CE QOL,INT,2.46
2026-06-06 11:15:00,2026-06-06,45,CE SJU,INT,0.52
2026-06-06 11:15:00,2026-06-06,45,CE WAR,INT,0.21
2026-06-06 11:30:00,2026-06-06,46,ALT01,TER,0.0
2026-06-06 11:30:00,2026-06-06,46,ALT02,TER,0.0
2026-06-06 11:30:00,2026-06-06,46,ARJ01,TER,0.0
2026-06-06 11:30:00,2026-06-06,46,ARJ02,TER,0.0
2026-06-06 11:30:00,2026-06-06,46,ARJ03,TER,0.0
2026-06-06 11:30:00,2026-06-06,46,ARJ08,TER,0.05
2026-06-06 11:30:00,2026-06-06,46,ARJ09,TER,0.0
2026-06-06 11:30:00,2026-06-06,46,ARJ11,TER,0.0
2026-06-06 11:30:00,2026-06-06,46,ARJ12,TER,0.0
2026-06-06 11:30:00,2026-06-06,46,ARJ13,TER,0.0
2026-06-06 11:30:00,2026-06-06,46,ARJ14,TER,0.0
2026-06-06 11:30:00,2026-06-06,46,ARJ15,TER,0.0
2026-06-06 11:30:00,2026-06-06,46,BUL01,TER,0.0
2026-06-06 11:30:00,2026-06-06,46,BUL02,TER,0.0
2026-06-06 11:30:00,2026-06-06,46,BUL03,TER,0.0
2026-06-06 11:30:00,2026-06-06,46,CAR01,TER,0.0
2026-06-06 11:30:00,2026-06-06,46,CAR02,TER,0.0
2026-06-06 11:30:00,2026-06-06,46,CAR03,TER,0.0
2026-06-06 11:30:00,2026-06-06,46,ERI01,TER,0.0
2026-06-06 11:30:00,2026-06-06,46,ERI02,TER,0.0
2026-06-06 11:30:00,2026-06-06,46,ERI03,TER,0.0
2026-06-06 11:30:00,2026-06-06,46,ERI04,TER,0.0
2026-06-06 11:30:00,2026-06-06,46,ERI30,TER,35.89
2026-06-06 11:30:00,2026-06-06,46,ERI31,TER,42.59
2026-06-06 11:30:00,2026-06-06,46,ERI32,TER,42.73
2026-06-06 11:30:00,2026-06-06,46,ERI40,TER,0.01
2026-06-06 11:30:00,2026-06-06,46,ERI41,TER,0.0
2026-06-06 11:30:00,2026-06-06,46,ERI42,TER,0.0
2026-06-06 11:30:00,2026-06-06,46,ERI50,TER,37.06
2026-06-06 11:30:00,2026-06-06,46,ERI51,TER,42.29
2026-06-06 11:30:00,2026-06-06,46,ERI52,TER,42.33
2026-06-06 11:30:00,2026-06-06,46,GCH01,TER,0.0
2026-06-06 11:30:00,2026-06-06,46,GCH02,TER,0.0
2026-06-06 11:30:00,2026-06-06,46,GCH04,TER,0.0
2026-06-06 11:30:00,2026-06-06,46,GCH06,TER,0.0
2026-06-06 11:30:00,2026-06-06,46,GCH09,TER,0.0
2026-06-06 11:30:00,2026-06-06,46,GCH10,TER,50.52
2026-06-06 11:30:00,2026-06-06,46,GCH11,TER,0.0
2026-06-06 11:30:00,2026-06-06,46,GCH12,TER,36.7
2026-06-06 11:30:00,2026-06-06,46,MOS,TER,0.0
2026-06-06 11:30:00,2026-06-06,46,SCZ01,TER,0.0
2026-06-06 11:30:00,2026-06-06,46,SCZ02,TER,0.0
2026-06-06 11:30:00,2026-06-06,46,SUR10,TER,27.45
2026-06-06 11:30:00,2026-06-06,46,SUR11,TER,23.61
2026-06-06 11:30:00,2026-06-06,46,SUR12,TER,23.54
2026-06-06 11:30:00,2026-06-06,46,SUR20,TER,0.0
2026-06-06 11:30:00,2026-06-06,46,SUR21,TER,0.0
2026-06-06 11:30:00,2026-06-06,46,SUR22,TER,0.0
2026-06-06 11:30:00,2026-06-06,46,SUR30,TER,36.91
2026-06-06 11:30:00,2026-06-06,46,SUR31,TER,43.42
2026-06-06 11:30:00,2026-06-06,46,SUR32,TER,43.4
2026-06-06 11:30:00,2026-06-06,46,SUR40,TER,34.56
2026-06-06 11:30:00,2026-06-06,46,SUR41,TER,41.01
2026-06-06 11:30:00,2026-06-06,46,SUR42,TER,40.97
2026-06-06 11:30:00,2026-06-06,46,VHE01,TER,0.0
2026-06-06 11:30:00,2026-06-06,46,VHE02,TER,0.0
2026-06-06 11:30:00,2026-06-06,46,VHE03,TER,0.0
2026-06-06 11:30:00,2026-06-06,46,VHE04,TER,0.0
2026-06-06 11:30:00,2026-06-06,46,VHE05,TER,0.0
2026-06-06 11:30:00,2026-06-06,46,VHE06,TER,0.0
2026-06-06 11:30:00,2026-06-06,46,VHE07,TER,0.0
2026-06-06 11:30:00,2026-06-06,46,VHE08,TER,0.0
2026-06-06 11:30:00,2026-06-06,46,WAR05,TER,0.0
2026-06-06 11:30:00,2026-06-06,46,WAR10,TER,34.06
2026-06-06 11:30:00,2026-06-06,46,WAR11,TER,39.29
2026-06-06 11:30:00,2026-06-06,46,WAR12,TER,39.25
2026-06-06 11:30:00,2026-06-06,46,WAR20,TER,35.89
2026-06-06 11:30:00,2026-06-06,46,WAR21,TER,37.78
2026-06-06 11:30:00,2026-06-06,46,WAR22,TER,38.1
2026-06-06 11:30:00,2026-06-06,46,WAR30,TER,36.37
2026-06-06 11:30:00,2026-06-06,46,WAR31,TER,40.91
2026-06-06 11:30:00,2026-06-06,46,WAR32,TER,40.99
2026-06-06 11:30:00,2026-06-06,46,WAR40,TER,0.0
2026-06-06 11:30:00,2026-06-06,46,WAR41,TER,0.0
2026-06-06 11:30:00,2026-06-06,46,WAR42,TER,0.0
2026-06-06 11:30:00,2026-06-06,46,CH ZON,HID,0.0
2026-06-06 11:30:00,2026-06-06,46,CH TIQ,HID,0.0
2026-06-06 11:30:00,2026-06-06,46,CH BOT,HID,0.51
2026-06-06 11:30:00,2026-06-06,46,CH CUT,HID,4.49
2026-06-06 11:30:00,2026-06-06,46,CH SRO BA,HID,1.27
2026-06-06 11:30:00,2026-06-06,46,CH SRO AC,HID,3.78
2026-06-06 11:30:00,2026-06-06,46,CH SAI,HID,4.41
2026-06-06 11:30:00,2026-06-06,46,CH CHU,HID,7.0
2026-06-06 11:30:00,2026-06-06,46,CH HAR,HID,0.0
2026-06-06 11:30:00,2026-06-06,46,CH CAH,HID,9.5
2026-06-06 11:30:00,2026-06-06,46,CH HUA,HID,14.79
2026-06-06 11:30:00,2026-06-06,46,CH CHJ2,HID,0.0
2026-06-06 11:30:00,2026-06-06,46,CH YAN,HID,25.8
2026-06-06 11:30:00,2026-06-06,46,CH COR,HID,40.11
2026-06-06 11:30:00,2026-06-06,46,CH SIS,HID,53.03
2026-06-06 11:30:00,2026-06-06,46,CH SJS,HID,44.6
2026-06-06 11:30:00,2026-06-06,46,CH SJE,HID,48.36
2026-06-06 11:30:00,2026-06-06,46,CH MIS,HID,11.5
2026-06-06 11:30:00,2026-06-06,46,CH MIG,HID,0.0
2026-06-06 11:30:00,2026-06-06,46,CH ANG,HID,2.9
2026-06-06 11:30:00,2026-06-06,46,CH CHO,HID,3.54
2026-06-06 11:30:00,2026-06-06,46,CH CRB,HID,3.69
2026-06-06 11:30:00,2026-06-06,46,CH KIL,HID,0.0
2026-06-06 11:30:00,2026-06-06,46,CH LAN,HID,0.0
2026-06-06 11:30:00,2026-06-06,46,CH PUN,HID,0.0
2026-06-06 11:30:00,2026-06-06,46,CH KAN,HID,0.0
2026-06-06 11:30:00,2026-06-06,46,CH SJA,HID,0.0
2026-06-06 11:30:00,2026-06-06,46,AGU01,BIO,0.0
2026-06-06 11:30:00,2026-06-06,46,AGU02,BIO,0.0
2026-06-06 11:30:00,2026-06-06,46,GBE01,BIO,5.26
2026-06-06 11:30:00,2026-06-06,46,IAG01,BIO,0.0
2026-06-06 11:30:00,2026-06-06,46,UNA01,BIO,0.0
2026-06-06 11:30:00,2026-06-06,46,CSF ORU,INT,74.1
2026-06-06 11:30:00,2026-06-06,46,CSF UYU,INT,55.23
2026-06-06 11:30:00,2026-06-06,46,CSF YUN,INT,0.0
2026-06-06 11:30:00,2026-06-06,46,CE EDO,INT,4.02
2026-06-06 11:30:00,2026-06-06,46,CE QOL,INT,2.57
2026-06-06 11:30:00,2026-06-06,46,CE SJU,INT,1.29
2026-06-06 11:30:00,2026-06-06,46,CE WAR,INT,1.79
2026-06-06 11:45:00,2026-06-06,47,ALT01,TER,0.0
2026-06-06 11:45:00,2026-06-06,47,ALT02,TER,0.0
2026-06-06 11:45:00,2026-06-06,47,ARJ01,TER,0.0
2026-06-06 11:45:00,2026-06-06,47,ARJ02,TER,0.0
2026-06-06 11:45:00,2026-06-06,47,ARJ03,TER,0.0
2026-06-06 11:45:00,2026-06-06,47,ARJ08,TER,0.04
2026-06-06 11:45:00,2026-06-06,47,ARJ09,TER,0.0
2026-06-06 11:45:00,2026-06-06,47,ARJ11,TER,0.0
2026-06-06 11:45:00,2026-06-06,47,ARJ12,TER,0.0
2026-06-06 11:45:00,2026-06-06,47,ARJ13,TER,0.0
2026-06-06 11:45:00,2026-06-06,47,ARJ14,TER,0.0
2026-06-06 11:45:00,2026-06-06,47,ARJ15,TER,0.0
2026-06-06 11:45:00,2026-06-06,47,BUL01,TER,0.0
2026-06-06 11:45:00,2026-06-06,47,BUL02,TER,0.0
2026-06-06 11:45:00,2026-06-06,47,BUL03,TER,0.0
2026-06-06 11:45:00,2026-06-06,47,CAR01,TER,0.0
2026-06-06 11:45:00,2026-06-06,47,CAR02,TER,0.0
2026-06-06 11:45:00,2026-06-06,47,CAR03,TER,0.0
2026-06-06 11:45:00,2026-06-06,47,ERI01,TER,0.0
2026-06-06 11:45:00,2026-06-06,47,ERI02,TER,0.0
2026-06-06 11:45:00,2026-06-06,47,ERI03,TER,0.0
2026-06-06 11:45:00,2026-06-06,47,ERI04,TER,0.0
2026-06-06 11:45:00,2026-06-06,47,ERI30,TER,35.73
2026-06-06 11:45:00,2026-06-06,47,ERI31,TER,42.49
2026-06-06 11:45:00,2026-06-06,47,ERI32,TER,42.46
2026-06-06 11:45:00,2026-06-06,47,ERI40,TER,0.01
2026-06-06 11:45:00,2026-06-06,47,ERI41,TER,0.0
2026-06-06 11:45:00,2026-06-06,47,ERI42,TER,0.0
2026-06-06 11:45:00,2026-06-06,47,ERI50,TER,36.84
2026-06-06 11:45:00,2026-06-06,47,ERI51,TER,42.01
2026-06-06 11:45:00,2026-06-06,47,ERI52,TER,42.17
2026-06-06 11:45:00,2026-06-06,47,GCH01,TER,0.0
2026-06-06 11:45:00,2026-06-06,47,GCH02,TER,0.0
2026-06-06 11:45:00,2026-06-06,47,GCH04,TER,0.0
2026-06-06 11:45:00,2026-06-06,47,GCH06,TER,0.0
2026-06-06 11:45:00,2026-06-06,47,GCH09,TER,0.0
2026-06-06 11:45:00,2026-06-06,47,GCH10,TER,50.45
2026-06-06 11:45:00,2026-06-06,47,GCH11,TER,0.0
2026-06-06 11:45:00,2026-06-06,47,GCH12,TER,36.64
2026-06-06 11:45:00,2026-06-06,47,MOS,TER,0.0
2026-06-06 11:45:00,2026-06-06,47,SCZ01,TER,0.0
2026-06-06 11:45:00,2026-06-06,47,SCZ02,TER,0.0
2026-06-06 11:45:00,2026-06-06,47,SUR10,TER,27.37
2026-06-06 11:45:00,2026-06-06,47,SUR11,TER,23.48
2026-06-06 11:45:00,2026-06-06,47,SUR12,TER,23.33
2026-06-06 11:45:00,2026-06-06,47,SUR20,TER,0.0
2026-06-06 11:45:00,2026-06-06,47,SUR21,TER,0.0
2026-06-06 11:45:00,2026-06-06,47,SUR22,TER,0.0
2026-06-06 11:45:00,2026-06-06,47,SUR30,TER,36.72
2026-06-06 11:45:00,2026-06-06,47,SUR31,TER,43.18
2026-06-06 11:45:00,2026-06-06,47,SUR32,TER,43.39
2026-06-06 11:45:00,2026-06-06,47,SUR40,TER,34.56
2026-06-06 11:45:00,2026-06-06,47,SUR41,TER,40.62
2026-06-06 11:45:00,2026-06-06,47,SUR42,TER,40.65
2026-06-06 11:45:00,2026-06-06,47,VHE01,TER,0.0
2026-06-06 11:45:00,2026-06-06,47,VHE02,TER,0.0
2026-06-06 11:45:00,2026-06-06,47,VHE03,TER,0.0
2026-06-06 11:45:00,2026-06-06,47,VHE04,TER,0.0
2026-06-06 11:45:00,2026-06-06,47,VHE05,TER,0.0
2026-06-06 11:45:00,2026-06-06,47,VHE06,TER,0.0
2026-06-06 11:45:00,2026-06-06,47,VHE07,TER,0.0
2026-06-06 11:45:00,2026-06-06,47,VHE08,TER,0.0
2026-06-06 11:45:00,2026-06-06,47,WAR05,TER,0.0
2026-06-06 11:45:00,2026-06-06,47,WAR10,TER,33.99
2026-06-06 11:45:00,2026-06-06,47,WAR11,TER,39.19
2026-06-06 11:45:00,2026-06-06,47,WAR12,TER,39.11
2026-06-06 11:45:00,2026-06-06,47,WAR20,TER,35.92
2026-06-06 11:45:00,2026-06-06,47,WAR21,TER,37.62
2026-06-06 11:45:00,2026-06-06,47,WAR22,TER,37.84
2026-06-06 11:45:00,2026-06-06,47,WAR30,TER,36.25
2026-06-06 11:45:00,2026-06-06,47,WAR31,TER,40.51
2026-06-06 11:45:00,2026-06-06,47,WAR32,TER,40.73
2026-06-06 11:45:00,2026-06-06,47,WAR40,TER,0.0
2026-06-06 11:45:00,2026-06-06,47,WAR41,TER,0.0
2026-06-06 11:45:00,2026-06-06,47,WAR42,TER,0.0
2026-06-06 11:45:00,2026-06-06,47,CH ZON,HID,0.0
2026-06-06 11:45:00,2026-06-06,47,CH TIQ,HID,0.75
2026-06-06 11:45:00,2026-06-06,47,CH BOT,HID,0.5
2026-06-06 11:45:00,2026-06-06,47,CH CUT,HID,4.5
2026-06-06 11:45:00,2026-06-06,47,CH SRO BA,HID,1.27
2026-06-06 11:45:00,2026-06-06,47,CH SRO AC,HID,3.75
2026-06-06 11:45:00,2026-06-06,47,CH SAI,HID,4.4
2026-06-06 11:45:00,2026-06-06,47,CH CHU,HID,7.0
2026-06-06 11:45:00,2026-06-06,47,CH HAR,HID,0.0
2026-06-06 11:45:00,2026-06-06,47,CH CAH,HID,9.5
2026-06-06 11:45:00,2026-06-06,47,CH HUA,HID,14.8
2026-06-06 11:45:00,2026-06-06,47,CH CHJ2,HID,0.0
2026-06-06 11:45:00,2026-06-06,47,CH YAN,HID,25.1
2026-06-06 11:45:00,2026-06-06,47,CH COR,HID,39.79
2026-06-06 11:45:00,2026-06-06,47,CH SIS,HID,53.49
2026-06-06 11:45:00,2026-06-06,47,CH SJS,HID,45.41
2026-06-06 11:45:00,2026-06-06,47,CH SJE,HID,47.6
2026-06-06 11:45:00,2026-06-06,47,CH MIS,HID,11.5
2026-06-06 11:45:00,2026-06-06,47,CH MIG,HID,0.0
2026-06-06 11:45:00,2026-06-06,47,CH ANG,HID,2.89
2026-06-06 11:45:00,2026-06-06,47,CH CHO,HID,3.55
2026-06-06 11:45:00,2026-06-06,47,CH CRB,HID,3.67
2026-06-06 11:45:00,2026-06-06,47,CH KIL,HID,0.0
2026-06-06 11:45:00,2026-06-06,47,CH LAN,HID,0.0
2026-06-06 11:45:00,2026-06-06,47,CH PUN,HID,0.0
2026-06-06 11:45:00,2026-06-06,47,CH KAN,HID,0.0
2026-06-06 11:45:00,2026-06-06,47,CH SJA,HID,0.0
2026-06-06 11:45:00,2026-06-06,47,AGU01,BIO,0.0
2026-06-06 11:45:00,2026-06-06,47,AGU02,BIO,0.0
2026-06-06 11:45:00,2026-06-06,47,GBE01,BIO,4.72
2026-06-06 11:45:00,2026-06-06,47,IAG01,BIO,0.0
2026-06-06 11:45:00,2026-06-06,47,UNA01,BIO,0.0
2026-06-06 11:45:00,2026-06-06,47,CSF ORU,INT,75.16
2026-06-06 11:45:00,2026-06-06,47,CSF UYU,INT,55.68
2026-06-06 11:45:00,2026-06-06,47,CSF YUN,INT,0.0
2026-06-06 11:45:00,2026-06-06,47,CE EDO,INT,6.93
2026-06-06 11:45:00,2026-06-06,47,CE QOL,INT,3.92
2026-06-06 11:45:00,2026-06-06,47,CE SJU,INT,1.25
2026-06-06 11:45:00,2026-06-06,47,CE WAR,INT,0.55
2026-06-06 12:00:00,2026-06-06,48,ALT01,TER,0.0
2026-06-06 12:00:00,2026-06-06,48,ALT02,TER,0.0
2026-06-06 12:00:00,2026-06-06,48,ARJ01,TER,0.0
2026-06-06 12:00:00,2026-06-06,48,ARJ02,TER,0.0
2026-06-06 12:00:00,2026-06-06,48,ARJ03,TER,0.0
2026-06-06 12:00:00,2026-06-06,48,ARJ08,TER,0.02
2026-06-06 12:00:00,2026-06-06,48,ARJ09,TER,0.0
2026-06-06 12:00:00,2026-06-06,48,ARJ11,TER,0.0
2026-06-06 12:00:00,2026-06-06,48,ARJ12,TER,0.0
2026-06-06 12:00:00,2026-06-06,48,ARJ13,TER,0.0
2026-06-06 12:00:00,2026-06-06,48,ARJ14,TER,0.0
2026-06-06 12:00:00,2026-06-06,48,ARJ15,TER,0.0
2026-06-06 12:00:00,2026-06-06,48,BUL01,TER,0.0
2026-06-06 12:00:00,2026-06-06,48,BUL02,TER,0.0
2026-06-06 12:00:00,2026-06-06,48,BUL03,TER,0.0
2026-06-06 12:00:00,2026-06-06,48,CAR01,TER,0.0
2026-06-06 12:00:00,2026-06-06,48,CAR02,TER,0.0
2026-06-06 12:00:00,2026-06-06,48,CAR03,TER,0.0
2026-06-06 12:00:00,2026-06-06,48,ERI01,TER,0.0
2026-06-06 12:00:00,2026-06-06,48,ERI02,TER,0.0
2026-06-06 12:00:00,2026-06-06,48,ERI03,TER,0.0
2026-06-06 12:00:00,2026-06-06,48,ERI04,TER,0.0
2026-06-06 12:00:00,2026-06-06,48,ERI30,TER,35.81
2026-06-06 12:00:00,2026-06-06,48,ERI31,TER,41.87
2026-06-06 12:00:00,2026-06-06,48,ERI32,TER,42.01
2026-06-06 12:00:00,2026-06-06,48,ERI40,TER,0.01
2026-06-06 12:00:00,2026-06-06,48,ERI41,TER,0.0
2026-06-06 12:00:00,2026-06-06,48,ERI42,TER,0.0
2026-06-06 12:00:00,2026-06-06,48,ERI50,TER,36.68
2026-06-06 12:00:00,2026-06-06,48,ERI51,TER,41.63
2026-06-06 12:00:00,2026-06-06,48,ERI52,TER,41.56
2026-06-06 12:00:00,2026-06-06,48,GCH01,TER,0.0
2026-06-06 12:00:00,2026-06-06,48,GCH02,TER,0.0
2026-06-06 12:00:00,2026-06-06,48,GCH04,TER,0.0
2026-06-06 12:00:00,2026-06-06,48,GCH06,TER,0.0
2026-06-06 12:00:00,2026-06-06,48,GCH09,TER,0.0
2026-06-06 12:00:00,2026-06-06,48,GCH10,TER,50.02
2026-06-06 12:00:00,2026-06-06,48,GCH11,TER,0.0
2026-06-06 12:00:00,2026-06-06,48,GCH12,TER,36.61
2026-06-06 12:00:00,2026-06-06,48,MOS,TER,0.0
2026-06-06 12:00:00,2026-06-06,48,SCZ01,TER,0.0
2026-06-06 12:00:00,2026-06-06,48,SCZ02,TER,0.0
2026-06-06 12:00:00,2026-06-06,48,SUR10,TER,27.26
2026-06-06 12:00:00,2026-06-06,48,SUR11,TER,23.24
2026-06-06 12:00:00,2026-06-06,48,SUR12,TER,23.08
2026-06-06 12:00:00,2026-06-06,48,SUR20,TER,0.0
2026-06-06 12:00:00,2026-06-06,48,SUR21,TER,0.0
2026-06-06 12:00:00,2026-06-06,48,SUR22,TER,0.0
2026-06-06 12:00:00,2026-06-06,48,SUR30,TER,36.83
2026-06-06 12:00:00,2026-06-06,48,SUR31,TER,43.41
2026-06-06 12:00:00,2026-06-06,48,SUR32,TER,43.41
2026-06-06 12:00:00,2026-06-06,48,SUR40,TER,34.45
2026-06-06 12:00:00,2026-06-06,48,SUR41,TER,40.25
2026-06-06 12:00:00,2026-06-06,48,SUR42,TER,40.21
2026-06-06 12:00:00,2026-06-06,48,VHE01,TER,0.0
2026-06-06 12:00:00,2026-06-06,48,VHE02,TER,0.0
2026-06-06 12:00:00,2026-06-06,48,VHE03,TER,0.0
2026-06-06 12:00:00,2026-06-06,48,VHE04,TER,0.0
2026-06-06 12:00:00,2026-06-06,48,VHE05,TER,0.0
2026-06-06 12:00:00,2026-06-06,48,VHE06,TER,0.0
2026-06-06 12:00:00,2026-06-06,48,VHE07,TER,0.0
2026-06-06 12:00:00,2026-06-06,48,VHE08,TER,0.0
2026-06-06 12:00:00,2026-06-06,48,WAR05,TER,0.0
2026-06-06 12:00:00,2026-06-06,48,WAR10,TER,33.88
2026-06-06 12:00:00,2026-06-06,48,WAR11,TER,38.77
2026-06-06 12:00:00,2026-06-06,48,WAR12,TER,38.74
2026-06-06 12:00:00,2026-06-06,48,WAR20,TER,35.7
2026-06-06 12:00:00,2026-06-06,48,WAR21,TER,37.33
2026-06-06 12:00:00,2026-06-06,48,WAR22,TER,37.54
2026-06-06 12:00:00,2026-06-06,48,WAR30,TER,36.07
2026-06-06 12:00:00,2026-06-06,48,WAR31,TER,40.35
2026-06-06 12:00:00,2026-06-06,48,WAR32,TER,40.4
2026-06-06 12:00:00,2026-06-06,48,WAR40,TER,0.0
2026-06-06 12:00:00,2026-06-06,48,WAR41,TER,0.0
2026-06-06 12:00:00,2026-06-06,48,WAR42,TER,0.0
2026-06-06 12:00:00,2026-06-06,48,CH ZON,HID,0.0
2026-06-06 12:00:00,2026-06-06,48,CH TIQ,HID,0.77
2026-06-06 12:00:00,2026-06-06,48,CH BOT,HID,0.49
2026-06-06 12:00:00,2026-06-06,48,CH CUT,HID,6.51
2026-06-06 12:00:00,2026-06-06,48,CH SRO BA,HID,1.27
2026-06-06 12:00:00,2026-06-06,48,CH SRO AC,HID,3.7
2026-06-06 12:00:00,2026-06-06,48,CH SAI,HID,4.35
2026-06-06 12:00:00,2026-06-06,48,CH CHU,HID,6.96
2026-06-06 12:00:00,2026-06-06,48,CH HAR,HID,0.0
2026-06-06 12:00:00,2026-06-06,48,CH CAH,HID,9.43
2026-06-06 12:00:00,2026-06-06,48,CH HUA,HID,14.47
2026-06-06 12:00:00,2026-06-06,48,CH CHJ2,HID,0.0
2026-06-06 12:00:00,2026-06-06,48,CH YAN,HID,25.6
2026-06-06 12:00:00,2026-06-06,48,CH COR,HID,39.48
2026-06-06 12:00:00,2026-06-06,48,CH SIS,HID,53.0
2026-06-06 12:00:00,2026-06-06,48,CH SJS,HID,44.91
2026-06-06 12:00:00,2026-06-06,48,CH SJE,HID,49.92
2026-06-06 12:00:00,2026-06-06,48,CH MIS,HID,11.5
2026-06-06 12:00:00,2026-06-06,48,CH MIG,HID,0.0
2026-06-06 12:00:00,2026-06-06,48,CH ANG,HID,2.88
2026-06-06 12:00:00,2026-06-06,48,CH CHO,HID,3.54
2026-06-06 12:00:00,2026-06-06,48,CH CRB,HID,3.63
2026-06-06 12:00:00,2026-06-06,48,CH KIL,HID,0.0
2026-06-06 12:00:00,2026-06-06,48,CH LAN,HID,0.0
2026-06-06 12:00:00,2026-06-06,48,CH PUN,HID,0.0
2026-06-06 12:00:00,2026-06-06,48,CH KAN,HID,0.0
2026-06-06 12:00:00,2026-06-06,48,CH SJA,HID,0.0
2026-06-06 12:00:00,2026-06-06,48,AGU01,BIO,0.0
2026-06-06 12:00:00,2026-06-06,48,AGU02,BIO,0.0
2026-06-06 12:00:00,2026-06-06,48,GBE01,BIO,5.62
2026-06-06 12:00:00,2026-06-06,48,IAG01,BIO,0.0
2026-06-06 12:00:00,2026-06-06,48,UNA01,BIO,0.0
2026-06-06 12:00:00,2026-06-06,48,CSF ORU,INT,75.96
2026-06-06 12:00:00,2026-06-06,48,CSF UYU,INT,56.13
2026-06-06 12:00:00,2026-06-06,48,CSF YUN,INT,0.0
2026-06-06 12:00:00,2026-06-06,48,CE EDO,INT,8.37
2026-06-06 12:00:00,2026-06-06,48,CE QOL,INT,3.13
2026-06-06 12:00:00,2026-06-06,48,CE SJU,INT,1.02
2026-06-06 12:00:00,2026-06-06,48,CE WAR,INT,0.41
2026-06-06 12:15:00,2026-06-06,49,ALT01,TER,0.0
2026-06-06 12:15:00,2026-06-06,49,ALT02,TER,0.0
2026-06-06 12:15:00,2026-06-06,49,ARJ01,TER,0.0
2026-06-06 12:15:00,2026-06-06,49,ARJ02,TER,0.0
2026-06-06 12:15:00,2026-06-06,49,ARJ03,TER,0.0
2026-06-06 12:15:00,2026-06-06,49,ARJ08,TER,0.05
2026-06-06 12:15:00,2026-06-06,49,ARJ09,TER,0.0
2026-06-06 12:15:00,2026-06-06,49,ARJ11,TER,0.0
2026-06-06 12:15:00,2026-06-06,49,ARJ12,TER,0.0
2026-06-06 12:15:00,2026-06-06,49,ARJ13,TER,0.0
2026-06-06 12:15:00,2026-06-06,49,ARJ14,TER,0.0
2026-06-06 12:15:00,2026-06-06,49,ARJ15,TER,0.0
2026-06-06 12:15:00,2026-06-06,49,BUL01,TER,0.0
2026-06-06 12:15:00,2026-06-06,49,BUL02,TER,0.0
2026-06-06 12:15:00,2026-06-06,49,BUL03,TER,0.0
2026-06-06 12:15:00,2026-06-06,49,CAR01,TER,0.0
2026-06-06 12:15:00,2026-06-06,49,CAR02,TER,0.0
2026-06-06 12:15:00,2026-06-06,49,CAR03,TER,0.0
2026-06-06 12:15:00,2026-06-06,49,ERI01,TER,0.0
2026-06-06 12:15:00,2026-06-06,49,ERI02,TER,0.0
2026-06-06 12:15:00,2026-06-06,49,ERI03,TER,0.0
2026-06-06 12:15:00,2026-06-06,49,ERI04,TER,0.0
2026-06-06 12:15:00,2026-06-06,49,ERI30,TER,35.89
2026-06-06 12:15:00,2026-06-06,49,ERI31,TER,42.38
2026-06-06 12:15:00,2026-06-06,49,ERI32,TER,42.39
2026-06-06 12:15:00,2026-06-06,49,ERI40,TER,-0.02
2026-06-06 12:15:00,2026-06-06,49,ERI41,TER,0.0
2026-06-06 12:15:00,2026-06-06,49,ERI42,TER,0.0
2026-06-06 12:15:00,2026-06-06,49,ERI50,TER,36.87
2026-06-06 12:15:00,2026-06-06,49,ERI51,TER,41.95
2026-06-06 12:15:00,2026-06-06,49,ERI52,TER,42.01
2026-06-06 12:15:00,2026-06-06,49,GCH01,TER,0.0
2026-06-06 12:15:00,2026-06-06,49,GCH02,TER,0.0
2026-06-06 12:15:00,2026-06-06,49,GCH04,TER,0.0
2026-06-06 12:15:00,2026-06-06,49,GCH06,TER,0.0
2026-06-06 12:15:00,2026-06-06,49,GCH09,TER,0.0
2026-06-06 12:15:00,2026-06-06,49,GCH10,TER,50.2
2026-06-06 12:15:00,2026-06-06,49,GCH11,TER,0.0
2026-06-06 12:15:00,2026-06-06,49,GCH12,TER,36.42
2026-06-06 12:15:00,2026-06-06,49,MOS,TER,0.0
2026-06-06 12:15:00,2026-06-06,49,SCZ01,TER,0.0
2026-06-06 12:15:00,2026-06-06,49,SCZ02,TER,0.0
2026-06-06 12:15:00,2026-06-06,49,SUR10,TER,28.62
2026-06-06 12:15:00,2026-06-06,49,SUR11,TER,28.8
2026-06-06 12:15:00,2026-06-06,49,SUR12,TER,28.74
2026-06-06 12:15:00,2026-06-06,49,SUR20,TER,0.0
2026-06-06 12:15:00,2026-06-06,49,SUR21,TER,0.0
2026-06-06 12:15:00,2026-06-06,49,SUR22,TER,0.0
2026-06-06 12:15:00,2026-06-06,49,SUR30,TER,36.79
2026-06-06 12:15:00,2026-06-06,49,SUR31,TER,43.31
2026-06-06 12:15:00,2026-06-06,49,SUR32,TER,43.44
2026-06-06 12:15:00,2026-06-06,49,SUR40,TER,34.33
2026-06-06 12:15:00,2026-06-06,49,SUR41,TER,40.54
2026-06-06 12:15:00,2026-06-06,49,SUR42,TER,40.72
2026-06-06 12:15:00,2026-06-06,49,VHE01,TER,0.0
2026-06-06 12:15:00,2026-06-06,49,VHE02,TER,0.0
2026-06-06 12:15:00,2026-06-06,49,VHE03,TER,0.0
2026-06-06 12:15:00,2026-06-06,49,VHE04,TER,0.0
2026-06-06 12:15:00,2026-06-06,49,VHE05,TER,0.0
2026-06-06 12:15:00,2026-06-06,49,VHE06,TER,0.0
2026-06-06 12:15:00,2026-06-06,49,VHE07,TER,0.0
2026-06-06 12:15:00,2026-06-06,49,VHE08,TER,0.0
2026-06-06 12:15:00,2026-06-06,49,WAR05,TER,0.0
2026-06-06 12:15:00,2026-06-06,49,WAR10,TER,34.14
2026-06-06 12:15:00,2026-06-06,49,WAR11,TER,39.08
2026-06-06 12:15:00,2026-06-06,49,WAR12,TER,38.91
2026-06-06 12:15:00,2026-06-06,49,WAR20,TER,35.51
2026-06-06 12:15:00,2026-06-06,49,WAR21,TER,37.22
2026-06-06 12:15:00,2026-06-06,49,WAR22,TER,37.47
2026-06-06 12:15:00,2026-06-06,49,WAR30,TER,36.07
2026-06-06 12:15:00,2026-06-06,49,WAR31,TER,40.18
2026-06-06 12:15:00,2026-06-06,49,WAR32,TER,40.25
2026-06-06 12:15:00,2026-06-06,49,WAR40,TER,0.0
2026-06-06 12:15:00,2026-06-06,49,WAR41,TER,0.0
2026-06-06 12:15:00,2026-06-06,49,WAR42,TER,0.0
2026-06-06 12:15:00,2026-06-06,49,CH ZON,HID,0.0
2026-06-06 12:15:00,2026-06-06,49,CH TIQ,HID,0.79
2026-06-06 12:15:00,2026-06-06,49,CH BOT,HID,0.5
2026-06-06 12:15:00,2026-06-06,49,CH CUT,HID,7.0
2026-06-06 12:15:00,2026-06-06,49,CH SRO BA,HID,1.53
2026-06-06 12:15:00,2026-06-06,49,CH SRO AC,HID,3.73
2026-06-06 12:15:00,2026-06-06,49,CH SAI,HID,4.38
2026-06-06 12:15:00,2026-06-06,49,CH CHU,HID,6.98
2026-06-06 12:15:00,2026-06-06,49,CH HAR,HID,0.0
2026-06-06 12:15:00,2026-06-06,49,CH CAH,HID,9.51
2026-06-06 12:15:00,2026-06-06,49,CH HUA,HID,14.49
2026-06-06 12:15:00,2026-06-06,49,CH CHJ2,HID,0.0
2026-06-06 12:15:00,2026-06-06,49,CH YAN,HID,0.0
2026-06-06 12:15:00,2026-06-06,49,CH COR,HID,39.78
2026-06-06 12:15:00,2026-06-06,49,CH SIS,HID,53.59
2026-06-06 12:15:00,2026-06-06,49,CH SJS,HID,45.46
2026-06-06 12:15:00,2026-06-06,49,CH SJE,HID,50.47
2026-06-06 12:15:00,2026-06-06,49,CH MIS,HID,11.5
2026-06-06 12:15:00,2026-06-06,49,CH MIG,HID,0.0
2026-06-06 12:15:00,2026-06-06,49,CH ANG,HID,2.9
2026-06-06 12:15:00,2026-06-06,49,CH CHO,HID,3.54
2026-06-06 12:15:00,2026-06-06,49,CH CRB,HID,3.66
2026-06-06 12:15:00,2026-06-06,49,CH KIL,HID,0.0
2026-06-06 12:15:00,2026-06-06,49,CH LAN,HID,0.0
2026-06-06 12:15:00,2026-06-06,49,CH PUN,HID,0.0
2026-06-06 12:15:00,2026-06-06,49,CH KAN,HID,0.0
2026-06-06 12:15:00,2026-06-06,49,CH SJA,HID,0.0
2026-06-06 12:15:00,2026-06-06,49,AGU01,BIO,0.0
2026-06-06 12:15:00,2026-06-06,49,AGU02,BIO,0.0
2026-06-06 12:15:00,2026-06-06,49,GBE01,BIO,4.44
2026-06-06 12:15:00,2026-06-06,49,IAG01,BIO,0.0
2026-06-06 12:15:00,2026-06-06,49,UNA01,BIO,0.0
2026-06-06 12:15:00,2026-06-06,49,CSF ORU,INT,76.16
2026-06-06 12:15:00,2026-06-06,49,CSF UYU,INT,56.5
2026-06-06 12:15:00,2026-06-06,49,CSF YUN,INT,0.0
2026-06-06 12:15:00,2026-06-06,49,CE EDO,INT,12.58
2026-06-06 12:15:00,2026-06-06,49,CE QOL,INT,4.1
2026-06-06 12:15:00,2026-06-06,49,CE SJU,INT,0.74
2026-06-06 12:15:00,2026-06-06,49,CE WAR,INT,0.62
2026-06-06 12:30:00,2026-06-06,50,ALT01,TER,0.0
2026-06-06 12:30:00,2026-06-06,50,ALT02,TER,0.0
2026-06-06 12:30:00,2026-06-06,50,ARJ01,TER,0.0
2026-06-06 12:30:00,2026-06-06,50,ARJ02,TER,0.0
2026-06-06 12:30:00,2026-06-06,50,ARJ03,TER,0.0
2026-06-06 12:30:00,2026-06-06,50,ARJ08,TER,0.03
2026-06-06 12:30:00,2026-06-06,50,ARJ09,TER,0.0
2026-06-06 12:30:00,2026-06-06,50,ARJ11,TER,0.0
2026-06-06 12:30:00,2026-06-06,50,ARJ12,TER,0.0
2026-06-06 12:30:00,2026-06-06,50,ARJ13,TER,0.0
2026-06-06 12:30:00,2026-06-06,50,ARJ14,TER,0.0
2026-06-06 12:30:00,2026-06-06,50,ARJ15,TER,0.0
2026-06-06 12:30:00,2026-06-06,50,BUL01,TER,0.0
2026-06-06 12:30:00,2026-06-06,50,BUL02,TER,0.0
2026-06-06 12:30:00,2026-06-06,50,BUL03,TER,0.0
2026-06-06 12:30:00,2026-06-06,50,CAR01,TER,0.0
2026-06-06 12:30:00,2026-06-06,50,CAR02,TER,0.0
2026-06-06 12:30:00,2026-06-06,50,CAR03,TER,0.0
2026-06-06 12:30:00,2026-06-06,50,ERI01,TER,0.0
2026-06-06 12:30:00,2026-06-06,50,ERI02,TER,0.0
2026-06-06 12:30:00,2026-06-06,50,ERI03,TER,0.0
2026-06-06 12:30:00,2026-06-06,50,ERI04,TER,0.0
2026-06-06 12:30:00,2026-06-06,50,ERI30,TER,35.96
2026-06-06 12:30:00,2026-06-06,50,ERI31,TER,42.6
2026-06-06 12:30:00,2026-06-06,50,ERI32,TER,42.7
2026-06-06 12:30:00,2026-06-06,50,ERI40,TER,0.01
2026-06-06 12:30:00,2026-06-06,50,ERI41,TER,0.0
2026-06-06 12:30:00,2026-06-06,50,ERI42,TER,0.0
2026-06-06 12:30:00,2026-06-06,50,ERI50,TER,36.91
2026-06-06 12:30:00,2026-06-06,50,ERI51,TER,42.22
2026-06-06 12:30:00,2026-06-06,50,ERI52,TER,42.31
2026-06-06 12:30:00,2026-06-06,50,GCH01,TER,0.0
2026-06-06 12:30:00,2026-06-06,50,GCH02,TER,0.0
2026-06-06 12:30:00,2026-06-06,50,GCH04,TER,0.0
2026-06-06 12:30:00,2026-06-06,50,GCH06,TER,0.0
2026-06-06 12:30:00,2026-06-06,50,GCH09,TER,0.0
2026-06-06 12:30:00,2026-06-06,50,GCH10,TER,50.52
2026-06-06 12:30:00,2026-06-06,50,GCH11,TER,0.0
2026-06-06 12:30:00,2026-06-06,50,GCH12,TER,36.9
2026-06-06 12:30:00,2026-06-06,50,MOS,TER,0.0
2026-06-06 12:30:00,2026-06-06,50,SCZ01,TER,0.0
2026-06-06 12:30:00,2026-06-06,50,SCZ02,TER,0.0
2026-06-06 12:30:00,2026-06-06,50,SUR10,TER,30.66
2026-06-06 12:30:00,2026-06-06,50,SUR11,TER,29.83
2026-06-06 12:30:00,2026-06-06,50,SUR12,TER,29.63
2026-06-06 12:30:00,2026-06-06,50,SUR20,TER,0.0
2026-06-06 12:30:00,2026-06-06,50,SUR21,TER,0.0
2026-06-06 12:30:00,2026-06-06,50,SUR22,TER,0.0
2026-06-06 12:30:00,2026-06-06,50,SUR30,TER,36.83
2026-06-06 12:30:00,2026-06-06,50,SUR31,TER,43.29
2026-06-06 12:30:00,2026-06-06,50,SUR32,TER,43.46
2026-06-06 12:30:00,2026-06-06,50,SUR40,TER,34.48
2026-06-06 12:30:00,2026-06-06,50,SUR41,TER,40.95
2026-06-06 12:30:00,2026-06-06,50,SUR42,TER,40.82
2026-06-06 12:30:00,2026-06-06,50,VHE01,TER,0.0
2026-06-06 12:30:00,2026-06-06,50,VHE02,TER,0.0
2026-06-06 12:30:00,2026-06-06,50,VHE03,TER,0.0
2026-06-06 12:30:00,2026-06-06,50,VHE04,TER,0.0
2026-06-06 12:30:00,2026-06-06,50,VHE05,TER,0.0
2026-06-06 12:30:00,2026-06-06,50,VHE06,TER,0.0
2026-06-06 12:30:00,2026-06-06,50,VHE07,TER,0.0
2026-06-06 12:30:00,2026-06-06,50,VHE08,TER,0.0
2026-06-06 12:30:00,2026-06-06,50,WAR05,TER,0.0
2026-06-06 12:30:00,2026-06-06,50,WAR10,TER,34.06
2026-06-06 12:30:00,2026-06-06,50,WAR11,TER,39.15
2026-06-06 12:30:00,2026-06-06,50,WAR12,TER,39.21
2026-06-06 12:30:00,2026-06-06,50,WAR20,TER,35.58
2026-06-06 12:30:00,2026-06-06,50,WAR21,TER,37.4
2026-06-06 12:30:00,2026-06-06,50,WAR22,TER,37.58
2026-06-06 12:30:00,2026-06-06,50,WAR30,TER,36.07
2026-06-06 12:30:00,2026-06-06,50,WAR31,TER,40.36
2026-06-06 12:30:00,2026-06-06,50,WAR32,TER,40.44
2026-06-06 12:30:00,2026-06-06,50,WAR40,TER,0.0
2026-06-06 12:30:00,2026-06-06,50,WAR41,TER,0.0
2026-06-06 12:30:00,2026-06-06,50,WAR42,TER,0.0
2026-06-06 12:30:00,2026-06-06,50,CH ZON,HID,0.0
2026-06-06 12:30:00,2026-06-06,50,CH TIQ,HID,0.8
2026-06-06 12:30:00,2026-06-06,50,CH BOT,HID,0.5
2026-06-06 12:30:00,2026-06-06,50,CH CUT,HID,6.5
2026-06-06 12:30:00,2026-06-06,50,CH SRO BA,HID,1.82
2026-06-06 12:30:00,2026-06-06,50,CH SRO AC,HID,3.76
2026-06-06 12:30:00,2026-06-06,50,CH SAI,HID,4.4
2026-06-06 12:30:00,2026-06-06,50,CH CHU,HID,7.53
2026-06-06 12:30:00,2026-06-06,50,CH HAR,HID,0.0
2026-06-06 12:30:00,2026-06-06,50,CH CAH,HID,9.5
2026-06-06 12:30:00,2026-06-06,50,CH HUA,HID,14.5
2026-06-06 12:30:00,2026-06-06,50,CH CHJ2,HID,0.0
2026-06-06 12:30:00,2026-06-06,50,CH YAN,HID,0.0
2026-06-06 12:30:00,2026-06-06,50,CH COR,HID,39.93
2026-06-06 12:30:00,2026-06-06,50,CH SIS,HID,53.76
2026-06-06 12:30:00,2026-06-06,50,CH SJS,HID,35.72
2026-06-06 12:30:00,2026-06-06,50,CH SJE,HID,40.52
2026-06-06 12:30:00,2026-06-06,50,CH MIS,HID,11.5
2026-06-06 12:30:00,2026-06-06,50,CH MIG,HID,0.0
2026-06-06 12:30:00,2026-06-06,50,CH ANG,HID,2.9
2026-06-06 12:30:00,2026-06-06,50,CH CHO,HID,3.55
2026-06-06 12:30:00,2026-06-06,50,CH CRB,HID,3.7
2026-06-06 12:30:00,2026-06-06,50,CH KIL,HID,0.0
2026-06-06 12:30:00,2026-06-06,50,CH LAN,HID,0.0
2026-06-06 12:30:00,2026-06-06,50,CH PUN,HID,0.0
2026-06-06 12:30:00,2026-06-06,50,CH KAN,HID,0.0
2026-06-06 12:30:00,2026-06-06,50,CH SJA,HID,0.0
2026-06-06 12:30:00,2026-06-06,50,AGU01,BIO,0.0
2026-06-06 12:30:00,2026-06-06,50,AGU02,BIO,0.0
2026-06-06 12:30:00,2026-06-06,50,GBE01,BIO,4.85
2026-06-06 12:30:00,2026-06-06,50,IAG01,BIO,0.0
2026-06-06 12:30:00,2026-06-06,50,UNA01,BIO,0.0
2026-06-06 12:30:00,2026-06-06,50,CSF ORU,INT,76.73
2026-06-06 12:30:00,2026-06-06,50,CSF UYU,INT,56.33
2026-06-06 12:30:00,2026-06-06,50,CSF YUN,INT,0.0
2026-06-06 12:30:00,2026-06-06,50,CE EDO,INT,15.72
2026-06-06 12:30:00,2026-06-06,50,CE QOL,INT,4.7
2026-06-06 12:30:00,2026-06-06,50,CE SJU,INT,0.74
2026-06-06 12:30:00,2026-06-06,50,CE WAR,INT,0.83
2026-06-06 12:45:00,2026-06-06,51,ALT01,TER,0.0
2026-06-06 12:45:00,2026-06-06,51,ALT02,TER,0.0
2026-06-06 12:45:00,2026-06-06,51,ARJ01,TER,0.0
2026-06-06 12:45:00,2026-06-06,51,ARJ02,TER,0.0
2026-06-06 12:45:00,2026-06-06,51,ARJ03,TER,0.0
2026-06-06 12:45:00,2026-06-06,51,ARJ08,TER,0.03
2026-06-06 12:45:00,2026-06-06,51,ARJ09,TER,0.0
2026-06-06 12:45:00,2026-06-06,51,ARJ11,TER,0.0
2026-06-06 12:45:00,2026-06-06,51,ARJ12,TER,0.0
2026-06-06 12:45:00,2026-06-06,51,ARJ13,TER,0.0
2026-06-06 12:45:00,2026-06-06,51,ARJ14,TER,0.0
2026-06-06 12:45:00,2026-06-06,51,ARJ15,TER,0.0
2026-06-06 12:45:00,2026-06-06,51,BUL01,TER,0.0
2026-06-06 12:45:00,2026-06-06,51,BUL02,TER,0.0
2026-06-06 12:45:00,2026-06-06,51,BUL03,TER,0.0
2026-06-06 12:45:00,2026-06-06,51,CAR01,TER,0.0
2026-06-06 12:45:00,2026-06-06,51,CAR02,TER,0.0
2026-06-06 12:45:00,2026-06-06,51,CAR03,TER,0.0
2026-06-06 12:45:00,2026-06-06,51,ERI01,TER,0.0
2026-06-06 12:45:00,2026-06-06,51,ERI02,TER,0.0
2026-06-06 12:45:00,2026-06-06,51,ERI03,TER,0.0
2026-06-06 12:45:00,2026-06-06,51,ERI04,TER,0.0
2026-06-06 12:45:00,2026-06-06,51,ERI30,TER,35.89
2026-06-06 12:45:00,2026-06-06,51,ERI31,TER,42.32
2026-06-06 12:45:00,2026-06-06,51,ERI32,TER,42.5
2026-06-06 12:45:00,2026-06-06,51,ERI40,TER,0.01
2026-06-06 12:45:00,2026-06-06,51,ERI41,TER,0.0
2026-06-06 12:45:00,2026-06-06,51,ERI42,TER,0.0
2026-06-06 12:45:00,2026-06-06,51,ERI50,TER,36.84
2026-06-06 12:45:00,2026-06-06,51,ERI51,TER,42.18
2026-06-06 12:45:00,2026-06-06,51,ERI52,TER,41.98
2026-06-06 12:45:00,2026-06-06,51,GCH01,TER,0.0
2026-06-06 12:45:00,2026-06-06,51,GCH02,TER,0.0
2026-06-06 12:45:00,2026-06-06,51,GCH04,TER,0.0
2026-06-06 12:45:00,2026-06-06,51,GCH06,TER,0.0
2026-06-06 12:45:00,2026-06-06,51,GCH09,TER,0.0
2026-06-06 12:45:00,2026-06-06,51,GCH10,TER,50.09
2026-06-06 12:45:00,2026-06-06,51,GCH11,TER,0.0
2026-06-06 12:45:00,2026-06-06,51,GCH12,TER,36.81
2026-06-06 12:45:00,2026-06-06,51,MOS,TER,0.0
2026-06-06 12:45:00,2026-06-06,51,SCZ01,TER,0.0
2026-06-06 12:45:00,2026-06-06,51,SCZ02,TER,0.0
2026-06-06 12:45:00,2026-06-06,51,SUR10,TER,30.7
2026-06-06 12:45:00,2026-06-06,51,SUR11,TER,29.68
2026-06-06 12:45:00,2026-06-06,51,SUR12,TER,29.59
2026-06-06 12:45:00,2026-06-06,51,SUR20,TER,0.0
2026-06-06 12:45:00,2026-06-06,51,SUR21,TER,0.0
2026-06-06 12:45:00,2026-06-06,51,SUR22,TER,0.0
2026-06-06 12:45:00,2026-06-06,51,SUR30,TER,36.98
2026-06-06 12:45:00,2026-06-06,51,SUR31,TER,43.11
2026-06-06 12:45:00,2026-06-06,51,SUR32,TER,43.29
2026-06-06 12:45:00,2026-06-06,51,SUR40,TER,34.52
2026-06-06 12:45:00,2026-06-06,51,SUR41,TER,40.27
2026-06-06 12:45:00,2026-06-06,51,SUR42,TER,40.72
2026-06-06 12:45:00,2026-06-06,51,VHE01,TER,0.0
2026-06-06 12:45:00,2026-06-06,51,VHE02,TER,0.0
2026-06-06 12:45:00,2026-06-06,51,VHE03,TER,0.0
2026-06-06 12:45:00,2026-06-06,51,VHE04,TER,0.0
2026-06-06 12:45:00,2026-06-06,51,VHE05,TER,0.0
2026-06-06 12:45:00,2026-06-06,51,VHE06,TER,0.0
2026-06-06 12:45:00,2026-06-06,51,VHE07,TER,0.0
2026-06-06 12:45:00,2026-06-06,51,VHE08,TER,0.0
2026-06-06 12:45:00,2026-06-06,51,WAR05,TER,0.0
2026-06-06 12:45:00,2026-06-06,51,WAR10,TER,34.14
2026-06-06 12:45:00,2026-06-06,51,WAR11,TER,39.11
2026-06-06 12:45:00,2026-06-06,51,WAR12,TER,39.04
2026-06-06 12:45:00,2026-06-06,51,WAR20,TER,35.51
2026-06-06 12:45:00,2026-06-06,51,WAR21,TER,37.25
2026-06-06 12:45:00,2026-06-06,51,WAR22,TER,37.36
2026-06-06 12:45:00,2026-06-06,51,WAR30,TER,36.03
2026-06-06 12:45:00,2026-06-06,51,WAR31,TER,40.05
2026-06-06 12:45:00,2026-06-06,51,WAR32,TER,40.13
2026-06-06 12:45:00,2026-06-06,51,WAR40,TER,0.0
2026-06-06 12:45:00,2026-06-06,51,WAR41,TER,0.0
2026-06-06 12:45:00,2026-06-06,51,WAR42,TER,0.0
2026-06-06 12:45:00,2026-06-06,51,CH ZON,HID,0.0
2026-06-06 12:45:00,2026-06-06,51,CH TIQ,HID,0.79
2026-06-06 12:45:00,2026-06-06,51,CH BOT,HID,0.5
2026-06-06 12:45:00,2026-06-06,51,CH CUT,HID,7.0
2026-06-06 12:45:00,2026-06-06,51,CH SRO BA,HID,1.84
2026-06-06 12:45:00,2026-06-06,51,CH SRO AC,HID,3.76
2026-06-06 12:45:00,2026-06-06,51,CH SAI,HID,4.98
2026-06-06 12:45:00,2026-06-06,51,CH CHU,HID,7.47
2026-06-06 12:45:00,2026-06-06,51,CH HAR,HID,0.0
2026-06-06 12:45:00,2026-06-06,51,CH CAH,HID,9.21
2026-06-06 12:45:00,2026-06-06,51,CH HUA,HID,14.5
2026-06-06 12:45:00,2026-06-06,51,CH CHJ2,HID,0.0
2026-06-06 12:45:00,2026-06-06,51,CH YAN,HID,0.0
2026-06-06 12:45:00,2026-06-06,51,CH COR,HID,39.69
2026-06-06 12:45:00,2026-06-06,51,CH SIS,HID,53.46
2026-06-06 12:45:00,2026-06-06,51,CH SJS,HID,35.2
2026-06-06 12:45:00,2026-06-06,51,CH SJE,HID,39.67
2026-06-06 12:45:00,2026-06-06,51,CH MIS,HID,11.5
2026-06-06 12:45:00,2026-06-06,51,CH MIG,HID,0.0
2026-06-06 12:45:00,2026-06-06,51,CH ANG,HID,2.89
2026-06-06 12:45:00,2026-06-06,51,CH CHO,HID,3.55
2026-06-06 12:45:00,2026-06-06,51,CH CRB,HID,3.66
2026-06-06 12:45:00,2026-06-06,51,CH KIL,HID,0.0
2026-06-06 12:45:00,2026-06-06,51,CH LAN,HID,0.0
2026-06-06 12:45:00,2026-06-06,51,CH PUN,HID,0.0
2026-06-06 12:45:00,2026-06-06,51,CH KAN,HID,0.0
2026-06-06 12:45:00,2026-06-06,51,CH SJA,HID,0.0
2026-06-06 12:45:00,2026-06-06,51,AGU01,BIO,0.0
2026-06-06 12:45:00,2026-06-06,51,AGU02,BIO,0.0
2026-06-06 12:45:00,2026-06-06,51,GBE01,BIO,5.81
2026-06-06 12:45:00,2026-06-06,51,IAG01,BIO,0.0
2026-06-06 12:45:00,2026-06-06,51,UNA01,BIO,0.0
2026-06-06 12:45:00,2026-06-06,51,CSF ORU,INT,76.61
2026-06-06 12:45:00,2026-06-06,51,CSF UYU,INT,55.47
2026-06-06 12:45:00,2026-06-06,51,CSF YUN,INT,0.0
2026-06-06 12:45:00,2026-06-06,51,CE EDO,INT,13.07
2026-06-06 12:45:00,2026-06-06,51,CE QOL,INT,3.32
2026-06-06 12:45:00,2026-06-06,51,CE SJU,INT,3.25
2026-06-06 12:45:00,2026-06-06,51,CE WAR,INT,2.08
2026-06-06 13:00:00,2026-06-06,52,ALT01,TER,0.0
2026-06-06 13:00:00,2026-06-06,52,ALT02,TER,0.0
2026-06-06 13:00:00,2026-06-06,52,ARJ01,TER,0.0
2026-06-06 13:00:00,2026-06-06,52,ARJ02,TER,0.0
2026-06-06 13:00:00,2026-06-06,52,ARJ03,TER,0.0
2026-06-06 13:00:00,2026-06-06,52,ARJ08,TER,0.03
2026-06-06 13:00:00,2026-06-06,52,ARJ09,TER,0.0
2026-06-06 13:00:00,2026-06-06,52,ARJ11,TER,0.0
2026-06-06 13:00:00,2026-06-06,52,ARJ12,TER,0.0
2026-06-06 13:00:00,2026-06-06,52,ARJ13,TER,0.0
2026-06-06 13:00:00,2026-06-06,52,ARJ14,TER,0.0
2026-06-06 13:00:00,2026-06-06,52,ARJ15,TER,0.0
2026-06-06 13:00:00,2026-06-06,52,BUL01,TER,0.0
2026-06-06 13:00:00,2026-06-06,52,BUL02,TER,0.0
2026-06-06 13:00:00,2026-06-06,52,BUL03,TER,0.0
2026-06-06 13:00:00,2026-06-06,52,CAR01,TER,0.0
2026-06-06 13:00:00,2026-06-06,52,CAR02,TER,0.0
2026-06-06 13:00:00,2026-06-06,52,CAR03,TER,0.0
2026-06-06 13:00:00,2026-06-06,52,ERI01,TER,0.0
2026-06-06 13:00:00,2026-06-06,52,ERI02,TER,0.0
2026-06-06 13:00:00,2026-06-06,52,ERI03,TER,0.0
2026-06-06 13:00:00,2026-06-06,52,ERI04,TER,0.0
2026-06-06 13:00:00,2026-06-06,52,ERI30,TER,36.11
2026-06-06 13:00:00,2026-06-06,52,ERI31,TER,43.02
2026-06-06 13:00:00,2026-06-06,52,ERI32,TER,43.01
2026-06-06 13:00:00,2026-06-06,52,ERI40,TER,0.01
2026-06-06 13:00:00,2026-06-06,52,ERI41,TER,0.0
2026-06-06 13:00:00,2026-06-06,52,ERI42,TER,0.0
2026-06-06 13:00:00,2026-06-06,52,ERI50,TER,37.06
2026-06-06 13:00:00,2026-06-06,52,ERI51,TER,42.64
2026-06-06 13:00:00,2026-06-06,52,ERI52,TER,42.68
2026-06-06 13:00:00,2026-06-06,52,GCH01,TER,0.0
2026-06-06 13:00:00,2026-06-06,52,GCH02,TER,0.0
2026-06-06 13:00:00,2026-06-06,52,GCH04,TER,0.0
2026-06-06 13:00:00,2026-06-06,52,GCH06,TER,0.0
2026-06-06 13:00:00,2026-06-06,52,GCH09,TER,0.0
2026-06-06 13:00:00,2026-06-06,52,GCH10,TER,49.7
2026-06-06 13:00:00,2026-06-06,52,GCH11,TER,0.0
2026-06-06 13:00:00,2026-06-06,52,GCH12,TER,36.6
2026-06-06 13:00:00,2026-06-06,52,MOS,TER,0.0
2026-06-06 13:00:00,2026-06-06,52,SCZ01,TER,0.0
2026-06-06 13:00:00,2026-06-06,52,SCZ02,TER,0.0
2026-06-06 13:00:00,2026-06-06,52,SUR10,TER,30.7
2026-06-06 13:00:00,2026-06-06,52,SUR11,TER,30.29
2026-06-06 13:00:00,2026-06-06,52,SUR12,TER,30.28
2026-06-06 13:00:00,2026-06-06,52,SUR20,TER,0.0
2026-06-06 13:00:00,2026-06-06,52,SUR21,TER,0.0
2026-06-06 13:00:00,2026-06-06,52,SUR22,TER,0.0
2026-06-06 13:00:00,2026-06-06,52,SUR30,TER,37.02
2026-06-06 13:00:00,2026-06-06,52,SUR31,TER,43.18
2026-06-06 13:00:00,2026-06-06,52,SUR32,TER,43.31
2026-06-06 13:00:00,2026-06-06,52,SUR40,TER,34.56
2026-06-06 13:00:00,2026-06-06,52,SUR41,TER,41.19
2026-06-06 13:00:00,2026-06-06,52,SUR42,TER,41.25
2026-06-06 13:00:00,2026-06-06,52,VHE01,TER,0.0
2026-06-06 13:00:00,2026-06-06,52,VHE02,TER,0.0
2026-06-06 13:00:00,2026-06-06,52,VHE03,TER,0.0
2026-06-06 13:00:00,2026-06-06,52,VHE04,TER,0.0
2026-06-06 13:00:00,2026-06-06,52,VHE05,TER,0.0
2026-06-06 13:00:00,2026-06-06,52,VHE06,TER,0.0
2026-06-06 13:00:00,2026-06-06,52,VHE07,TER,0.0
2026-06-06 13:00:00,2026-06-06,52,VHE08,TER,0.0
2026-06-06 13:00:00,2026-06-06,52,WAR05,TER,0.0
2026-06-06 13:00:00,2026-06-06,52,WAR10,TER,34.25
2026-06-06 13:00:00,2026-06-06,52,WAR11,TER,39.71
2026-06-06 13:00:00,2026-06-06,52,WAR12,TER,39.72
2026-06-06 13:00:00,2026-06-06,52,WAR20,TER,35.7
2026-06-06 13:00:00,2026-06-06,52,WAR21,TER,37.82
2026-06-06 13:00:00,2026-06-06,52,WAR22,TER,38.06
2026-06-06 13:00:00,2026-06-06,52,WAR30,TER,36.25
2026-06-06 13:00:00,2026-06-06,52,WAR31,TER,40.61
2026-06-06 13:00:00,2026-06-06,52,WAR32,TER,40.77
2026-06-06 13:00:00,2026-06-06,52,WAR40,TER,0.0
2026-06-06 13:00:00,2026-06-06,52,WAR41,TER,0.0
2026-06-06 13:00:00,2026-06-06,52,WAR42,TER,0.0
2026-06-06 13:00:00,2026-06-06,52,CH ZON,HID,0.0
2026-06-06 13:00:00,2026-06-06,52,CH TIQ,HID,0.87
2026-06-06 13:00:00,2026-06-06,52,CH BOT,HID,0.52
2026-06-06 13:00:00,2026-06-06,52,CH CUT,HID,7.08
2026-06-06 13:00:00,2026-06-06,52,CH SRO BA,HID,1.91
2026-06-06 13:00:00,2026-06-06,52,CH SRO AC,HID,3.83
2026-06-06 13:00:00,2026-06-06,52,CH SAI,HID,5.05
2026-06-06 13:00:00,2026-06-06,52,CH CHU,HID,7.54
2026-06-06 13:00:00,2026-06-06,52,CH HAR,HID,0.0
2026-06-06 13:00:00,2026-06-06,52,CH CAH,HID,9.31
2026-06-06 13:00:00,2026-06-06,52,CH HUA,HID,14.6
2026-06-06 13:00:00,2026-06-06,52,CH CHJ2,HID,0.0
2026-06-06 13:00:00,2026-06-06,52,CH YAN,HID,0.0
2026-06-06 13:00:00,2026-06-06,52,CH COR,HID,41.17
2026-06-06 13:00:00,2026-06-06,52,CH SIS,HID,54.09
2026-06-06 13:00:00,2026-06-06,52,CH SJS,HID,26.63
2026-06-06 13:00:00,2026-06-06,52,CH SJE,HID,35.06
2026-06-06 13:00:00,2026-06-06,52,CH MIS,HID,11.5
2026-06-06 13:00:00,2026-06-06,52,CH MIG,HID,0.0
2026-06-06 13:00:00,2026-06-06,52,CH ANG,HID,2.92
2026-06-06 13:00:00,2026-06-06,52,CH CHO,HID,3.55
2026-06-06 13:00:00,2026-06-06,52,CH CRB,HID,3.7
2026-06-06 13:00:00,2026-06-06,52,CH KIL,HID,0.0
2026-06-06 13:00:00,2026-06-06,52,CH LAN,HID,0.0
2026-06-06 13:00:00,2026-06-06,52,CH PUN,HID,0.0
2026-06-06 13:00:00,2026-06-06,52,CH KAN,HID,0.0
2026-06-06 13:00:00,2026-06-06,52,CH SJA,HID,0.0
2026-06-06 13:00:00,2026-06-06,52,AGU01,BIO,0.0
2026-06-06 13:00:00,2026-06-06,52,AGU02,BIO,0.0
2026-06-06 13:00:00,2026-06-06,52,GBE01,BIO,5.78
2026-06-06 13:00:00,2026-06-06,52,IAG01,BIO,0.0
2026-06-06 13:00:00,2026-06-06,52,UNA01,BIO,0.0
2026-06-06 13:00:00,2026-06-06,52,CSF ORU,INT,75.85
2026-06-06 13:00:00,2026-06-06,52,CSF UYU,INT,55.42
2026-06-06 13:00:00,2026-06-06,52,CSF YUN,INT,0.0
2026-06-06 13:00:00,2026-06-06,52,CE EDO,INT,15.32
2026-06-06 13:00:00,2026-06-06,52,CE QOL,INT,3.63
2026-06-06 13:00:00,2026-06-06,52,CE SJU,INT,1.76
2026-06-06 13:00:00,2026-06-06,52,CE WAR,INT,1.67
2026-06-06 13:15:00,2026-06-06,53,ALT01,TER,0.0
2026-06-06 13:15:00,2026-06-06,53,ALT02,TER,0.0
2026-06-06 13:15:00,2026-06-06,53,ARJ01,TER,0.0
2026-06-06 13:15:00,2026-06-06,53,ARJ02,TER,0.0
2026-06-06 13:15:00,2026-06-06,53,ARJ03,TER,0.0
2026-06-06 13:15:00,2026-06-06,53,ARJ08,TER,0.03
2026-06-06 13:15:00,2026-06-06,53,ARJ09,TER,0.0
2026-06-06 13:15:00,2026-06-06,53,ARJ11,TER,0.0
2026-06-06 13:15:00,2026-06-06,53,ARJ12,TER,0.0
2026-06-06 13:15:00,2026-06-06,53,ARJ13,TER,0.0
2026-06-06 13:15:00,2026-06-06,53,ARJ14,TER,0.0
2026-06-06 13:15:00,2026-06-06,53,ARJ15,TER,0.0
2026-06-06 13:15:00,2026-06-06,53,BUL01,TER,0.0
2026-06-06 13:15:00,2026-06-06,53,BUL02,TER,0.0
2026-06-06 13:15:00,2026-06-06,53,BUL03,TER,0.0
2026-06-06 13:15:00,2026-06-06,53,CAR01,TER,0.0
2026-06-06 13:15:00,2026-06-06,53,CAR02,TER,0.0
2026-06-06 13:15:00,2026-06-06,53,CAR03,TER,0.0
2026-06-06 13:15:00,2026-06-06,53,ERI01,TER,0.0
2026-06-06 13:15:00,2026-06-06,53,ERI02,TER,0.0
2026-06-06 13:15:00,2026-06-06,53,ERI03,TER,0.0
2026-06-06 13:15:00,2026-06-06,53,ERI04,TER,0.0
2026-06-06 13:15:00,2026-06-06,53,ERI30,TER,35.77
2026-06-06 13:15:00,2026-06-06,53,ERI31,TER,41.83
2026-06-06 13:15:00,2026-06-06,53,ERI32,TER,41.91
2026-06-06 13:15:00,2026-06-06,53,ERI40,TER,0.01
2026-06-06 13:15:00,2026-06-06,53,ERI41,TER,0.0
2026-06-06 13:15:00,2026-06-06,53,ERI42,TER,0.0
2026-06-06 13:15:00,2026-06-06,53,ERI50,TER,36.68
2026-06-06 13:15:00,2026-06-06,53,ERI51,TER,41.57
2026-06-06 13:15:00,2026-06-06,53,ERI52,TER,41.41
2026-06-06 13:15:00,2026-06-06,53,GCH01,TER,0.0
2026-06-06 13:15:00,2026-06-06,53,GCH02,TER,0.0
2026-06-06 13:15:00,2026-06-06,53,GCH04,TER,0.0
2026-06-06 13:15:00,2026-06-06,53,GCH06,TER,0.0
2026-06-06 13:15:00,2026-06-06,53,GCH09,TER,0.0
2026-06-06 13:15:00,2026-06-06,53,GCH10,TER,50.63
2026-06-06 13:15:00,2026-06-06,53,GCH11,TER,0.0
2026-06-06 13:15:00,2026-06-06,53,GCH12,TER,36.89
2026-06-06 13:15:00,2026-06-06,53,MOS,TER,0.0
2026-06-06 13:15:00,2026-06-06,53,SCZ01,TER,0.0
2026-06-06 13:15:00,2026-06-06,53,SCZ02,TER,0.0
2026-06-06 13:15:00,2026-06-06,53,SUR10,TER,32.74
2026-06-06 13:15:00,2026-06-06,53,SUR11,TER,37.5
2026-06-06 13:15:00,2026-06-06,53,SUR12,TER,37.47
2026-06-06 13:15:00,2026-06-06,53,SUR20,TER,0.0
2026-06-06 13:15:00,2026-06-06,53,SUR21,TER,0.0
2026-06-06 13:15:00,2026-06-06,53,SUR22,TER,0.0
2026-06-06 13:15:00,2026-06-06,53,SUR30,TER,36.72
2026-06-06 13:15:00,2026-06-06,53,SUR31,TER,43.21
2026-06-06 13:15:00,2026-06-06,53,SUR32,TER,43.73
2026-06-06 13:15:00,2026-06-06,53,SUR40,TER,34.26
2026-06-06 13:15:00,2026-06-06,53,SUR41,TER,40.35
2026-06-06 13:15:00,2026-06-06,53,SUR42,TER,40.21
2026-06-06 13:15:00,2026-06-06,53,VHE01,TER,0.0
2026-06-06 13:15:00,2026-06-06,53,VHE02,TER,0.0
2026-06-06 13:15:00,2026-06-06,53,VHE03,TER,0.0
2026-06-06 13:15:00,2026-06-06,53,VHE04,TER,0.0
2026-06-06 13:15:00,2026-06-06,53,VHE05,TER,0.0
2026-06-06 13:15:00,2026-06-06,53,VHE06,TER,0.0
2026-06-06 13:15:00,2026-06-06,53,VHE07,TER,0.0
2026-06-06 13:15:00,2026-06-06,53,VHE08,TER,0.0
2026-06-06 13:15:00,2026-06-06,53,WAR05,TER,0.0
2026-06-06 13:15:00,2026-06-06,53,WAR10,TER,33.91
2026-06-06 13:15:00,2026-06-06,53,WAR11,TER,39.56
2026-06-06 13:15:00,2026-06-06,53,WAR12,TER,39.43
2026-06-06 13:15:00,2026-06-06,53,WAR20,TER,35.62
2026-06-06 13:15:00,2026-06-06,53,WAR21,TER,37.7
2026-06-06 13:15:00,2026-06-06,53,WAR22,TER,37.53
2026-06-06 13:15:00,2026-06-06,53,WAR30,TER,35.95
2026-06-06 13:15:00,2026-06-06,53,WAR31,TER,40.42
2026-06-06 13:15:00,2026-06-06,53,WAR32,TER,40.38
2026-06-06 13:15:00,2026-06-06,53,WAR40,TER,0.0
2026-06-06 13:15:00,2026-06-06,53,WAR41,TER,0.0
2026-06-06 13:15:00,2026-06-06,53,WAR42,TER,0.0
2026-06-06 13:15:00,2026-06-06,53,CH ZON,HID,0.0
2026-06-06 13:15:00,2026-06-06,53,CH TIQ,HID,0.93
2026-06-06 13:15:00,2026-06-06,53,CH BOT,HID,0.51
2026-06-06 13:15:00,2026-06-06,53,CH CUT,HID,7.14
2026-06-06 13:15:00,2026-06-06,53,CH SRO BA,HID,1.89
2026-06-06 13:15:00,2026-06-06,53,CH SRO AC,HID,3.86
2026-06-06 13:15:00,2026-06-06,53,CH SAI,HID,5.08
2026-06-06 13:15:00,2026-06-06,53,CH CHU,HID,7.63
2026-06-06 13:15:00,2026-06-06,53,CH HAR,HID,0.0
2026-06-06 13:15:00,2026-06-06,53,CH CAH,HID,9.39
2026-06-06 13:15:00,2026-06-06,53,CH HUA,HID,14.71
2026-06-06 13:15:00,2026-06-06,53,CH CHJ2,HID,0.0
2026-06-06 13:15:00,2026-06-06,53,CH YAN,HID,0.0
2026-06-06 13:15:00,2026-06-06,53,CH COR,HID,40.86
2026-06-06 13:15:00,2026-06-06,53,CH SIS,HID,53.89
2026-06-06 13:15:00,2026-06-06,53,CH SJS,HID,22.51
2026-06-06 13:15:00,2026-06-06,53,CH SJE,HID,27.84
2026-06-06 13:15:00,2026-06-06,53,CH MIS,HID,11.5
2026-06-06 13:15:00,2026-06-06,53,CH MIG,HID,0.0
2026-06-06 13:15:00,2026-06-06,53,CH ANG,HID,2.91
2026-06-06 13:15:00,2026-06-06,53,CH CHO,HID,3.56
2026-06-06 13:15:00,2026-06-06,53,CH CRB,HID,3.69
2026-06-06 13:15:00,2026-06-06,53,CH KIL,HID,0.0
2026-06-06 13:15:00,2026-06-06,53,CH LAN,HID,0.0
2026-06-06 13:15:00,2026-06-06,53,CH PUN,HID,0.0
2026-06-06 13:15:00,2026-06-06,53,CH KAN,HID,0.0
2026-06-06 13:15:00,2026-06-06,53,CH SJA,HID,0.0
2026-06-06 13:15:00,2026-06-06,53,AGU01,BIO,0.0
2026-06-06 13:15:00,2026-06-06,53,AGU02,BIO,0.0
2026-06-06 13:15:00,2026-06-06,53,GBE01,BIO,5.84
2026-06-06 13:15:00,2026-06-06,53,IAG01,BIO,0.0
2026-06-06 13:15:00,2026-06-06,53,UNA01,BIO,0.0
2026-06-06 13:15:00,2026-06-06,53,CSF ORU,INT,74.79
2026-06-06 13:15:00,2026-06-06,53,CSF UYU,INT,55.64
2026-06-06 13:15:00,2026-06-06,53,CSF YUN,INT,0.0
2026-06-06 13:15:00,2026-06-06,53,CE EDO,INT,21.52
2026-06-06 13:15:00,2026-06-06,53,CE QOL,INT,3.5
2026-06-06 13:15:00,2026-06-06,53,CE SJU,INT,2.35
2026-06-06 13:15:00,2026-06-06,53,CE WAR,INT,1.36
2026-06-06 13:30:00,2026-06-06,54,ALT01,TER,0.0
2026-06-06 13:30:00,2026-06-06,54,ALT02,TER,0.0
2026-06-06 13:30:00,2026-06-06,54,ARJ01,TER,0.0
2026-06-06 13:30:00,2026-06-06,54,ARJ02,TER,0.0
2026-06-06 13:30:00,2026-06-06,54,ARJ03,TER,0.0
2026-06-06 13:30:00,2026-06-06,54,ARJ08,TER,0.04
2026-06-06 13:30:00,2026-06-06,54,ARJ09,TER,0.0
2026-06-06 13:30:00,2026-06-06,54,ARJ11,TER,0.0
2026-06-06 13:30:00,2026-06-06,54,ARJ12,TER,0.0
2026-06-06 13:30:00,2026-06-06,54,ARJ13,TER,0.0
2026-06-06 13:30:00,2026-06-06,54,ARJ14,TER,0.0
2026-06-06 13:30:00,2026-06-06,54,ARJ15,TER,0.0
2026-06-06 13:30:00,2026-06-06,54,BUL01,TER,0.0
2026-06-06 13:30:00,2026-06-06,54,BUL02,TER,0.0
2026-06-06 13:30:00,2026-06-06,54,BUL03,TER,0.0
2026-06-06 13:30:00,2026-06-06,54,CAR01,TER,0.0
2026-06-06 13:30:00,2026-06-06,54,CAR02,TER,0.0
2026-06-06 13:30:00,2026-06-06,54,CAR03,TER,0.0
2026-06-06 13:30:00,2026-06-06,54,ERI01,TER,0.0
2026-06-06 13:30:00,2026-06-06,54,ERI02,TER,0.0
2026-06-06 13:30:00,2026-06-06,54,ERI03,TER,0.0
2026-06-06 13:30:00,2026-06-06,54,ERI04,TER,0.0
2026-06-06 13:30:00,2026-06-06,54,ERI30,TER,35.89
2026-06-06 13:30:00,2026-06-06,54,ERI31,TER,42.3
2026-06-06 13:30:00,2026-06-06,54,ERI32,TER,42.5
2026-06-06 13:30:00,2026-06-06,54,ERI40,TER,0.01
2026-06-06 13:30:00,2026-06-06,54,ERI41,TER,0.0
2026-06-06 13:30:00,2026-06-06,54,ERI42,TER,0.0
2026-06-06 13:30:00,2026-06-06,54,ERI50,TER,36.87
2026-06-06 13:30:00,2026-06-06,54,ERI51,TER,42.1
2026-06-06 13:30:00,2026-06-06,54,ERI52,TER,42.08
2026-06-06 13:30:00,2026-06-06,54,GCH01,TER,0.0
2026-06-06 13:30:00,2026-06-06,54,GCH02,TER,0.0
2026-06-06 13:30:00,2026-06-06,54,GCH04,TER,0.0
2026-06-06 13:30:00,2026-06-06,54,GCH06,TER,0.0
2026-06-06 13:30:00,2026-06-06,54,GCH09,TER,0.0
2026-06-06 13:30:00,2026-06-06,54,GCH10,TER,50.06
2026-06-06 13:30:00,2026-06-06,54,GCH11,TER,0.0
2026-06-06 13:30:00,2026-06-06,54,GCH12,TER,36.61
2026-06-06 13:30:00,2026-06-06,54,MOS,TER,0.0
2026-06-06 13:30:00,2026-06-06,54,SCZ01,TER,0.0
2026-06-06 13:30:00,2026-06-06,54,SCZ02,TER,0.0
2026-06-06 13:30:00,2026-06-06,54,SUR10,TER,33.88
2026-06-06 13:30:00,2026-06-06,54,SUR11,TER,38.0
2026-06-06 13:30:00,2026-06-06,54,SUR12,TER,37.71
2026-06-06 13:30:00,2026-06-06,54,SUR20,TER,0.0
2026-06-06 13:30:00,2026-06-06,54,SUR21,TER,0.0
2026-06-06 13:30:00,2026-06-06,54,SUR22,TER,0.0
2026-06-06 13:30:00,2026-06-06,54,SUR30,TER,37.02
2026-06-06 13:30:00,2026-06-06,54,SUR31,TER,43.31
2026-06-06 13:30:00,2026-06-06,54,SUR32,TER,43.1
2026-06-06 13:30:00,2026-06-06,54,SUR40,TER,34.48
2026-06-06 13:30:00,2026-06-06,54,SUR41,TER,40.89
2026-06-06 13:30:00,2026-06-06,54,SUR42,TER,40.94
2026-06-06 13:30:00,2026-06-06,54,VHE01,TER,0.0
2026-06-06 13:30:00,2026-06-06,54,VHE02,TER,0.0
2026-06-06 13:30:00,2026-06-06,54,VHE03,TER,0.0
2026-06-06 13:30:00,2026-06-06,54,VHE04,TER,0.0
2026-06-06 13:30:00,2026-06-06,54,VHE05,TER,0.0
2026-06-06 13:30:00,2026-06-06,54,VHE06,TER,0.0
2026-06-06 13:30:00,2026-06-06,54,VHE07,TER,0.0
2026-06-06 13:30:00,2026-06-06,54,VHE08,TER,0.0
2026-06-06 13:30:00,2026-06-06,54,WAR05,TER,0.0
2026-06-06 13:30:00,2026-06-06,54,WAR10,TER,34.25
2026-06-06 13:30:00,2026-06-06,54,WAR11,TER,40.13
2026-06-06 13:30:00,2026-06-06,54,WAR12,TER,40.05
2026-06-06 13:30:00,2026-06-06,54,WAR20,TER,35.81
2026-06-06 13:30:00,2026-06-06,54,WAR21,TER,38.33
2026-06-06 13:30:00,2026-06-06,54,WAR22,TER,38.46
2026-06-06 13:30:00,2026-06-06,54,WAR30,TER,36.37
2026-06-06 13:30:00,2026-06-06,54,WAR31,TER,41.06
2026-06-06 13:30:00,2026-06-06,54,WAR32,TER,41.25
2026-06-06 13:30:00,2026-06-06,54,WAR40,TER,0.0
2026-06-06 13:30:00,2026-06-06,54,WAR41,TER,0.0
2026-06-06 13:30:00,2026-06-06,54,WAR42,TER,0.0
2026-06-06 13:30:00,2026-06-06,54,CH ZON,HID,0.0
2026-06-06 13:30:00,2026-06-06,54,CH TIQ,HID,1.01
2026-06-06 13:30:00,2026-06-06,54,CH BOT,HID,0.53
2026-06-06 13:30:00,2026-06-06,54,CH CUT,HID,6.92
2026-06-06 13:30:00,2026-06-06,54,CH SRO BA,HID,1.7
2026-06-06 13:30:00,2026-06-06,54,CH SRO AC,HID,3.93
2026-06-06 13:30:00,2026-06-06,54,CH SAI,HID,5.13
2026-06-06 13:30:00,2026-06-06,54,CH CHU,HID,8.2
2026-06-06 13:30:00,2026-06-06,54,CH HAR,HID,0.0
2026-06-06 13:30:00,2026-06-06,54,CH CAH,HID,9.53
2026-06-06 13:30:00,2026-06-06,54,CH HUA,HID,14.82
2026-06-06 13:30:00,2026-06-06,54,CH CHJ2,HID,0.0
2026-06-06 13:30:00,2026-06-06,54,CH YAN,HID,0.0
2026-06-06 13:30:00,2026-06-06,54,CH COR,HID,41.47
2026-06-06 13:30:00,2026-06-06,54,CH SIS,HID,54.1
2026-06-06 13:30:00,2026-06-06,54,CH SJS,HID,19.19
2026-06-06 13:30:00,2026-06-06,54,CH SJE,HID,26.79
2026-06-06 13:30:00,2026-06-06,54,CH MIS,HID,11.5
2026-06-06 13:30:00,2026-06-06,54,CH MIG,HID,0.0
2026-06-06 13:30:00,2026-06-06,54,CH ANG,HID,2.94
2026-06-06 13:30:00,2026-06-06,54,CH CHO,HID,3.55
2026-06-06 13:30:00,2026-06-06,54,CH CRB,HID,3.74
2026-06-06 13:30:00,2026-06-06,54,CH KIL,HID,0.0
2026-06-06 13:30:00,2026-06-06,54,CH LAN,HID,0.0
2026-06-06 13:30:00,2026-06-06,54,CH PUN,HID,0.0
2026-06-06 13:30:00,2026-06-06,54,CH KAN,HID,0.0
2026-06-06 13:30:00,2026-06-06,54,CH SJA,HID,0.0
2026-06-06 13:30:00,2026-06-06,54,AGU01,BIO,0.0
2026-06-06 13:30:00,2026-06-06,54,AGU02,BIO,0.0
2026-06-06 13:30:00,2026-06-06,54,GBE01,BIO,6.23
2026-06-06 13:30:00,2026-06-06,54,IAG01,BIO,0.0
2026-06-06 13:30:00,2026-06-06,54,UNA01,BIO,0.0
2026-06-06 13:30:00,2026-06-06,54,CSF ORU,INT,74.25
2026-06-06 13:30:00,2026-06-06,54,CSF UYU,INT,54.62
2026-06-06 13:30:00,2026-06-06,54,CSF YUN,INT,0.0
2026-06-06 13:30:00,2026-06-06,54,CE EDO,INT,18.47
2026-06-06 13:30:00,2026-06-06,54,CE QOL,INT,3.06
2026-06-06 13:30:00,2026-06-06,54,CE SJU,INT,4.56
2026-06-06 13:30:00,2026-06-06,54,CE WAR,INT,1.8
2026-06-06 13:45:00,2026-06-06,55,ALT01,TER,0.0
2026-06-06 13:45:00,2026-06-06,55,ALT02,TER,0.0
2026-06-06 13:45:00,2026-06-06,55,ARJ01,TER,0.0
2026-06-06 13:45:00,2026-06-06,55,ARJ02,TER,0.0
2026-06-06 13:45:00,2026-06-06,55,ARJ03,TER,0.0
2026-06-06 13:45:00,2026-06-06,55,ARJ08,TER,0.04
2026-06-06 13:45:00,2026-06-06,55,ARJ09,TER,0.0
2026-06-06 13:45:00,2026-06-06,55,ARJ11,TER,0.0
2026-06-06 13:45:00,2026-06-06,55,ARJ12,TER,0.0
2026-06-06 13:45:00,2026-06-06,55,ARJ13,TER,0.0
2026-06-06 13:45:00,2026-06-06,55,ARJ14,TER,0.0
2026-06-06 13:45:00,2026-06-06,55,ARJ15,TER,0.0
2026-06-06 13:45:00,2026-06-06,55,BUL01,TER,0.0
2026-06-06 13:45:00,2026-06-06,55,BUL02,TER,0.0
2026-06-06 13:45:00,2026-06-06,55,BUL03,TER,0.0
2026-06-06 13:45:00,2026-06-06,55,CAR01,TER,0.0
2026-06-06 13:45:00,2026-06-06,55,CAR02,TER,0.0
2026-06-06 13:45:00,2026-06-06,55,CAR03,TER,0.0
2026-06-06 13:45:00,2026-06-06,55,ERI01,TER,0.0
2026-06-06 13:45:00,2026-06-06,55,ERI02,TER,0.0
2026-06-06 13:45:00,2026-06-06,55,ERI03,TER,0.0
2026-06-06 13:45:00,2026-06-06,55,ERI04,TER,0.0
2026-06-06 13:45:00,2026-06-06,55,ERI30,TER,35.54
2026-06-06 13:45:00,2026-06-06,55,ERI31,TER,41.73
2026-06-06 13:45:00,2026-06-06,55,ERI32,TER,41.76
2026-06-06 13:45:00,2026-06-06,55,ERI40,TER,0.01
2026-06-06 13:45:00,2026-06-06,55,ERI41,TER,0.0
2026-06-06 13:45:00,2026-06-06,55,ERI42,TER,0.0
2026-06-06 13:45:00,2026-06-06,55,ERI50,TER,36.57
2026-06-06 13:45:00,2026-06-06,55,ERI51,TER,41.42
2026-06-06 13:45:00,2026-06-06,55,ERI52,TER,41.39
2026-06-06 13:45:00,2026-06-06,55,GCH01,TER,0.0
2026-06-06 13:45:00,2026-06-06,55,GCH02,TER,0.0
2026-06-06 13:45:00,2026-06-06,55,GCH04,TER,0.0
2026-06-06 13:45:00,2026-06-06,55,GCH06,TER,0.0
2026-06-06 13:45:00,2026-06-06,55,GCH09,TER,0.0
2026-06-06 13:45:00,2026-06-06,55,GCH10,TER,50.14
2026-06-06 13:45:00,2026-06-06,55,GCH11,TER,0.0
2026-06-06 13:45:00,2026-06-06,55,GCH12,TER,36.77
2026-06-06 13:45:00,2026-06-06,55,MOS,TER,0.0
2026-06-06 13:45:00,2026-06-06,55,SCZ01,TER,0.0
2026-06-06 13:45:00,2026-06-06,55,SCZ02,TER,0.0
2026-06-06 13:45:00,2026-06-06,55,SUR10,TER,33.54
2026-06-06 13:45:00,2026-06-06,55,SUR11,TER,37.22
2026-06-06 13:45:00,2026-06-06,55,SUR12,TER,37.11
2026-06-06 13:45:00,2026-06-06,55,SUR20,TER,0.0
2026-06-06 13:45:00,2026-06-06,55,SUR21,TER,0.0
2026-06-06 13:45:00,2026-06-06,55,SUR22,TER,0.0
2026-06-06 13:45:00,2026-06-06,55,SUR30,TER,37.02
2026-06-06 13:45:00,2026-06-06,55,SUR31,TER,43.25
2026-06-06 13:45:00,2026-06-06,55,SUR32,TER,43.31
2026-06-06 13:45:00,2026-06-06,55,SUR40,TER,34.14
2026-06-06 13:45:00,2026-06-06,55,SUR41,TER,40.21
2026-06-06 13:45:00,2026-06-06,55,SUR42,TER,40.24
2026-06-06 13:45:00,2026-06-06,55,VHE01,TER,0.0
2026-06-06 13:45:00,2026-06-06,55,VHE02,TER,0.0
2026-06-06 13:45:00,2026-06-06,55,VHE03,TER,0.0
2026-06-06 13:45:00,2026-06-06,55,VHE04,TER,0.0
2026-06-06 13:45:00,2026-06-06,55,VHE05,TER,0.0
2026-06-06 13:45:00,2026-06-06,55,VHE06,TER,0.0
2026-06-06 13:45:00,2026-06-06,55,VHE07,TER,0.0
2026-06-06 13:45:00,2026-06-06,55,VHE08,TER,0.0
2026-06-06 13:45:00,2026-06-06,55,WAR05,TER,0.0
2026-06-06 13:45:00,2026-06-06,55,WAR10,TER,34.06
2026-06-06 13:45:00,2026-06-06,55,WAR11,TER,39.39
2026-06-06 13:45:00,2026-06-06,55,WAR12,TER,39.33
2026-06-06 13:45:00,2026-06-06,55,WAR20,TER,35.62
2026-06-06 13:45:00,2026-06-06,55,WAR21,TER,37.42
2026-06-06 13:45:00,2026-06-06,55,WAR22,TER,37.61
2026-06-06 13:45:00,2026-06-06,55,WAR30,TER,36.14
2026-06-06 13:45:00,2026-06-06,55,WAR31,TER,40.36
2026-06-06 13:45:00,2026-06-06,55,WAR32,TER,40.43
2026-06-06 13:45:00,2026-06-06,55,WAR40,TER,0.0
2026-06-06 13:45:00,2026-06-06,55,WAR41,TER,0.0
2026-06-06 13:45:00,2026-06-06,55,WAR42,TER,0.0
2026-06-06 13:45:00,2026-06-06,55,CH ZON,HID,0.0
2026-06-06 13:45:00,2026-06-06,55,CH TIQ,HID,0.82
2026-06-06 13:45:00,2026-06-06,55,CH BOT,HID,0.51
2026-06-06 13:45:00,2026-06-06,55,CH CUT,HID,6.73
2026-06-06 13:45:00,2026-06-06,55,CH SRO BA,HID,1.7
2026-06-06 13:45:00,2026-06-06,55,CH SRO AC,HID,3.81
2026-06-06 13:45:00,2026-06-06,55,CH SAI,HID,5.02
2026-06-06 13:45:00,2026-06-06,55,CH CHU,HID,8.06
2026-06-06 13:45:00,2026-06-06,55,CH HAR,HID,0.0
2026-06-06 13:45:00,2026-06-06,55,CH CAH,HID,9.27
2026-06-06 13:45:00,2026-06-06,55,CH HUA,HID,14.58
2026-06-06 13:45:00,2026-06-06,55,CH CHJ2,HID,0.0
2026-06-06 13:45:00,2026-06-06,55,CH YAN,HID,0.0
2026-06-06 13:45:00,2026-06-06,55,CH COR,HID,49.86
2026-06-06 13:45:00,2026-06-06,55,CH SIS,HID,71.27
2026-06-06 13:45:00,2026-06-06,55,CH SJS,HID,18.24
2026-06-06 13:45:00,2026-06-06,55,CH SJE,HID,25.55
2026-06-06 13:45:00,2026-06-06,55,CH MIS,HID,11.5
2026-06-06 13:45:00,2026-06-06,55,CH MIG,HID,0.0
2026-06-06 13:45:00,2026-06-06,55,CH ANG,HID,2.9
2026-06-06 13:45:00,2026-06-06,55,CH CHO,HID,3.55
2026-06-06 13:45:00,2026-06-06,55,CH CRB,HID,3.0
2026-06-06 13:45:00,2026-06-06,55,CH KIL,HID,0.0
2026-06-06 13:45:00,2026-06-06,55,CH LAN,HID,0.0
2026-06-06 13:45:00,2026-06-06,55,CH PUN,HID,0.0
2026-06-06 13:45:00,2026-06-06,55,CH KAN,HID,0.0
2026-06-06 13:45:00,2026-06-06,55,CH SJA,HID,0.0
2026-06-06 13:45:00,2026-06-06,55,AGU01,BIO,0.0
2026-06-06 13:45:00,2026-06-06,55,AGU02,BIO,0.0
2026-06-06 13:45:00,2026-06-06,55,GBE01,BIO,5.46
2026-06-06 13:45:00,2026-06-06,55,IAG01,BIO,0.0
2026-06-06 13:45:00,2026-06-06,55,UNA01,BIO,0.0
2026-06-06 13:45:00,2026-06-06,55,CSF ORU,INT,73.04
2026-06-06 13:45:00,2026-06-06,55,CSF UYU,INT,53.6
2026-06-06 13:45:00,2026-06-06,55,CSF YUN,INT,0.0
2026-06-06 13:45:00,2026-06-06,55,CE EDO,INT,21.28
2026-06-06 13:45:00,2026-06-06,55,CE QOL,INT,5.65
2026-06-06 13:45:00,2026-06-06,55,CE SJU,INT,2.72
2026-06-06 13:45:00,2026-06-06,55,CE WAR,INT,2.06
2026-06-06 14:00:00,2026-06-06,56,ALT01,TER,0.0
2026-06-06 14:00:00,2026-06-06,56,ALT02,TER,0.0
2026-06-06 14:00:00,2026-06-06,56,ARJ01,TER,0.0
2026-06-06 14:00:00,2026-06-06,56,ARJ02,TER,0.0
2026-06-06 14:00:00,2026-06-06,56,ARJ03,TER,0.0
2026-06-06 14:00:00,2026-06-06,56,ARJ08,TER,0.04
2026-06-06 14:00:00,2026-06-06,56,ARJ09,TER,0.0
2026-06-06 14:00:00,2026-06-06,56,ARJ11,TER,0.0
2026-06-06 14:00:00,2026-06-06,56,ARJ12,TER,0.0
2026-06-06 14:00:00,2026-06-06,56,ARJ13,TER,0.0
2026-06-06 14:00:00,2026-06-06,56,ARJ14,TER,0.0
2026-06-06 14:00:00,2026-06-06,56,ARJ15,TER,0.0
2026-06-06 14:00:00,2026-06-06,56,BUL01,TER,0.0
2026-06-06 14:00:00,2026-06-06,56,BUL02,TER,0.0
2026-06-06 14:00:00,2026-06-06,56,BUL03,TER,0.0
2026-06-06 14:00:00,2026-06-06,56,CAR01,TER,0.0
2026-06-06 14:00:00,2026-06-06,56,CAR02,TER,0.0
2026-06-06 14:00:00,2026-06-06,56,CAR03,TER,0.0
2026-06-06 14:00:00,2026-06-06,56,ERI01,TER,0.0
2026-06-06 14:00:00,2026-06-06,56,ERI02,TER,0.0
2026-06-06 14:00:00,2026-06-06,56,ERI03,TER,0.0
2026-06-06 14:00:00,2026-06-06,56,ERI04,TER,0.0
2026-06-06 14:00:00,2026-06-06,56,ERI30,TER,35.51
2026-06-06 14:00:00,2026-06-06,56,ERI31,TER,41.68
2026-06-06 14:00:00,2026-06-06,56,ERI32,TER,41.76
2026-06-06 14:00:00,2026-06-06,56,ERI40,TER,0.01
2026-06-06 14:00:00,2026-06-06,56,ERI41,TER,0.0
2026-06-06 14:00:00,2026-06-06,56,ERI42,TER,0.0
2026-06-06 14:00:00,2026-06-06,56,ERI50,TER,36.57
2026-06-06 14:00:00,2026-06-06,56,ERI51,TER,41.27
2026-06-06 14:00:00,2026-06-06,56,ERI52,TER,41.21
2026-06-06 14:00:00,2026-06-06,56,GCH01,TER,0.0
2026-06-06 14:00:00,2026-06-06,56,GCH02,TER,0.0
2026-06-06 14:00:00,2026-06-06,56,GCH04,TER,0.0
2026-06-06 14:00:00,2026-06-06,56,GCH06,TER,0.0
2026-06-06 14:00:00,2026-06-06,56,GCH09,TER,0.0
2026-06-06 14:00:00,2026-06-06,56,GCH10,TER,50.27
2026-06-06 14:00:00,2026-06-06,56,GCH11,TER,0.0
2026-06-06 14:00:00,2026-06-06,56,GCH12,TER,36.78
2026-06-06 14:00:00,2026-06-06,56,MOS,TER,0.0
2026-06-06 14:00:00,2026-06-06,56,SCZ01,TER,0.0
2026-06-06 14:00:00,2026-06-06,56,SCZ02,TER,0.0
2026-06-06 14:00:00,2026-06-06,56,SUR10,TER,33.58
2026-06-06 14:00:00,2026-06-06,56,SUR11,TER,37.57
2026-06-06 14:00:00,2026-06-06,56,SUR12,TER,37.54
2026-06-06 14:00:00,2026-06-06,56,SUR20,TER,0.0
2026-06-06 14:00:00,2026-06-06,56,SUR21,TER,0.0
2026-06-06 14:00:00,2026-06-06,56,SUR22,TER,0.0
2026-06-06 14:00:00,2026-06-06,56,SUR30,TER,37.13
2026-06-06 14:00:00,2026-06-06,56,SUR31,TER,43.07
2026-06-06 14:00:00,2026-06-06,56,SUR32,TER,43.29
2026-06-06 14:00:00,2026-06-06,56,SUR40,TER,34.37
2026-06-06 14:00:00,2026-06-06,56,SUR41,TER,40.52
2026-06-06 14:00:00,2026-06-06,56,SUR42,TER,40.33
2026-06-06 14:00:00,2026-06-06,56,VHE01,TER,0.0
2026-06-06 14:00:00,2026-06-06,56,VHE02,TER,0.0
2026-06-06 14:00:00,2026-06-06,56,VHE03,TER,0.0
2026-06-06 14:00:00,2026-06-06,56,VHE04,TER,0.0
2026-06-06 14:00:00,2026-06-06,56,VHE05,TER,0.0
2026-06-06 14:00:00,2026-06-06,56,VHE06,TER,0.0
2026-06-06 14:00:00,2026-06-06,56,VHE07,TER,0.0
2026-06-06 14:00:00,2026-06-06,56,VHE08,TER,0.0
2026-06-06 14:00:00,2026-06-06,56,WAR05,TER,0.0
2026-06-06 14:00:00,2026-06-06,56,WAR10,TER,34.06
2026-06-06 14:00:00,2026-06-06,56,WAR11,TER,39.73
2026-06-06 14:00:00,2026-06-06,56,WAR12,TER,39.75
2026-06-06 14:00:00,2026-06-06,56,WAR20,TER,35.62
2026-06-06 14:00:00,2026-06-06,56,WAR21,TER,37.81
2026-06-06 14:00:00,2026-06-06,56,WAR22,TER,38.01
2026-06-06 14:00:00,2026-06-06,56,WAR30,TER,36.07
2026-06-06 14:00:00,2026-06-06,56,WAR31,TER,40.64
2026-06-06 14:00:00,2026-06-06,56,WAR32,TER,40.79
2026-06-06 14:00:00,2026-06-06,56,WAR40,TER,0.0
2026-06-06 14:00:00,2026-06-06,56,WAR41,TER,0.0
2026-06-06 14:00:00,2026-06-06,56,WAR42,TER,0.0
2026-06-06 14:00:00,2026-06-06,56,CH ZON,HID,0.0
2026-06-06 14:00:00,2026-06-06,56,CH TIQ,HID,0.92
2026-06-06 14:00:00,2026-06-06,56,CH BOT,HID,0.52
2026-06-06 14:00:00,2026-06-06,56,CH CUT,HID,6.81
2026-06-06 14:00:00,2026-06-06,56,CH SRO BA,HID,1.71
2026-06-06 14:00:00,2026-06-06,56,CH SRO AC,HID,3.87
2026-06-06 14:00:00,2026-06-06,56,CH SAI,HID,5.08
2026-06-06 14:00:00,2026-06-06,56,CH CHU,HID,8.07
2026-06-06 14:00:00,2026-06-06,56,CH HAR,HID,0.0
2026-06-06 14:00:00,2026-06-06,56,CH CAH,HID,9.41
2026-06-06 14:00:00,2026-06-06,56,CH HUA,HID,14.7
2026-06-06 14:00:00,2026-06-06,56,CH CHJ2,HID,0.0
2026-06-06 14:00:00,2026-06-06,56,CH YAN,HID,0.0
2026-06-06 14:00:00,2026-06-06,56,CH COR,HID,50.39
2026-06-06 14:00:00,2026-06-06,56,CH SIS,HID,72.21
2026-06-06 14:00:00,2026-06-06,56,CH SJS,HID,18.62
2026-06-06 14:00:00,2026-06-06,56,CH SJE,HID,26.12
2026-06-06 14:00:00,2026-06-06,56,CH MIS,HID,11.5
2026-06-06 14:00:00,2026-06-06,56,CH MIG,HID,0.0
2026-06-06 14:00:00,2026-06-06,56,CH ANG,HID,2.92
2026-06-06 14:00:00,2026-06-06,56,CH CHO,HID,3.56
2026-06-06 14:00:00,2026-06-06,56,CH CRB,HID,3.71
2026-06-06 14:00:00,2026-06-06,56,CH KIL,HID,0.0
2026-06-06 14:00:00,2026-06-06,56,CH LAN,HID,0.0
2026-06-06 14:00:00,2026-06-06,56,CH PUN,HID,0.0
2026-06-06 14:00:00,2026-06-06,56,CH KAN,HID,0.0
2026-06-06 14:00:00,2026-06-06,56,CH SJA,HID,0.0
2026-06-06 14:00:00,2026-06-06,56,AGU01,BIO,0.0
2026-06-06 14:00:00,2026-06-06,56,AGU02,BIO,0.0
2026-06-06 14:00:00,2026-06-06,56,GBE01,BIO,5.79
2026-06-06 14:00:00,2026-06-06,56,IAG01,BIO,0.0
2026-06-06 14:00:00,2026-06-06,56,UNA01,BIO,0.0
2026-06-06 14:00:00,2026-06-06,56,CSF ORU,INT,71.19
2026-06-06 14:00:00,2026-06-06,56,CSF UYU,INT,52.3
2026-06-06 14:00:00,2026-06-06,56,CSF YUN,INT,0.0
2026-06-06 14:00:00,2026-06-06,56,CE EDO,INT,20.23
2026-06-06 14:00:00,2026-06-06,56,CE QOL,INT,5.27
2026-06-06 14:00:00,2026-06-06,56,CE SJU,INT,1.6
2026-06-06 14:00:00,2026-06-06,56,CE WAR,INT,0.69
2026-06-06 14:15:00,2026-06-06,57,ALT01,TER,0.0
2026-06-06 14:15:00,2026-06-06,57,ALT02,TER,0.0
2026-06-06 14:15:00,2026-06-06,57,ARJ01,TER,0.0
2026-06-06 14:15:00,2026-06-06,57,ARJ02,TER,0.0
2026-06-06 14:15:00,2026-06-06,57,ARJ03,TER,0.0
2026-06-06 14:15:00,2026-06-06,57,ARJ08,TER,0.04
2026-06-06 14:15:00,2026-06-06,57,ARJ09,TER,0.0
2026-06-06 14:15:00,2026-06-06,57,ARJ11,TER,0.0
2026-06-06 14:15:00,2026-06-06,57,ARJ12,TER,0.0
2026-06-06 14:15:00,2026-06-06,57,ARJ13,TER,0.0
2026-06-06 14:15:00,2026-06-06,57,ARJ14,TER,0.0
2026-06-06 14:15:00,2026-06-06,57,ARJ15,TER,0.0
2026-06-06 14:15:00,2026-06-06,57,BUL01,TER,0.0
2026-06-06 14:15:00,2026-06-06,57,BUL02,TER,0.0
2026-06-06 14:15:00,2026-06-06,57,BUL03,TER,0.0
2026-06-06 14:15:00,2026-06-06,57,CAR01,TER,0.0
2026-06-06 14:15:00,2026-06-06,57,CAR02,TER,0.0
2026-06-06 14:15:00,2026-06-06,57,CAR03,TER,0.0
2026-06-06 14:15:00,2026-06-06,57,ERI01,TER,0.0
2026-06-06 14:15:00,2026-06-06,57,ERI02,TER,0.0
2026-06-06 14:15:00,2026-06-06,57,ERI03,TER,0.0
2026-06-06 14:15:00,2026-06-06,57,ERI04,TER,0.0
2026-06-06 14:15:00,2026-06-06,57,ERI30,TER,35.62
2026-06-06 14:15:00,2026-06-06,57,ERI31,TER,41.74
2026-06-06 14:15:00,2026-06-06,57,ERI32,TER,41.75
2026-06-06 14:15:00,2026-06-06,57,ERI40,TER,0.01
2026-06-06 14:15:00,2026-06-06,57,ERI41,TER,0.0
2026-06-06 14:15:00,2026-06-06,57,ERI42,TER,0.0
2026-06-06 14:15:00,2026-06-06,57,ERI50,TER,36.68
2026-06-06 14:15:00,2026-06-06,57,ERI51,TER,41.55
2026-06-06 14:15:00,2026-06-06,57,ERI52,TER,41.36
2026-06-06 14:15:00,2026-06-06,57,GCH01,TER,0.0
2026-06-06 14:15:00,2026-06-06,57,GCH02,TER,0.0
2026-06-06 14:15:00,2026-06-06,57,GCH04,TER,0.0
2026-06-06 14:15:00,2026-06-06,57,GCH06,TER,0.0
2026-06-06 14:15:00,2026-06-06,57,GCH09,TER,0.0
2026-06-06 14:15:00,2026-06-06,57,GCH10,TER,50.64
2026-06-06 14:15:00,2026-06-06,57,GCH11,TER,0.0
2026-06-06 14:15:00,2026-06-06,57,GCH12,TER,36.9
2026-06-06 14:15:00,2026-06-06,57,MOS,TER,0.0
2026-06-06 14:15:00,2026-06-06,57,SCZ01,TER,0.0
2026-06-06 14:15:00,2026-06-06,57,SCZ02,TER,0.0
2026-06-06 14:15:00,2026-06-06,57,SUR10,TER,33.5
2026-06-06 14:15:00,2026-06-06,57,SUR11,TER,37.93
2026-06-06 14:15:00,2026-06-06,57,SUR12,TER,37.67
2026-06-06 14:15:00,2026-06-06,57,SUR20,TER,0.0
2026-06-06 14:15:00,2026-06-06,57,SUR21,TER,0.0
2026-06-06 14:15:00,2026-06-06,57,SUR22,TER,0.0
2026-06-06 14:15:00,2026-06-06,57,SUR30,TER,37.17
2026-06-06 14:15:00,2026-06-06,57,SUR31,TER,43.02
2026-06-06 14:15:00,2026-06-06,57,SUR32,TER,43.17
2026-06-06 14:15:00,2026-06-06,57,SUR40,TER,34.48
2026-06-06 14:15:00,2026-06-06,57,SUR41,TER,40.6
2026-06-06 14:15:00,2026-06-06,57,SUR42,TER,40.49
2026-06-06 14:15:00,2026-06-06,57,VHE01,TER,0.0
2026-06-06 14:15:00,2026-06-06,57,VHE02,TER,0.0
2026-06-06 14:15:00,2026-06-06,57,VHE03,TER,0.0
2026-06-06 14:15:00,2026-06-06,57,VHE04,TER,0.0
2026-06-06 14:15:00,2026-06-06,57,VHE05,TER,0.0
2026-06-06 14:15:00,2026-06-06,57,VHE06,TER,0.0
2026-06-06 14:15:00,2026-06-06,57,VHE07,TER,0.0
2026-06-06 14:15:00,2026-06-06,57,VHE08,TER,0.0
2026-06-06 14:15:00,2026-06-06,57,WAR05,TER,0.0
2026-06-06 14:15:00,2026-06-06,57,WAR10,TER,34.18
2026-06-06 14:15:00,2026-06-06,57,WAR11,TER,39.71
2026-06-06 14:15:00,2026-06-06,57,WAR12,TER,39.73
2026-06-06 14:15:00,2026-06-06,57,WAR20,TER,35.89
2026-06-06 14:15:00,2026-06-06,57,WAR21,TER,37.99
2026-06-06 14:15:00,2026-06-06,57,WAR22,TER,38.0
2026-06-06 14:15:00,2026-06-06,57,WAR30,TER,36.14
2026-06-06 14:15:00,2026-06-06,57,WAR31,TER,40.89
2026-06-06 14:15:00,2026-06-06,57,WAR32,TER,40.85
2026-06-06 14:15:00,2026-06-06,57,WAR40,TER,0.0
2026-06-06 14:15:00,2026-06-06,57,WAR41,TER,0.0
2026-06-06 14:15:00,2026-06-06,57,WAR42,TER,0.0
2026-06-06 14:15:00,2026-06-06,57,CH ZON,HID,0.0
2026-06-06 14:15:00,2026-06-06,57,CH TIQ,HID,1.05
2026-06-06 14:15:00,2026-06-06,57,CH BOT,HID,0.53
2026-06-06 14:15:00,2026-06-06,57,CH CUT,HID,6.89
2026-06-06 14:15:00,2026-06-06,57,CH SRO BA,HID,1.72
2026-06-06 14:15:00,2026-06-06,57,CH SRO AC,HID,3.94
2026-06-06 14:15:00,2026-06-06,57,CH SAI,HID,5.12
2026-06-06 14:15:00,2026-06-06,57,CH CHU,HID,8.21
2026-06-06 14:15:00,2026-06-06,57,CH HAR,HID,0.0
2026-06-06 14:15:00,2026-06-06,57,CH CAH,HID,9.49
2026-06-06 14:15:00,2026-06-06,57,CH HUA,HID,14.87
2026-06-06 14:15:00,2026-06-06,57,CH CHJ2,HID,0.0
2026-06-06 14:15:00,2026-06-06,57,CH YAN,HID,0.0
2026-06-06 14:15:00,2026-06-06,57,CH COR,HID,55.18
2026-06-06 14:15:00,2026-06-06,57,CH SIS,HID,72.22
2026-06-06 14:15:00,2026-06-06,57,CH SJS,HID,18.86
2026-06-06 14:15:00,2026-06-06,57,CH SJE,HID,26.35
2026-06-06 14:15:00,2026-06-06,57,CH MIS,HID,11.5
2026-06-06 14:15:00,2026-06-06,57,CH MIG,HID,0.0
2026-06-06 14:15:00,2026-06-06,57,CH ANG,HID,2.93
2026-06-06 14:15:00,2026-06-06,57,CH CHO,HID,3.54
2026-06-06 14:15:00,2026-06-06,57,CH CRB,HID,3.72
2026-06-06 14:15:00,2026-06-06,57,CH KIL,HID,0.0
2026-06-06 14:15:00,2026-06-06,57,CH LAN,HID,0.0
2026-06-06 14:15:00,2026-06-06,57,CH PUN,HID,0.0
2026-06-06 14:15:00,2026-06-06,57,CH KAN,HID,0.0
2026-06-06 14:15:00,2026-06-06,57,CH SJA,HID,0.0
2026-06-06 14:15:00,2026-06-06,57,AGU01,BIO,0.0
2026-06-06 14:15:00,2026-06-06,57,AGU02,BIO,0.0
2026-06-06 14:15:00,2026-06-06,57,GBE01,BIO,5.99
2026-06-06 14:15:00,2026-06-06,57,IAG01,BIO,0.0
2026-06-06 14:15:00,2026-06-06,57,UNA01,BIO,0.0
2026-06-06 14:15:00,2026-06-06,57,CSF ORU,INT,69.16
2026-06-06 14:15:00,2026-06-06,57,CSF UYU,INT,50.76
2026-06-06 14:15:00,2026-06-06,57,CSF YUN,INT,0.0
2026-06-06 14:15:00,2026-06-06,57,CE EDO,INT,15.92
2026-06-06 14:15:00,2026-06-06,57,CE QOL,INT,4.5
2026-06-06 14:15:00,2026-06-06,57,CE SJU,INT,1.21
2026-06-06 14:15:00,2026-06-06,57,CE WAR,INT,2.01
2026-06-06 14:30:00,2026-06-06,58,ALT01,TER,0.0
2026-06-06 14:30:00,2026-06-06,58,ALT02,TER,0.0
2026-06-06 14:30:00,2026-06-06,58,ARJ01,TER,0.0
2026-06-06 14:30:00,2026-06-06,58,ARJ02,TER,0.0
2026-06-06 14:30:00,2026-06-06,58,ARJ03,TER,0.0
2026-06-06 14:30:00,2026-06-06,58,ARJ08,TER,0.03
2026-06-06 14:30:00,2026-06-06,58,ARJ09,TER,0.0
2026-06-06 14:30:00,2026-06-06,58,ARJ11,TER,0.0
2026-06-06 14:30:00,2026-06-06,58,ARJ12,TER,0.0
2026-06-06 14:30:00,2026-06-06,58,ARJ13,TER,0.0
2026-06-06 14:30:00,2026-06-06,58,ARJ14,TER,0.0
2026-06-06 14:30:00,2026-06-06,58,ARJ15,TER,0.0
2026-06-06 14:30:00,2026-06-06,58,BUL01,TER,0.0
2026-06-06 14:30:00,2026-06-06,58,BUL02,TER,0.0
2026-06-06 14:30:00,2026-06-06,58,BUL03,TER,0.0
2026-06-06 14:30:00,2026-06-06,58,CAR01,TER,0.0
2026-06-06 14:30:00,2026-06-06,58,CAR02,TER,0.0
2026-06-06 14:30:00,2026-06-06,58,CAR03,TER,0.0
2026-06-06 14:30:00,2026-06-06,58,ERI01,TER,0.0
2026-06-06 14:30:00,2026-06-06,58,ERI02,TER,0.0
2026-06-06 14:30:00,2026-06-06,58,ERI03,TER,0.0
2026-06-06 14:30:00,2026-06-06,58,ERI04,TER,0.0
2026-06-06 14:30:00,2026-06-06,58,ERI30,TER,35.77
2026-06-06 14:30:00,2026-06-06,58,ERI31,TER,42.41
2026-06-06 14:30:00,2026-06-06,58,ERI32,TER,42.31
2026-06-06 14:30:00,2026-06-06,58,ERI40,TER,0.01
2026-06-06 14:30:00,2026-06-06,58,ERI41,TER,0.0
2026-06-06 14:30:00,2026-06-06,58,ERI42,TER,0.0
2026-06-06 14:30:00,2026-06-06,58,ERI50,TER,36.76
2026-06-06 14:30:00,2026-06-06,58,ERI51,TER,41.98
2026-06-06 14:30:00,2026-06-06,58,ERI52,TER,41.96
2026-06-06 14:30:00,2026-06-06,58,GCH01,TER,0.0
2026-06-06 14:30:00,2026-06-06,58,GCH02,TER,0.0
2026-06-06 14:30:00,2026-06-06,58,GCH04,TER,0.0
2026-06-06 14:30:00,2026-06-06,58,GCH06,TER,0.0
2026-06-06 14:30:00,2026-06-06,58,GCH09,TER,0.0
2026-06-06 14:30:00,2026-06-06,58,GCH10,TER,49.83
2026-06-06 14:30:00,2026-06-06,58,GCH11,TER,0.0
2026-06-06 14:30:00,2026-06-06,58,GCH12,TER,36.63
2026-06-06 14:30:00,2026-06-06,58,MOS,TER,0.0
2026-06-06 14:30:00,2026-06-06,58,SCZ01,TER,0.0
2026-06-06 14:30:00,2026-06-06,58,SCZ02,TER,0.0
2026-06-06 14:30:00,2026-06-06,58,SUR10,TER,33.8
2026-06-06 14:30:00,2026-06-06,58,SUR11,TER,38.17
2026-06-06 14:30:00,2026-06-06,58,SUR12,TER,38.07
2026-06-06 14:30:00,2026-06-06,58,SUR20,TER,0.0
2026-06-06 14:30:00,2026-06-06,58,SUR21,TER,0.0
2026-06-06 14:30:00,2026-06-06,58,SUR22,TER,0.0
2026-06-06 14:30:00,2026-06-06,58,SUR30,TER,37.1
2026-06-06 14:30:00,2026-06-06,58,SUR31,TER,43.22
2026-06-06 14:30:00,2026-06-06,58,SUR32,TER,43.24
2026-06-06 14:30:00,2026-06-06,58,SUR40,TER,34.71
2026-06-06 14:30:00,2026-06-06,58,SUR41,TER,41.25
2026-06-06 14:30:00,2026-06-06,58,SUR42,TER,41.13
2026-06-06 14:30:00,2026-06-06,58,VHE01,TER,0.0
2026-06-06 14:30:00,2026-06-06,58,VHE02,TER,0.0
2026-06-06 14:30:00,2026-06-06,58,VHE03,TER,0.0
2026-06-06 14:30:00,2026-06-06,58,VHE04,TER,0.0
2026-06-06 14:30:00,2026-06-06,58,VHE05,TER,0.0
2026-06-06 14:30:00,2026-06-06,58,VHE06,TER,0.0
2026-06-06 14:30:00,2026-06-06,58,VHE07,TER,0.0
2026-06-06 14:30:00,2026-06-06,58,VHE08,TER,0.0
2026-06-06 14:30:00,2026-06-06,58,WAR05,TER,0.0
2026-06-06 14:30:00,2026-06-06,58,WAR10,TER,34.44
2026-06-06 14:30:00,2026-06-06,58,WAR11,TER,40.34
2026-06-06 14:30:00,2026-06-06,58,WAR12,TER,40.37
2026-06-06 14:30:00,2026-06-06,58,WAR20,TER,36.0
2026-06-06 14:30:00,2026-06-06,58,WAR21,TER,38.42
2026-06-06 14:30:00,2026-06-06,58,WAR22,TER,38.67
2026-06-06 14:30:00,2026-06-06,58,WAR30,TER,36.52
2026-06-06 14:30:00,2026-06-06,58,WAR31,TER,41.37
2026-06-06 14:30:00,2026-06-06,58,WAR32,TER,41.39
2026-06-06 14:30:00,2026-06-06,58,WAR40,TER,0.0
2026-06-06 14:30:00,2026-06-06,58,WAR41,TER,0.0
2026-06-06 14:30:00,2026-06-06,58,WAR42,TER,0.0
2026-06-06 14:30:00,2026-06-06,58,CH ZON,HID,0.0
2026-06-06 14:30:00,2026-06-06,58,CH TIQ,HID,1.07
2026-06-06 14:30:00,2026-06-06,58,CH BOT,HID,0.54
2026-06-06 14:30:00,2026-06-06,58,CH CUT,HID,6.75
2026-06-06 14:30:00,2026-06-06,58,CH SRO BA,HID,1.73
2026-06-06 14:30:00,2026-06-06,58,CH SRO AC,HID,3.69
2026-06-06 14:30:00,2026-06-06,58,CH SAI,HID,4.87
2026-06-06 14:30:00,2026-06-06,58,CH CHU,HID,8.15
2026-06-06 14:30:00,2026-06-06,58,CH HAR,HID,0.0
2026-06-06 14:30:00,2026-06-06,58,CH CAH,HID,9.52
2026-06-06 14:30:00,2026-06-06,58,CH HUA,HID,14.85
2026-06-06 14:30:00,2026-06-06,58,CH CHJ2,HID,0.0
2026-06-06 14:30:00,2026-06-06,58,CH YAN,HID,0.0
2026-06-06 14:30:00,2026-06-06,58,CH COR,HID,55.23
2026-06-06 14:30:00,2026-06-06,58,CH SIS,HID,72.26
2026-06-06 14:30:00,2026-06-06,58,CH SJS,HID,21.96
2026-06-06 14:30:00,2026-06-06,58,CH SJE,HID,28.05
2026-06-06 14:30:00,2026-06-06,58,CH MIS,HID,11.5
2026-06-06 14:30:00,2026-06-06,58,CH MIG,HID,0.0
2026-06-06 14:30:00,2026-06-06,58,CH ANG,HID,2.94
2026-06-06 14:30:00,2026-06-06,58,CH CHO,HID,3.55
2026-06-06 14:30:00,2026-06-06,58,CH CRB,HID,3.71
2026-06-06 14:30:00,2026-06-06,58,CH KIL,HID,0.0
2026-06-06 14:30:00,2026-06-06,58,CH LAN,HID,0.0
2026-06-06 14:30:00,2026-06-06,58,CH PUN,HID,0.0
2026-06-06 14:30:00,2026-06-06,58,CH KAN,HID,0.0
2026-06-06 14:30:00,2026-06-06,58,CH SJA,HID,0.0
2026-06-06 14:30:00,2026-06-06,58,AGU01,BIO,0.0
2026-06-06 14:30:00,2026-06-06,58,AGU02,BIO,0.0
2026-06-06 14:30:00,2026-06-06,58,GBE01,BIO,6.47
2026-06-06 14:30:00,2026-06-06,58,IAG01,BIO,0.0
2026-06-06 14:30:00,2026-06-06,58,UNA01,BIO,0.0
2026-06-06 14:30:00,2026-06-06,58,CSF ORU,INT,67.79
2026-06-06 14:30:00,2026-06-06,58,CSF UYU,INT,49.09
2026-06-06 14:30:00,2026-06-06,58,CSF YUN,INT,0.0
2026-06-06 14:30:00,2026-06-06,58,CE EDO,INT,16.77
2026-06-06 14:30:00,2026-06-06,58,CE QOL,INT,5.55
2026-06-06 14:30:00,2026-06-06,58,CE SJU,INT,2.18
2026-06-06 14:30:00,2026-06-06,58,CE WAR,INT,1.62
2026-06-06 14:45:00,2026-06-06,59,ALT01,TER,0.0
2026-06-06 14:45:00,2026-06-06,59,ALT02,TER,0.0
2026-06-06 14:45:00,2026-06-06,59,ARJ01,TER,0.0
2026-06-06 14:45:00,2026-06-06,59,ARJ02,TER,0.0
2026-06-06 14:45:00,2026-06-06,59,ARJ03,TER,0.0
2026-06-06 14:45:00,2026-06-06,59,ARJ08,TER,0.02
2026-06-06 14:45:00,2026-06-06,59,ARJ09,TER,0.0
2026-06-06 14:45:00,2026-06-06,59,ARJ11,TER,0.0
2026-06-06 14:45:00,2026-06-06,59,ARJ12,TER,0.0
2026-06-06 14:45:00,2026-06-06,59,ARJ13,TER,0.0
2026-06-06 14:45:00,2026-06-06,59,ARJ14,TER,0.0
2026-06-06 14:45:00,2026-06-06,59,ARJ15,TER,0.0
2026-06-06 14:45:00,2026-06-06,59,BUL01,TER,0.0
2026-06-06 14:45:00,2026-06-06,59,BUL02,TER,0.0
2026-06-06 14:45:00,2026-06-06,59,BUL03,TER,0.0
2026-06-06 14:45:00,2026-06-06,59,CAR01,TER,0.0
2026-06-06 14:45:00,2026-06-06,59,CAR02,TER,0.0
2026-06-06 14:45:00,2026-06-06,59,CAR03,TER,0.0
2026-06-06 14:45:00,2026-06-06,59,ERI01,TER,0.0
2026-06-06 14:45:00,2026-06-06,59,ERI02,TER,0.0
2026-06-06 14:45:00,2026-06-06,59,ERI03,TER,0.0
2026-06-06 14:45:00,2026-06-06,59,ERI04,TER,0.0
2026-06-06 14:45:00,2026-06-06,59,ERI30,TER,35.77
2026-06-06 14:45:00,2026-06-06,59,ERI31,TER,42.37
2026-06-06 14:45:00,2026-06-06,59,ERI32,TER,42.27
2026-06-06 14:45:00,2026-06-06,59,ERI40,TER,0.01
2026-06-06 14:45:00,2026-06-06,59,ERI41,TER,0.0
2026-06-06 14:45:00,2026-06-06,59,ERI42,TER,0.0
2026-06-06 14:45:00,2026-06-06,59,ERI50,TER,36.84
2026-06-06 14:45:00,2026-06-06,59,ERI51,TER,42.0
2026-06-06 14:45:00,2026-06-06,59,ERI52,TER,41.92
2026-06-06 14:45:00,2026-06-06,59,GCH01,TER,0.0
2026-06-06 14:45:00,2026-06-06,59,GCH02,TER,0.0
2026-06-06 14:45:00,2026-06-06,59,GCH04,TER,0.0
2026-06-06 14:45:00,2026-06-06,59,GCH06,TER,0.0
2026-06-06 14:45:00,2026-06-06,59,GCH09,TER,0.0
2026-06-06 14:45:00,2026-06-06,59,GCH10,TER,50.7
2026-06-06 14:45:00,2026-06-06,59,GCH11,TER,0.0
2026-06-06 14:45:00,2026-06-06,59,GCH12,TER,36.86
2026-06-06 14:45:00,2026-06-06,59,MOS,TER,0.0
2026-06-06 14:45:00,2026-06-06,59,SCZ01,TER,0.0
2026-06-06 14:45:00,2026-06-06,59,SCZ02,TER,0.0
2026-06-06 14:45:00,2026-06-06,59,SUR10,TER,33.88
2026-06-06 14:45:00,2026-06-06,59,SUR11,TER,38.14
2026-06-06 14:45:00,2026-06-06,59,SUR12,TER,37.98
2026-06-06 14:45:00,2026-06-06,59,SUR20,TER,0.0
2026-06-06 14:45:00,2026-06-06,59,SUR21,TER,0.0
2026-06-06 14:45:00,2026-06-06,59,SUR22,TER,0.0
2026-06-06 14:45:00,2026-06-06,59,SUR30,TER,37.1
2026-06-06 14:45:00,2026-06-06,59,SUR31,TER,43.14
2026-06-06 14:45:00,2026-06-06,59,SUR32,TER,43.51
2026-06-06 14:45:00,2026-06-06,59,SUR40,TER,34.48
2026-06-06 14:45:00,2026-06-06,59,SUR41,TER,41.06
2026-06-06 14:45:00,2026-06-06,59,SUR42,TER,41.07
2026-06-06 14:45:00,2026-06-06,59,VHE01,TER,0.0
2026-06-06 14:45:00,2026-06-06,59,VHE02,TER,0.0
2026-06-06 14:45:00,2026-06-06,59,VHE03,TER,0.0
2026-06-06 14:45:00,2026-06-06,59,VHE04,TER,0.0
2026-06-06 14:45:00,2026-06-06,59,VHE05,TER,0.0
2026-06-06 14:45:00,2026-06-06,59,VHE06,TER,0.0
2026-06-06 14:45:00,2026-06-06,59,VHE07,TER,0.0
2026-06-06 14:45:00,2026-06-06,59,VHE08,TER,0.0
2026-06-06 14:45:00,2026-06-06,59,WAR05,TER,0.0
2026-06-06 14:45:00,2026-06-06,59,WAR10,TER,34.29
2026-06-06 14:45:00,2026-06-06,59,WAR11,TER,40.34
2026-06-06 14:45:00,2026-06-06,59,WAR12,TER,40.36
2026-06-06 14:45:00,2026-06-06,59,WAR20,TER,35.89
2026-06-06 14:45:00,2026-06-06,59,WAR21,TER,38.38
2026-06-06 14:45:00,2026-06-06,59,WAR22,TER,38.6
2026-06-06 14:45:00,2026-06-06,59,WAR30,TER,36.33
2026-06-06 14:45:00,2026-06-06,59,WAR31,TER,41.26
2026-06-06 14:45:00,2026-06-06,59,WAR32,TER,41.52
2026-06-06 14:45:00,2026-06-06,59,WAR40,TER,0.0
2026-06-06 14:45:00,2026-06-06,59,WAR41,TER,0.0
2026-06-06 14:45:00,2026-06-06,59,WAR42,TER,0.0
2026-06-06 14:45:00,2026-06-06,59,CH ZON,HID,0.0
2026-06-06 14:45:00,2026-06-06,59,CH TIQ,HID,1.1
2026-06-06 14:45:00,2026-06-06,59,CH BOT,HID,0.55
2026-06-06 14:45:00,2026-06-06,59,CH CUT,HID,6.88
2026-06-06 14:45:00,2026-06-06,59,CH SRO BA,HID,1.72
2026-06-06 14:45:00,2026-06-06,59,CH SRO AC,HID,3.69
2026-06-06 14:45:00,2026-06-06,59,CH SAI,HID,4.84
2026-06-06 14:45:00,2026-06-06,59,CH CHU,HID,8.27
2026-06-06 14:45:00,2026-06-06,59,CH HAR,HID,0.0
2026-06-06 14:45:00,2026-06-06,59,CH CAH,HID,9.58
2026-06-06 14:45:00,2026-06-06,59,CH HUA,HID,14.86
2026-06-06 14:45:00,2026-06-06,59,CH CHJ2,HID,0.0
2026-06-06 14:45:00,2026-06-06,59,CH YAN,HID,0.0
2026-06-06 14:45:00,2026-06-06,59,CH COR,HID,54.68
2026-06-06 14:45:00,2026-06-06,59,CH SIS,HID,72.2
2026-06-06 14:45:00,2026-06-06,59,CH SJS,HID,27.09
2026-06-06 14:45:00,2026-06-06,59,CH SJE,HID,30.8
2026-06-06 14:45:00,2026-06-06,59,CH MIS,HID,11.5
2026-06-06 14:45:00,2026-06-06,59,CH MIG,HID,0.0
2026-06-06 14:45:00,2026-06-06,59,CH ANG,HID,2.94
2026-06-06 14:45:00,2026-06-06,59,CH CHO,HID,3.55
2026-06-06 14:45:00,2026-06-06,59,CH CRB,HID,3.71
2026-06-06 14:45:00,2026-06-06,59,CH KIL,HID,0.0
2026-06-06 14:45:00,2026-06-06,59,CH LAN,HID,0.0
2026-06-06 14:45:00,2026-06-06,59,CH PUN,HID,0.0
2026-06-06 14:45:00,2026-06-06,59,CH KAN,HID,0.0
2026-06-06 14:45:00,2026-06-06,59,CH SJA,HID,0.0
2026-06-06 14:45:00,2026-06-06,59,AGU01,BIO,0.0
2026-06-06 14:45:00,2026-06-06,59,AGU02,BIO,0.0
2026-06-06 14:45:00,2026-06-06,59,GBE01,BIO,6.38
2026-06-06 14:45:00,2026-06-06,59,IAG01,BIO,0.0
2026-06-06 14:45:00,2026-06-06,59,UNA01,BIO,0.0
2026-06-06 14:45:00,2026-06-06,59,CSF ORU,INT,65.3
2026-06-06 14:45:00,2026-06-06,59,CSF UYU,INT,47.09
2026-06-06 14:45:00,2026-06-06,59,CSF YUN,INT,0.0
2026-06-06 14:45:00,2026-06-06,59,CE EDO,INT,15.34
2026-06-06 14:45:00,2026-06-06,59,CE QOL,INT,5.75
2026-06-06 14:45:00,2026-06-06,59,CE SJU,INT,2.48
2026-06-06 14:45:00,2026-06-06,59,CE WAR,INT,0.9
2026-06-06 15:00:00,2026-06-06,60,ALT01,TER,0.0
2026-06-06 15:00:00,2026-06-06,60,ALT02,TER,0.0
2026-06-06 15:00:00,2026-06-06,60,ARJ01,TER,0.0
2026-06-06 15:00:00,2026-06-06,60,ARJ02,TER,0.0
2026-06-06 15:00:00,2026-06-06,60,ARJ03,TER,0.0
2026-06-06 15:00:00,2026-06-06,60,ARJ08,TER,0.03
2026-06-06 15:00:00,2026-06-06,60,ARJ09,TER,0.0
2026-06-06 15:00:00,2026-06-06,60,ARJ11,TER,0.0
2026-06-06 15:00:00,2026-06-06,60,ARJ12,TER,0.0
2026-06-06 15:00:00,2026-06-06,60,ARJ13,TER,0.0
2026-06-06 15:00:00,2026-06-06,60,ARJ14,TER,0.0
2026-06-06 15:00:00,2026-06-06,60,ARJ15,TER,0.0
2026-06-06 15:00:00,2026-06-06,60,BUL01,TER,0.0
2026-06-06 15:00:00,2026-06-06,60,BUL02,TER,0.0
2026-06-06 15:00:00,2026-06-06,60,BUL03,TER,0.0
2026-06-06 15:00:00,2026-06-06,60,CAR01,TER,0.0
2026-06-06 15:00:00,2026-06-06,60,CAR02,TER,0.0
2026-06-06 15:00:00,2026-06-06,60,CAR03,TER,0.0
2026-06-06 15:00:00,2026-06-06,60,ERI01,TER,0.0
2026-06-06 15:00:00,2026-06-06,60,ERI02,TER,0.0
2026-06-06 15:00:00,2026-06-06,60,ERI03,TER,0.0
2026-06-06 15:00:00,2026-06-06,60,ERI04,TER,0.0
2026-06-06 15:00:00,2026-06-06,60,ERI30,TER,35.51
2026-06-06 15:00:00,2026-06-06,60,ERI31,TER,41.22
2026-06-06 15:00:00,2026-06-06,60,ERI32,TER,41.3
2026-06-06 15:00:00,2026-06-06,60,ERI40,TER,0.01
2026-06-06 15:00:00,2026-06-06,60,ERI41,TER,0.0
2026-06-06 15:00:00,2026-06-06,60,ERI42,TER,0.0
2026-06-06 15:00:00,2026-06-06,60,ERI50,TER,36.57
2026-06-06 15:00:00,2026-06-06,60,ERI51,TER,40.79
2026-06-06 15:00:00,2026-06-06,60,ERI52,TER,40.82
2026-06-06 15:00:00,2026-06-06,60,GCH01,TER,0.0
2026-06-06 15:00:00,2026-06-06,60,GCH02,TER,0.0
2026-06-06 15:00:00,2026-06-06,60,GCH04,TER,0.0
2026-06-06 15:00:00,2026-06-06,60,GCH06,TER,0.0
2026-06-06 15:00:00,2026-06-06,60,GCH09,TER,0.0
2026-06-06 15:00:00,2026-06-06,60,GCH10,TER,50.31
2026-06-06 15:00:00,2026-06-06,60,GCH11,TER,0.0
2026-06-06 15:00:00,2026-06-06,60,GCH12,TER,36.75
2026-06-06 15:00:00,2026-06-06,60,MOS,TER,0.0
2026-06-06 15:00:00,2026-06-06,60,SCZ01,TER,0.0
2026-06-06 15:00:00,2026-06-06,60,SCZ02,TER,0.0
2026-06-06 15:00:00,2026-06-06,60,SUR10,TER,33.54
2026-06-06 15:00:00,2026-06-06,60,SUR11,TER,37.2
2026-06-06 15:00:00,2026-06-06,60,SUR12,TER,36.96
2026-06-06 15:00:00,2026-06-06,60,SUR20,TER,0.0
2026-06-06 15:00:00,2026-06-06,60,SUR21,TER,0.0
2026-06-06 15:00:00,2026-06-06,60,SUR22,TER,0.0
2026-06-06 15:00:00,2026-06-06,60,SUR30,TER,37.02
2026-06-06 15:00:00,2026-06-06,60,SUR31,TER,43.17
2026-06-06 15:00:00,2026-06-06,60,SUR32,TER,43.19
2026-06-06 15:00:00,2026-06-06,60,SUR40,TER,34.33
2026-06-06 15:00:00,2026-06-06,60,SUR41,TER,39.97
2026-06-06 15:00:00,2026-06-06,60,SUR42,TER,40.05
2026-06-06 15:00:00,2026-06-06,60,VHE01,TER,0.0
2026-06-06 15:00:00,2026-06-06,60,VHE02,TER,0.0
2026-06-06 15:00:00,2026-06-06,60,VHE03,TER,0.0
2026-06-06 15:00:00,2026-06-06,60,VHE04,TER,0.0
2026-06-06 15:00:00,2026-06-06,60,VHE05,TER,0.0
2026-06-06 15:00:00,2026-06-06,60,VHE06,TER,0.0
2026-06-06 15:00:00,2026-06-06,60,VHE07,TER,0.0
2026-06-06 15:00:00,2026-06-06,60,VHE08,TER,0.0
2026-06-06 15:00:00,2026-06-06,60,WAR05,TER,0.0
2026-06-06 15:00:00,2026-06-06,60,WAR10,TER,34.06
2026-06-06 15:00:00,2026-06-06,60,WAR11,TER,39.23
2026-06-06 15:00:00,2026-06-06,60,WAR12,TER,39.16
2026-06-06 15:00:00,2026-06-06,60,WAR20,TER,35.7
2026-06-06 15:00:00,2026-06-06,60,WAR21,TER,37.29
2026-06-06 15:00:00,2026-06-06,60,WAR22,TER,37.52
2026-06-06 15:00:00,2026-06-06,60,WAR30,TER,36.03
2026-06-06 15:00:00,2026-06-06,60,WAR31,TER,40.12
2026-06-06 15:00:00,2026-06-06,60,WAR32,TER,40.28
2026-06-06 15:00:00,2026-06-06,60,WAR40,TER,0.0
2026-06-06 15:00:00,2026-06-06,60,WAR41,TER,0.0
2026-06-06 15:00:00,2026-06-06,60,WAR42,TER,0.0
2026-06-06 15:00:00,2026-06-06,60,CH ZON,HID,0.0
2026-06-06 15:00:00,2026-06-06,60,CH TIQ,HID,0.86
2026-06-06 15:00:00,2026-06-06,60,CH BOT,HID,0.6
2026-06-06 15:00:00,2026-06-06,60,CH CUT,HID,6.6
2026-06-06 15:00:00,2026-06-06,60,CH SRO BA,HID,1.72
2026-06-06 15:00:00,2026-06-06,60,CH SRO AC,HID,3.49
2026-06-06 15:00:00,2026-06-06,60,CH SAI,HID,4.7
2026-06-06 15:00:00,2026-06-06,60,CH CHU,HID,8.01
2026-06-06 15:00:00,2026-06-06,60,CH HAR,HID,0.0
2026-06-06 15:00:00,2026-06-06,60,CH CAH,HID,9.99
2026-06-06 15:00:00,2026-06-06,60,CH HUA,HID,14.51
2026-06-06 15:00:00,2026-06-06,60,CH CHJ2,HID,0.0
2026-06-06 15:00:00,2026-06-06,60,CH YAN,HID,0.0
2026-06-06 15:00:00,2026-06-06,60,CH COR,HID,53.71
2026-06-06 15:00:00,2026-06-06,60,CH SIS,HID,88.67
2026-06-06 15:00:00,2026-06-06,60,CH SJS,HID,29.32
2026-06-06 15:00:00,2026-06-06,60,CH SJE,HID,30.57
2026-06-06 15:00:00,2026-06-06,60,CH MIS,HID,11.5
2026-06-06 15:00:00,2026-06-06,60,CH MIG,HID,0.0
2026-06-06 15:00:00,2026-06-06,60,CH ANG,HID,2.89
2026-06-06 15:00:00,2026-06-06,60,CH CHO,HID,3.54
2026-06-06 15:00:00,2026-06-06,60,CH CRB,HID,3.65
2026-06-06 15:00:00,2026-06-06,60,CH KIL,HID,0.0
2026-06-06 15:00:00,2026-06-06,60,CH LAN,HID,0.0
2026-06-06 15:00:00,2026-06-06,60,CH PUN,HID,0.0
2026-06-06 15:00:00,2026-06-06,60,CH KAN,HID,0.0
2026-06-06 15:00:00,2026-06-06,60,CH SJA,HID,0.0
2026-06-06 15:00:00,2026-06-06,60,AGU01,BIO,0.0
2026-06-06 15:00:00,2026-06-06,60,AGU02,BIO,0.0
2026-06-06 15:00:00,2026-06-06,60,GBE01,BIO,5.15
2026-06-06 15:00:00,2026-06-06,60,IAG01,BIO,0.0
2026-06-06 15:00:00,2026-06-06,60,UNA01,BIO,0.0
2026-06-06 15:00:00,2026-06-06,60,CSF ORU,INT,62.26
2026-06-06 15:00:00,2026-06-06,60,CSF UYU,INT,44.62
2026-06-06 15:00:00,2026-06-06,60,CSF YUN,INT,0.0
2026-06-06 15:00:00,2026-06-06,60,CE EDO,INT,15.49
2026-06-06 15:00:00,2026-06-06,60,CE QOL,INT,9.43
2026-06-06 15:00:00,2026-06-06,60,CE SJU,INT,2.92
2026-06-06 15:00:00,2026-06-06,60,CE WAR,INT,4.58
2026-06-06 15:15:00,2026-06-06,61,ALT01,TER,0.0
2026-06-06 15:15:00,2026-06-06,61,ALT02,TER,0.0
2026-06-06 15:15:00,2026-06-06,61,ARJ01,TER,0.0
2026-06-06 15:15:00,2026-06-06,61,ARJ02,TER,0.0
2026-06-06 15:15:00,2026-06-06,61,ARJ03,TER,0.0
2026-06-06 15:15:00,2026-06-06,61,ARJ08,TER,0.04
2026-06-06 15:15:00,2026-06-06,61,ARJ09,TER,0.0
2026-06-06 15:15:00,2026-06-06,61,ARJ11,TER,0.0
2026-06-06 15:15:00,2026-06-06,61,ARJ12,TER,0.0
2026-06-06 15:15:00,2026-06-06,61,ARJ13,TER,0.0
2026-06-06 15:15:00,2026-06-06,61,ARJ14,TER,0.0
2026-06-06 15:15:00,2026-06-06,61,ARJ15,TER,0.0
2026-06-06 15:15:00,2026-06-06,61,BUL01,TER,0.0
2026-06-06 15:15:00,2026-06-06,61,BUL02,TER,0.0
2026-06-06 15:15:00,2026-06-06,61,BUL03,TER,0.0
2026-06-06 15:15:00,2026-06-06,61,CAR01,TER,0.0
2026-06-06 15:15:00,2026-06-06,61,CAR02,TER,0.0
2026-06-06 15:15:00,2026-06-06,61,CAR03,TER,0.0
2026-06-06 15:15:00,2026-06-06,61,ERI01,TER,0.0
2026-06-06 15:15:00,2026-06-06,61,ERI02,TER,0.0
2026-06-06 15:15:00,2026-06-06,61,ERI03,TER,0.0
2026-06-06 15:15:00,2026-06-06,61,ERI04,TER,0.0
2026-06-06 15:15:00,2026-06-06,61,ERI30,TER,35.32
2026-06-06 15:15:00,2026-06-06,61,ERI31,TER,41.06
2026-06-06 15:15:00,2026-06-06,61,ERI32,TER,40.97
2026-06-06 15:15:00,2026-06-06,61,ERI40,TER,0.01
2026-06-06 15:15:00,2026-06-06,61,ERI41,TER,0.0
2026-06-06 15:15:00,2026-06-06,61,ERI42,TER,0.0
2026-06-06 15:15:00,2026-06-06,61,ERI50,TER,36.19
2026-06-06 15:15:00,2026-06-06,61,ERI51,TER,40.56
2026-06-06 15:15:00,2026-06-06,61,ERI52,TER,40.58
2026-06-06 15:15:00,2026-06-06,61,GCH01,TER,0.0
2026-06-06 15:15:00,2026-06-06,61,GCH02,TER,0.0
2026-06-06 15:15:00,2026-06-06,61,GCH04,TER,0.0
2026-06-06 15:15:00,2026-06-06,61,GCH06,TER,0.0
2026-06-06 15:15:00,2026-06-06,61,GCH09,TER,0.0
2026-06-06 15:15:00,2026-06-06,61,GCH10,TER,50.02
2026-06-06 15:15:00,2026-06-06,61,GCH11,TER,0.0
2026-06-06 15:15:00,2026-06-06,61,GCH12,TER,36.82
2026-06-06 15:15:00,2026-06-06,61,MOS,TER,0.0
2026-06-06 15:15:00,2026-06-06,61,SCZ01,TER,0.0
2026-06-06 15:15:00,2026-06-06,61,SCZ02,TER,0.0
2026-06-06 15:15:00,2026-06-06,61,SUR10,TER,33.35
2026-06-06 15:15:00,2026-06-06,61,SUR11,TER,36.86
2026-06-06 15:15:00,2026-06-06,61,SUR12,TER,36.45
2026-06-06 15:15:00,2026-06-06,61,SUR20,TER,0.0
2026-06-06 15:15:00,2026-06-06,61,SUR21,TER,0.0
2026-06-06 15:15:00,2026-06-06,61,SUR22,TER,0.0
2026-06-06 15:15:00,2026-06-06,61,SUR30,TER,37.21
2026-06-06 15:15:00,2026-06-06,61,SUR31,TER,43.3
2026-06-06 15:15:00,2026-06-06,61,SUR32,TER,43.26
2026-06-06 15:15:00,2026-06-06,61,SUR40,TER,34.14
2026-06-06 15:15:00,2026-06-06,61,SUR41,TER,39.72
2026-06-06 15:15:00,2026-06-06,61,SUR42,TER,39.69
2026-06-06 15:15:00,2026-06-06,61,VHE01,TER,0.0
2026-06-06 15:15:00,2026-06-06,61,VHE02,TER,0.0
2026-06-06 15:15:00,2026-06-06,61,VHE03,TER,0.0
2026-06-06 15:15:00,2026-06-06,61,VHE04,TER,0.0
2026-06-06 15:15:00,2026-06-06,61,VHE05,TER,0.0
2026-06-06 15:15:00,2026-06-06,61,VHE06,TER,0.0
2026-06-06 15:15:00,2026-06-06,61,VHE07,TER,0.0
2026-06-06 15:15:00,2026-06-06,61,VHE08,TER,0.0
2026-06-06 15:15:00,2026-06-06,61,WAR05,TER,0.0
2026-06-06 15:15:00,2026-06-06,61,WAR10,TER,33.91
2026-06-06 15:15:00,2026-06-06,61,WAR11,TER,38.84
2026-06-06 15:15:00,2026-06-06,61,WAR12,TER,38.78
2026-06-06 15:15:00,2026-06-06,61,WAR20,TER,35.43
2026-06-06 15:15:00,2026-06-06,61,WAR21,TER,37.08
2026-06-06 15:15:00,2026-06-06,61,WAR22,TER,37.22
2026-06-06 15:15:00,2026-06-06,61,WAR30,TER,35.57
2026-06-06 15:15:00,2026-06-06,61,WAR31,TER,39.84
2026-06-06 15:15:00,2026-06-06,61,WAR32,TER,39.96
2026-06-06 15:15:00,2026-06-06,61,WAR40,TER,0.0
2026-06-06 15:15:00,2026-06-06,61,WAR41,TER,0.0
2026-06-06 15:15:00,2026-06-06,61,WAR42,TER,0.0
2026-06-06 15:15:00,2026-06-06,61,CH ZON,HID,0.0
2026-06-06 15:15:00,2026-06-06,61,CH TIQ,HID,0.8
2026-06-06 15:15:00,2026-06-06,61,CH BOT,HID,0.6
2026-06-06 15:15:00,2026-06-06,61,CH CUT,HID,6.75
2026-06-06 15:15:00,2026-06-06,61,CH SRO BA,HID,1.7
2026-06-06 15:15:00,2026-06-06,61,CH SRO AC,HID,3.4
2026-06-06 15:15:00,2026-06-06,61,CH SAI,HID,5.13
2026-06-06 15:15:00,2026-06-06,61,CH CHU,HID,7.93
2026-06-06 15:15:00,2026-06-06,61,CH HAR,HID,0.0
2026-06-06 15:15:00,2026-06-06,61,CH CAH,HID,9.91
2026-06-06 15:15:00,2026-06-06,61,CH HUA,HID,14.37
2026-06-06 15:15:00,2026-06-06,61,CH CHJ2,HID,0.0
2026-06-06 15:15:00,2026-06-06,61,CH YAN,HID,0.0
2026-06-06 15:15:00,2026-06-06,61,CH COR,HID,53.72
2026-06-06 15:15:00,2026-06-06,61,CH SIS,HID,83.3
2026-06-06 15:15:00,2026-06-06,61,CH SJS,HID,39.19
2026-06-06 15:15:00,2026-06-06,61,CH SJE,HID,39.36
2026-06-06 15:15:00,2026-06-06,61,CH MIS,HID,11.5
2026-06-06 15:15:00,2026-06-06,61,CH MIG,HID,0.0
2026-06-06 15:15:00,2026-06-06,61,CH ANG,HID,2.89
2026-06-06 15:15:00,2026-06-06,61,CH CHO,HID,3.54
2026-06-06 15:15:00,2026-06-06,61,CH CRB,HID,3.62
2026-06-06 15:15:00,2026-06-06,61,CH KIL,HID,0.0
2026-06-06 15:15:00,2026-06-06,61,CH LAN,HID,0.0
2026-06-06 15:15:00,2026-06-06,61,CH PUN,HID,0.0
2026-06-06 15:15:00,2026-06-06,61,CH KAN,HID,0.0
2026-06-06 15:15:00,2026-06-06,61,CH SJA,HID,0.0
2026-06-06 15:15:00,2026-06-06,61,AGU01,BIO,0.0
2026-06-06 15:15:00,2026-06-06,61,AGU02,BIO,0.0
2026-06-06 15:15:00,2026-06-06,61,GBE01,BIO,4.58
2026-06-06 15:15:00,2026-06-06,61,IAG01,BIO,0.0
2026-06-06 15:15:00,2026-06-06,61,UNA01,BIO,0.0
2026-06-06 15:15:00,2026-06-06,61,CSF ORU,INT,58.36
2026-06-06 15:15:00,2026-06-06,61,CSF UYU,INT,42.12
2026-06-06 15:15:00,2026-06-06,61,CSF YUN,INT,0.0
2026-06-06 15:15:00,2026-06-06,61,CE EDO,INT,22.47
2026-06-06 15:15:00,2026-06-06,61,CE QOL,INT,6.66
2026-06-06 15:15:00,2026-06-06,61,CE SJU,INT,5.76
2026-06-06 15:15:00,2026-06-06,61,CE WAR,INT,1.55
2026-06-06 15:30:00,2026-06-06,62,ALT01,TER,0.0
2026-06-06 15:30:00,2026-06-06,62,ALT02,TER,0.0
2026-06-06 15:30:00,2026-06-06,62,ARJ01,TER,0.0
2026-06-06 15:30:00,2026-06-06,62,ARJ02,TER,0.0
2026-06-06 15:30:00,2026-06-06,62,ARJ03,TER,0.0
2026-06-06 15:30:00,2026-06-06,62,ARJ08,TER,0.03
2026-06-06 15:30:00,2026-06-06,62,ARJ09,TER,0.0
2026-06-06 15:30:00,2026-06-06,62,ARJ11,TER,0.0
2026-06-06 15:30:00,2026-06-06,62,ARJ12,TER,0.0
2026-06-06 15:30:00,2026-06-06,62,ARJ13,TER,0.0
2026-06-06 15:30:00,2026-06-06,62,ARJ14,TER,0.0
2026-06-06 15:30:00,2026-06-06,62,ARJ15,TER,0.0
2026-06-06 15:30:00,2026-06-06,62,BUL01,TER,0.0
2026-06-06 15:30:00,2026-06-06,62,BUL02,TER,0.0
2026-06-06 15:30:00,2026-06-06,62,BUL03,TER,0.0
2026-06-06 15:30:00,2026-06-06,62,CAR01,TER,0.0
2026-06-06 15:30:00,2026-06-06,62,CAR02,TER,0.0
2026-06-06 15:30:00,2026-06-06,62,CAR03,TER,0.0
2026-06-06 15:30:00,2026-06-06,62,ERI01,TER,0.0
2026-06-06 15:30:00,2026-06-06,62,ERI02,TER,0.0
2026-06-06 15:30:00,2026-06-06,62,ERI03,TER,0.0
2026-06-06 15:30:00,2026-06-06,62,ERI04,TER,0.0
2026-06-06 15:30:00,2026-06-06,62,ERI30,TER,35.39
2026-06-06 15:30:00,2026-06-06,62,ERI31,TER,41.3
2026-06-06 15:30:00,2026-06-06,62,ERI32,TER,41.21
2026-06-06 15:30:00,2026-06-06,62,ERI40,TER,0.01
2026-06-06 15:30:00,2026-06-06,62,ERI41,TER,0.0
2026-06-06 15:30:00,2026-06-06,62,ERI42,TER,0.0
2026-06-06 15:30:00,2026-06-06,62,ERI50,TER,36.46
2026-06-06 15:30:00,2026-06-06,62,ERI51,TER,40.96
2026-06-06 15:30:00,2026-06-06,62,ERI52,TER,40.8
2026-06-06 15:30:00,2026-06-06,62,GCH01,TER,0.0
2026-06-06 15:30:00,2026-06-06,62,GCH02,TER,0.0
2026-06-06 15:30:00,2026-06-06,62,GCH04,TER,0.0
2026-06-06 15:30:00,2026-06-06,62,GCH06,TER,0.0
2026-06-06 15:30:00,2026-06-06,62,GCH09,TER,0.0
2026-06-06 15:30:00,2026-06-06,62,GCH10,TER,50.0
2026-06-06 15:30:00,2026-06-06,62,GCH11,TER,0.0
2026-06-06 15:30:00,2026-06-06,62,GCH12,TER,36.67
2026-06-06 15:30:00,2026-06-06,62,MOS,TER,0.0
2026-06-06 15:30:00,2026-06-06,62,SCZ01,TER,0.0
2026-06-06 15:30:00,2026-06-06,62,SCZ02,TER,0.0
2026-06-06 15:30:00,2026-06-06,62,SUR10,TER,33.58
2026-06-06 15:30:00,2026-06-06,62,SUR11,TER,36.95
2026-06-06 15:30:00,2026-06-06,62,SUR12,TER,36.87
2026-06-06 15:30:00,2026-06-06,62,SUR20,TER,0.0
2026-06-06 15:30:00,2026-06-06,62,SUR21,TER,0.0
2026-06-06 15:30:00,2026-06-06,62,SUR22,TER,0.0
2026-06-06 15:30:00,2026-06-06,62,SUR30,TER,36.94
2026-06-06 15:30:00,2026-06-06,62,SUR31,TER,43.21
2026-06-06 15:30:00,2026-06-06,62,SUR32,TER,43.4
2026-06-06 15:30:00,2026-06-06,62,SUR40,TER,34.14
2026-06-06 15:30:00,2026-06-06,62,SUR41,TER,40.0
2026-06-06 15:30:00,2026-06-06,62,SUR42,TER,39.96
2026-06-06 15:30:00,2026-06-06,62,VHE01,TER,0.0
2026-06-06 15:30:00,2026-06-06,62,VHE02,TER,0.0
2026-06-06 15:30:00,2026-06-06,62,VHE03,TER,0.0
2026-06-06 15:30:00,2026-06-06,62,VHE04,TER,0.0
2026-06-06 15:30:00,2026-06-06,62,VHE05,TER,0.0
2026-06-06 15:30:00,2026-06-06,62,VHE06,TER,0.0
2026-06-06 15:30:00,2026-06-06,62,VHE07,TER,0.0
2026-06-06 15:30:00,2026-06-06,62,VHE08,TER,0.0
2026-06-06 15:30:00,2026-06-06,62,WAR05,TER,0.0
2026-06-06 15:30:00,2026-06-06,62,WAR10,TER,33.95
2026-06-06 15:30:00,2026-06-06,62,WAR11,TER,39.14
2026-06-06 15:30:00,2026-06-06,62,WAR12,TER,39.12
2026-06-06 15:30:00,2026-06-06,62,WAR20,TER,35.51
2026-06-06 15:30:00,2026-06-06,62,WAR21,TER,37.18
2026-06-06 15:30:00,2026-06-06,62,WAR22,TER,37.45
2026-06-06 15:30:00,2026-06-06,62,WAR30,TER,36.03
2026-06-06 15:30:00,2026-06-06,62,WAR31,TER,40.23
2026-06-06 15:30:00,2026-06-06,62,WAR32,TER,40.33
2026-06-06 15:30:00,2026-06-06,62,WAR40,TER,0.0
2026-06-06 15:30:00,2026-06-06,62,WAR41,TER,0.0
2026-06-06 15:30:00,2026-06-06,62,WAR42,TER,0.0
2026-06-06 15:30:00,2026-06-06,62,CH ZON,HID,0.0
2026-06-06 15:30:00,2026-06-06,62,CH TIQ,HID,0.87
2026-06-06 15:30:00,2026-06-06,62,CH BOT,HID,0.91
2026-06-06 15:30:00,2026-06-06,62,CH CUT,HID,6.8
2026-06-06 15:30:00,2026-06-06,62,CH SRO BA,HID,1.73
2026-06-06 15:30:00,2026-06-06,62,CH SRO AC,HID,3.54
2026-06-06 15:30:00,2026-06-06,62,CH SAI,HID,5.21
2026-06-06 15:30:00,2026-06-06,62,CH CHU,HID,8.01
2026-06-06 15:30:00,2026-06-06,62,CH HAR,HID,0.0
2026-06-06 15:30:00,2026-06-06,62,CH CAH,HID,10.02
2026-06-06 15:30:00,2026-06-06,62,CH HUA,HID,14.49
2026-06-06 15:30:00,2026-06-06,62,CH CHJ2,HID,0.0
2026-06-06 15:30:00,2026-06-06,62,CH YAN,HID,0.0
2026-06-06 15:30:00,2026-06-06,62,CH COR,HID,54.52
2026-06-06 15:30:00,2026-06-06,62,CH SIS,HID,82.95
2026-06-06 15:30:00,2026-06-06,62,CH SJS,HID,45.59
2026-06-06 15:30:00,2026-06-06,62,CH SJE,HID,40.01
2026-06-06 15:30:00,2026-06-06,62,CH MIS,HID,11.5
2026-06-06 15:30:00,2026-06-06,62,CH MIG,HID,0.0
2026-06-06 15:30:00,2026-06-06,62,CH ANG,HID,2.89
2026-06-06 15:30:00,2026-06-06,62,CH CHO,HID,3.55
2026-06-06 15:30:00,2026-06-06,62,CH CRB,HID,3.62
2026-06-06 15:30:00,2026-06-06,62,CH KIL,HID,0.0
2026-06-06 15:30:00,2026-06-06,62,CH LAN,HID,0.0
2026-06-06 15:30:00,2026-06-06,62,CH PUN,HID,0.0
2026-06-06 15:30:00,2026-06-06,62,CH KAN,HID,0.0
2026-06-06 15:30:00,2026-06-06,62,CH SJA,HID,0.0
2026-06-06 15:30:00,2026-06-06,62,AGU01,BIO,0.0
2026-06-06 15:30:00,2026-06-06,62,AGU02,BIO,0.0
2026-06-06 15:30:00,2026-06-06,62,GBE01,BIO,5.19
2026-06-06 15:30:00,2026-06-06,62,IAG01,BIO,0.0
2026-06-06 15:30:00,2026-06-06,62,UNA01,BIO,0.0
2026-06-06 15:30:00,2026-06-06,62,CSF ORU,INT,54.28
2026-06-06 15:30:00,2026-06-06,62,CSF UYU,INT,39.35
2026-06-06 15:30:00,2026-06-06,62,CSF YUN,INT,0.0
2026-06-06 15:30:00,2026-06-06,62,CE EDO,INT,17.28
2026-06-06 15:30:00,2026-06-06,62,CE QOL,INT,7.4
2026-06-06 15:30:00,2026-06-06,62,CE SJU,INT,4.63
2026-06-06 15:30:00,2026-06-06,62,CE WAR,INT,0.78
2026-06-06 15:45:00,2026-06-06,63,ALT01,TER,0.0
2026-06-06 15:45:00,2026-06-06,63,ALT02,TER,0.0
2026-06-06 15:45:00,2026-06-06,63,ARJ01,TER,0.0
2026-06-06 15:45:00,2026-06-06,63,ARJ02,TER,0.0
2026-06-06 15:45:00,2026-06-06,63,ARJ03,TER,0.0
2026-06-06 15:45:00,2026-06-06,63,ARJ08,TER,0.03
2026-06-06 15:45:00,2026-06-06,63,ARJ09,TER,0.0
2026-06-06 15:45:00,2026-06-06,63,ARJ11,TER,0.0
2026-06-06 15:45:00,2026-06-06,63,ARJ12,TER,0.0
2026-06-06 15:45:00,2026-06-06,63,ARJ13,TER,0.0
2026-06-06 15:45:00,2026-06-06,63,ARJ14,TER,0.0
2026-06-06 15:45:00,2026-06-06,63,ARJ15,TER,0.0
2026-06-06 15:45:00,2026-06-06,63,BUL01,TER,0.0
2026-06-06 15:45:00,2026-06-06,63,BUL02,TER,0.0
2026-06-06 15:45:00,2026-06-06,63,BUL03,TER,0.0
2026-06-06 15:45:00,2026-06-06,63,CAR01,TER,0.0
2026-06-06 15:45:00,2026-06-06,63,CAR02,TER,0.0
2026-06-06 15:45:00,2026-06-06,63,CAR03,TER,0.0
2026-06-06 15:45:00,2026-06-06,63,ERI01,TER,0.0
2026-06-06 15:45:00,2026-06-06,63,ERI02,TER,0.0
2026-06-06 15:45:00,2026-06-06,63,ERI03,TER,0.0
2026-06-06 15:45:00,2026-06-06,63,ERI04,TER,0.0
2026-06-06 15:45:00,2026-06-06,63,ERI30,TER,35.51
2026-06-06 15:45:00,2026-06-06,63,ERI31,TER,41.14
2026-06-06 15:45:00,2026-06-06,63,ERI32,TER,41.1
2026-06-06 15:45:00,2026-06-06,63,ERI40,TER,0.01
2026-06-06 15:45:00,2026-06-06,63,ERI41,TER,0.0
2026-06-06 15:45:00,2026-06-06,63,ERI42,TER,0.0
2026-06-06 15:45:00,2026-06-06,63,ERI50,TER,36.38
2026-06-06 15:45:00,2026-06-06,63,ERI51,TER,40.72
2026-06-06 15:45:00,2026-06-06,63,ERI52,TER,40.74
2026-06-06 15:45:00,2026-06-06,63,GCH01,TER,0.0
2026-06-06 15:45:00,2026-06-06,63,GCH02,TER,0.0
2026-06-06 15:45:00,2026-06-06,63,GCH04,TER,0.0
2026-06-06 15:45:00,2026-06-06,63,GCH06,TER,0.0
2026-06-06 15:45:00,2026-06-06,63,GCH09,TER,0.0
2026-06-06 15:45:00,2026-06-06,63,GCH10,TER,50.39
2026-06-06 15:45:00,2026-06-06,63,GCH11,TER,0.0
2026-06-06 15:45:00,2026-06-06,63,GCH12,TER,36.97
2026-06-06 15:45:00,2026-06-06,63,MOS,TER,0.0
2026-06-06 15:45:00,2026-06-06,63,SCZ01,TER,0.0
2026-06-06 15:45:00,2026-06-06,63,SCZ02,TER,0.0
2026-06-06 15:45:00,2026-06-06,63,SUR10,TER,33.54
2026-06-06 15:45:00,2026-06-06,63,SUR11,TER,37.02
2026-06-06 15:45:00,2026-06-06,63,SUR12,TER,36.73
2026-06-06 15:45:00,2026-06-06,63,SUR20,TER,0.0
2026-06-06 15:45:00,2026-06-06,63,SUR21,TER,0.0
2026-06-06 15:45:00,2026-06-06,63,SUR22,TER,0.0
2026-06-06 15:45:00,2026-06-06,63,SUR30,TER,37.17
2026-06-06 15:45:00,2026-06-06,63,SUR31,TER,43.3
2026-06-06 15:45:00,2026-06-06,63,SUR32,TER,43.23
2026-06-06 15:45:00,2026-06-06,63,SUR40,TER,34.26
2026-06-06 15:45:00,2026-06-06,63,SUR41,TER,39.99
2026-06-06 15:45:00,2026-06-06,63,SUR42,TER,39.92
2026-06-06 15:45:00,2026-06-06,63,VHE01,TER,0.0
2026-06-06 15:45:00,2026-06-06,63,VHE02,TER,0.0
2026-06-06 15:45:00,2026-06-06,63,VHE03,TER,0.0
2026-06-06 15:45:00,2026-06-06,63,VHE04,TER,0.0
2026-06-06 15:45:00,2026-06-06,63,VHE05,TER,0.0
2026-06-06 15:45:00,2026-06-06,63,VHE06,TER,0.0
2026-06-06 15:45:00,2026-06-06,63,VHE07,TER,0.0
2026-06-06 15:45:00,2026-06-06,63,VHE08,TER,0.0
2026-06-06 15:45:00,2026-06-06,63,WAR05,TER,0.0
2026-06-06 15:45:00,2026-06-06,63,WAR10,TER,34.06
2026-06-06 15:45:00,2026-06-06,63,WAR11,TER,39.14
2026-06-06 15:45:00,2026-06-06,63,WAR12,TER,38.92
2026-06-06 15:45:00,2026-06-06,63,WAR20,TER,35.54
2026-06-06 15:45:00,2026-06-06,63,WAR21,TER,37.26
2026-06-06 15:45:00,2026-06-06,63,WAR22,TER,37.35
2026-06-06 15:45:00,2026-06-06,63,WAR30,TER,35.65
2026-06-06 15:45:00,2026-06-06,63,WAR31,TER,40.19
2026-06-06 15:45:00,2026-06-06,63,WAR32,TER,40.33
2026-06-06 15:45:00,2026-06-06,63,WAR40,TER,0.0
2026-06-06 15:45:00,2026-06-06,63,WAR41,TER,0.0
2026-06-06 15:45:00,2026-06-06,63,WAR42,TER,0.0
2026-06-06 15:45:00,2026-06-06,63,CH ZON,HID,1.0
2026-06-06 15:45:00,2026-06-06,63,CH TIQ,HID,1.5
2026-06-06 15:45:00,2026-06-06,63,CH BOT,HID,0.9
2026-06-06 15:45:00,2026-06-06,63,CH CUT,HID,6.8
2026-06-06 15:45:00,2026-06-06,63,CH SRO BA,HID,1.72
2026-06-06 15:45:00,2026-06-06,63,CH SRO AC,HID,3.51
2026-06-06 15:45:00,2026-06-06,63,CH SAI,HID,5.2
2026-06-06 15:45:00,2026-06-06,63,CH CHU,HID,8.0
2026-06-06 15:45:00,2026-06-06,63,CH HAR,HID,0.0
2026-06-06 15:45:00,2026-06-06,63,CH CAH,HID,10.0
2026-06-06 15:45:00,2026-06-06,63,CH HUA,HID,14.49
2026-06-06 15:45:00,2026-06-06,63,CH CHJ2,HID,0.0
2026-06-06 15:45:00,2026-06-06,63,CH YAN,HID,0.0
2026-06-06 15:45:00,2026-06-06,63,CH COR,HID,54.26
2026-06-06 15:45:00,2026-06-06,63,CH SIS,HID,85.76
2026-06-06 15:45:00,2026-06-06,63,CH SJS,HID,45.39
2026-06-06 15:45:00,2026-06-06,63,CH SJE,HID,39.73
2026-06-06 15:45:00,2026-06-06,63,CH MIS,HID,11.5
2026-06-06 15:45:00,2026-06-06,63,CH MIG,HID,0.0
2026-06-06 15:45:00,2026-06-06,63,CH ANG,HID,2.89
2026-06-06 15:45:00,2026-06-06,63,CH CHO,HID,3.55
2026-06-06 15:45:00,2026-06-06,63,CH CRB,HID,3.63
2026-06-06 15:45:00,2026-06-06,63,CH KIL,HID,0.0
2026-06-06 15:45:00,2026-06-06,63,CH LAN,HID,0.0
2026-06-06 15:45:00,2026-06-06,63,CH PUN,HID,0.0
2026-06-06 15:45:00,2026-06-06,63,CH KAN,HID,0.0
2026-06-06 15:45:00,2026-06-06,63,CH SJA,HID,0.0
2026-06-06 15:45:00,2026-06-06,63,AGU01,BIO,0.0
2026-06-06 15:45:00,2026-06-06,63,AGU02,BIO,0.0
2026-06-06 15:45:00,2026-06-06,63,GBE01,BIO,4.88
2026-06-06 15:45:00,2026-06-06,63,IAG01,BIO,0.0
2026-06-06 15:45:00,2026-06-06,63,UNA01,BIO,0.0
2026-06-06 15:45:00,2026-06-06,63,CSF ORU,INT,50.1
2026-06-06 15:45:00,2026-06-06,63,CSF UYU,INT,36.19
2026-06-06 15:45:00,2026-06-06,63,CSF YUN,INT,0.0
2026-06-06 15:45:00,2026-06-06,63,CE EDO,INT,19.6
2026-06-06 15:45:00,2026-06-06,63,CE QOL,INT,11.37
2026-06-06 15:45:00,2026-06-06,63,CE SJU,INT,1.9
2026-06-06 15:45:00,2026-06-06,63,CE WAR,INT,2.7
2026-06-06 16:00:00,2026-06-06,64,ALT01,TER,0.0
2026-06-06 16:00:00,2026-06-06,64,ALT02,TER,0.0
2026-06-06 16:00:00,2026-06-06,64,ARJ01,TER,0.0
2026-06-06 16:00:00,2026-06-06,64,ARJ02,TER,0.0
2026-06-06 16:00:00,2026-06-06,64,ARJ03,TER,0.0
2026-06-06 16:00:00,2026-06-06,64,ARJ08,TER,0.03
2026-06-06 16:00:00,2026-06-06,64,ARJ09,TER,0.0
2026-06-06 16:00:00,2026-06-06,64,ARJ11,TER,0.0
2026-06-06 16:00:00,2026-06-06,64,ARJ12,TER,0.0
2026-06-06 16:00:00,2026-06-06,64,ARJ13,TER,0.0
2026-06-06 16:00:00,2026-06-06,64,ARJ14,TER,0.0
2026-06-06 16:00:00,2026-06-06,64,ARJ15,TER,0.0
2026-06-06 16:00:00,2026-06-06,64,BUL01,TER,0.0
2026-06-06 16:00:00,2026-06-06,64,BUL02,TER,0.0
2026-06-06 16:00:00,2026-06-06,64,BUL03,TER,0.0
2026-06-06 16:00:00,2026-06-06,64,CAR01,TER,0.0
2026-06-06 16:00:00,2026-06-06,64,CAR02,TER,0.0
2026-06-06 16:00:00,2026-06-06,64,CAR03,TER,0.0
2026-06-06 16:00:00,2026-06-06,64,ERI01,TER,0.0
2026-06-06 16:00:00,2026-06-06,64,ERI02,TER,0.0
2026-06-06 16:00:00,2026-06-06,64,ERI03,TER,0.0
2026-06-06 16:00:00,2026-06-06,64,ERI04,TER,0.0
2026-06-06 16:00:00,2026-06-06,64,ERI30,TER,35.51
2026-06-06 16:00:00,2026-06-06,64,ERI31,TER,41.45
2026-06-06 16:00:00,2026-06-06,64,ERI32,TER,41.43
2026-06-06 16:00:00,2026-06-06,64,ERI40,TER,0.01
2026-06-06 16:00:00,2026-06-06,64,ERI41,TER,0.0
2026-06-06 16:00:00,2026-06-06,64,ERI42,TER,0.0
2026-06-06 16:00:00,2026-06-06,64,ERI50,TER,36.38
2026-06-06 16:00:00,2026-06-06,64,ERI51,TER,41.01
2026-06-06 16:00:00,2026-06-06,64,ERI52,TER,41.11
2026-06-06 16:00:00,2026-06-06,64,GCH01,TER,0.0
2026-06-06 16:00:00,2026-06-06,64,GCH02,TER,0.0
2026-06-06 16:00:00,2026-06-06,64,GCH04,TER,0.0
2026-06-06 16:00:00,2026-06-06,64,GCH06,TER,0.0
2026-06-06 16:00:00,2026-06-06,64,GCH09,TER,0.0
2026-06-06 16:00:00,2026-06-06,64,GCH10,TER,50.52
2026-06-06 16:00:00,2026-06-06,64,GCH11,TER,0.0
2026-06-06 16:00:00,2026-06-06,64,GCH12,TER,36.75
2026-06-06 16:00:00,2026-06-06,64,MOS,TER,0.0
2026-06-06 16:00:00,2026-06-06,64,SCZ01,TER,0.0
2026-06-06 16:00:00,2026-06-06,64,SCZ02,TER,0.0
2026-06-06 16:00:00,2026-06-06,64,SUR10,TER,33.8
2026-06-06 16:00:00,2026-06-06,64,SUR11,TER,37.15
2026-06-06 16:00:00,2026-06-06,64,SUR12,TER,36.96
2026-06-06 16:00:00,2026-06-06,64,SUR20,TER,0.0
2026-06-06 16:00:00,2026-06-06,64,SUR21,TER,0.0
2026-06-06 16:00:00,2026-06-06,64,SUR22,TER,0.0
2026-06-06 16:00:00,2026-06-06,64,SUR30,TER,37.02
2026-06-06 16:00:00,2026-06-06,64,SUR31,TER,43.13
2026-06-06 16:00:00,2026-06-06,64,SUR32,TER,43.24
2026-06-06 16:00:00,2026-06-06,64,SUR40,TER,34.37
2026-06-06 16:00:00,2026-06-06,64,SUR41,TER,40.2
2026-06-06 16:00:00,2026-06-06,64,SUR42,TER,40.18
2026-06-06 16:00:00,2026-06-06,64,VHE01,TER,0.0
2026-06-06 16:00:00,2026-06-06,64,VHE02,TER,0.0
2026-06-06 16:00:00,2026-06-06,64,VHE03,TER,0.0
2026-06-06 16:00:00,2026-06-06,64,VHE04,TER,0.0
2026-06-06 16:00:00,2026-06-06,64,VHE05,TER,0.0
2026-06-06 16:00:00,2026-06-06,64,VHE06,TER,0.0
2026-06-06 16:00:00,2026-06-06,64,VHE07,TER,0.0
2026-06-06 16:00:00,2026-06-06,64,VHE08,TER,0.0
2026-06-06 16:00:00,2026-06-06,64,WAR05,TER,0.0
2026-06-06 16:00:00,2026-06-06,64,WAR10,TER,33.88
2026-06-06 16:00:00,2026-06-06,64,WAR11,TER,38.77
2026-06-06 16:00:00,2026-06-06,64,WAR12,TER,38.85
2026-06-06 16:00:00,2026-06-06,64,WAR20,TER,35.62
2026-06-06 16:00:00,2026-06-06,64,WAR21,TER,37.27
2026-06-06 16:00:00,2026-06-06,64,WAR22,TER,37.64
2026-06-06 16:00:00,2026-06-06,64,WAR30,TER,35.95
2026-06-06 16:00:00,2026-06-06,64,WAR31,TER,40.4
2026-06-06 16:00:00,2026-06-06,64,WAR32,TER,40.59
2026-06-06 16:00:00,2026-06-06,64,WAR40,TER,0.0
2026-06-06 16:00:00,2026-06-06,64,WAR41,TER,0.0
2026-06-06 16:00:00,2026-06-06,64,WAR42,TER,0.0
2026-06-06 16:00:00,2026-06-06,64,CH ZON,HID,1.06
2026-06-06 16:00:00,2026-06-06,64,CH TIQ,HID,1.55
2026-06-06 16:00:00,2026-06-06,64,CH BOT,HID,1.22
2026-06-06 16:00:00,2026-06-06,64,CH CUT,HID,6.85
2026-06-06 16:00:00,2026-06-06,64,CH SRO BA,HID,1.79
2026-06-06 16:00:00,2026-06-06,64,CH SRO AC,HID,3.57
2026-06-06 16:00:00,2026-06-06,64,CH SAI,HID,5.24
2026-06-06 16:00:00,2026-06-06,64,CH CHU,HID,9.04
2026-06-06 16:00:00,2026-06-06,64,CH HAR,HID,0.0
2026-06-06 16:00:00,2026-06-06,64,CH CAH,HID,10.04
2026-06-06 16:00:00,2026-06-06,64,CH HUA,HID,15.59
2026-06-06 16:00:00,2026-06-06,64,CH CHJ2,HID,0.0
2026-06-06 16:00:00,2026-06-06,64,CH YAN,HID,0.0
2026-06-06 16:00:00,2026-06-06,64,CH COR,HID,54.65
2026-06-06 16:00:00,2026-06-06,64,CH SIS,HID,88.5
2026-06-06 16:00:00,2026-06-06,64,CH SJS,HID,46.21
2026-06-06 16:00:00,2026-06-06,64,CH SJE,HID,41.97
2026-06-06 16:00:00,2026-06-06,64,CH MIS,HID,11.5
2026-06-06 16:00:00,2026-06-06,64,CH MIG,HID,0.0
2026-06-06 16:00:00,2026-06-06,64,CH ANG,HID,2.9
2026-06-06 16:00:00,2026-06-06,64,CH CHO,HID,3.54
2026-06-06 16:00:00,2026-06-06,64,CH CRB,HID,3.63
2026-06-06 16:00:00,2026-06-06,64,CH KIL,HID,0.0
2026-06-06 16:00:00,2026-06-06,64,CH LAN,HID,0.0
2026-06-06 16:00:00,2026-06-06,64,CH PUN,HID,0.0
2026-06-06 16:00:00,2026-06-06,64,CH KAN,HID,0.0
2026-06-06 16:00:00,2026-06-06,64,CH SJA,HID,0.0
2026-06-06 16:00:00,2026-06-06,64,AGU01,BIO,0.0
2026-06-06 16:00:00,2026-06-06,64,AGU02,BIO,0.0
2026-06-06 16:00:00,2026-06-06,64,GBE01,BIO,5.46
2026-06-06 16:00:00,2026-06-06,64,IAG01,BIO,0.0
2026-06-06 16:00:00,2026-06-06,64,UNA01,BIO,0.0
2026-06-06 16:00:00,2026-06-06,64,CSF ORU,INT,45.37
2026-06-06 16:00:00,2026-06-06,64,CSF UYU,INT,32.28
2026-06-06 16:00:00,2026-06-06,64,CSF YUN,INT,0.0
2026-06-06 16:00:00,2026-06-06,64,CE EDO,INT,15.35
2026-06-06 16:00:00,2026-06-06,64,CE QOL,INT,8.21
2026-06-06 16:00:00,2026-06-06,64,CE SJU,INT,2.9
2026-06-06 16:00:00,2026-06-06,64,CE WAR,INT,1.78
2026-06-06 16:15:00,2026-06-06,65,ALT01,TER,0.0
2026-06-06 16:15:00,2026-06-06,65,ALT02,TER,0.0
2026-06-06 16:15:00,2026-06-06,65,ARJ01,TER,0.0
2026-06-06 16:15:00,2026-06-06,65,ARJ02,TER,0.0
2026-06-06 16:15:00,2026-06-06,65,ARJ03,TER,0.0
2026-06-06 16:15:00,2026-06-06,65,ARJ08,TER,0.04
2026-06-06 16:15:00,2026-06-06,65,ARJ09,TER,0.0
2026-06-06 16:15:00,2026-06-06,65,ARJ11,TER,0.0
2026-06-06 16:15:00,2026-06-06,65,ARJ12,TER,0.0
2026-06-06 16:15:00,2026-06-06,65,ARJ13,TER,0.0
2026-06-06 16:15:00,2026-06-06,65,ARJ14,TER,0.0
2026-06-06 16:15:00,2026-06-06,65,ARJ15,TER,0.0
2026-06-06 16:15:00,2026-06-06,65,BUL01,TER,0.0
2026-06-06 16:15:00,2026-06-06,65,BUL02,TER,0.0
2026-06-06 16:15:00,2026-06-06,65,BUL03,TER,0.0
2026-06-06 16:15:00,2026-06-06,65,CAR01,TER,0.0
2026-06-06 16:15:00,2026-06-06,65,CAR02,TER,0.0
2026-06-06 16:15:00,2026-06-06,65,CAR03,TER,0.0
2026-06-06 16:15:00,2026-06-06,65,ERI01,TER,0.0
2026-06-06 16:15:00,2026-06-06,65,ERI02,TER,0.0
2026-06-06 16:15:00,2026-06-06,65,ERI03,TER,0.0
2026-06-06 16:15:00,2026-06-06,65,ERI04,TER,0.0
2026-06-06 16:15:00,2026-06-06,65,ERI30,TER,35.32
2026-06-06 16:15:00,2026-06-06,65,ERI31,TER,41.29
2026-06-06 16:15:00,2026-06-06,65,ERI32,TER,41.4
2026-06-06 16:15:00,2026-06-06,65,ERI40,TER,0.01
2026-06-06 16:15:00,2026-06-06,65,ERI41,TER,0.0
2026-06-06 16:15:00,2026-06-06,65,ERI42,TER,0.0
2026-06-06 16:15:00,2026-06-06,65,ERI50,TER,36.27
2026-06-06 16:15:00,2026-06-06,65,ERI51,TER,40.93
2026-06-06 16:15:00,2026-06-06,65,ERI52,TER,40.98
2026-06-06 16:15:00,2026-06-06,65,GCH01,TER,0.0
2026-06-06 16:15:00,2026-06-06,65,GCH02,TER,0.0
2026-06-06 16:15:00,2026-06-06,65,GCH04,TER,0.0
2026-06-06 16:15:00,2026-06-06,65,GCH06,TER,0.0
2026-06-06 16:15:00,2026-06-06,65,GCH09,TER,0.0
2026-06-06 16:15:00,2026-06-06,65,GCH10,TER,49.69
2026-06-06 16:15:00,2026-06-06,65,GCH11,TER,0.0
2026-06-06 16:15:00,2026-06-06,65,GCH12,TER,36.86
2026-06-06 16:15:00,2026-06-06,65,MOS,TER,0.0
2026-06-06 16:15:00,2026-06-06,65,SCZ01,TER,0.0
2026-06-06 16:15:00,2026-06-06,65,SCZ02,TER,0.0
2026-06-06 16:15:00,2026-06-06,65,SUR10,TER,33.77
2026-06-06 16:15:00,2026-06-06,65,SUR11,TER,36.97
2026-06-06 16:15:00,2026-06-06,65,SUR12,TER,36.77
2026-06-06 16:15:00,2026-06-06,65,SUR20,TER,0.0
2026-06-06 16:15:00,2026-06-06,65,SUR21,TER,0.0
2026-06-06 16:15:00,2026-06-06,65,SUR22,TER,0.0
2026-06-06 16:15:00,2026-06-06,65,SUR30,TER,37.21
2026-06-06 16:15:00,2026-06-06,65,SUR31,TER,43.16
2026-06-06 16:15:00,2026-06-06,65,SUR32,TER,43.14
2026-06-06 16:15:00,2026-06-06,65,SUR40,TER,34.26
2026-06-06 16:15:00,2026-06-06,65,SUR41,TER,40.0
2026-06-06 16:15:00,2026-06-06,65,SUR42,TER,40.01
2026-06-06 16:15:00,2026-06-06,65,VHE01,TER,0.0
2026-06-06 16:15:00,2026-06-06,65,VHE02,TER,0.0
2026-06-06 16:15:00,2026-06-06,65,VHE03,TER,0.0
2026-06-06 16:15:00,2026-06-06,65,VHE04,TER,0.0
2026-06-06 16:15:00,2026-06-06,65,VHE05,TER,0.0
2026-06-06 16:15:00,2026-06-06,65,VHE06,TER,0.0
2026-06-06 16:15:00,2026-06-06,65,VHE07,TER,0.0
2026-06-06 16:15:00,2026-06-06,65,VHE08,TER,0.0
2026-06-06 16:15:00,2026-06-06,65,WAR05,TER,0.0
2026-06-06 16:15:00,2026-06-06,65,WAR10,TER,33.76
2026-06-06 16:15:00,2026-06-06,65,WAR11,TER,38.61
2026-06-06 16:15:00,2026-06-06,65,WAR12,TER,38.59
2026-06-06 16:15:00,2026-06-06,65,WAR20,TER,35.43
2026-06-06 16:15:00,2026-06-06,65,WAR21,TER,37.27
2026-06-06 16:15:00,2026-06-06,65,WAR22,TER,37.45
2026-06-06 16:15:00,2026-06-06,65,WAR30,TER,36.03
2026-06-06 16:15:00,2026-06-06,65,WAR31,TER,40.35
2026-06-06 16:15:00,2026-06-06,65,WAR32,TER,40.46
2026-06-06 16:15:00,2026-06-06,65,WAR40,TER,0.0
2026-06-06 16:15:00,2026-06-06,65,WAR41,TER,0.0
2026-06-06 16:15:00,2026-06-06,65,WAR42,TER,0.0
2026-06-06 16:15:00,2026-06-06,65,CH ZON,HID,1.0
2026-06-06 16:15:00,2026-06-06,65,CH TIQ,HID,1.5
2026-06-06 16:15:00,2026-06-06,65,CH BOT,HID,1.8
2026-06-06 16:15:00,2026-06-06,65,CH CUT,HID,6.59
2026-06-06 16:15:00,2026-06-06,65,CH SRO BA,HID,1.78
2026-06-06 16:15:00,2026-06-06,65,CH SRO AC,HID,3.49
2026-06-06 16:15:00,2026-06-06,65,CH SAI,HID,5.17
2026-06-06 16:15:00,2026-06-06,65,CH CHU,HID,9.01
2026-06-06 16:15:00,2026-06-06,65,CH HAR,HID,0.0
2026-06-06 16:15:00,2026-06-06,65,CH CAH,HID,10.0
2026-06-06 16:15:00,2026-06-06,65,CH HUA,HID,15.5
2026-06-06 16:15:00,2026-06-06,65,CH CHJ2,HID,0.0
2026-06-06 16:15:00,2026-06-06,65,CH YAN,HID,0.0
2026-06-06 16:15:00,2026-06-06,65,CH COR,HID,54.35
2026-06-06 16:15:00,2026-06-06,65,CH SIS,HID,88.16
2026-06-06 16:15:00,2026-06-06,65,CH SJS,HID,45.6
2026-06-06 16:15:00,2026-06-06,65,CH SJE,HID,53.8
2026-06-06 16:15:00,2026-06-06,65,CH MIS,HID,11.5
2026-06-06 16:15:00,2026-06-06,65,CH MIG,HID,0.0
2026-06-06 16:15:00,2026-06-06,65,CH ANG,HID,2.89
2026-06-06 16:15:00,2026-06-06,65,CH CHO,HID,3.54
2026-06-06 16:15:00,2026-06-06,65,CH CRB,HID,3.61
2026-06-06 16:15:00,2026-06-06,65,CH KIL,HID,0.0
2026-06-06 16:15:00,2026-06-06,65,CH LAN,HID,0.0
2026-06-06 16:15:00,2026-06-06,65,CH PUN,HID,0.0
2026-06-06 16:15:00,2026-06-06,65,CH KAN,HID,0.0
2026-06-06 16:15:00,2026-06-06,65,CH SJA,HID,0.0
2026-06-06 16:15:00,2026-06-06,65,AGU01,BIO,0.0
2026-06-06 16:15:00,2026-06-06,65,AGU02,BIO,0.0
2026-06-06 16:15:00,2026-06-06,65,GBE01,BIO,4.57
2026-06-06 16:15:00,2026-06-06,65,IAG01,BIO,0.0
2026-06-06 16:15:00,2026-06-06,65,UNA01,BIO,0.0
2026-06-06 16:15:00,2026-06-06,65,CSF ORU,INT,40.65
2026-06-06 16:15:00,2026-06-06,65,CSF UYU,INT,28.31
2026-06-06 16:15:00,2026-06-06,65,CSF YUN,INT,0.0
2026-06-06 16:15:00,2026-06-06,65,CE EDO,INT,17.2
2026-06-06 16:15:00,2026-06-06,65,CE QOL,INT,8.42
2026-06-06 16:15:00,2026-06-06,65,CE SJU,INT,3.21
2026-06-06 16:15:00,2026-06-06,65,CE WAR,INT,0.92
2026-06-06 16:30:00,2026-06-06,66,ALT01,TER,0.0
2026-06-06 16:30:00,2026-06-06,66,ALT02,TER,0.0
2026-06-06 16:30:00,2026-06-06,66,ARJ01,TER,0.0
2026-06-06 16:30:00,2026-06-06,66,ARJ02,TER,0.0
2026-06-06 16:30:00,2026-06-06,66,ARJ03,TER,0.0
2026-06-06 16:30:00,2026-06-06,66,ARJ08,TER,0.04
2026-06-06 16:30:00,2026-06-06,66,ARJ09,TER,0.0
2026-06-06 16:30:00,2026-06-06,66,ARJ11,TER,0.0
2026-06-06 16:30:00,2026-06-06,66,ARJ12,TER,0.0
2026-06-06 16:30:00,2026-06-06,66,ARJ13,TER,0.0
2026-06-06 16:30:00,2026-06-06,66,ARJ14,TER,0.0
2026-06-06 16:30:00,2026-06-06,66,ARJ15,TER,0.0
2026-06-06 16:30:00,2026-06-06,66,BUL01,TER,0.0
2026-06-06 16:30:00,2026-06-06,66,BUL02,TER,0.0
2026-06-06 16:30:00,2026-06-06,66,BUL03,TER,0.0
2026-06-06 16:30:00,2026-06-06,66,CAR01,TER,0.0
2026-06-06 16:30:00,2026-06-06,66,CAR02,TER,0.0
2026-06-06 16:30:00,2026-06-06,66,CAR03,TER,0.0
2026-06-06 16:30:00,2026-06-06,66,ERI01,TER,0.0
2026-06-06 16:30:00,2026-06-06,66,ERI02,TER,0.0
2026-06-06 16:30:00,2026-06-06,66,ERI03,TER,0.0
2026-06-06 16:30:00,2026-06-06,66,ERI04,TER,0.0
2026-06-06 16:30:00,2026-06-06,66,ERI30,TER,35.43
2026-06-06 16:30:00,2026-06-06,66,ERI31,TER,41.31
2026-06-06 16:30:00,2026-06-06,66,ERI32,TER,41.23
2026-06-06 16:30:00,2026-06-06,66,ERI40,TER,0.01
2026-06-06 16:30:00,2026-06-06,66,ERI41,TER,0.0
2026-06-06 16:30:00,2026-06-06,66,ERI42,TER,0.0
2026-06-06 16:30:00,2026-06-06,66,ERI50,TER,36.3
2026-06-06 16:30:00,2026-06-06,66,ERI51,TER,40.91
2026-06-06 16:30:00,2026-06-06,66,ERI52,TER,40.99
2026-06-06 16:30:00,2026-06-06,66,GCH01,TER,0.0
2026-06-06 16:30:00,2026-06-06,66,GCH02,TER,0.0
2026-06-06 16:30:00,2026-06-06,66,GCH04,TER,0.0
2026-06-06 16:30:00,2026-06-06,66,GCH06,TER,0.0
2026-06-06 16:30:00,2026-06-06,66,GCH09,TER,0.0
2026-06-06 16:30:00,2026-06-06,66,GCH10,TER,50.52
2026-06-06 16:30:00,2026-06-06,66,GCH11,TER,0.0
2026-06-06 16:30:00,2026-06-06,66,GCH12,TER,36.58
2026-06-06 16:30:00,2026-06-06,66,MOS,TER,0.0
2026-06-06 16:30:00,2026-06-06,66,SCZ01,TER,0.0
2026-06-06 16:30:00,2026-06-06,66,SCZ02,TER,0.0
2026-06-06 16:30:00,2026-06-06,66,SUR10,TER,33.88
2026-06-06 16:30:00,2026-06-06,66,SUR11,TER,36.87
2026-06-06 16:30:00,2026-06-06,66,SUR12,TER,36.72
2026-06-06 16:30:00,2026-06-06,66,SUR20,TER,0.0
2026-06-06 16:30:00,2026-06-06,66,SUR21,TER,0.0
2026-06-06 16:30:00,2026-06-06,66,SUR22,TER,0.0
2026-06-06 16:30:00,2026-06-06,66,SUR30,TER,37.17
2026-06-06 16:30:00,2026-06-06,66,SUR31,TER,43.07
2026-06-06 16:30:00,2026-06-06,66,SUR32,TER,43.24
2026-06-06 16:30:00,2026-06-06,66,SUR40,TER,34.48
2026-06-06 16:30:00,2026-06-06,66,SUR41,TER,40.01
2026-06-06 16:30:00,2026-06-06,66,SUR42,TER,39.89
2026-06-06 16:30:00,2026-06-06,66,VHE01,TER,0.0
2026-06-06 16:30:00,2026-06-06,66,VHE02,TER,0.0
2026-06-06 16:30:00,2026-06-06,66,VHE03,TER,0.0
2026-06-06 16:30:00,2026-06-06,66,VHE04,TER,0.0
2026-06-06 16:30:00,2026-06-06,66,VHE05,TER,0.0
2026-06-06 16:30:00,2026-06-06,66,VHE06,TER,0.0
2026-06-06 16:30:00,2026-06-06,66,VHE07,TER,0.0
2026-06-06 16:30:00,2026-06-06,66,VHE08,TER,0.0
2026-06-06 16:30:00,2026-06-06,66,WAR05,TER,0.0
2026-06-06 16:30:00,2026-06-06,66,WAR10,TER,33.69
2026-06-06 16:30:00,2026-06-06,66,WAR11,TER,38.71
2026-06-06 16:30:00,2026-06-06,66,WAR12,TER,38.67
2026-06-06 16:30:00,2026-06-06,66,WAR20,TER,35.51
2026-06-06 16:30:00,2026-06-06,66,WAR21,TER,37.24
2026-06-06 16:30:00,2026-06-06,66,WAR22,TER,37.49
2026-06-06 16:30:00,2026-06-06,66,WAR30,TER,35.8
2026-06-06 16:30:00,2026-06-06,66,WAR31,TER,40.4
2026-06-06 16:30:00,2026-06-06,66,WAR32,TER,40.5
2026-06-06 16:30:00,2026-06-06,66,WAR40,TER,0.0
2026-06-06 16:30:00,2026-06-06,66,WAR41,TER,0.0
2026-06-06 16:30:00,2026-06-06,66,WAR42,TER,0.0
2026-06-06 16:30:00,2026-06-06,66,CH ZON,HID,1.0
2026-06-06 16:30:00,2026-06-06,66,CH TIQ,HID,1.51
2026-06-06 16:30:00,2026-06-06,66,CH BOT,HID,1.94
2026-06-06 16:30:00,2026-06-06,66,CH CUT,HID,6.6
2026-06-06 16:30:00,2026-06-06,66,CH SRO BA,HID,1.79
2026-06-06 16:30:00,2026-06-06,66,CH SRO AC,HID,3.54
2026-06-06 16:30:00,2026-06-06,66,CH SAI,HID,5.22
2026-06-06 16:30:00,2026-06-06,66,CH CHU,HID,9.03
2026-06-06 16:30:00,2026-06-06,66,CH HAR,HID,0.0
2026-06-06 16:30:00,2026-06-06,66,CH CAH,HID,10.0
2026-06-06 16:30:00,2026-06-06,66,CH HUA,HID,15.48
2026-06-06 16:30:00,2026-06-06,66,CH CHJ2,HID,0.0
2026-06-06 16:30:00,2026-06-06,66,CH YAN,HID,0.0
2026-06-06 16:30:00,2026-06-06,66,CH COR,HID,54.43
2026-06-06 16:30:00,2026-06-06,66,CH SIS,HID,88.22
2026-06-06 16:30:00,2026-06-06,66,CH SJS,HID,45.8
2026-06-06 16:30:00,2026-06-06,66,CH SJE,HID,54.09
2026-06-06 16:30:00,2026-06-06,66,CH MIS,HID,11.5
2026-06-06 16:30:00,2026-06-06,66,CH MIG,HID,0.0
2026-06-06 16:30:00,2026-06-06,66,CH ANG,HID,2.89
2026-06-06 16:30:00,2026-06-06,66,CH CHO,HID,3.55
2026-06-06 16:30:00,2026-06-06,66,CH CRB,HID,3.63
2026-06-06 16:30:00,2026-06-06,66,CH KIL,HID,0.0
2026-06-06 16:30:00,2026-06-06,66,CH LAN,HID,0.0
2026-06-06 16:30:00,2026-06-06,66,CH PUN,HID,0.0
2026-06-06 16:30:00,2026-06-06,66,CH KAN,HID,0.0
2026-06-06 16:30:00,2026-06-06,66,CH SJA,HID,0.0
2026-06-06 16:30:00,2026-06-06,66,AGU01,BIO,0.0
2026-06-06 16:30:00,2026-06-06,66,AGU02,BIO,0.0
2026-06-06 16:30:00,2026-06-06,66,GBE01,BIO,5.18
2026-06-06 16:30:00,2026-06-06,66,IAG01,BIO,0.0
2026-06-06 16:30:00,2026-06-06,66,UNA01,BIO,0.0
2026-06-06 16:30:00,2026-06-06,66,CSF ORU,INT,35.01
2026-06-06 16:30:00,2026-06-06,66,CSF UYU,INT,23.89
2026-06-06 16:30:00,2026-06-06,66,CSF YUN,INT,0.0
2026-06-06 16:30:00,2026-06-06,66,CE EDO,INT,12.39
2026-06-06 16:30:00,2026-06-06,66,CE QOL,INT,10.66
2026-06-06 16:30:00,2026-06-06,66,CE SJU,INT,4.37
2026-06-06 16:30:00,2026-06-06,66,CE WAR,INT,0.75
2026-06-06 16:45:00,2026-06-06,67,ALT01,TER,0.0
2026-06-06 16:45:00,2026-06-06,67,ALT02,TER,0.0
2026-06-06 16:45:00,2026-06-06,67,ARJ01,TER,0.0
2026-06-06 16:45:00,2026-06-06,67,ARJ02,TER,0.0
2026-06-06 16:45:00,2026-06-06,67,ARJ03,TER,0.0
2026-06-06 16:45:00,2026-06-06,67,ARJ08,TER,0.04
2026-06-06 16:45:00,2026-06-06,67,ARJ09,TER,0.0
2026-06-06 16:45:00,2026-06-06,67,ARJ11,TER,0.0
2026-06-06 16:45:00,2026-06-06,67,ARJ12,TER,0.0
2026-06-06 16:45:00,2026-06-06,67,ARJ13,TER,0.0
2026-06-06 16:45:00,2026-06-06,67,ARJ14,TER,0.0
2026-06-06 16:45:00,2026-06-06,67,ARJ15,TER,0.0
2026-06-06 16:45:00,2026-06-06,67,BUL01,TER,0.0
2026-06-06 16:45:00,2026-06-06,67,BUL02,TER,0.0
2026-06-06 16:45:00,2026-06-06,67,BUL03,TER,0.0
2026-06-06 16:45:00,2026-06-06,67,CAR01,TER,0.0
2026-06-06 16:45:00,2026-06-06,67,CAR02,TER,0.0
2026-06-06 16:45:00,2026-06-06,67,CAR03,TER,0.0
2026-06-06 16:45:00,2026-06-06,67,ERI01,TER,0.0
2026-06-06 16:45:00,2026-06-06,67,ERI02,TER,0.0
2026-06-06 16:45:00,2026-06-06,67,ERI03,TER,0.0
2026-06-06 16:45:00,2026-06-06,67,ERI04,TER,0.0
2026-06-06 16:45:00,2026-06-06,67,ERI30,TER,35.35
2026-06-06 16:45:00,2026-06-06,67,ERI31,TER,41.3
2026-06-06 16:45:00,2026-06-06,67,ERI32,TER,41.3
2026-06-06 16:45:00,2026-06-06,67,ERI40,TER,-0.02
2026-06-06 16:45:00,2026-06-06,67,ERI41,TER,0.0
2026-06-06 16:45:00,2026-06-06,67,ERI42,TER,0.0
2026-06-06 16:45:00,2026-06-06,67,ERI50,TER,36.27
2026-06-06 16:45:00,2026-06-06,67,ERI51,TER,40.89
2026-06-06 16:45:00,2026-06-06,67,ERI52,TER,40.91
2026-06-06 16:45:00,2026-06-06,67,GCH01,TER,0.0
2026-06-06 16:45:00,2026-06-06,67,GCH02,TER,0.0
2026-06-06 16:45:00,2026-06-06,67,GCH04,TER,0.0
2026-06-06 16:45:00,2026-06-06,67,GCH06,TER,0.0
2026-06-06 16:45:00,2026-06-06,67,GCH09,TER,0.0
2026-06-06 16:45:00,2026-06-06,67,GCH10,TER,49.47
2026-06-06 16:45:00,2026-06-06,67,GCH11,TER,0.0
2026-06-06 16:45:00,2026-06-06,67,GCH12,TER,37.12
2026-06-06 16:45:00,2026-06-06,67,MOS,TER,0.0
2026-06-06 16:45:00,2026-06-06,67,SCZ01,TER,0.0
2026-06-06 16:45:00,2026-06-06,67,SCZ02,TER,0.0
2026-06-06 16:45:00,2026-06-06,67,SUR10,TER,33.77
2026-06-06 16:45:00,2026-06-06,67,SUR11,TER,36.82
2026-06-06 16:45:00,2026-06-06,67,SUR12,TER,36.69
2026-06-06 16:45:00,2026-06-06,67,SUR20,TER,0.0
2026-06-06 16:45:00,2026-06-06,67,SUR21,TER,0.0
2026-06-06 16:45:00,2026-06-06,67,SUR22,TER,0.0
2026-06-06 16:45:00,2026-06-06,67,SUR30,TER,37.1
2026-06-06 16:45:00,2026-06-06,67,SUR31,TER,43.24
2026-06-06 16:45:00,2026-06-06,67,SUR32,TER,43.31
2026-06-06 16:45:00,2026-06-06,67,SUR40,TER,34.18
2026-06-06 16:45:00,2026-06-06,67,SUR41,TER,40.08
2026-06-06 16:45:00,2026-06-06,67,SUR42,TER,39.92
2026-06-06 16:45:00,2026-06-06,67,VHE01,TER,0.0
2026-06-06 16:45:00,2026-06-06,67,VHE02,TER,0.0
2026-06-06 16:45:00,2026-06-06,67,VHE03,TER,0.0
2026-06-06 16:45:00,2026-06-06,67,VHE04,TER,0.0
2026-06-06 16:45:00,2026-06-06,67,VHE05,TER,0.0
2026-06-06 16:45:00,2026-06-06,67,VHE06,TER,0.0
2026-06-06 16:45:00,2026-06-06,67,VHE07,TER,0.0
2026-06-06 16:45:00,2026-06-06,67,VHE08,TER,0.0
2026-06-06 16:45:00,2026-06-06,67,WAR05,TER,0.0
2026-06-06 16:45:00,2026-06-06,67,WAR10,TER,33.76
2026-06-06 16:45:00,2026-06-06,67,WAR11,TER,38.58
2026-06-06 16:45:00,2026-06-06,67,WAR12,TER,38.55
2026-06-06 16:45:00,2026-06-06,67,WAR20,TER,35.35
2026-06-06 16:45:00,2026-06-06,67,WAR21,TER,37.49
2026-06-06 16:45:00,2026-06-06,67,WAR22,TER,37.66
2026-06-06 16:45:00,2026-06-06,67,WAR30,TER,35.88
2026-06-06 16:45:00,2026-06-06,67,WAR31,TER,40.16
2026-06-06 16:45:00,2026-06-06,67,WAR32,TER,40.23
2026-06-06 16:45:00,2026-06-06,67,WAR40,TER,0.0
2026-06-06 16:45:00,2026-06-06,67,WAR41,TER,0.0
2026-06-06 16:45:00,2026-06-06,67,WAR42,TER,0.0
2026-06-06 16:45:00,2026-06-06,67,CH ZON,HID,1.0
2026-06-06 16:45:00,2026-06-06,67,CH TIQ,HID,1.51
2026-06-06 16:45:00,2026-06-06,67,CH BOT,HID,1.9
2026-06-06 16:45:00,2026-06-06,67,CH CUT,HID,6.81
2026-06-06 16:45:00,2026-06-06,67,CH SRO BA,HID,1.78
2026-06-06 16:45:00,2026-06-06,67,CH SRO AC,HID,3.5
2026-06-06 16:45:00,2026-06-06,67,CH SAI,HID,4.8
2026-06-06 16:45:00,2026-06-06,67,CH CHU,HID,8.49
2026-06-06 16:45:00,2026-06-06,67,CH HAR,HID,0.0
2026-06-06 16:45:00,2026-06-06,67,CH CAH,HID,9.99
2026-06-06 16:45:00,2026-06-06,67,CH HUA,HID,15.49
2026-06-06 16:45:00,2026-06-06,67,CH CHJ2,HID,0.0
2026-06-06 16:45:00,2026-06-06,67,CH YAN,HID,0.0
2026-06-06 16:45:00,2026-06-06,67,CH COR,HID,60.76
2026-06-06 16:45:00,2026-06-06,67,CH SIS,HID,88.07
2026-06-06 16:45:00,2026-06-06,67,CH SJS,HID,44.35
2026-06-06 16:45:00,2026-06-06,67,CH SJE,HID,51.3
2026-06-06 16:45:00,2026-06-06,67,CH MIS,HID,11.5
2026-06-06 16:45:00,2026-06-06,67,CH MIG,HID,0.0
2026-06-06 16:45:00,2026-06-06,67,CH ANG,HID,2.89
2026-06-06 16:45:00,2026-06-06,67,CH CHO,HID,3.54
2026-06-06 16:45:00,2026-06-06,67,CH CRB,HID,3.61
2026-06-06 16:45:00,2026-06-06,67,CH KIL,HID,0.0
2026-06-06 16:45:00,2026-06-06,67,CH LAN,HID,0.0
2026-06-06 16:45:00,2026-06-06,67,CH PUN,HID,0.0
2026-06-06 16:45:00,2026-06-06,67,CH KAN,HID,6.48
2026-06-06 16:45:00,2026-06-06,67,CH SJA,HID,0.0
2026-06-06 16:45:00,2026-06-06,67,AGU01,BIO,0.0
2026-06-06 16:45:00,2026-06-06,67,AGU02,BIO,0.0
2026-06-06 16:45:00,2026-06-06,67,GBE01,BIO,5.1
2026-06-06 16:45:00,2026-06-06,67,IAG01,BIO,0.0
2026-06-06 16:45:00,2026-06-06,67,UNA01,BIO,0.0
2026-06-06 16:45:00,2026-06-06,67,CSF ORU,INT,29.17
2026-06-06 16:45:00,2026-06-06,67,CSF UYU,INT,18.41
2026-06-06 16:45:00,2026-06-06,67,CSF YUN,INT,0.0
2026-06-06 16:45:00,2026-06-06,67,CE EDO,INT,17.29
2026-06-06 16:45:00,2026-06-06,67,CE QOL,INT,11.56
2026-06-06 16:45:00,2026-06-06,67,CE SJU,INT,3.0
2026-06-06 16:45:00,2026-06-06,67,CE WAR,INT,1.64
2026-06-06 17:00:00,2026-06-06,68,ALT01,TER,0.0
2026-06-06 17:00:00,2026-06-06,68,ALT02,TER,0.0
2026-06-06 17:00:00,2026-06-06,68,ARJ01,TER,0.0
2026-06-06 17:00:00,2026-06-06,68,ARJ02,TER,0.0
2026-06-06 17:00:00,2026-06-06,68,ARJ03,TER,0.0
2026-06-06 17:00:00,2026-06-06,68,ARJ08,TER,0.04
2026-06-06 17:00:00,2026-06-06,68,ARJ09,TER,0.0
2026-06-06 17:00:00,2026-06-06,68,ARJ11,TER,0.0
2026-06-06 17:00:00,2026-06-06,68,ARJ12,TER,0.0
2026-06-06 17:00:00,2026-06-06,68,ARJ13,TER,0.0
2026-06-06 17:00:00,2026-06-06,68,ARJ14,TER,0.0
2026-06-06 17:00:00,2026-06-06,68,ARJ15,TER,0.0
2026-06-06 17:00:00,2026-06-06,68,BUL01,TER,0.0
2026-06-06 17:00:00,2026-06-06,68,BUL02,TER,0.0
2026-06-06 17:00:00,2026-06-06,68,BUL03,TER,0.0
2026-06-06 17:00:00,2026-06-06,68,CAR01,TER,0.0
2026-06-06 17:00:00,2026-06-06,68,CAR02,TER,0.0
2026-06-06 17:00:00,2026-06-06,68,CAR03,TER,0.0
2026-06-06 17:00:00,2026-06-06,68,ERI01,TER,0.0
2026-06-06 17:00:00,2026-06-06,68,ERI02,TER,0.0
2026-06-06 17:00:00,2026-06-06,68,ERI03,TER,0.0
2026-06-06 17:00:00,2026-06-06,68,ERI04,TER,0.0
2026-06-06 17:00:00,2026-06-06,68,ERI30,TER,35.51
2026-06-06 17:00:00,2026-06-06,68,ERI31,TER,41.98
2026-06-06 17:00:00,2026-06-06,68,ERI32,TER,42.03
2026-06-06 17:00:00,2026-06-06,68,ERI40,TER,0.01
2026-06-06 17:00:00,2026-06-06,68,ERI41,TER,0.0
2026-06-06 17:00:00,2026-06-06,68,ERI42,TER,0.0
2026-06-06 17:00:00,2026-06-06,68,ERI50,TER,36.53
2026-06-06 17:00:00,2026-06-06,68,ERI51,TER,41.6
2026-06-06 17:00:00,2026-06-06,68,ERI52,TER,41.65
2026-06-06 17:00:00,2026-06-06,68,GCH01,TER,0.0
2026-06-06 17:00:00,2026-06-06,68,GCH02,TER,0.0
2026-06-06 17:00:00,2026-06-06,68,GCH04,TER,0.0
2026-06-06 17:00:00,2026-06-06,68,GCH06,TER,0.0
2026-06-06 17:00:00,2026-06-06,68,GCH09,TER,0.0
2026-06-06 17:00:00,2026-06-06,68,GCH10,TER,50.88
2026-06-06 17:00:00,2026-06-06,68,GCH11,TER,0.0
2026-06-06 17:00:00,2026-06-06,68,GCH12,TER,37.09
2026-06-06 17:00:00,2026-06-06,68,MOS,TER,0.0
2026-06-06 17:00:00,2026-06-06,68,SCZ01,TER,0.0
2026-06-06 17:00:00,2026-06-06,68,SCZ02,TER,0.0
2026-06-06 17:00:00,2026-06-06,68,SUR10,TER,34.07
2026-06-06 17:00:00,2026-06-06,68,SUR11,TER,37.99
2026-06-06 17:00:00,2026-06-06,68,SUR12,TER,37.87
2026-06-06 17:00:00,2026-06-06,68,SUR20,TER,0.0
2026-06-06 17:00:00,2026-06-06,68,SUR21,TER,0.0
2026-06-06 17:00:00,2026-06-06,68,SUR22,TER,0.0
2026-06-06 17:00:00,2026-06-06,68,SUR30,TER,37.21
2026-06-06 17:00:00,2026-06-06,68,SUR31,TER,43.08
2026-06-06 17:00:00,2026-06-06,68,SUR32,TER,43.26
2026-06-06 17:00:00,2026-06-06,68,SUR40,TER,34.64
2026-06-06 17:00:00,2026-06-06,68,SUR41,TER,41.16
2026-06-06 17:00:00,2026-06-06,68,SUR42,TER,40.86
2026-06-06 17:00:00,2026-06-06,68,VHE01,TER,0.0
2026-06-06 17:00:00,2026-06-06,68,VHE02,TER,0.0
2026-06-06 17:00:00,2026-06-06,68,VHE03,TER,0.0
2026-06-06 17:00:00,2026-06-06,68,VHE04,TER,0.0
2026-06-06 17:00:00,2026-06-06,68,VHE05,TER,0.0
2026-06-06 17:00:00,2026-06-06,68,VHE06,TER,0.0
2026-06-06 17:00:00,2026-06-06,68,VHE07,TER,0.0
2026-06-06 17:00:00,2026-06-06,68,VHE08,TER,0.0
2026-06-06 17:00:00,2026-06-06,68,WAR05,TER,0.0
2026-06-06 17:00:00,2026-06-06,68,WAR10,TER,33.95
2026-06-06 17:00:00,2026-06-06,68,WAR11,TER,39.57
2026-06-06 17:00:00,2026-06-06,68,WAR12,TER,39.3
2026-06-06 17:00:00,2026-06-06,68,WAR20,TER,35.58
2026-06-06 17:00:00,2026-06-06,68,WAR21,TER,38.15
2026-06-06 17:00:00,2026-06-06,68,WAR22,TER,38.3
2026-06-06 17:00:00,2026-06-06,68,WAR30,TER,35.99
2026-06-06 17:00:00,2026-06-06,68,WAR31,TER,40.92
2026-06-06 17:00:00,2026-06-06,68,WAR32,TER,41.1
2026-06-06 17:00:00,2026-06-06,68,WAR40,TER,0.0
2026-06-06 17:00:00,2026-06-06,68,WAR41,TER,0.0
2026-06-06 17:00:00,2026-06-06,68,WAR42,TER,0.0
2026-06-06 17:00:00,2026-06-06,68,CH ZON,HID,1.17
2026-06-06 17:00:00,2026-06-06,68,CH TIQ,HID,1.66
2026-06-06 17:00:00,2026-06-06,68,CH BOT,HID,1.98
2026-06-06 17:00:00,2026-06-06,68,CH CUT,HID,6.97
2026-06-06 17:00:00,2026-06-06,68,CH SRO BA,HID,1.81
2026-06-06 17:00:00,2026-06-06,68,CH SRO AC,HID,3.63
2026-06-06 17:00:00,2026-06-06,68,CH SAI,HID,4.89
2026-06-06 17:00:00,2026-06-06,68,CH CHU,HID,8.65
2026-06-06 17:00:00,2026-06-06,68,CH HAR,HID,0.0
2026-06-06 17:00:00,2026-06-06,68,CH CAH,HID,10.21
2026-06-06 17:00:00,2026-06-06,68,CH HUA,HID,15.77
2026-06-06 17:00:00,2026-06-06,68,CH CHJ2,HID,0.0
2026-06-06 17:00:00,2026-06-06,68,CH YAN,HID,0.0
2026-06-06 17:00:00,2026-06-06,68,CH COR,HID,61.76
2026-06-06 17:00:00,2026-06-06,68,CH SIS,HID,89.29
2026-06-06 17:00:00,2026-06-06,68,CH SJS,HID,44.92
2026-06-06 17:00:00,2026-06-06,68,CH SJE,HID,51.7
2026-06-06 17:00:00,2026-06-06,68,CH MIS,HID,11.5
2026-06-06 17:00:00,2026-06-06,68,CH MIG,HID,1.03
2026-06-06 17:00:00,2026-06-06,68,CH ANG,HID,2.92
2026-06-06 17:00:00,2026-06-06,68,CH CHO,HID,3.54
2026-06-06 17:00:00,2026-06-06,68,CH CRB,HID,3.69
2026-06-06 17:00:00,2026-06-06,68,CH KIL,HID,0.0
2026-06-06 17:00:00,2026-06-06,68,CH LAN,HID,0.0
2026-06-06 17:00:00,2026-06-06,68,CH PUN,HID,0.0
2026-06-06 17:00:00,2026-06-06,68,CH KAN,HID,6.45
2026-06-06 17:00:00,2026-06-06,68,CH SJA,HID,0.0
2026-06-06 17:00:00,2026-06-06,68,AGU01,BIO,0.0
2026-06-06 17:00:00,2026-06-06,68,AGU02,BIO,0.0
2026-06-06 17:00:00,2026-06-06,68,GBE01,BIO,6.16
2026-06-06 17:00:00,2026-06-06,68,IAG01,BIO,0.0
2026-06-06 17:00:00,2026-06-06,68,UNA01,BIO,0.0
2026-06-06 17:00:00,2026-06-06,68,CSF ORU,INT,23.19
2026-06-06 17:00:00,2026-06-06,68,CSF UYU,INT,8.98
2026-06-06 17:00:00,2026-06-06,68,CSF YUN,INT,0.0
2026-06-06 17:00:00,2026-06-06,68,CE EDO,INT,13.45
2026-06-06 17:00:00,2026-06-06,68,CE QOL,INT,11.3
2026-06-06 17:00:00,2026-06-06,68,CE SJU,INT,1.68
2026-06-06 17:00:00,2026-06-06,68,CE WAR,INT,1.34
2026-06-06 17:15:00,2026-06-06,69,ALT01,TER,0.0
2026-06-06 17:15:00,2026-06-06,69,ALT02,TER,0.0
2026-06-06 17:15:00,2026-06-06,69,ARJ01,TER,0.0
2026-06-06 17:15:00,2026-06-06,69,ARJ02,TER,0.0
2026-06-06 17:15:00,2026-06-06,69,ARJ03,TER,0.0
2026-06-06 17:15:00,2026-06-06,69,ARJ08,TER,0.04
2026-06-06 17:15:00,2026-06-06,69,ARJ09,TER,0.0
2026-06-06 17:15:00,2026-06-06,69,ARJ11,TER,0.0
2026-06-06 17:15:00,2026-06-06,69,ARJ12,TER,0.0
2026-06-06 17:15:00,2026-06-06,69,ARJ13,TER,0.0
2026-06-06 17:15:00,2026-06-06,69,ARJ14,TER,0.0
2026-06-06 17:15:00,2026-06-06,69,ARJ15,TER,0.0
2026-06-06 17:15:00,2026-06-06,69,BUL01,TER,0.0
2026-06-06 17:15:00,2026-06-06,69,BUL02,TER,0.0
2026-06-06 17:15:00,2026-06-06,69,BUL03,TER,0.0
2026-06-06 17:15:00,2026-06-06,69,CAR01,TER,0.0
2026-06-06 17:15:00,2026-06-06,69,CAR02,TER,0.0
2026-06-06 17:15:00,2026-06-06,69,CAR03,TER,0.0
2026-06-06 17:15:00,2026-06-06,69,ERI01,TER,0.0
2026-06-06 17:15:00,2026-06-06,69,ERI02,TER,0.0
2026-06-06 17:15:00,2026-06-06,69,ERI03,TER,0.0
2026-06-06 17:15:00,2026-06-06,69,ERI04,TER,0.0
2026-06-06 17:15:00,2026-06-06,69,ERI30,TER,35.58
2026-06-06 17:15:00,2026-06-06,69,ERI31,TER,42.62
2026-06-06 17:15:00,2026-06-06,69,ERI32,TER,42.57
2026-06-06 17:15:00,2026-06-06,69,ERI40,TER,0.01
2026-06-06 17:15:00,2026-06-06,69,ERI41,TER,0.0
2026-06-06 17:15:00,2026-06-06,69,ERI42,TER,0.0
2026-06-06 17:15:00,2026-06-06,69,ERI50,TER,36.72
2026-06-06 17:15:00,2026-06-06,69,ERI51,TER,42.24
2026-06-06 17:15:00,2026-06-06,69,ERI52,TER,42.18
2026-06-06 17:15:00,2026-06-06,69,GCH01,TER,0.0
2026-06-06 17:15:00,2026-06-06,69,GCH02,TER,0.0
2026-06-06 17:15:00,2026-06-06,69,GCH04,TER,0.0
2026-06-06 17:15:00,2026-06-06,69,GCH06,TER,0.0
2026-06-06 17:15:00,2026-06-06,69,GCH09,TER,0.0
2026-06-06 17:15:00,2026-06-06,69,GCH10,TER,50.22
2026-06-06 17:15:00,2026-06-06,69,GCH11,TER,0.0
2026-06-06 17:15:00,2026-06-06,69,GCH12,TER,36.82
2026-06-06 17:15:00,2026-06-06,69,MOS,TER,0.0
2026-06-06 17:15:00,2026-06-06,69,SCZ01,TER,0.0
2026-06-06 17:15:00,2026-06-06,69,SCZ02,TER,0.0
2026-06-06 17:15:00,2026-06-06,69,SUR10,TER,34.18
2026-06-06 17:15:00,2026-06-06,69,SUR11,TER,38.55
2026-06-06 17:15:00,2026-06-06,69,SUR12,TER,38.3
2026-06-06 17:15:00,2026-06-06,69,SUR20,TER,0.0
2026-06-06 17:15:00,2026-06-06,69,SUR21,TER,0.0
2026-06-06 17:15:00,2026-06-06,69,SUR22,TER,0.0
2026-06-06 17:15:00,2026-06-06,69,SUR30,TER,36.91
2026-06-06 17:15:00,2026-06-06,69,SUR31,TER,43.44
2026-06-06 17:15:00,2026-06-06,69,SUR32,TER,43.22
2026-06-06 17:15:00,2026-06-06,69,SUR40,TER,34.82
2026-06-06 17:15:00,2026-06-06,69,SUR41,TER,41.57
2026-06-06 17:15:00,2026-06-06,69,SUR42,TER,41.68
2026-06-06 17:15:00,2026-06-06,69,VHE01,TER,0.0
2026-06-06 17:15:00,2026-06-06,69,VHE02,TER,0.0
2026-06-06 17:15:00,2026-06-06,69,VHE03,TER,0.0
2026-06-06 17:15:00,2026-06-06,69,VHE04,TER,0.0
2026-06-06 17:15:00,2026-06-06,69,VHE05,TER,0.0
2026-06-06 17:15:00,2026-06-06,69,VHE06,TER,0.0
2026-06-06 17:15:00,2026-06-06,69,VHE07,TER,0.0
2026-06-06 17:15:00,2026-06-06,69,VHE08,TER,0.0
2026-06-06 17:15:00,2026-06-06,69,WAR05,TER,0.0
2026-06-06 17:15:00,2026-06-06,69,WAR10,TER,33.99
2026-06-06 17:15:00,2026-06-06,69,WAR11,TER,39.97
2026-06-06 17:15:00,2026-06-06,69,WAR12,TER,40.01
2026-06-06 17:15:00,2026-06-06,69,WAR20,TER,35.77
2026-06-06 17:15:00,2026-06-06,69,WAR21,TER,38.61
2026-06-06 17:15:00,2026-06-06,69,WAR22,TER,38.79
2026-06-06 17:15:00,2026-06-06,69,WAR30,TER,36.41
2026-06-06 17:15:00,2026-06-06,69,WAR31,TER,41.52
2026-06-06 17:15:00,2026-06-06,69,WAR32,TER,41.43
2026-06-06 17:15:00,2026-06-06,69,WAR40,TER,0.0
2026-06-06 17:15:00,2026-06-06,69,WAR41,TER,0.0
2026-06-06 17:15:00,2026-06-06,69,WAR42,TER,0.0
2026-06-06 17:15:00,2026-06-06,69,CH ZON,HID,1.31
2026-06-06 17:15:00,2026-06-06,69,CH TIQ,HID,1.78
2026-06-06 17:15:00,2026-06-06,69,CH BOT,HID,2.0
2026-06-06 17:15:00,2026-06-06,69,CH CUT,HID,7.08
2026-06-06 17:15:00,2026-06-06,69,CH SRO BA,HID,1.82
2026-06-06 17:15:00,2026-06-06,69,CH SRO AC,HID,3.73
2026-06-06 17:15:00,2026-06-06,69,CH SAI,HID,4.97
2026-06-06 17:15:00,2026-06-06,69,CH CHU,HID,8.79
2026-06-06 17:15:00,2026-06-06,69,CH HAR,HID,0.0
2026-06-06 17:15:00,2026-06-06,69,CH CAH,HID,9.41
2026-06-06 17:15:00,2026-06-06,69,CH HUA,HID,15.89
2026-06-06 17:15:00,2026-06-06,69,CH CHJ2,HID,0.0
2026-06-06 17:15:00,2026-06-06,69,CH YAN,HID,0.0
2026-06-06 17:15:00,2026-06-06,69,CH COR,HID,62.2
2026-06-06 17:15:00,2026-06-06,69,CH SIS,HID,90.68
2026-06-06 17:15:00,2026-06-06,69,CH SJS,HID,45.36
2026-06-06 17:15:00,2026-06-06,69,CH SJE,HID,52.3
2026-06-06 17:15:00,2026-06-06,69,CH MIS,HID,11.5
2026-06-06 17:15:00,2026-06-06,69,CH MIG,HID,1.02
2026-06-06 17:15:00,2026-06-06,69,CH ANG,HID,2.95
2026-06-06 17:15:00,2026-06-06,69,CH CHO,HID,3.54
2026-06-06 17:15:00,2026-06-06,69,CH CRB,HID,3.73
2026-06-06 17:15:00,2026-06-06,69,CH KIL,HID,0.0
2026-06-06 17:15:00,2026-06-06,69,CH LAN,HID,0.0
2026-06-06 17:15:00,2026-06-06,69,CH PUN,HID,0.0
2026-06-06 17:15:00,2026-06-06,69,CH KAN,HID,6.46
2026-06-06 17:15:00,2026-06-06,69,CH SJA,HID,0.0
2026-06-06 17:15:00,2026-06-06,69,AGU01,BIO,0.0
2026-06-06 17:15:00,2026-06-06,69,AGU02,BIO,0.0
2026-06-06 17:15:00,2026-06-06,69,GBE01,BIO,6.56
2026-06-06 17:15:00,2026-06-06,69,IAG01,BIO,0.0
2026-06-06 17:15:00,2026-06-06,69,UNA01,BIO,0.0
2026-06-06 17:15:00,2026-06-06,69,CSF ORU,INT,16.8
2026-06-06 17:15:00,2026-06-06,69,CSF UYU,INT,5.39
2026-06-06 17:15:00,2026-06-06,69,CSF YUN,INT,0.0
2026-06-06 17:15:00,2026-06-06,69,CE EDO,INT,11.88
2026-06-06 17:15:00,2026-06-06,69,CE QOL,INT,10.34
2026-06-06 17:15:00,2026-06-06,69,CE SJU,INT,2.69
2026-06-06 17:15:00,2026-06-06,69,CE WAR,INT,1.42
2026-06-06 17:30:00,2026-06-06,70,ALT01,TER,0.0
2026-06-06 17:30:00,2026-06-06,70,ALT02,TER,0.0
2026-06-06 17:30:00,2026-06-06,70,ARJ01,TER,0.0
2026-06-06 17:30:00,2026-06-06,70,ARJ02,TER,0.0
2026-06-06 17:30:00,2026-06-06,70,ARJ03,TER,0.0
2026-06-06 17:30:00,2026-06-06,70,ARJ08,TER,0.02
2026-06-06 17:30:00,2026-06-06,70,ARJ09,TER,0.0
2026-06-06 17:30:00,2026-06-06,70,ARJ11,TER,0.0
2026-06-06 17:30:00,2026-06-06,70,ARJ12,TER,0.0
2026-06-06 17:30:00,2026-06-06,70,ARJ13,TER,0.0
2026-06-06 17:30:00,2026-06-06,70,ARJ14,TER,0.0
2026-06-06 17:30:00,2026-06-06,70,ARJ15,TER,0.0
2026-06-06 17:30:00,2026-06-06,70,BUL01,TER,0.0
2026-06-06 17:30:00,2026-06-06,70,BUL02,TER,0.0
2026-06-06 17:30:00,2026-06-06,70,BUL03,TER,0.0
2026-06-06 17:30:00,2026-06-06,70,CAR01,TER,0.0
2026-06-06 17:30:00,2026-06-06,70,CAR02,TER,0.0
2026-06-06 17:30:00,2026-06-06,70,CAR03,TER,0.0
2026-06-06 17:30:00,2026-06-06,70,ERI01,TER,0.0
2026-06-06 17:30:00,2026-06-06,70,ERI02,TER,0.0
2026-06-06 17:30:00,2026-06-06,70,ERI03,TER,0.0
2026-06-06 17:30:00,2026-06-06,70,ERI04,TER,0.0
2026-06-06 17:30:00,2026-06-06,70,ERI30,TER,35.05
2026-06-06 17:30:00,2026-06-06,70,ERI31,TER,40.67
2026-06-06 17:30:00,2026-06-06,70,ERI32,TER,40.61
2026-06-06 17:30:00,2026-06-06,70,ERI40,TER,0.01
2026-06-06 17:30:00,2026-06-06,70,ERI41,TER,0.0
2026-06-06 17:30:00,2026-06-06,70,ERI42,TER,0.0
2026-06-06 17:30:00,2026-06-06,70,ERI50,TER,36.08
2026-06-06 17:30:00,2026-06-06,70,ERI51,TER,40.33
2026-06-06 17:30:00,2026-06-06,70,ERI52,TER,40.31
2026-06-06 17:30:00,2026-06-06,70,GCH01,TER,0.0
2026-06-06 17:30:00,2026-06-06,70,GCH02,TER,0.0
2026-06-06 17:30:00,2026-06-06,70,GCH04,TER,0.0
2026-06-06 17:30:00,2026-06-06,70,GCH06,TER,0.0
2026-06-06 17:30:00,2026-06-06,70,GCH09,TER,0.0
2026-06-06 17:30:00,2026-06-06,70,GCH10,TER,49.95
2026-06-06 17:30:00,2026-06-06,70,GCH11,TER,0.0
2026-06-06 17:30:00,2026-06-06,70,GCH12,TER,36.91
2026-06-06 17:30:00,2026-06-06,70,MOS,TER,0.0
2026-06-06 17:30:00,2026-06-06,70,SCZ01,TER,0.0
2026-06-06 17:30:00,2026-06-06,70,SCZ02,TER,0.0
2026-06-06 17:30:00,2026-06-06,70,SUR10,TER,33.58
2026-06-06 17:30:00,2026-06-06,70,SUR11,TER,36.87
2026-06-06 17:30:00,2026-06-06,70,SUR12,TER,36.72
2026-06-06 17:30:00,2026-06-06,70,SUR20,TER,0.0
2026-06-06 17:30:00,2026-06-06,70,SUR21,TER,0.0
2026-06-06 17:30:00,2026-06-06,70,SUR22,TER,0.0
2026-06-06 17:30:00,2026-06-06,70,SUR30,TER,37.32
2026-06-06 17:30:00,2026-06-06,70,SUR31,TER,43.11
2026-06-06 17:30:00,2026-06-06,70,SUR32,TER,43.31
2026-06-06 17:30:00,2026-06-06,70,SUR40,TER,34.18
2026-06-06 17:30:00,2026-06-06,70,SUR41,TER,39.68
2026-06-06 17:30:00,2026-06-06,70,SUR42,TER,39.71
2026-06-06 17:30:00,2026-06-06,70,VHE01,TER,0.0
2026-06-06 17:30:00,2026-06-06,70,VHE02,TER,0.0
2026-06-06 17:30:00,2026-06-06,70,VHE03,TER,0.0
2026-06-06 17:30:00,2026-06-06,70,VHE04,TER,0.0
2026-06-06 17:30:00,2026-06-06,70,VHE05,TER,0.0
2026-06-06 17:30:00,2026-06-06,70,VHE06,TER,0.0
2026-06-06 17:30:00,2026-06-06,70,VHE07,TER,0.0
2026-06-06 17:30:00,2026-06-06,70,VHE08,TER,0.0
2026-06-06 17:30:00,2026-06-06,70,WAR05,TER,36.33
2026-06-06 17:30:00,2026-06-06,70,WAR10,TER,33.57
2026-06-06 17:30:00,2026-06-06,70,WAR11,TER,38.24
2026-06-06 17:30:00,2026-06-06,70,WAR12,TER,38.26
2026-06-06 17:30:00,2026-06-06,70,WAR20,TER,35.2
2026-06-06 17:30:00,2026-06-06,70,WAR21,TER,36.79
2026-06-06 17:30:00,2026-06-06,70,WAR22,TER,37.14
2026-06-06 17:30:00,2026-06-06,70,WAR30,TER,35.5
2026-06-06 17:30:00,2026-06-06,70,WAR31,TER,39.72
2026-06-06 17:30:00,2026-06-06,70,WAR32,TER,39.84
2026-06-06 17:30:00,2026-06-06,70,WAR40,TER,0.0
2026-06-06 17:30:00,2026-06-06,70,WAR41,TER,0.0
2026-06-06 17:30:00,2026-06-06,70,WAR42,TER,0.0
2026-06-06 17:30:00,2026-06-06,70,CH ZON,HID,1.99
2026-06-06 17:30:00,2026-06-06,70,CH TIQ,HID,1.49
2026-06-06 17:30:00,2026-06-06,70,CH BOT,HID,1.89
2026-06-06 17:30:00,2026-06-06,70,CH CUT,HID,6.18
2026-06-06 17:30:00,2026-06-06,70,CH SRO BA,HID,1.8
2026-06-06 17:30:00,2026-06-06,70,CH SRO AC,HID,3.47
2026-06-06 17:30:00,2026-06-06,70,CH SAI,HID,4.76
2026-06-06 17:30:00,2026-06-06,70,CH CHU,HID,8.48
2026-06-06 17:30:00,2026-06-06,70,CH HAR,HID,0.0
2026-06-06 17:30:00,2026-06-06,70,CH CAH,HID,8.97
2026-06-06 17:30:00,2026-06-06,70,CH HUA,HID,15.49
2026-06-06 17:30:00,2026-06-06,70,CH CHJ2,HID,0.0
2026-06-06 17:30:00,2026-06-06,70,CH YAN,HID,26.0
2026-06-06 17:30:00,2026-06-06,70,CH COR,HID,57.03
2026-06-06 17:30:00,2026-06-06,70,CH SIS,HID,88.69
2026-06-06 17:30:00,2026-06-06,70,CH SJS,HID,44.26
2026-06-06 17:30:00,2026-06-06,70,CH SJE,HID,50.42
2026-06-06 17:30:00,2026-06-06,70,CH MIS,HID,11.5
2026-06-06 17:30:00,2026-06-06,70,CH MIG,HID,1.02
2026-06-06 17:30:00,2026-06-06,70,CH ANG,HID,2.88
2026-06-06 17:30:00,2026-06-06,70,CH CHO,HID,3.54
2026-06-06 17:30:00,2026-06-06,70,CH CRB,HID,3.67
2026-06-06 17:30:00,2026-06-06,70,CH KIL,HID,0.0
2026-06-06 17:30:00,2026-06-06,70,CH LAN,HID,0.0
2026-06-06 17:30:00,2026-06-06,70,CH PUN,HID,0.0
2026-06-06 17:30:00,2026-06-06,70,CH KAN,HID,6.42
2026-06-06 17:30:00,2026-06-06,70,CH SJA,HID,0.0
2026-06-06 17:30:00,2026-06-06,70,AGU01,BIO,0.0
2026-06-06 17:30:00,2026-06-06,70,AGU02,BIO,0.0
2026-06-06 17:30:00,2026-06-06,70,GBE01,BIO,4.2
2026-06-06 17:30:00,2026-06-06,70,IAG01,BIO,0.0
2026-06-06 17:30:00,2026-06-06,70,UNA01,BIO,0.0
2026-06-06 17:30:00,2026-06-06,70,CSF ORU,INT,7.54
2026-06-06 17:30:00,2026-06-06,70,CSF UYU,INT,2.29
2026-06-06 17:30:00,2026-06-06,70,CSF YUN,INT,0.0
2026-06-06 17:30:00,2026-06-06,70,CE EDO,INT,11.49
2026-06-06 17:30:00,2026-06-06,70,CE QOL,INT,9.75
2026-06-06 17:30:00,2026-06-06,70,CE SJU,INT,3.65
2026-06-06 17:30:00,2026-06-06,70,CE WAR,INT,1.2
2026-06-06 17:45:00,2026-06-06,71,ALT01,TER,0.0
2026-06-06 17:45:00,2026-06-06,71,ALT02,TER,0.0
2026-06-06 17:45:00,2026-06-06,71,ARJ01,TER,0.0
2026-06-06 17:45:00,2026-06-06,71,ARJ02,TER,0.0
2026-06-06 17:45:00,2026-06-06,71,ARJ03,TER,0.0
2026-06-06 17:45:00,2026-06-06,71,ARJ08,TER,0.04
2026-06-06 17:45:00,2026-06-06,71,ARJ09,TER,0.0
2026-06-06 17:45:00,2026-06-06,71,ARJ11,TER,0.0
2026-06-06 17:45:00,2026-06-06,71,ARJ12,TER,0.0
2026-06-06 17:45:00,2026-06-06,71,ARJ13,TER,0.0
2026-06-06 17:45:00,2026-06-06,71,ARJ14,TER,0.0
2026-06-06 17:45:00,2026-06-06,71,ARJ15,TER,0.0
2026-06-06 17:45:00,2026-06-06,71,BUL01,TER,0.0
2026-06-06 17:45:00,2026-06-06,71,BUL02,TER,0.0
2026-06-06 17:45:00,2026-06-06,71,BUL03,TER,0.0
2026-06-06 17:45:00,2026-06-06,71,CAR01,TER,0.0
2026-06-06 17:45:00,2026-06-06,71,CAR02,TER,0.0
2026-06-06 17:45:00,2026-06-06,71,CAR03,TER,0.0
2026-06-06 17:45:00,2026-06-06,71,ERI01,TER,0.0
2026-06-06 17:45:00,2026-06-06,71,ERI02,TER,0.0
2026-06-06 17:45:00,2026-06-06,71,ERI03,TER,0.0
2026-06-06 17:45:00,2026-06-06,71,ERI04,TER,0.0
2026-06-06 17:45:00,2026-06-06,71,ERI30,TER,35.05
2026-06-06 17:45:00,2026-06-06,71,ERI31,TER,40.85
2026-06-06 17:45:00,2026-06-06,71,ERI32,TER,40.89
2026-06-06 17:45:00,2026-06-06,71,ERI40,TER,0.01
2026-06-06 17:45:00,2026-06-06,71,ERI41,TER,0.0
2026-06-06 17:45:00,2026-06-06,71,ERI42,TER,0.0
2026-06-06 17:45:00,2026-06-06,71,ERI50,TER,36.11
2026-06-06 17:45:00,2026-06-06,71,ERI51,TER,40.46
2026-06-06 17:45:00,2026-06-06,71,ERI52,TER,40.55
2026-06-06 17:45:00,2026-06-06,71,GCH01,TER,0.0
2026-06-06 17:45:00,2026-06-06,71,GCH02,TER,0.0
2026-06-06 17:45:00,2026-06-06,71,GCH04,TER,0.0
2026-06-06 17:45:00,2026-06-06,71,GCH06,TER,0.0
2026-06-06 17:45:00,2026-06-06,71,GCH09,TER,0.0
2026-06-06 17:45:00,2026-06-06,71,GCH10,TER,50.52
2026-06-06 17:45:00,2026-06-06,71,GCH11,TER,0.0
2026-06-06 17:45:00,2026-06-06,71,GCH12,TER,37.04
2026-06-06 17:45:00,2026-06-06,71,MOS,TER,0.0
2026-06-06 17:45:00,2026-06-06,71,SCZ01,TER,0.0
2026-06-06 17:45:00,2026-06-06,71,SCZ02,TER,0.0
2026-06-06 17:45:00,2026-06-06,71,SUR10,TER,33.69
2026-06-06 17:45:00,2026-06-06,71,SUR11,TER,36.94
2026-06-06 17:45:00,2026-06-06,71,SUR12,TER,36.85
2026-06-06 17:45:00,2026-06-06,71,SUR20,TER,0.0
2026-06-06 17:45:00,2026-06-06,71,SUR21,TER,0.0
2026-06-06 17:45:00,2026-06-06,71,SUR22,TER,0.0
2026-06-06 17:45:00,2026-06-06,71,SUR30,TER,37.1
2026-06-06 17:45:00,2026-06-06,71,SUR31,TER,43.19
2026-06-06 17:45:00,2026-06-06,71,SUR32,TER,43.38
2026-06-06 17:45:00,2026-06-06,71,SUR40,TER,34.45
2026-06-06 17:45:00,2026-06-06,71,SUR41,TER,39.84
2026-06-06 17:45:00,2026-06-06,71,SUR42,TER,39.89
2026-06-06 17:45:00,2026-06-06,71,VHE01,TER,0.0
2026-06-06 17:45:00,2026-06-06,71,VHE02,TER,0.0
2026-06-06 17:45:00,2026-06-06,71,VHE03,TER,0.0
2026-06-06 17:45:00,2026-06-06,71,VHE04,TER,0.0
2026-06-06 17:45:00,2026-06-06,71,VHE05,TER,0.0
2026-06-06 17:45:00,2026-06-06,71,VHE06,TER,0.0
2026-06-06 17:45:00,2026-06-06,71,VHE07,TER,0.0
2026-06-06 17:45:00,2026-06-06,71,VHE08,TER,0.0
2026-06-06 17:45:00,2026-06-06,71,WAR05,TER,37.67
2026-06-06 17:45:00,2026-06-06,71,WAR10,TER,33.69
2026-06-06 17:45:00,2026-06-06,71,WAR11,TER,38.3
2026-06-06 17:45:00,2026-06-06,71,WAR12,TER,38.19
2026-06-06 17:45:00,2026-06-06,71,WAR20,TER,35.35
2026-06-06 17:45:00,2026-06-06,71,WAR21,TER,37.0
2026-06-06 17:45:00,2026-06-06,71,WAR22,TER,37.22
2026-06-06 17:45:00,2026-06-06,71,WAR30,TER,35.84
2026-06-06 17:45:00,2026-06-06,71,WAR31,TER,39.77
2026-06-06 17:45:00,2026-06-06,71,WAR32,TER,39.82
2026-06-06 17:45:00,2026-06-06,71,WAR40,TER,0.0
2026-06-06 17:45:00,2026-06-06,71,WAR41,TER,0.0
2026-06-06 17:45:00,2026-06-06,71,WAR42,TER,0.0
2026-06-06 17:45:00,2026-06-06,71,CH ZON,HID,1.96
2026-06-06 17:45:00,2026-06-06,71,CH TIQ,HID,1.48
2026-06-06 17:45:00,2026-06-06,71,CH BOT,HID,1.89
2026-06-06 17:45:00,2026-06-06,71,CH CUT,HID,11.16
2026-06-06 17:45:00,2026-06-06,71,CH SRO BA,HID,1.77
2026-06-06 17:45:00,2026-06-06,71,CH SRO AC,HID,7.48
2026-06-06 17:45:00,2026-06-06,71,CH SAI,HID,5.26
2026-06-06 17:45:00,2026-06-06,71,CH CHU,HID,8.52
2026-06-06 17:45:00,2026-06-06,71,CH HAR,HID,0.0
2026-06-06 17:45:00,2026-06-06,71,CH CAH,HID,9.0
2026-06-06 17:45:00,2026-06-06,71,CH HUA,HID,15.52
2026-06-06 17:45:00,2026-06-06,71,CH CHJ2,HID,0.0
2026-06-06 17:45:00,2026-06-06,71,CH YAN,HID,26.1
2026-06-06 17:45:00,2026-06-06,71,CH COR,HID,54.6
2026-06-06 17:45:00,2026-06-06,71,CH SIS,HID,88.66
2026-06-06 17:45:00,2026-06-06,71,CH SJS,HID,45.01
2026-06-06 17:45:00,2026-06-06,71,CH SJE,HID,52.97
2026-06-06 17:45:00,2026-06-06,71,CH MIS,HID,11.5
2026-06-06 17:45:00,2026-06-06,71,CH MIG,HID,2.41
2026-06-06 17:45:00,2026-06-06,71,CH ANG,HID,2.89
2026-06-06 17:45:00,2026-06-06,71,CH CHO,HID,3.54
2026-06-06 17:45:00,2026-06-06,71,CH CRB,HID,3.69
2026-06-06 17:45:00,2026-06-06,71,CH KIL,HID,0.0
2026-06-06 17:45:00,2026-06-06,71,CH LAN,HID,0.0
2026-06-06 17:45:00,2026-06-06,71,CH PUN,HID,0.0
2026-06-06 17:45:00,2026-06-06,71,CH KAN,HID,6.41
2026-06-06 17:45:00,2026-06-06,71,CH SJA,HID,0.0
2026-06-06 17:45:00,2026-06-06,71,AGU01,BIO,0.0
2026-06-06 17:45:00,2026-06-06,71,AGU02,BIO,0.0
2026-06-06 17:45:00,2026-06-06,71,GBE01,BIO,4.52
2026-06-06 17:45:00,2026-06-06,71,IAG01,BIO,0.0
2026-06-06 17:45:00,2026-06-06,71,UNA01,BIO,0.0
2026-06-06 17:45:00,2026-06-06,71,CSF ORU,INT,2.99
2026-06-06 17:45:00,2026-06-06,71,CSF UYU,INT,-0.06
2026-06-06 17:45:00,2026-06-06,71,CSF YUN,INT,0.0
2026-06-06 17:45:00,2026-06-06,71,CE EDO,INT,16.21
2026-06-06 17:45:00,2026-06-06,71,CE QOL,INT,9.95
2026-06-06 17:45:00,2026-06-06,71,CE SJU,INT,3.56
2026-06-06 17:45:00,2026-06-06,71,CE WAR,INT,1.28
2026-06-06 18:00:00,2026-06-06,72,ALT01,TER,0.0
2026-06-06 18:00:00,2026-06-06,72,ALT02,TER,0.0
2026-06-06 18:00:00,2026-06-06,72,ARJ01,TER,0.0
2026-06-06 18:00:00,2026-06-06,72,ARJ02,TER,0.0
2026-06-06 18:00:00,2026-06-06,72,ARJ03,TER,0.0
2026-06-06 18:00:00,2026-06-06,72,ARJ08,TER,0.04
2026-06-06 18:00:00,2026-06-06,72,ARJ09,TER,0.0
2026-06-06 18:00:00,2026-06-06,72,ARJ11,TER,0.0
2026-06-06 18:00:00,2026-06-06,72,ARJ12,TER,0.0
2026-06-06 18:00:00,2026-06-06,72,ARJ13,TER,0.0
2026-06-06 18:00:00,2026-06-06,72,ARJ14,TER,0.0
2026-06-06 18:00:00,2026-06-06,72,ARJ15,TER,0.0
2026-06-06 18:00:00,2026-06-06,72,BUL01,TER,0.0
2026-06-06 18:00:00,2026-06-06,72,BUL02,TER,0.0
2026-06-06 18:00:00,2026-06-06,72,BUL03,TER,0.0
2026-06-06 18:00:00,2026-06-06,72,CAR01,TER,0.0
2026-06-06 18:00:00,2026-06-06,72,CAR02,TER,0.0
2026-06-06 18:00:00,2026-06-06,72,CAR03,TER,0.0
2026-06-06 18:00:00,2026-06-06,72,ERI01,TER,0.0
2026-06-06 18:00:00,2026-06-06,72,ERI02,TER,0.0
2026-06-06 18:00:00,2026-06-06,72,ERI03,TER,0.0
2026-06-06 18:00:00,2026-06-06,72,ERI04,TER,0.0
2026-06-06 18:00:00,2026-06-06,72,ERI30,TER,35.2
2026-06-06 18:00:00,2026-06-06,72,ERI31,TER,41.08
2026-06-06 18:00:00,2026-06-06,72,ERI32,TER,41.26
2026-06-06 18:00:00,2026-06-06,72,ERI40,TER,0.01
2026-06-06 18:00:00,2026-06-06,72,ERI41,TER,0.0
2026-06-06 18:00:00,2026-06-06,72,ERI42,TER,0.0
2026-06-06 18:00:00,2026-06-06,72,ERI50,TER,36.3
2026-06-06 18:00:00,2026-06-06,72,ERI51,TER,40.76
2026-06-06 18:00:00,2026-06-06,72,ERI52,TER,40.89
2026-06-06 18:00:00,2026-06-06,72,GCH01,TER,0.0
2026-06-06 18:00:00,2026-06-06,72,GCH02,TER,0.0
2026-06-06 18:00:00,2026-06-06,72,GCH04,TER,0.0
2026-06-06 18:00:00,2026-06-06,72,GCH06,TER,0.0
2026-06-06 18:00:00,2026-06-06,72,GCH09,TER,0.0
2026-06-06 18:00:00,2026-06-06,72,GCH10,TER,49.83
2026-06-06 18:00:00,2026-06-06,72,GCH11,TER,0.0
2026-06-06 18:00:00,2026-06-06,72,GCH12,TER,37.01
2026-06-06 18:00:00,2026-06-06,72,MOS,TER,0.0
2026-06-06 18:00:00,2026-06-06,72,SCZ01,TER,0.0
2026-06-06 18:00:00,2026-06-06,72,SCZ02,TER,0.0
2026-06-06 18:00:00,2026-06-06,72,SUR10,TER,33.8
2026-06-06 18:00:00,2026-06-06,72,SUR11,TER,36.93
2026-06-06 18:00:00,2026-06-06,72,SUR12,TER,36.91
2026-06-06 18:00:00,2026-06-06,72,SUR20,TER,0.0
2026-06-06 18:00:00,2026-06-06,72,SUR21,TER,0.0
2026-06-06 18:00:00,2026-06-06,72,SUR22,TER,0.0
2026-06-06 18:00:00,2026-06-06,72,SUR30,TER,37.17
2026-06-06 18:00:00,2026-06-06,72,SUR31,TER,43.29
2026-06-06 18:00:00,2026-06-06,72,SUR32,TER,43.23
2026-06-06 18:00:00,2026-06-06,72,SUR40,TER,34.3
2026-06-06 18:00:00,2026-06-06,72,SUR41,TER,40.25
2026-06-06 18:00:00,2026-06-06,72,SUR42,TER,40.35
2026-06-06 18:00:00,2026-06-06,72,VHE01,TER,0.0
2026-06-06 18:00:00,2026-06-06,72,VHE02,TER,0.0
2026-06-06 18:00:00,2026-06-06,72,VHE03,TER,0.0
2026-06-06 18:00:00,2026-06-06,72,VHE04,TER,0.0
2026-06-06 18:00:00,2026-06-06,72,VHE05,TER,0.0
2026-06-06 18:00:00,2026-06-06,72,VHE06,TER,0.0
2026-06-06 18:00:00,2026-06-06,72,VHE07,TER,0.0
2026-06-06 18:00:00,2026-06-06,72,VHE08,TER,0.0
2026-06-06 18:00:00,2026-06-06,72,WAR05,TER,37.73
2026-06-06 18:00:00,2026-06-06,72,WAR10,TER,33.76
2026-06-06 18:00:00,2026-06-06,72,WAR11,TER,38.39
2026-06-06 18:00:00,2026-06-06,72,WAR12,TER,38.33
2026-06-06 18:00:00,2026-06-06,72,WAR20,TER,35.54
2026-06-06 18:00:00,2026-06-06,72,WAR21,TER,37.0
2026-06-06 18:00:00,2026-06-06,72,WAR22,TER,37.44
2026-06-06 18:00:00,2026-06-06,72,WAR30,TER,35.8
2026-06-06 18:00:00,2026-06-06,72,WAR31,TER,39.99
2026-06-06 18:00:00,2026-06-06,72,WAR32,TER,40.14
2026-06-06 18:00:00,2026-06-06,72,WAR40,TER,0.0
2026-06-06 18:00:00,2026-06-06,72,WAR41,TER,0.0
2026-06-06 18:00:00,2026-06-06,72,WAR42,TER,0.0
2026-06-06 18:00:00,2026-06-06,72,CH ZON,HID,6.0
2026-06-06 18:00:00,2026-06-06,72,CH TIQ,HID,7.01
2026-06-06 18:00:00,2026-06-06,72,CH BOT,HID,1.9
2026-06-06 18:00:00,2026-06-06,72,CH CUT,HID,9.58
2026-06-06 18:00:00,2026-06-06,72,CH SRO BA,HID,3.36
2026-06-06 18:00:00,2026-06-06,72,CH SRO AC,HID,7.95
2026-06-06 18:00:00,2026-06-06,72,CH SAI,HID,6.98
2026-06-06 18:00:00,2026-06-06,72,CH CHU,HID,24.52
2026-06-06 18:00:00,2026-06-06,72,CH HAR,HID,0.0
2026-06-06 18:00:00,2026-06-06,72,CH CAH,HID,13.0
2026-06-06 18:00:00,2026-06-06,72,CH HUA,HID,15.51
2026-06-06 18:00:00,2026-06-06,72,CH CHJ2,HID,0.0
2026-06-06 18:00:00,2026-06-06,72,CH YAN,HID,26.1
2026-06-06 18:00:00,2026-06-06,72,CH COR,HID,61.5
2026-06-06 18:00:00,2026-06-06,72,CH SIS,HID,88.94
2026-06-06 18:00:00,2026-06-06,72,CH SJS,HID,45.28
2026-06-06 18:00:00,2026-06-06,72,CH SJE,HID,53.45
2026-06-06 18:00:00,2026-06-06,72,CH MIS,HID,21.5
2026-06-06 18:00:00,2026-06-06,72,CH MIG,HID,2.4
2026-06-06 18:00:00,2026-06-06,72,CH ANG,HID,2.89
2026-06-06 18:00:00,2026-06-06,72,CH CHO,HID,3.53
2026-06-06 18:00:00,2026-06-06,72,CH CRB,HID,3.7
2026-06-06 18:00:00,2026-06-06,72,CH KIL,HID,0.0
2026-06-06 18:00:00,2026-06-06,72,CH LAN,HID,0.0
2026-06-06 18:00:00,2026-06-06,72,CH PUN,HID,0.0
2026-06-06 18:00:00,2026-06-06,72,CH KAN,HID,6.49
2026-06-06 18:00:00,2026-06-06,72,CH SJA,HID,0.0
2026-06-06 18:00:00,2026-06-06,72,AGU01,BIO,0.0
2026-06-06 18:00:00,2026-06-06,72,AGU02,BIO,0.0
2026-06-06 18:00:00,2026-06-06,72,GBE01,BIO,4.85
2026-06-06 18:00:00,2026-06-06,72,IAG01,BIO,0.0
2026-06-06 18:00:00,2026-06-06,72,UNA01,BIO,0.0
2026-06-06 18:00:00,2026-06-06,72,CSF ORU,INT,0.0
2026-06-06 18:00:00,2026-06-06,72,CSF UYU,INT,0.0
2026-06-06 18:00:00,2026-06-06,72,CSF YUN,INT,0.0
2026-06-06 18:00:00,2026-06-06,72,CE EDO,INT,15.14
2026-06-06 18:00:00,2026-06-06,72,CE QOL,INT,10.8
2026-06-06 18:00:00,2026-06-06,72,CE SJU,INT,3.2
2026-06-06 18:00:00,2026-06-06,72,CE WAR,INT,1.15
2026-06-06 18:15:00,2026-06-06,73,ALT01,TER,0.0
2026-06-06 18:15:00,2026-06-06,73,ALT02,TER,0.0
2026-06-06 18:15:00,2026-06-06,73,ARJ01,TER,0.0
2026-06-06 18:15:00,2026-06-06,73,ARJ02,TER,0.0
2026-06-06 18:15:00,2026-06-06,73,ARJ03,TER,0.0
2026-06-06 18:15:00,2026-06-06,73,ARJ08,TER,11.44
2026-06-06 18:15:00,2026-06-06,73,ARJ09,TER,0.0
2026-06-06 18:15:00,2026-06-06,73,ARJ11,TER,0.0
2026-06-06 18:15:00,2026-06-06,73,ARJ12,TER,0.0
2026-06-06 18:15:00,2026-06-06,73,ARJ13,TER,0.0
2026-06-06 18:15:00,2026-06-06,73,ARJ14,TER,0.0
2026-06-06 18:15:00,2026-06-06,73,ARJ15,TER,0.0
2026-06-06 18:15:00,2026-06-06,73,BUL01,TER,0.0
2026-06-06 18:15:00,2026-06-06,73,BUL02,TER,0.0
2026-06-06 18:15:00,2026-06-06,73,BUL03,TER,0.0
2026-06-06 18:15:00,2026-06-06,73,CAR01,TER,0.0
2026-06-06 18:15:00,2026-06-06,73,CAR02,TER,0.0
2026-06-06 18:15:00,2026-06-06,73,CAR03,TER,0.0
2026-06-06 18:15:00,2026-06-06,73,ERI01,TER,0.0
2026-06-06 18:15:00,2026-06-06,73,ERI02,TER,0.0
2026-06-06 18:15:00,2026-06-06,73,ERI03,TER,0.0
2026-06-06 18:15:00,2026-06-06,73,ERI04,TER,0.0
2026-06-06 18:15:00,2026-06-06,73,ERI30,TER,35.43
2026-06-06 18:15:00,2026-06-06,73,ERI31,TER,42.88
2026-06-06 18:15:00,2026-06-06,73,ERI32,TER,42.91
2026-06-06 18:15:00,2026-06-06,73,ERI40,TER,0.01
2026-06-06 18:15:00,2026-06-06,73,ERI41,TER,0.0
2026-06-06 18:15:00,2026-06-06,73,ERI42,TER,0.0
2026-06-06 18:15:00,2026-06-06,73,ERI50,TER,36.57
2026-06-06 18:15:00,2026-06-06,73,ERI51,TER,42.29
2026-06-06 18:15:00,2026-06-06,73,ERI52,TER,42.42
2026-06-06 18:15:00,2026-06-06,73,GCH01,TER,0.0
2026-06-06 18:15:00,2026-06-06,73,GCH02,TER,0.0
2026-06-06 18:15:00,2026-06-06,73,GCH04,TER,0.0
2026-06-06 18:15:00,2026-06-06,73,GCH06,TER,0.0
2026-06-06 18:15:00,2026-06-06,73,GCH09,TER,0.0
2026-06-06 18:15:00,2026-06-06,73,GCH10,TER,50.56
2026-06-06 18:15:00,2026-06-06,73,GCH11,TER,0.0
2026-06-06 18:15:00,2026-06-06,73,GCH12,TER,37.13
2026-06-06 18:15:00,2026-06-06,73,MOS,TER,0.0
2026-06-06 18:15:00,2026-06-06,73,SCZ01,TER,0.0
2026-06-06 18:15:00,2026-06-06,73,SCZ02,TER,0.0
2026-06-06 18:15:00,2026-06-06,73,SUR10,TER,34.26
2026-06-06 18:15:00,2026-06-06,73,SUR11,TER,39.07
2026-06-06 18:15:00,2026-06-06,73,SUR12,TER,38.87
2026-06-06 18:15:00,2026-06-06,73,SUR20,TER,0.0
2026-06-06 18:15:00,2026-06-06,73,SUR21,TER,0.0
2026-06-06 18:15:00,2026-06-06,73,SUR22,TER,0.0
2026-06-06 18:15:00,2026-06-06,73,SUR30,TER,36.94
2026-06-06 18:15:00,2026-06-06,73,SUR31,TER,43.25
2026-06-06 18:15:00,2026-06-06,73,SUR32,TER,43.38
2026-06-06 18:15:00,2026-06-06,73,SUR40,TER,34.86
2026-06-06 18:15:00,2026-06-06,73,SUR41,TER,42.21
2026-06-06 18:15:00,2026-06-06,73,SUR42,TER,42.16
2026-06-06 18:15:00,2026-06-06,73,VHE01,TER,0.0
2026-06-06 18:15:00,2026-06-06,73,VHE02,TER,0.0
2026-06-06 18:15:00,2026-06-06,73,VHE03,TER,0.0
2026-06-06 18:15:00,2026-06-06,73,VHE04,TER,0.0
2026-06-06 18:15:00,2026-06-06,73,VHE05,TER,0.0
2026-06-06 18:15:00,2026-06-06,73,VHE06,TER,0.0
2026-06-06 18:15:00,2026-06-06,73,VHE07,TER,0.0
2026-06-06 18:15:00,2026-06-06,73,VHE08,TER,0.0
2026-06-06 18:15:00,2026-06-06,73,WAR05,TER,39.5
2026-06-06 18:15:00,2026-06-06,73,WAR10,TER,34.29
2026-06-06 18:15:00,2026-06-06,73,WAR11,TER,40.68
2026-06-06 18:15:00,2026-06-06,73,WAR12,TER,40.64
2026-06-06 18:15:00,2026-06-06,73,WAR20,TER,35.89
2026-06-06 18:15:00,2026-06-06,73,WAR21,TER,39.15
2026-06-06 18:15:00,2026-06-06,73,WAR22,TER,39.49
2026-06-06 18:15:00,2026-06-06,73,WAR30,TER,35.88
2026-06-06 18:15:00,2026-06-06,73,WAR31,TER,41.85
2026-06-06 18:15:00,2026-06-06,73,WAR32,TER,41.44
2026-06-06 18:15:00,2026-06-06,73,WAR40,TER,0.0
2026-06-06 18:15:00,2026-06-06,73,WAR41,TER,0.0
2026-06-06 18:15:00,2026-06-06,73,WAR42,TER,0.0
2026-06-06 18:15:00,2026-06-06,73,CH ZON,HID,0.99
2026-06-06 18:15:00,2026-06-06,73,CH TIQ,HID,1.98
2026-06-06 18:15:00,2026-06-06,73,CH BOT,HID,1.89
2026-06-06 18:15:00,2026-06-06,73,CH CUT,HID,9.59
2026-06-06 18:15:00,2026-06-06,73,CH SRO BA,HID,2.62
2026-06-06 18:15:00,2026-06-06,73,CH SRO AC,HID,7.98
2026-06-06 18:15:00,2026-06-06,73,CH SAI,HID,7.97
2026-06-06 18:15:00,2026-06-06,73,CH CHU,HID,19.73
2026-06-06 18:15:00,2026-06-06,73,CH HAR,HID,0.0
2026-06-06 18:15:00,2026-06-06,73,CH CAH,HID,13.99
2026-06-06 18:15:00,2026-06-06,73,CH HUA,HID,15.44
2026-06-06 18:15:00,2026-06-06,73,CH CHJ2,HID,19.9
2026-06-06 18:15:00,2026-06-06,73,CH YAN,HID,25.8
2026-06-06 18:15:00,2026-06-06,73,CH COR,HID,54.7
2026-06-06 18:15:00,2026-06-06,73,CH SIS,HID,88.93
2026-06-06 18:15:00,2026-06-06,73,CH SJS,HID,45.96
2026-06-06 18:15:00,2026-06-06,73,CH SJE,HID,52.75
2026-06-06 18:15:00,2026-06-06,73,CH MIS,HID,60.0
2026-06-06 18:15:00,2026-06-06,73,CH MIG,HID,2.4
2026-06-06 18:15:00,2026-06-06,73,CH ANG,HID,2.89
2026-06-06 18:15:00,2026-06-06,73,CH CHO,HID,3.54
2026-06-06 18:15:00,2026-06-06,73,CH CRB,HID,3.68
2026-06-06 18:15:00,2026-06-06,73,CH KIL,HID,0.0
2026-06-06 18:15:00,2026-06-06,73,CH LAN,HID,0.0
2026-06-06 18:15:00,2026-06-06,73,CH PUN,HID,0.0
2026-06-06 18:15:00,2026-06-06,73,CH KAN,HID,7.06
2026-06-06 18:15:00,2026-06-06,73,CH SJA,HID,6.9
2026-06-06 18:15:00,2026-06-06,73,AGU01,BIO,0.0
2026-06-06 18:15:00,2026-06-06,73,AGU02,BIO,0.0
2026-06-06 18:15:00,2026-06-06,73,GBE01,BIO,4.58
2026-06-06 18:15:00,2026-06-06,73,IAG01,BIO,0.0
2026-06-06 18:15:00,2026-06-06,73,UNA01,BIO,0.0
2026-06-06 18:15:00,2026-06-06,73,CSF ORU,INT,-0.01
2026-06-06 18:15:00,2026-06-06,73,CSF UYU,INT,-0.17
2026-06-06 18:15:00,2026-06-06,73,CSF YUN,INT,0.0
2026-06-06 18:15:00,2026-06-06,73,CE EDO,INT,14.76
2026-06-06 18:15:00,2026-06-06,73,CE QOL,INT,10.87
2026-06-06 18:15:00,2026-06-06,73,CE SJU,INT,3.52
2026-06-06 18:15:00,2026-06-06,73,CE WAR,INT,1.25
2026-06-06 18:30:00,2026-06-06,74,ALT01,TER,0.0
2026-06-06 18:30:00,2026-06-06,74,ALT02,TER,0.0
2026-06-06 18:30:00,2026-06-06,74,ARJ01,TER,0.0
2026-06-06 18:30:00,2026-06-06,74,ARJ02,TER,0.0
2026-06-06 18:30:00,2026-06-06,74,ARJ03,TER,0.0
2026-06-06 18:30:00,2026-06-06,74,ARJ08,TER,11.52
2026-06-06 18:30:00,2026-06-06,74,ARJ09,TER,0.0
2026-06-06 18:30:00,2026-06-06,74,ARJ11,TER,0.0
2026-06-06 18:30:00,2026-06-06,74,ARJ12,TER,0.0
2026-06-06 18:30:00,2026-06-06,74,ARJ13,TER,0.0
2026-06-06 18:30:00,2026-06-06,74,ARJ14,TER,0.0
2026-06-06 18:30:00,2026-06-06,74,ARJ15,TER,0.0
2026-06-06 18:30:00,2026-06-06,74,BUL01,TER,0.0
2026-06-06 18:30:00,2026-06-06,74,BUL02,TER,0.0
2026-06-06 18:30:00,2026-06-06,74,BUL03,TER,0.0
2026-06-06 18:30:00,2026-06-06,74,CAR01,TER,0.0
2026-06-06 18:30:00,2026-06-06,74,CAR02,TER,0.0
2026-06-06 18:30:00,2026-06-06,74,CAR03,TER,0.0
2026-06-06 18:30:00,2026-06-06,74,ERI01,TER,0.0
2026-06-06 18:30:00,2026-06-06,74,ERI02,TER,0.0
2026-06-06 18:30:00,2026-06-06,74,ERI03,TER,0.0
2026-06-06 18:30:00,2026-06-06,74,ERI04,TER,0.0
2026-06-06 18:30:00,2026-06-06,74,ERI30,TER,35.81
2026-06-06 18:30:00,2026-06-06,74,ERI31,TER,42.81
2026-06-06 18:30:00,2026-06-06,74,ERI32,TER,42.74
2026-06-06 18:30:00,2026-06-06,74,ERI40,TER,-0.02
2026-06-06 18:30:00,2026-06-06,74,ERI41,TER,0.0
2026-06-06 18:30:00,2026-06-06,74,ERI42,TER,0.0
2026-06-06 18:30:00,2026-06-06,74,ERI50,TER,36.72
2026-06-06 18:30:00,2026-06-06,74,ERI51,TER,42.33
2026-06-06 18:30:00,2026-06-06,74,ERI52,TER,42.24
2026-06-06 18:30:00,2026-06-06,74,GCH01,TER,0.0
2026-06-06 18:30:00,2026-06-06,74,GCH02,TER,0.0
2026-06-06 18:30:00,2026-06-06,74,GCH04,TER,0.0
2026-06-06 18:30:00,2026-06-06,74,GCH06,TER,0.0
2026-06-06 18:30:00,2026-06-06,74,GCH09,TER,0.0
2026-06-06 18:30:00,2026-06-06,74,GCH10,TER,50.52
2026-06-06 18:30:00,2026-06-06,74,GCH11,TER,0.0
2026-06-06 18:30:00,2026-06-06,74,GCH12,TER,36.92
2026-06-06 18:30:00,2026-06-06,74,MOS,TER,0.0
2026-06-06 18:30:00,2026-06-06,74,SCZ01,TER,0.0
2026-06-06 18:30:00,2026-06-06,74,SCZ02,TER,0.0
2026-06-06 18:30:00,2026-06-06,74,SUR10,TER,34.48
2026-06-06 18:30:00,2026-06-06,74,SUR11,TER,39.1
2026-06-06 18:30:00,2026-06-06,74,SUR12,TER,38.81
2026-06-06 18:30:00,2026-06-06,74,SUR20,TER,0.0
2026-06-06 18:30:00,2026-06-06,74,SUR21,TER,0.0
2026-06-06 18:30:00,2026-06-06,74,SUR22,TER,0.0
2026-06-06 18:30:00,2026-06-06,74,SUR30,TER,37.02
2026-06-06 18:30:00,2026-06-06,74,SUR31,TER,43.38
2026-06-06 18:30:00,2026-06-06,74,SUR32,TER,43.17
2026-06-06 18:30:00,2026-06-06,74,SUR40,TER,35.13
2026-06-06 18:30:00,2026-06-06,74,SUR41,TER,42.02
2026-06-06 18:30:00,2026-06-06,74,SUR42,TER,42.16
2026-06-06 18:30:00,2026-06-06,74,VHE01,TER,0.0
2026-06-06 18:30:00,2026-06-06,74,VHE02,TER,0.0
2026-06-06 18:30:00,2026-06-06,74,VHE03,TER,0.0
2026-06-06 18:30:00,2026-06-06,74,VHE04,TER,0.0
2026-06-06 18:30:00,2026-06-06,74,VHE05,TER,0.0
2026-06-06 18:30:00,2026-06-06,74,VHE06,TER,0.0
2026-06-06 18:30:00,2026-06-06,74,VHE07,TER,0.0
2026-06-06 18:30:00,2026-06-06,74,VHE08,TER,0.0
2026-06-06 18:30:00,2026-06-06,74,WAR05,TER,39.82
2026-06-06 18:30:00,2026-06-06,74,WAR10,TER,34.63
2026-06-06 18:30:00,2026-06-06,74,WAR11,TER,40.56
2026-06-06 18:30:00,2026-06-06,74,WAR12,TER,40.67
2026-06-06 18:30:00,2026-06-06,74,WAR20,TER,36.08
2026-06-06 18:30:00,2026-06-06,74,WAR21,TER,39.21
2026-06-06 18:30:00,2026-06-06,74,WAR22,TER,39.46
2026-06-06 18:30:00,2026-06-06,74,WAR30,TER,36.44
2026-06-06 18:30:00,2026-06-06,74,WAR31,TER,42.68
2026-06-06 18:30:00,2026-06-06,74,WAR32,TER,42.87
2026-06-06 18:30:00,2026-06-06,74,WAR40,TER,0.0
2026-06-06 18:30:00,2026-06-06,74,WAR41,TER,0.0
2026-06-06 18:30:00,2026-06-06,74,WAR42,TER,0.0
2026-06-06 18:30:00,2026-06-06,74,CH ZON,HID,1.0
2026-06-06 18:30:00,2026-06-06,74,CH TIQ,HID,2.49
2026-06-06 18:30:00,2026-06-06,74,CH BOT,HID,1.89
2026-06-06 18:30:00,2026-06-06,74,CH CUT,HID,9.7
2026-06-06 18:30:00,2026-06-06,74,CH SRO BA,HID,2.61
2026-06-06 18:30:00,2026-06-06,74,CH SRO AC,HID,8.0
2026-06-06 18:30:00,2026-06-06,74,CH SAI,HID,8.48
2026-06-06 18:30:00,2026-06-06,74,CH CHU,HID,16.97
2026-06-06 18:30:00,2026-06-06,74,CH HAR,HID,0.0
2026-06-06 18:30:00,2026-06-06,74,CH CAH,HID,11.99
2026-06-06 18:30:00,2026-06-06,74,CH HUA,HID,15.52
2026-06-06 18:30:00,2026-06-06,74,CH CHJ2,HID,20.2
2026-06-06 18:30:00,2026-06-06,74,CH YAN,HID,26.7
2026-06-06 18:30:00,2026-06-06,74,CH COR,HID,62.28
2026-06-06 18:30:00,2026-06-06,74,CH SIS,HID,89.45
2026-06-06 18:30:00,2026-06-06,74,CH SJS,HID,46.71
2026-06-06 18:30:00,2026-06-06,74,CH SJE,HID,53.83
2026-06-06 18:30:00,2026-06-06,74,CH MIS,HID,108.0
2026-06-06 18:30:00,2026-06-06,74,CH MIG,HID,2.4
2026-06-06 18:30:00,2026-06-06,74,CH ANG,HID,2.91
2026-06-06 18:30:00,2026-06-06,74,CH CHO,HID,3.54
2026-06-06 18:30:00,2026-06-06,74,CH CRB,HID,3.7
2026-06-06 18:30:00,2026-06-06,74,CH KIL,HID,0.0
2026-06-06 18:30:00,2026-06-06,74,CH LAN,HID,0.0
2026-06-06 18:30:00,2026-06-06,74,CH PUN,HID,0.0
2026-06-06 18:30:00,2026-06-06,74,CH KAN,HID,7.06
2026-06-06 18:30:00,2026-06-06,74,CH SJA,HID,6.9
2026-06-06 18:30:00,2026-06-06,74,AGU01,BIO,0.0
2026-06-06 18:30:00,2026-06-06,74,AGU02,BIO,0.0
2026-06-06 18:30:00,2026-06-06,74,GBE01,BIO,4.68
2026-06-06 18:30:00,2026-06-06,74,IAG01,BIO,0.0
2026-06-06 18:30:00,2026-06-06,74,UNA01,BIO,0.0
2026-06-06 18:30:00,2026-06-06,74,CSF ORU,INT,-0.01
2026-06-06 18:30:00,2026-06-06,74,CSF UYU,INT,-0.17
2026-06-06 18:30:00,2026-06-06,74,CSF YUN,INT,0.0
2026-06-06 18:30:00,2026-06-06,74,CE EDO,INT,13.13
2026-06-06 18:30:00,2026-06-06,74,CE QOL,INT,7.63
2026-06-06 18:30:00,2026-06-06,74,CE SJU,INT,2.87
2026-06-06 18:30:00,2026-06-06,74,CE WAR,INT,1.07
2026-06-06 18:45:00,2026-06-06,75,ALT01,TER,0.0
2026-06-06 18:45:00,2026-06-06,75,ALT02,TER,0.0
2026-06-06 18:45:00,2026-06-06,75,ARJ01,TER,0.0
2026-06-06 18:45:00,2026-06-06,75,ARJ02,TER,0.0
2026-06-06 18:45:00,2026-06-06,75,ARJ03,TER,0.0
2026-06-06 18:45:00,2026-06-06,75,ARJ08,TER,17.22
2026-06-06 18:45:00,2026-06-06,75,ARJ09,TER,0.0
2026-06-06 18:45:00,2026-06-06,75,ARJ11,TER,0.0
2026-06-06 18:45:00,2026-06-06,75,ARJ12,TER,0.0
2026-06-06 18:45:00,2026-06-06,75,ARJ13,TER,0.0
2026-06-06 18:45:00,2026-06-06,75,ARJ14,TER,0.0
2026-06-06 18:45:00,2026-06-06,75,ARJ15,TER,0.0
2026-06-06 18:45:00,2026-06-06,75,BUL01,TER,0.0
2026-06-06 18:45:00,2026-06-06,75,BUL02,TER,0.0
2026-06-06 18:45:00,2026-06-06,75,BUL03,TER,0.0
2026-06-06 18:45:00,2026-06-06,75,CAR01,TER,0.0
2026-06-06 18:45:00,2026-06-06,75,CAR02,TER,0.0
2026-06-06 18:45:00,2026-06-06,75,CAR03,TER,0.0
2026-06-06 18:45:00,2026-06-06,75,ERI01,TER,0.0
2026-06-06 18:45:00,2026-06-06,75,ERI02,TER,0.0
2026-06-06 18:45:00,2026-06-06,75,ERI03,TER,0.0
2026-06-06 18:45:00,2026-06-06,75,ERI04,TER,0.0
2026-06-06 18:45:00,2026-06-06,75,ERI30,TER,36.0
2026-06-06 18:45:00,2026-06-06,75,ERI31,TER,43.27
2026-06-06 18:45:00,2026-06-06,75,ERI32,TER,43.23
2026-06-06 18:45:00,2026-06-06,75,ERI40,TER,0.01
2026-06-06 18:45:00,2026-06-06,75,ERI41,TER,0.0
2026-06-06 18:45:00,2026-06-06,75,ERI42,TER,0.0
2026-06-06 18:45:00,2026-06-06,75,ERI50,TER,36.91
2026-06-06 18:45:00,2026-06-06,75,ERI51,TER,42.85
2026-06-06 18:45:00,2026-06-06,75,ERI52,TER,42.99
2026-06-06 18:45:00,2026-06-06,75,GCH01,TER,0.0
2026-06-06 18:45:00,2026-06-06,75,GCH02,TER,0.0
2026-06-06 18:45:00,2026-06-06,75,GCH04,TER,0.0
2026-06-06 18:45:00,2026-06-06,75,GCH06,TER,0.0
2026-06-06 18:45:00,2026-06-06,75,GCH09,TER,0.0
2026-06-06 18:45:00,2026-06-06,75,GCH10,TER,50.69
2026-06-06 18:45:00,2026-06-06,75,GCH11,TER,0.0
2026-06-06 18:45:00,2026-06-06,75,GCH12,TER,36.99
2026-06-06 18:45:00,2026-06-06,75,MOS,TER,0.0
2026-06-06 18:45:00,2026-06-06,75,SCZ01,TER,0.0
2026-06-06 18:45:00,2026-06-06,75,SCZ02,TER,0.0
2026-06-06 18:45:00,2026-06-06,75,SUR10,TER,34.64
2026-06-06 18:45:00,2026-06-06,75,SUR11,TER,39.45
2026-06-06 18:45:00,2026-06-06,75,SUR12,TER,39.3
2026-06-06 18:45:00,2026-06-06,75,SUR20,TER,0.0
2026-06-06 18:45:00,2026-06-06,75,SUR21,TER,0.0
2026-06-06 18:45:00,2026-06-06,75,SUR22,TER,0.0
2026-06-06 18:45:00,2026-06-06,75,SUR30,TER,37.1
2026-06-06 18:45:00,2026-06-06,75,SUR31,TER,43.24
2026-06-06 18:45:00,2026-06-06,75,SUR32,TER,43.37
2026-06-06 18:45:00,2026-06-06,75,SUR40,TER,35.24
2026-06-06 18:45:00,2026-06-06,75,SUR41,TER,42.71
2026-06-06 18:45:00,2026-06-06,75,SUR42,TER,42.69
2026-06-06 18:45:00,2026-06-06,75,VHE01,TER,0.0
2026-06-06 18:45:00,2026-06-06,75,VHE02,TER,0.0
2026-06-06 18:45:00,2026-06-06,75,VHE03,TER,0.0
2026-06-06 18:45:00,2026-06-06,75,VHE04,TER,0.0
2026-06-06 18:45:00,2026-06-06,75,VHE05,TER,0.0
2026-06-06 18:45:00,2026-06-06,75,VHE06,TER,0.0
2026-06-06 18:45:00,2026-06-06,75,VHE07,TER,0.0
2026-06-06 18:45:00,2026-06-06,75,VHE08,TER,0.0
2026-06-06 18:45:00,2026-06-06,75,WAR05,TER,40.22
2026-06-06 18:45:00,2026-06-06,75,WAR10,TER,34.67
2026-06-06 18:45:00,2026-06-06,75,WAR11,TER,41.22
2026-06-06 18:45:00,2026-06-06,75,WAR12,TER,40.98
2026-06-06 18:45:00,2026-06-06,75,WAR20,TER,36.34
2026-06-06 18:45:00,2026-06-06,75,WAR21,TER,39.68
2026-06-06 18:45:00,2026-06-06,75,WAR22,TER,40.13
2026-06-06 18:45:00,2026-06-06,75,WAR30,TER,36.9
2026-06-06 18:45:00,2026-06-06,75,WAR31,TER,42.94
2026-06-06 18:45:00,2026-06-06,75,WAR32,TER,43.01
2026-06-06 18:45:00,2026-06-06,75,WAR40,TER,0.0
2026-06-06 18:45:00,2026-06-06,75,WAR41,TER,0.0
2026-06-06 18:45:00,2026-06-06,75,WAR42,TER,0.0
2026-06-06 18:45:00,2026-06-06,75,CH ZON,HID,1.13
2026-06-06 18:45:00,2026-06-06,75,CH TIQ,HID,2.61
2026-06-06 18:45:00,2026-06-06,75,CH BOT,HID,1.94
2026-06-06 18:45:00,2026-06-06,75,CH CUT,HID,9.83
2026-06-06 18:45:00,2026-06-06,75,CH SRO BA,HID,2.64
2026-06-06 18:45:00,2026-06-06,75,CH SRO AC,HID,8.08
2026-06-06 18:45:00,2026-06-06,75,CH SAI,HID,8.57
2026-06-06 18:45:00,2026-06-06,75,CH CHU,HID,15.75
2026-06-06 18:45:00,2026-06-06,75,CH HAR,HID,0.0
2026-06-06 18:45:00,2026-06-06,75,CH CAH,HID,11.15
2026-06-06 18:45:00,2026-06-06,75,CH HUA,HID,15.68
2026-06-06 18:45:00,2026-06-06,75,CH CHJ2,HID,20.7
2026-06-06 18:45:00,2026-06-06,75,CH YAN,HID,27.0
2026-06-06 18:45:00,2026-06-06,75,CH COR,HID,62.59
2026-06-06 18:45:00,2026-06-06,75,CH SIS,HID,89.82
2026-06-06 18:45:00,2026-06-06,75,CH SJS,HID,48.55
2026-06-06 18:45:00,2026-06-06,75,CH SJE,HID,57.05
2026-06-06 18:45:00,2026-06-06,75,CH MIS,HID,108.0
2026-06-06 18:45:00,2026-06-06,75,CH MIG,HID,2.4
2026-06-06 18:45:00,2026-06-06,75,CH ANG,HID,2.92
2026-06-06 18:45:00,2026-06-06,75,CH CHO,HID,3.54
2026-06-06 18:45:00,2026-06-06,75,CH CRB,HID,3.73
2026-06-06 18:45:00,2026-06-06,75,CH KIL,HID,0.0
2026-06-06 18:45:00,2026-06-06,75,CH LAN,HID,0.0
2026-06-06 18:45:00,2026-06-06,75,CH PUN,HID,0.0
2026-06-06 18:45:00,2026-06-06,75,CH KAN,HID,7.08
2026-06-06 18:45:00,2026-06-06,75,CH SJA,HID,6.9
2026-06-06 18:45:00,2026-06-06,75,AGU01,BIO,0.0
2026-06-06 18:45:00,2026-06-06,75,AGU02,BIO,0.0
2026-06-06 18:45:00,2026-06-06,75,GBE01,BIO,5.81
2026-06-06 18:45:00,2026-06-06,75,IAG01,BIO,0.0
2026-06-06 18:45:00,2026-06-06,75,UNA01,BIO,0.0
2026-06-06 18:45:00,2026-06-06,75,CSF ORU,INT,-0.01
2026-06-06 18:45:00,2026-06-06,75,CSF UYU,INT,-0.17
2026-06-06 18:45:00,2026-06-06,75,CSF YUN,INT,0.0
2026-06-06 18:45:00,2026-06-06,75,CE EDO,INT,10.4
2026-06-06 18:45:00,2026-06-06,75,CE QOL,INT,4.55
2026-06-06 18:45:00,2026-06-06,75,CE SJU,INT,2.75
2026-06-06 18:45:00,2026-06-06,75,CE WAR,INT,1.05
2026-06-06 19:00:00,2026-06-06,76,ALT01,TER,0.0
2026-06-06 19:00:00,2026-06-06,76,ALT02,TER,0.0
2026-06-06 19:00:00,2026-06-06,76,ARJ01,TER,0.0
2026-06-06 19:00:00,2026-06-06,76,ARJ02,TER,0.0
2026-06-06 19:00:00,2026-06-06,76,ARJ03,TER,0.0
2026-06-06 19:00:00,2026-06-06,76,ARJ08,TER,17.12
2026-06-06 19:00:00,2026-06-06,76,ARJ09,TER,0.0
2026-06-06 19:00:00,2026-06-06,76,ARJ11,TER,0.0
2026-06-06 19:00:00,2026-06-06,76,ARJ12,TER,0.0
2026-06-06 19:00:00,2026-06-06,76,ARJ13,TER,0.0
2026-06-06 19:00:00,2026-06-06,76,ARJ14,TER,0.0
2026-06-06 19:00:00,2026-06-06,76,ARJ15,TER,0.0
2026-06-06 19:00:00,2026-06-06,76,BUL01,TER,0.0
2026-06-06 19:00:00,2026-06-06,76,BUL02,TER,0.0
2026-06-06 19:00:00,2026-06-06,76,BUL03,TER,0.0
2026-06-06 19:00:00,2026-06-06,76,CAR01,TER,0.0
2026-06-06 19:00:00,2026-06-06,76,CAR02,TER,0.0
2026-06-06 19:00:00,2026-06-06,76,CAR03,TER,0.0
2026-06-06 19:00:00,2026-06-06,76,ERI01,TER,0.0
2026-06-06 19:00:00,2026-06-06,76,ERI02,TER,0.0
2026-06-06 19:00:00,2026-06-06,76,ERI03,TER,0.0
2026-06-06 19:00:00,2026-06-06,76,ERI04,TER,0.0
2026-06-06 19:00:00,2026-06-06,76,ERI30,TER,35.81
2026-06-06 19:00:00,2026-06-06,76,ERI31,TER,42.93
2026-06-06 19:00:00,2026-06-06,76,ERI32,TER,43.09
2026-06-06 19:00:00,2026-06-06,76,ERI40,TER,0.01
2026-06-06 19:00:00,2026-06-06,76,ERI41,TER,0.0
2026-06-06 19:00:00,2026-06-06,76,ERI42,TER,0.0
2026-06-06 19:00:00,2026-06-06,76,ERI50,TER,36.91
2026-06-06 19:00:00,2026-06-06,76,ERI51,TER,42.57
2026-06-06 19:00:00,2026-06-06,76,ERI52,TER,42.64
2026-06-06 19:00:00,2026-06-06,76,GCH01,TER,0.0
2026-06-06 19:00:00,2026-06-06,76,GCH02,TER,0.0
2026-06-06 19:00:00,2026-06-06,76,GCH04,TER,0.0
2026-06-06 19:00:00,2026-06-06,76,GCH06,TER,0.0
2026-06-06 19:00:00,2026-06-06,76,GCH09,TER,0.0
2026-06-06 19:00:00,2026-06-06,76,GCH10,TER,50.33
2026-06-06 19:00:00,2026-06-06,76,GCH11,TER,0.0
2026-06-06 19:00:00,2026-06-06,76,GCH12,TER,37.05
2026-06-06 19:00:00,2026-06-06,76,MOS,TER,0.0
2026-06-06 19:00:00,2026-06-06,76,SCZ01,TER,0.0
2026-06-06 19:00:00,2026-06-06,76,SCZ02,TER,0.0
2026-06-06 19:00:00,2026-06-06,76,SUR10,TER,34.37
2026-06-06 19:00:00,2026-06-06,76,SUR11,TER,38.85
2026-06-06 19:00:00,2026-06-06,76,SUR12,TER,38.7
2026-06-06 19:00:00,2026-06-06,76,SUR20,TER,0.0
2026-06-06 19:00:00,2026-06-06,76,SUR21,TER,0.0
2026-06-06 19:00:00,2026-06-06,76,SUR22,TER,0.0
2026-06-06 19:00:00,2026-06-06,76,SUR30,TER,37.13
2026-06-06 19:00:00,2026-06-06,76,SUR31,TER,43.35
2026-06-06 19:00:00,2026-06-06,76,SUR32,TER,43.34
2026-06-06 19:00:00,2026-06-06,76,SUR40,TER,35.09
2026-06-06 19:00:00,2026-06-06,76,SUR41,TER,42.11
2026-06-06 19:00:00,2026-06-06,76,SUR42,TER,41.99
2026-06-06 19:00:00,2026-06-06,76,VHE01,TER,0.0
2026-06-06 19:00:00,2026-06-06,76,VHE02,TER,0.0
2026-06-06 19:00:00,2026-06-06,76,VHE03,TER,0.0
2026-06-06 19:00:00,2026-06-06,76,VHE04,TER,0.0
2026-06-06 19:00:00,2026-06-06,76,VHE05,TER,0.0
2026-06-06 19:00:00,2026-06-06,76,VHE06,TER,0.0
2026-06-06 19:00:00,2026-06-06,76,VHE07,TER,0.0
2026-06-06 19:00:00,2026-06-06,76,VHE08,TER,0.0
2026-06-06 19:00:00,2026-06-06,76,WAR05,TER,39.9
2026-06-06 19:00:00,2026-06-06,76,WAR10,TER,34.56
2026-06-06 19:00:00,2026-06-06,76,WAR11,TER,40.64
2026-06-06 19:00:00,2026-06-06,76,WAR12,TER,40.63
2026-06-06 19:00:00,2026-06-06,76,WAR20,TER,36.3
2026-06-06 19:00:00,2026-06-06,76,WAR21,TER,39.02
2026-06-06 19:00:00,2026-06-06,76,WAR22,TER,39.44
2026-06-06 19:00:00,2026-06-06,76,WAR30,TER,36.56
2026-06-06 19:00:00,2026-06-06,76,WAR31,TER,42.23
2026-06-06 19:00:00,2026-06-06,76,WAR32,TER,42.29
2026-06-06 19:00:00,2026-06-06,76,WAR40,TER,0.0
2026-06-06 19:00:00,2026-06-06,76,WAR41,TER,0.0
2026-06-06 19:00:00,2026-06-06,76,WAR42,TER,0.0
2026-06-06 19:00:00,2026-06-06,76,CH ZON,HID,3.97
2026-06-06 19:00:00,2026-06-06,76,CH TIQ,HID,5.98
2026-06-06 19:00:00,2026-06-06,76,CH BOT,HID,1.89
2026-06-06 19:00:00,2026-06-06,76,CH CUT,HID,9.67
2026-06-06 19:00:00,2026-06-06,76,CH SRO BA,HID,2.61
2026-06-06 19:00:00,2026-06-06,76,CH SRO AC,HID,7.93
2026-06-06 19:00:00,2026-06-06,76,CH SAI,HID,7.95
2026-06-06 19:00:00,2026-06-06,76,CH CHU,HID,18.45
2026-06-06 19:00:00,2026-06-06,76,CH HAR,HID,0.0
2026-06-06 19:00:00,2026-06-06,76,CH CAH,HID,17.96
2026-06-06 19:00:00,2026-06-06,76,CH HUA,HID,15.45
2026-06-06 19:00:00,2026-06-06,76,CH CHJ2,HID,19.8
2026-06-06 19:00:00,2026-06-06,76,CH YAN,HID,26.0
2026-06-06 19:00:00,2026-06-06,76,CH COR,HID,62.1
2026-06-06 19:00:00,2026-06-06,76,CH SIS,HID,89.0
2026-06-06 19:00:00,2026-06-06,76,CH SJS,HID,47.06
2026-06-06 19:00:00,2026-06-06,76,CH SJE,HID,54.9
2026-06-06 19:00:00,2026-06-06,76,CH MIS,HID,108.0
2026-06-06 19:00:00,2026-06-06,76,CH MIG,HID,2.41
2026-06-06 19:00:00,2026-06-06,76,CH ANG,HID,2.89
2026-06-06 19:00:00,2026-06-06,76,CH CHO,HID,3.54
2026-06-06 19:00:00,2026-06-06,76,CH CRB,HID,3.66
2026-06-06 19:00:00,2026-06-06,76,CH KIL,HID,0.0
2026-06-06 19:00:00,2026-06-06,76,CH LAN,HID,0.0
2026-06-06 19:00:00,2026-06-06,76,CH PUN,HID,0.0
2026-06-06 19:00:00,2026-06-06,76,CH KAN,HID,7.08
2026-06-06 19:00:00,2026-06-06,76,CH SJA,HID,6.9
2026-06-06 19:00:00,2026-06-06,76,AGU01,BIO,0.0
2026-06-06 19:00:00,2026-06-06,76,AGU02,BIO,0.0
2026-06-06 19:00:00,2026-06-06,76,GBE01,BIO,4.53
2026-06-06 19:00:00,2026-06-06,76,IAG01,BIO,0.0
2026-06-06 19:00:00,2026-06-06,76,UNA01,BIO,0.0
2026-06-06 19:00:00,2026-06-06,76,CSF ORU,INT,-0.01
2026-06-06 19:00:00,2026-06-06,76,CSF UYU,INT,-0.17
2026-06-06 19:00:00,2026-06-06,76,CSF YUN,INT,0.0
2026-06-06 19:00:00,2026-06-06,76,CE EDO,INT,12.62
2026-06-06 19:00:00,2026-06-06,76,CE QOL,INT,7.12
2026-06-06 19:00:00,2026-06-06,76,CE SJU,INT,3.01
2026-06-06 19:00:00,2026-06-06,76,CE WAR,INT,0.83
2026-06-06 19:15:00,2026-06-06,77,ALT01,TER,0.0
2026-06-06 19:15:00,2026-06-06,77,ALT02,TER,0.0
2026-06-06 19:15:00,2026-06-06,77,ARJ01,TER,0.0
2026-06-06 19:15:00,2026-06-06,77,ARJ02,TER,0.0
2026-06-06 19:15:00,2026-06-06,77,ARJ03,TER,0.0
2026-06-06 19:15:00,2026-06-06,77,ARJ08,TER,17.17
2026-06-06 19:15:00,2026-06-06,77,ARJ09,TER,0.0
2026-06-06 19:15:00,2026-06-06,77,ARJ11,TER,0.0
2026-06-06 19:15:00,2026-06-06,77,ARJ12,TER,0.0
2026-06-06 19:15:00,2026-06-06,77,ARJ13,TER,0.0
2026-06-06 19:15:00,2026-06-06,77,ARJ14,TER,0.0
2026-06-06 19:15:00,2026-06-06,77,ARJ15,TER,0.0
2026-06-06 19:15:00,2026-06-06,77,BUL01,TER,0.0
2026-06-06 19:15:00,2026-06-06,77,BUL02,TER,0.0
2026-06-06 19:15:00,2026-06-06,77,BUL03,TER,0.0
2026-06-06 19:15:00,2026-06-06,77,CAR01,TER,0.0
2026-06-06 19:15:00,2026-06-06,77,CAR02,TER,0.0
2026-06-06 19:15:00,2026-06-06,77,CAR03,TER,0.0
2026-06-06 19:15:00,2026-06-06,77,ERI01,TER,0.0
2026-06-06 19:15:00,2026-06-06,77,ERI02,TER,0.0
2026-06-06 19:15:00,2026-06-06,77,ERI03,TER,0.0
2026-06-06 19:15:00,2026-06-06,77,ERI04,TER,0.0
2026-06-06 19:15:00,2026-06-06,77,ERI30,TER,35.81
2026-06-06 19:15:00,2026-06-06,77,ERI31,TER,42.76
2026-06-06 19:15:00,2026-06-06,77,ERI32,TER,42.81
2026-06-06 19:15:00,2026-06-06,77,ERI40,TER,0.01
2026-06-06 19:15:00,2026-06-06,77,ERI41,TER,0.0
2026-06-06 19:15:00,2026-06-06,77,ERI42,TER,0.0
2026-06-06 19:15:00,2026-06-06,77,ERI50,TER,36.91
2026-06-06 19:15:00,2026-06-06,77,ERI51,TER,42.44
2026-06-06 19:15:00,2026-06-06,77,ERI52,TER,42.45
2026-06-06 19:15:00,2026-06-06,77,GCH01,TER,0.0
2026-06-06 19:15:00,2026-06-06,77,GCH02,TER,0.0
2026-06-06 19:15:00,2026-06-06,77,GCH04,TER,0.0
2026-06-06 19:15:00,2026-06-06,77,GCH06,TER,0.0
2026-06-06 19:15:00,2026-06-06,77,GCH09,TER,0.0
2026-06-06 19:15:00,2026-06-06,77,GCH10,TER,50.77
2026-06-06 19:15:00,2026-06-06,77,GCH11,TER,0.0
2026-06-06 19:15:00,2026-06-06,77,GCH12,TER,37.0
2026-06-06 19:15:00,2026-06-06,77,MOS,TER,0.0
2026-06-06 19:15:00,2026-06-06,77,SCZ01,TER,0.0
2026-06-06 19:15:00,2026-06-06,77,SCZ02,TER,0.0
2026-06-06 19:15:00,2026-06-06,77,SUR10,TER,34.45
2026-06-06 19:15:00,2026-06-06,77,SUR11,TER,38.61
2026-06-06 19:15:00,2026-06-06,77,SUR12,TER,38.46
2026-06-06 19:15:00,2026-06-06,77,SUR20,TER,0.0
2026-06-06 19:15:00,2026-06-06,77,SUR21,TER,0.0
2026-06-06 19:15:00,2026-06-06,77,SUR22,TER,0.0
2026-06-06 19:15:00,2026-06-06,77,SUR30,TER,37.17
2026-06-06 19:15:00,2026-06-06,77,SUR31,TER,43.13
2026-06-06 19:15:00,2026-06-06,77,SUR32,TER,43.24
2026-06-06 19:15:00,2026-06-06,77,SUR40,TER,35.05
2026-06-06 19:15:00,2026-06-06,77,SUR41,TER,41.77
2026-06-06 19:15:00,2026-06-06,77,SUR42,TER,41.85
2026-06-06 19:15:00,2026-06-06,77,VHE01,TER,0.0
2026-06-06 19:15:00,2026-06-06,77,VHE02,TER,0.0
2026-06-06 19:15:00,2026-06-06,77,VHE03,TER,0.0
2026-06-06 19:15:00,2026-06-06,77,VHE04,TER,0.0
2026-06-06 19:15:00,2026-06-06,77,VHE05,TER,0.0
2026-06-06 19:15:00,2026-06-06,77,VHE06,TER,0.0
2026-06-06 19:15:00,2026-06-06,77,VHE07,TER,0.0
2026-06-06 19:15:00,2026-06-06,77,VHE08,TER,0.0
2026-06-06 19:15:00,2026-06-06,77,WAR05,TER,39.64
2026-06-06 19:15:00,2026-06-06,77,WAR10,TER,34.44
2026-06-06 19:15:00,2026-06-06,77,WAR11,TER,40.62
2026-06-06 19:15:00,2026-06-06,77,WAR12,TER,40.63
2026-06-06 19:15:00,2026-06-06,77,WAR20,TER,36.34
2026-06-06 19:15:00,2026-06-06,77,WAR21,TER,39.13
2026-06-06 19:15:00,2026-06-06,77,WAR22,TER,39.33
2026-06-06 19:15:00,2026-06-06,77,WAR30,TER,36.75
2026-06-06 19:15:00,2026-06-06,77,WAR31,TER,42.2
2026-06-06 19:15:00,2026-06-06,77,WAR32,TER,42.33
2026-06-06 19:15:00,2026-06-06,77,WAR40,TER,0.0
2026-06-06 19:15:00,2026-06-06,77,WAR41,TER,0.0
2026-06-06 19:15:00,2026-06-06,77,WAR42,TER,0.0
2026-06-06 19:15:00,2026-06-06,77,CH ZON,HID,0.95
2026-06-06 19:15:00,2026-06-06,77,CH TIQ,HID,1.96
2026-06-06 19:15:00,2026-06-06,77,CH BOT,HID,1.87
2026-06-06 19:15:00,2026-06-06,77,CH CUT,HID,9.65
2026-06-06 19:15:00,2026-06-06,77,CH SRO BA,HID,2.61
2026-06-06 19:15:00,2026-06-06,77,CH SRO AC,HID,7.95
2026-06-06 19:15:00,2026-06-06,77,CH SAI,HID,7.94
2026-06-06 19:15:00,2026-06-06,77,CH CHU,HID,15.39
2026-06-06 19:15:00,2026-06-06,77,CH HAR,HID,0.0
2026-06-06 19:15:00,2026-06-06,77,CH CAH,HID,15.94
2026-06-06 19:15:00,2026-06-06,77,CH HUA,HID,15.46
2026-06-06 19:15:00,2026-06-06,77,CH CHJ2,HID,19.8
2026-06-06 19:15:00,2026-06-06,77,CH YAN,HID,26.0
2026-06-06 19:15:00,2026-06-06,77,CH COR,HID,62.03
2026-06-06 19:15:00,2026-06-06,77,CH SIS,HID,88.74
2026-06-06 19:15:00,2026-06-06,77,CH SJS,HID,46.91
2026-06-06 19:15:00,2026-06-06,77,CH SJE,HID,54.69
2026-06-06 19:15:00,2026-06-06,77,CH MIS,HID,108.0
2026-06-06 19:15:00,2026-06-06,77,CH MIG,HID,2.41
2026-06-06 19:15:00,2026-06-06,77,CH ANG,HID,2.88
2026-06-06 19:15:00,2026-06-06,77,CH CHO,HID,3.54
2026-06-06 19:15:00,2026-06-06,77,CH CRB,HID,3.66
2026-06-06 19:15:00,2026-06-06,77,CH KIL,HID,0.0
2026-06-06 19:15:00,2026-06-06,77,CH LAN,HID,0.0
2026-06-06 19:15:00,2026-06-06,77,CH PUN,HID,0.0
2026-06-06 19:15:00,2026-06-06,77,CH KAN,HID,7.08
2026-06-06 19:15:00,2026-06-06,77,CH SJA,HID,6.9
2026-06-06 19:15:00,2026-06-06,77,AGU01,BIO,0.0
2026-06-06 19:15:00,2026-06-06,77,AGU02,BIO,0.0
2026-06-06 19:15:00,2026-06-06,77,GBE01,BIO,4.34
2026-06-06 19:15:00,2026-06-06,77,IAG01,BIO,0.0
2026-06-06 19:15:00,2026-06-06,77,UNA01,BIO,0.0
2026-06-06 19:15:00,2026-06-06,77,CSF ORU,INT,-0.01
2026-06-06 19:15:00,2026-06-06,77,CSF UYU,INT,-0.17
2026-06-06 19:15:00,2026-06-06,77,CSF YUN,INT,0.0
2026-06-06 19:15:00,2026-06-06,77,CE EDO,INT,15.87
2026-06-06 19:15:00,2026-06-06,77,CE QOL,INT,7.35
2026-06-06 19:15:00,2026-06-06,77,CE SJU,INT,2.51
2026-06-06 19:15:00,2026-06-06,77,CE WAR,INT,0.8
2026-06-06 19:30:00,2026-06-06,78,ALT01,TER,0.0
2026-06-06 19:30:00,2026-06-06,78,ALT02,TER,0.0
2026-06-06 19:30:00,2026-06-06,78,ARJ01,TER,0.0
2026-06-06 19:30:00,2026-06-06,78,ARJ02,TER,0.0
2026-06-06 19:30:00,2026-06-06,78,ARJ03,TER,0.0
2026-06-06 19:30:00,2026-06-06,78,ARJ08,TER,16.98
2026-06-06 19:30:00,2026-06-06,78,ARJ09,TER,0.0
2026-06-06 19:30:00,2026-06-06,78,ARJ11,TER,0.0
2026-06-06 19:30:00,2026-06-06,78,ARJ12,TER,0.0
2026-06-06 19:30:00,2026-06-06,78,ARJ13,TER,0.0
2026-06-06 19:30:00,2026-06-06,78,ARJ14,TER,0.0
2026-06-06 19:30:00,2026-06-06,78,ARJ15,TER,0.0
2026-06-06 19:30:00,2026-06-06,78,BUL01,TER,0.0
2026-06-06 19:30:00,2026-06-06,78,BUL02,TER,0.0
2026-06-06 19:30:00,2026-06-06,78,BUL03,TER,0.0
2026-06-06 19:30:00,2026-06-06,78,CAR01,TER,0.0
2026-06-06 19:30:00,2026-06-06,78,CAR02,TER,0.0
2026-06-06 19:30:00,2026-06-06,78,CAR03,TER,0.0
2026-06-06 19:30:00,2026-06-06,78,ERI01,TER,0.0
2026-06-06 19:30:00,2026-06-06,78,ERI02,TER,0.0
2026-06-06 19:30:00,2026-06-06,78,ERI03,TER,0.0
2026-06-06 19:30:00,2026-06-06,78,ERI04,TER,0.0
2026-06-06 19:30:00,2026-06-06,78,ERI30,TER,35.62
2026-06-06 19:30:00,2026-06-06,78,ERI31,TER,42.48
2026-06-06 19:30:00,2026-06-06,78,ERI32,TER,42.41
2026-06-06 19:30:00,2026-06-06,78,ERI40,TER,0.01
2026-06-06 19:30:00,2026-06-06,78,ERI41,TER,0.0
2026-06-06 19:30:00,2026-06-06,78,ERI42,TER,0.0
2026-06-06 19:30:00,2026-06-06,78,ERI50,TER,36.68
2026-06-06 19:30:00,2026-06-06,78,ERI51,TER,41.98
2026-06-06 19:30:00,2026-06-06,78,ERI52,TER,41.95
2026-06-06 19:30:00,2026-06-06,78,GCH01,TER,0.0
2026-06-06 19:30:00,2026-06-06,78,GCH02,TER,0.0
2026-06-06 19:30:00,2026-06-06,78,GCH04,TER,0.0
2026-06-06 19:30:00,2026-06-06,78,GCH06,TER,0.0
2026-06-06 19:30:00,2026-06-06,78,GCH09,TER,0.0
2026-06-06 19:30:00,2026-06-06,78,GCH10,TER,50.33
2026-06-06 19:30:00,2026-06-06,78,GCH11,TER,0.0
2026-06-06 19:30:00,2026-06-06,78,GCH12,TER,37.05
2026-06-06 19:30:00,2026-06-06,78,MOS,TER,0.0
2026-06-06 19:30:00,2026-06-06,78,SCZ01,TER,0.0
2026-06-06 19:30:00,2026-06-06,78,SCZ02,TER,0.0
2026-06-06 19:30:00,2026-06-06,78,SUR10,TER,34.37
2026-06-06 19:30:00,2026-06-06,78,SUR11,TER,38.43
2026-06-06 19:30:00,2026-06-06,78,SUR12,TER,38.12
2026-06-06 19:30:00,2026-06-06,78,SUR20,TER,0.0
2026-06-06 19:30:00,2026-06-06,78,SUR21,TER,0.0
2026-06-06 19:30:00,2026-06-06,78,SUR22,TER,0.0
2026-06-06 19:30:00,2026-06-06,78,SUR30,TER,37.13
2026-06-06 19:30:00,2026-06-06,78,SUR31,TER,43.22
2026-06-06 19:30:00,2026-06-06,78,SUR32,TER,43.34
2026-06-06 19:30:00,2026-06-06,78,SUR40,TER,35.09
2026-06-06 19:30:00,2026-06-06,78,SUR41,TER,41.31
2026-06-06 19:30:00,2026-06-06,78,SUR42,TER,41.33
2026-06-06 19:30:00,2026-06-06,78,VHE01,TER,0.0
2026-06-06 19:30:00,2026-06-06,78,VHE02,TER,0.0
2026-06-06 19:30:00,2026-06-06,78,VHE03,TER,0.0
2026-06-06 19:30:00,2026-06-06,78,VHE04,TER,0.0
2026-06-06 19:30:00,2026-06-06,78,VHE05,TER,0.0
2026-06-06 19:30:00,2026-06-06,78,VHE06,TER,0.0
2026-06-06 19:30:00,2026-06-06,78,VHE07,TER,0.0
2026-06-06 19:30:00,2026-06-06,78,VHE08,TER,0.0
2026-06-06 19:30:00,2026-06-06,78,WAR05,TER,39.55
2026-06-06 19:30:00,2026-06-06,78,WAR10,TER,34.37
2026-06-06 19:30:00,2026-06-06,78,WAR11,TER,40.37
2026-06-06 19:30:00,2026-06-06,78,WAR12,TER,40.19
2026-06-06 19:30:00,2026-06-06,78,WAR20,TER,36.15
2026-06-06 19:30:00,2026-06-06,78,WAR21,TER,38.85
2026-06-06 19:30:00,2026-06-06,78,WAR22,TER,38.97
2026-06-06 19:30:00,2026-06-06,78,WAR30,TER,36.41
2026-06-06 19:30:00,2026-06-06,78,WAR31,TER,42.15
2026-06-06 19:30:00,2026-06-06,78,WAR32,TER,42.2
2026-06-06 19:30:00,2026-06-06,78,WAR40,TER,0.0
2026-06-06 19:30:00,2026-06-06,78,WAR41,TER,0.0
2026-06-06 19:30:00,2026-06-06,78,WAR42,TER,0.0
2026-06-06 19:30:00,2026-06-06,78,CH ZON,HID,0.87
2026-06-06 19:30:00,2026-06-06,78,CH TIQ,HID,1.88
2026-06-06 19:30:00,2026-06-06,78,CH BOT,HID,1.87
2026-06-06 19:30:00,2026-06-06,78,CH CUT,HID,9.58
2026-06-06 19:30:00,2026-06-06,78,CH SRO BA,HID,2.6
2026-06-06 19:30:00,2026-06-06,78,CH SRO AC,HID,7.93
2026-06-06 19:30:00,2026-06-06,78,CH SAI,HID,7.9
2026-06-06 19:30:00,2026-06-06,78,CH CHU,HID,13.26
2026-06-06 19:30:00,2026-06-06,78,CH HAR,HID,0.0
2026-06-06 19:30:00,2026-06-06,78,CH CAH,HID,15.82
2026-06-06 19:30:00,2026-06-06,78,CH HUA,HID,15.35
2026-06-06 19:30:00,2026-06-06,78,CH CHJ2,HID,19.7
2026-06-06 19:30:00,2026-06-06,78,CH YAN,HID,25.7
2026-06-06 19:30:00,2026-06-06,78,CH COR,HID,61.71
2026-06-06 19:30:00,2026-06-06,78,CH SIS,HID,88.22
2026-06-06 19:30:00,2026-06-06,78,CH SJS,HID,46.75
2026-06-06 19:30:00,2026-06-06,78,CH SJE,HID,54.49
2026-06-06 19:30:00,2026-06-06,78,CH MIS,HID,108.0
2026-06-06 19:30:00,2026-06-06,78,CH MIG,HID,2.41
2026-06-06 19:30:00,2026-06-06,78,CH ANG,HID,2.87
2026-06-06 19:30:00,2026-06-06,78,CH CHO,HID,3.54
2026-06-06 19:30:00,2026-06-06,78,CH CRB,HID,3.63
2026-06-06 19:30:00,2026-06-06,78,CH KIL,HID,0.0
2026-06-06 19:30:00,2026-06-06,78,CH LAN,HID,0.0
2026-06-06 19:30:00,2026-06-06,78,CH PUN,HID,0.0
2026-06-06 19:30:00,2026-06-06,78,CH KAN,HID,7.08
2026-06-06 19:30:00,2026-06-06,78,CH SJA,HID,6.9
2026-06-06 19:30:00,2026-06-06,78,AGU01,BIO,0.0
2026-06-06 19:30:00,2026-06-06,78,AGU02,BIO,0.0
2026-06-06 19:30:00,2026-06-06,78,GBE01,BIO,5.1
2026-06-06 19:30:00,2026-06-06,78,IAG01,BIO,0.0
2026-06-06 19:30:00,2026-06-06,78,UNA01,BIO,0.0
2026-06-06 19:30:00,2026-06-06,78,CSF ORU,INT,-0.01
2026-06-06 19:30:00,2026-06-06,78,CSF UYU,INT,-0.17
2026-06-06 19:30:00,2026-06-06,78,CSF YUN,INT,0.0
2026-06-06 19:30:00,2026-06-06,78,CE EDO,INT,18.15
2026-06-06 19:30:00,2026-06-06,78,CE QOL,INT,7.71
2026-06-06 19:30:00,2026-06-06,78,CE SJU,INT,3.29
2026-06-06 19:30:00,2026-06-06,78,CE WAR,INT,1.09
2026-06-06 19:45:00,2026-06-06,79,ALT01,TER,0.0
2026-06-06 19:45:00,2026-06-06,79,ALT02,TER,0.0
2026-06-06 19:45:00,2026-06-06,79,ARJ01,TER,0.0
2026-06-06 19:45:00,2026-06-06,79,ARJ02,TER,0.0
2026-06-06 19:45:00,2026-06-06,79,ARJ03,TER,0.0
2026-06-06 19:45:00,2026-06-06,79,ARJ08,TER,17.25
2026-06-06 19:45:00,2026-06-06,79,ARJ09,TER,0.0
2026-06-06 19:45:00,2026-06-06,79,ARJ11,TER,0.0
2026-06-06 19:45:00,2026-06-06,79,ARJ12,TER,0.0
2026-06-06 19:45:00,2026-06-06,79,ARJ13,TER,0.0
2026-06-06 19:45:00,2026-06-06,79,ARJ14,TER,0.0
2026-06-06 19:45:00,2026-06-06,79,ARJ15,TER,0.0
2026-06-06 19:45:00,2026-06-06,79,BUL01,TER,0.0
2026-06-06 19:45:00,2026-06-06,79,BUL02,TER,0.0
2026-06-06 19:45:00,2026-06-06,79,BUL03,TER,0.0
2026-06-06 19:45:00,2026-06-06,79,CAR01,TER,0.0
2026-06-06 19:45:00,2026-06-06,79,CAR02,TER,0.0
2026-06-06 19:45:00,2026-06-06,79,CAR03,TER,0.0
2026-06-06 19:45:00,2026-06-06,79,ERI01,TER,0.0
2026-06-06 19:45:00,2026-06-06,79,ERI02,TER,0.0
2026-06-06 19:45:00,2026-06-06,79,ERI03,TER,0.0
2026-06-06 19:45:00,2026-06-06,79,ERI04,TER,0.0
2026-06-06 19:45:00,2026-06-06,79,ERI30,TER,35.58
2026-06-06 19:45:00,2026-06-06,79,ERI31,TER,42.45
2026-06-06 19:45:00,2026-06-06,79,ERI32,TER,42.41
2026-06-06 19:45:00,2026-06-06,79,ERI40,TER,0.01
2026-06-06 19:45:00,2026-06-06,79,ERI41,TER,0.0
2026-06-06 19:45:00,2026-06-06,79,ERI42,TER,0.0
2026-06-06 19:45:00,2026-06-06,79,ERI50,TER,36.72
2026-06-06 19:45:00,2026-06-06,79,ERI51,TER,41.97
2026-06-06 19:45:00,2026-06-06,79,ERI52,TER,42.0
2026-06-06 19:45:00,2026-06-06,79,GCH01,TER,0.0
2026-06-06 19:45:00,2026-06-06,79,GCH02,TER,0.0
2026-06-06 19:45:00,2026-06-06,79,GCH04,TER,0.0
2026-06-06 19:45:00,2026-06-06,79,GCH06,TER,0.0
2026-06-06 19:45:00,2026-06-06,79,GCH09,TER,0.0
2026-06-06 19:45:00,2026-06-06,79,GCH10,TER,50.59
2026-06-06 19:45:00,2026-06-06,79,GCH11,TER,0.0
2026-06-06 19:45:00,2026-06-06,79,GCH12,TER,37.03
2026-06-06 19:45:00,2026-06-06,79,MOS,TER,0.0
2026-06-06 19:45:00,2026-06-06,79,SCZ01,TER,0.0
2026-06-06 19:45:00,2026-06-06,79,SCZ02,TER,0.0
2026-06-06 19:45:00,2026-06-06,79,SUR10,TER,34.52
2026-06-06 19:45:00,2026-06-06,79,SUR11,TER,38.13
2026-06-06 19:45:00,2026-06-06,79,SUR12,TER,38.08
2026-06-06 19:45:00,2026-06-06,79,SUR20,TER,0.0
2026-06-06 19:45:00,2026-06-06,79,SUR21,TER,0.0
2026-06-06 19:45:00,2026-06-06,79,SUR22,TER,0.0
2026-06-06 19:45:00,2026-06-06,79,SUR30,TER,37.4
2026-06-06 19:45:00,2026-06-06,79,SUR31,TER,43.11
2026-06-06 19:45:00,2026-06-06,79,SUR32,TER,43.22
2026-06-06 19:45:00,2026-06-06,79,SUR40,TER,35.2
2026-06-06 19:45:00,2026-06-06,79,SUR41,TER,41.37
2026-06-06 19:45:00,2026-06-06,79,SUR42,TER,41.44
2026-06-06 19:45:00,2026-06-06,79,VHE01,TER,0.0
2026-06-06 19:45:00,2026-06-06,79,VHE02,TER,0.0
2026-06-06 19:45:00,2026-06-06,79,VHE03,TER,0.0
2026-06-06 19:45:00,2026-06-06,79,VHE04,TER,0.0
2026-06-06 19:45:00,2026-06-06,79,VHE05,TER,0.0
2026-06-06 19:45:00,2026-06-06,79,VHE06,TER,0.0
2026-06-06 19:45:00,2026-06-06,79,VHE07,TER,0.0
2026-06-06 19:45:00,2026-06-06,79,VHE08,TER,0.0
2026-06-06 19:45:00,2026-06-06,79,WAR05,TER,39.37
2026-06-06 19:45:00,2026-06-06,79,WAR10,TER,34.37
2026-06-06 19:45:00,2026-06-06,79,WAR11,TER,40.28
2026-06-06 19:45:00,2026-06-06,79,WAR12,TER,40.16
2026-06-06 19:45:00,2026-06-06,79,WAR20,TER,36.08
2026-06-06 19:45:00,2026-06-06,79,WAR21,TER,38.82
2026-06-06 19:45:00,2026-06-06,79,WAR22,TER,39.06
2026-06-06 19:45:00,2026-06-06,79,WAR30,TER,36.37
2026-06-06 19:45:00,2026-06-06,79,WAR31,TER,41.94
2026-06-06 19:45:00,2026-06-06,79,WAR32,TER,42.06
2026-06-06 19:45:00,2026-06-06,79,WAR40,TER,0.0
2026-06-06 19:45:00,2026-06-06,79,WAR41,TER,0.0
2026-06-06 19:45:00,2026-06-06,79,WAR42,TER,0.0
2026-06-06 19:45:00,2026-06-06,79,CH ZON,HID,0.9
2026-06-06 19:45:00,2026-06-06,79,CH TIQ,HID,1.9
2026-06-06 19:45:00,2026-06-06,79,CH BOT,HID,1.88
2026-06-06 19:45:00,2026-06-06,79,CH CUT,HID,9.59
2026-06-06 19:45:00,2026-06-06,79,CH SRO BA,HID,2.6
2026-06-06 19:45:00,2026-06-06,79,CH SRO AC,HID,7.91
2026-06-06 19:45:00,2026-06-06,79,CH SAI,HID,7.91
2026-06-06 19:45:00,2026-06-06,79,CH CHU,HID,13.32
2026-06-06 19:45:00,2026-06-06,79,CH HAR,HID,0.0
2026-06-06 19:45:00,2026-06-06,79,CH CAH,HID,15.87
2026-06-06 19:45:00,2026-06-06,79,CH HUA,HID,15.28
2026-06-06 19:45:00,2026-06-06,79,CH CHJ2,HID,19.6
2026-06-06 19:45:00,2026-06-06,79,CH YAN,HID,25.8
2026-06-06 19:45:00,2026-06-06,79,CH COR,HID,56.18
2026-06-06 19:45:00,2026-06-06,79,CH SIS,HID,88.1
2026-06-06 19:45:00,2026-06-06,79,CH SJS,HID,46.66
2026-06-06 19:45:00,2026-06-06,79,CH SJE,HID,54.43
2026-06-06 19:45:00,2026-06-06,79,CH MIS,HID,108.0
2026-06-06 19:45:00,2026-06-06,79,CH MIG,HID,2.41
2026-06-06 19:45:00,2026-06-06,79,CH ANG,HID,2.88
2026-06-06 19:45:00,2026-06-06,79,CH CHO,HID,3.54
2026-06-06 19:45:00,2026-06-06,79,CH CRB,HID,3.63
2026-06-06 19:45:00,2026-06-06,79,CH KIL,HID,0.0
2026-06-06 19:45:00,2026-06-06,79,CH LAN,HID,0.0
2026-06-06 19:45:00,2026-06-06,79,CH PUN,HID,0.0
2026-06-06 19:45:00,2026-06-06,79,CH KAN,HID,7.08
2026-06-06 19:45:00,2026-06-06,79,CH SJA,HID,6.9
2026-06-06 19:45:00,2026-06-06,79,AGU01,BIO,0.0
2026-06-06 19:45:00,2026-06-06,79,AGU02,BIO,0.0
2026-06-06 19:45:00,2026-06-06,79,GBE01,BIO,5.56
2026-06-06 19:45:00,2026-06-06,79,IAG01,BIO,0.0
2026-06-06 19:45:00,2026-06-06,79,UNA01,BIO,0.0
2026-06-06 19:45:00,2026-06-06,79,CSF ORU,INT,-0.01
2026-06-06 19:45:00,2026-06-06,79,CSF UYU,INT,-0.17
2026-06-06 19:45:00,2026-06-06,79,CSF YUN,INT,0.0
2026-06-06 19:45:00,2026-06-06,79,CE EDO,INT,18.74
2026-06-06 19:45:00,2026-06-06,79,CE QOL,INT,4.7
2026-06-06 19:45:00,2026-06-06,79,CE SJU,INT,2.81
2026-06-06 19:45:00,2026-06-06,79,CE WAR,INT,1.26
2026-06-06 20:00:00,2026-06-06,80,ALT01,TER,0.0
2026-06-06 20:00:00,2026-06-06,80,ALT02,TER,0.0
2026-06-06 20:00:00,2026-06-06,80,ARJ01,TER,0.0
2026-06-06 20:00:00,2026-06-06,80,ARJ02,TER,0.0
2026-06-06 20:00:00,2026-06-06,80,ARJ03,TER,0.0
2026-06-06 20:00:00,2026-06-06,80,ARJ08,TER,16.9
2026-06-06 20:00:00,2026-06-06,80,ARJ09,TER,0.0
2026-06-06 20:00:00,2026-06-06,80,ARJ11,TER,0.0
2026-06-06 20:00:00,2026-06-06,80,ARJ12,TER,0.0
2026-06-06 20:00:00,2026-06-06,80,ARJ13,TER,0.0
2026-06-06 20:00:00,2026-06-06,80,ARJ14,TER,0.0
2026-06-06 20:00:00,2026-06-06,80,ARJ15,TER,0.0
2026-06-06 20:00:00,2026-06-06,80,BUL01,TER,0.0
2026-06-06 20:00:00,2026-06-06,80,BUL02,TER,0.0
2026-06-06 20:00:00,2026-06-06,80,BUL03,TER,0.0
2026-06-06 20:00:00,2026-06-06,80,CAR01,TER,0.0
2026-06-06 20:00:00,2026-06-06,80,CAR02,TER,0.0
2026-06-06 20:00:00,2026-06-06,80,CAR03,TER,0.0
2026-06-06 20:00:00,2026-06-06,80,ERI01,TER,0.0
2026-06-06 20:00:00,2026-06-06,80,ERI02,TER,0.0
2026-06-06 20:00:00,2026-06-06,80,ERI03,TER,0.0
2026-06-06 20:00:00,2026-06-06,80,ERI04,TER,0.0
2026-06-06 20:00:00,2026-06-06,80,ERI30,TER,35.7
2026-06-06 20:00:00,2026-06-06,80,ERI31,TER,42.11
2026-06-06 20:00:00,2026-06-06,80,ERI32,TER,41.92
2026-06-06 20:00:00,2026-06-06,80,ERI40,TER,0.01
2026-06-06 20:00:00,2026-06-06,80,ERI41,TER,0.0
2026-06-06 20:00:00,2026-06-06,80,ERI42,TER,0.0
2026-06-06 20:00:00,2026-06-06,80,ERI50,TER,36.65
2026-06-06 20:00:00,2026-06-06,80,ERI51,TER,41.58
2026-06-06 20:00:00,2026-06-06,80,ERI52,TER,41.79
2026-06-06 20:00:00,2026-06-06,80,GCH01,TER,0.0
2026-06-06 20:00:00,2026-06-06,80,GCH02,TER,0.0
2026-06-06 20:00:00,2026-06-06,80,GCH04,TER,0.0
2026-06-06 20:00:00,2026-06-06,80,GCH06,TER,0.0
2026-06-06 20:00:00,2026-06-06,80,GCH09,TER,0.0
2026-06-06 20:00:00,2026-06-06,80,GCH10,TER,50.22
2026-06-06 20:00:00,2026-06-06,80,GCH11,TER,0.0
2026-06-06 20:00:00,2026-06-06,80,GCH12,TER,36.95
2026-06-06 20:00:00,2026-06-06,80,MOS,TER,0.0
2026-06-06 20:00:00,2026-06-06,80,SCZ01,TER,0.0
2026-06-06 20:00:00,2026-06-06,80,SCZ02,TER,0.0
2026-06-06 20:00:00,2026-06-06,80,SUR10,TER,34.3
2026-06-06 20:00:00,2026-06-06,80,SUR11,TER,37.57
2026-06-06 20:00:00,2026-06-06,80,SUR12,TER,37.41
2026-06-06 20:00:00,2026-06-06,80,SUR20,TER,0.0
2026-06-06 20:00:00,2026-06-06,80,SUR21,TER,0.0
2026-06-06 20:00:00,2026-06-06,80,SUR22,TER,0.0
2026-06-06 20:00:00,2026-06-06,80,SUR30,TER,37.28
2026-06-06 20:00:00,2026-06-06,80,SUR31,TER,43.09
2026-06-06 20:00:00,2026-06-06,80,SUR32,TER,43.15
2026-06-06 20:00:00,2026-06-06,80,SUR40,TER,34.75
2026-06-06 20:00:00,2026-06-06,80,SUR41,TER,40.7
2026-06-06 20:00:00,2026-06-06,80,SUR42,TER,40.67
2026-06-06 20:00:00,2026-06-06,80,VHE01,TER,0.0
2026-06-06 20:00:00,2026-06-06,80,VHE02,TER,0.0
2026-06-06 20:00:00,2026-06-06,80,VHE03,TER,0.0
2026-06-06 20:00:00,2026-06-06,80,VHE04,TER,0.0
2026-06-06 20:00:00,2026-06-06,80,VHE05,TER,0.0
2026-06-06 20:00:00,2026-06-06,80,VHE06,TER,0.0
2026-06-06 20:00:00,2026-06-06,80,VHE07,TER,0.0
2026-06-06 20:00:00,2026-06-06,80,VHE08,TER,0.0
2026-06-06 20:00:00,2026-06-06,80,WAR05,TER,38.73
2026-06-06 20:00:00,2026-06-06,80,WAR10,TER,34.18
2026-06-06 20:00:00,2026-06-06,80,WAR11,TER,39.46
2026-06-06 20:00:00,2026-06-06,80,WAR12,TER,39.49
2026-06-06 20:00:00,2026-06-06,80,WAR20,TER,35.89
2026-06-06 20:00:00,2026-06-06,80,WAR21,TER,38.22
2026-06-06 20:00:00,2026-06-06,80,WAR22,TER,38.43
2026-06-06 20:00:00,2026-06-06,80,WAR30,TER,36.33
2026-06-06 20:00:00,2026-06-06,80,WAR31,TER,41.1
2026-06-06 20:00:00,2026-06-06,80,WAR32,TER,41.4
2026-06-06 20:00:00,2026-06-06,80,WAR40,TER,0.0
2026-06-06 20:00:00,2026-06-06,80,WAR41,TER,0.0
2026-06-06 20:00:00,2026-06-06,80,WAR42,TER,0.0
2026-06-06 20:00:00,2026-06-06,80,CH ZON,HID,0.66
2026-06-06 20:00:00,2026-06-06,80,CH TIQ,HID,4.51
2026-06-06 20:00:00,2026-06-06,80,CH BOT,HID,1.97
2026-06-06 20:00:00,2026-06-06,80,CH CUT,HID,9.68
2026-06-06 20:00:00,2026-06-06,80,CH SRO BA,HID,2.5
2026-06-06 20:00:00,2026-06-06,80,CH SRO AC,HID,7.77
2026-06-06 20:00:00,2026-06-06,80,CH SAI,HID,7.8
2026-06-06 20:00:00,2026-06-06,80,CH CHU,HID,15.88
2026-06-06 20:00:00,2026-06-06,80,CH HAR,HID,0.0
2026-06-06 20:00:00,2026-06-06,80,CH CAH,HID,18.53
2026-06-06 20:00:00,2026-06-06,80,CH HUA,HID,15.01
2026-06-06 20:00:00,2026-06-06,80,CH CHJ2,HID,19.2
2026-06-06 20:00:00,2026-06-06,80,CH YAN,HID,25.2
2026-06-06 20:00:00,2026-06-06,80,CH COR,HID,54.51
2026-06-06 20:00:00,2026-06-06,80,CH SIS,HID,87.01
2026-06-06 20:00:00,2026-06-06,80,CH SJS,HID,45.77
2026-06-06 20:00:00,2026-06-06,80,CH SJE,HID,53.12
2026-06-06 20:00:00,2026-06-06,80,CH MIS,HID,108.0
2026-06-06 20:00:00,2026-06-06,80,CH MIG,HID,2.41
2026-06-06 20:00:00,2026-06-06,80,CH ANG,HID,2.84
2026-06-06 20:00:00,2026-06-06,80,CH CHO,HID,3.54
2026-06-06 20:00:00,2026-06-06,80,CH CRB,HID,3.6
2026-06-06 20:00:00,2026-06-06,80,CH KIL,HID,0.0
2026-06-06 20:00:00,2026-06-06,80,CH LAN,HID,0.0
2026-06-06 20:00:00,2026-06-06,80,CH PUN,HID,0.0
2026-06-06 20:00:00,2026-06-06,80,CH KAN,HID,7.08
2026-06-06 20:00:00,2026-06-06,80,CH SJA,HID,6.9
2026-06-06 20:00:00,2026-06-06,80,AGU01,BIO,0.0
2026-06-06 20:00:00,2026-06-06,80,AGU02,BIO,0.0
2026-06-06 20:00:00,2026-06-06,80,GBE01,BIO,4.48
2026-06-06 20:00:00,2026-06-06,80,IAG01,BIO,0.0
2026-06-06 20:00:00,2026-06-06,80,UNA01,BIO,0.0
2026-06-06 20:00:00,2026-06-06,80,CSF ORU,INT,-0.01
2026-06-06 20:00:00,2026-06-06,80,CSF UYU,INT,-0.17
2026-06-06 20:00:00,2026-06-06,80,CSF YUN,INT,0.0
2026-06-06 20:00:00,2026-06-06,80,CE EDO,INT,21.54
2026-06-06 20:00:00,2026-06-06,80,CE QOL,INT,4.96
2026-06-06 20:00:00,2026-06-06,80,CE SJU,INT,3.17
2026-06-06 20:00:00,2026-06-06,80,CE WAR,INT,1.33
2026-06-06 20:15:00,2026-06-06,81,ALT01,TER,0.0
2026-06-06 20:15:00,2026-06-06,81,ALT02,TER,0.0
2026-06-06 20:15:00,2026-06-06,81,ARJ01,TER,0.0
2026-06-06 20:15:00,2026-06-06,81,ARJ02,TER,0.0
2026-06-06 20:15:00,2026-06-06,81,ARJ03,TER,0.0
2026-06-06 20:15:00,2026-06-06,81,ARJ08,TER,17.48
2026-06-06 20:15:00,2026-06-06,81,ARJ09,TER,0.0
2026-06-06 20:15:00,2026-06-06,81,ARJ11,TER,0.0
2026-06-06 20:15:00,2026-06-06,81,ARJ12,TER,0.0
2026-06-06 20:15:00,2026-06-06,81,ARJ13,TER,0.0
2026-06-06 20:15:00,2026-06-06,81,ARJ14,TER,0.0
2026-06-06 20:15:00,2026-06-06,81,ARJ15,TER,0.0
2026-06-06 20:15:00,2026-06-06,81,BUL01,TER,0.0
2026-06-06 20:15:00,2026-06-06,81,BUL02,TER,0.0
2026-06-06 20:15:00,2026-06-06,81,BUL03,TER,0.0
2026-06-06 20:15:00,2026-06-06,81,CAR01,TER,0.0
2026-06-06 20:15:00,2026-06-06,81,CAR02,TER,0.0
2026-06-06 20:15:00,2026-06-06,81,CAR03,TER,0.0
2026-06-06 20:15:00,2026-06-06,81,ERI01,TER,0.0
2026-06-06 20:15:00,2026-06-06,81,ERI02,TER,0.0
2026-06-06 20:15:00,2026-06-06,81,ERI03,TER,0.0
2026-06-06 20:15:00,2026-06-06,81,ERI04,TER,0.0
2026-06-06 20:15:00,2026-06-06,81,ERI30,TER,35.73
2026-06-06 20:15:00,2026-06-06,81,ERI31,TER,43.16
2026-06-06 20:15:00,2026-06-06,81,ERI32,TER,42.85
2026-06-06 20:15:00,2026-06-06,81,ERI40,TER,0.01
2026-06-06 20:15:00,2026-06-06,81,ERI41,TER,0.0
2026-06-06 20:15:00,2026-06-06,81,ERI42,TER,0.0
2026-06-06 20:15:00,2026-06-06,81,ERI50,TER,36.72
2026-06-06 20:15:00,2026-06-06,81,ERI51,TER,42.7
2026-06-06 20:15:00,2026-06-06,81,ERI52,TER,42.81
2026-06-06 20:15:00,2026-06-06,81,GCH01,TER,0.0
2026-06-06 20:15:00,2026-06-06,81,GCH02,TER,0.0
2026-06-06 20:15:00,2026-06-06,81,GCH04,TER,0.0
2026-06-06 20:15:00,2026-06-06,81,GCH06,TER,0.0
2026-06-06 20:15:00,2026-06-06,81,GCH09,TER,0.0
2026-06-06 20:15:00,2026-06-06,81,GCH10,TER,50.78
2026-06-06 20:15:00,2026-06-06,81,GCH11,TER,0.0
2026-06-06 20:15:00,2026-06-06,81,GCH12,TER,36.92
2026-06-06 20:15:00,2026-06-06,81,MOS,TER,0.0
2026-06-06 20:15:00,2026-06-06,81,SCZ01,TER,0.0
2026-06-06 20:15:00,2026-06-06,81,SCZ02,TER,0.0
2026-06-06 20:15:00,2026-06-06,81,SUR10,TER,34.18
2026-06-06 20:15:00,2026-06-06,81,SUR11,TER,38.67
2026-06-06 20:15:00,2026-06-06,81,SUR12,TER,38.31
2026-06-06 20:15:00,2026-06-06,81,SUR20,TER,0.0
2026-06-06 20:15:00,2026-06-06,81,SUR21,TER,0.0
2026-06-06 20:15:00,2026-06-06,81,SUR22,TER,0.0
2026-06-06 20:15:00,2026-06-06,81,SUR30,TER,37.28
2026-06-06 20:15:00,2026-06-06,81,SUR31,TER,43.1
2026-06-06 20:15:00,2026-06-06,81,SUR32,TER,43.18
2026-06-06 20:15:00,2026-06-06,81,SUR40,TER,34.82
2026-06-06 20:15:00,2026-06-06,81,SUR41,TER,41.84
2026-06-06 20:15:00,2026-06-06,81,SUR42,TER,41.41
2026-06-06 20:15:00,2026-06-06,81,VHE01,TER,0.0
2026-06-06 20:15:00,2026-06-06,81,VHE02,TER,0.0
2026-06-06 20:15:00,2026-06-06,81,VHE03,TER,0.0
2026-06-06 20:15:00,2026-06-06,81,VHE04,TER,0.0
2026-06-06 20:15:00,2026-06-06,81,VHE05,TER,0.0
2026-06-06 20:15:00,2026-06-06,81,VHE06,TER,0.0
2026-06-06 20:15:00,2026-06-06,81,VHE07,TER,0.0
2026-06-06 20:15:00,2026-06-06,81,VHE08,TER,0.0
2026-06-06 20:15:00,2026-06-06,81,WAR05,TER,40.06
2026-06-06 20:15:00,2026-06-06,81,WAR10,TER,34.25
2026-06-06 20:15:00,2026-06-06,81,WAR11,TER,40.21
2026-06-06 20:15:00,2026-06-06,81,WAR12,TER,40.35
2026-06-06 20:15:00,2026-06-06,81,WAR20,TER,36.08
2026-06-06 20:15:00,2026-06-06,81,WAR21,TER,39.09
2026-06-06 20:15:00,2026-06-06,81,WAR22,TER,39.52
2026-06-06 20:15:00,2026-06-06,81,WAR30,TER,36.22
2026-06-06 20:15:00,2026-06-06,81,WAR31,TER,41.94
2026-06-06 20:15:00,2026-06-06,81,WAR32,TER,42.1
2026-06-06 20:15:00,2026-06-06,81,WAR40,TER,0.0
2026-06-06 20:15:00,2026-06-06,81,WAR41,TER,0.0
2026-06-06 20:15:00,2026-06-06,81,WAR42,TER,0.0
2026-06-06 20:15:00,2026-06-06,81,CH ZON,HID,0.98
2026-06-06 20:15:00,2026-06-06,81,CH TIQ,HID,1.19
2026-06-06 20:15:00,2026-06-06,81,CH BOT,HID,2.07
2026-06-06 20:15:00,2026-06-06,81,CH CUT,HID,9.99
2026-06-06 20:15:00,2026-06-06,81,CH SRO BA,HID,2.52
2026-06-06 20:15:00,2026-06-06,81,CH SRO AC,HID,7.96
2026-06-06 20:15:00,2026-06-06,81,CH SAI,HID,7.96
2026-06-06 20:15:00,2026-06-06,81,CH CHU,HID,14.45
2026-06-06 20:15:00,2026-06-06,81,CH HAR,HID,0.0
2026-06-06 20:15:00,2026-06-06,81,CH CAH,HID,15.97
2026-06-06 20:15:00,2026-06-06,81,CH HUA,HID,15.52
2026-06-06 20:15:00,2026-06-06,81,CH CHJ2,HID,19.6
2026-06-06 20:15:00,2026-06-06,81,CH YAN,HID,25.5
2026-06-06 20:15:00,2026-06-06,81,CH COR,HID,44.46
2026-06-06 20:15:00,2026-06-06,81,CH SIS,HID,73.68
2026-06-06 20:15:00,2026-06-06,81,CH SJS,HID,46.39
2026-06-06 20:15:00,2026-06-06,81,CH SJE,HID,54.25
2026-06-06 20:15:00,2026-06-06,81,CH MIS,HID,72.0
2026-06-06 20:15:00,2026-06-06,81,CH MIG,HID,2.41
2026-06-06 20:15:00,2026-06-06,81,CH ANG,HID,2.94
2026-06-06 20:15:00,2026-06-06,81,CH CHO,HID,3.54
2026-06-06 20:15:00,2026-06-06,81,CH CRB,HID,3.66
2026-06-06 20:15:00,2026-06-06,81,CH KIL,HID,0.0
2026-06-06 20:15:00,2026-06-06,81,CH LAN,HID,0.0
2026-06-06 20:15:00,2026-06-06,81,CH PUN,HID,0.0
2026-06-06 20:15:00,2026-06-06,81,CH KAN,HID,7.06
2026-06-06 20:15:00,2026-06-06,81,CH SJA,HID,6.9
2026-06-06 20:15:00,2026-06-06,81,AGU01,BIO,0.0
2026-06-06 20:15:00,2026-06-06,81,AGU02,BIO,0.0
2026-06-06 20:15:00,2026-06-06,81,GBE01,BIO,5.68
2026-06-06 20:15:00,2026-06-06,81,IAG01,BIO,0.0
2026-06-06 20:15:00,2026-06-06,81,UNA01,BIO,0.0
2026-06-06 20:15:00,2026-06-06,81,CSF ORU,INT,-0.01
2026-06-06 20:15:00,2026-06-06,81,CSF UYU,INT,-0.17
2026-06-06 20:15:00,2026-06-06,81,CSF YUN,INT,0.0
2026-06-06 20:15:00,2026-06-06,81,CE EDO,INT,21.43
2026-06-06 20:15:00,2026-06-06,81,CE QOL,INT,5.71
2026-06-06 20:15:00,2026-06-06,81,CE SJU,INT,3.6
2026-06-06 20:15:00,2026-06-06,81,CE WAR,INT,1.38
2026-06-06 20:30:00,2026-06-06,82,ALT01,TER,0.0
2026-06-06 20:30:00,2026-06-06,82,ALT02,TER,0.0
2026-06-06 20:30:00,2026-06-06,82,ARJ01,TER,0.0
2026-06-06 20:30:00,2026-06-06,82,ARJ02,TER,0.0
2026-06-06 20:30:00,2026-06-06,82,ARJ03,TER,0.0
2026-06-06 20:30:00,2026-06-06,82,ARJ08,TER,17.27
2026-06-06 20:30:00,2026-06-06,82,ARJ09,TER,0.0
2026-06-06 20:30:00,2026-06-06,82,ARJ11,TER,0.0
2026-06-06 20:30:00,2026-06-06,82,ARJ12,TER,0.0
2026-06-06 20:30:00,2026-06-06,82,ARJ13,TER,0.0
2026-06-06 20:30:00,2026-06-06,82,ARJ14,TER,0.0
2026-06-06 20:30:00,2026-06-06,82,ARJ15,TER,0.0
2026-06-06 20:30:00,2026-06-06,82,BUL01,TER,0.0
2026-06-06 20:30:00,2026-06-06,82,BUL02,TER,0.0
2026-06-06 20:30:00,2026-06-06,82,BUL03,TER,0.0
2026-06-06 20:30:00,2026-06-06,82,CAR01,TER,0.0
2026-06-06 20:30:00,2026-06-06,82,CAR02,TER,0.0
2026-06-06 20:30:00,2026-06-06,82,CAR03,TER,0.0
2026-06-06 20:30:00,2026-06-06,82,ERI01,TER,0.0
2026-06-06 20:30:00,2026-06-06,82,ERI02,TER,0.0
2026-06-06 20:30:00,2026-06-06,82,ERI03,TER,0.0
2026-06-06 20:30:00,2026-06-06,82,ERI04,TER,0.0
2026-06-06 20:30:00,2026-06-06,82,ERI30,TER,36.87
2026-06-06 20:30:00,2026-06-06,82,ERI31,TER,45.11
2026-06-06 20:30:00,2026-06-06,82,ERI32,TER,45.25
2026-06-06 20:30:00,2026-06-06,82,ERI40,TER,0.01
2026-06-06 20:30:00,2026-06-06,82,ERI41,TER,0.0
2026-06-06 20:30:00,2026-06-06,82,ERI42,TER,0.0
2026-06-06 20:30:00,2026-06-06,82,ERI50,TER,37.44
2026-06-06 20:30:00,2026-06-06,82,ERI51,TER,44.9
2026-06-06 20:30:00,2026-06-06,82,ERI52,TER,44.97
2026-06-06 20:30:00,2026-06-06,82,GCH01,TER,0.0
2026-06-06 20:30:00,2026-06-06,82,GCH02,TER,0.0
2026-06-06 20:30:00,2026-06-06,82,GCH04,TER,0.0
2026-06-06 20:30:00,2026-06-06,82,GCH06,TER,0.0
2026-06-06 20:30:00,2026-06-06,82,GCH09,TER,0.0
2026-06-06 20:30:00,2026-06-06,82,GCH10,TER,49.91
2026-06-06 20:30:00,2026-06-06,82,GCH11,TER,0.0
2026-06-06 20:30:00,2026-06-06,82,GCH12,TER,36.65
2026-06-06 20:30:00,2026-06-06,82,MOS,TER,0.0
2026-06-06 20:30:00,2026-06-06,82,SCZ01,TER,0.0
2026-06-06 20:30:00,2026-06-06,82,SCZ02,TER,0.0
2026-06-06 20:30:00,2026-06-06,82,SUR10,TER,35.01
2026-06-06 20:30:00,2026-06-06,82,SUR11,TER,40.5
2026-06-06 20:30:00,2026-06-06,82,SUR12,TER,40.45
2026-06-06 20:30:00,2026-06-06,82,SUR20,TER,0.0
2026-06-06 20:30:00,2026-06-06,82,SUR21,TER,0.0
2026-06-06 20:30:00,2026-06-06,82,SUR22,TER,0.0
2026-06-06 20:30:00,2026-06-06,82,SUR30,TER,37.28
2026-06-06 20:30:00,2026-06-06,82,SUR31,TER,43.14
2026-06-06 20:30:00,2026-06-06,82,SUR32,TER,43.25
2026-06-06 20:30:00,2026-06-06,82,SUR40,TER,35.47
2026-06-06 20:30:00,2026-06-06,82,SUR41,TER,43.8
2026-06-06 20:30:00,2026-06-06,82,SUR42,TER,43.88
2026-06-06 20:30:00,2026-06-06,82,VHE01,TER,0.0
2026-06-06 20:30:00,2026-06-06,82,VHE02,TER,0.0
2026-06-06 20:30:00,2026-06-06,82,VHE03,TER,0.0
2026-06-06 20:30:00,2026-06-06,82,VHE04,TER,0.0
2026-06-06 20:30:00,2026-06-06,82,VHE05,TER,0.0
2026-06-06 20:30:00,2026-06-06,82,VHE06,TER,0.0
2026-06-06 20:30:00,2026-06-06,82,VHE07,TER,0.0
2026-06-06 20:30:00,2026-06-06,82,VHE08,TER,0.0
2026-06-06 20:30:00,2026-06-06,82,WAR05,TER,41.89
2026-06-06 20:30:00,2026-06-06,82,WAR10,TER,35.12
2026-06-06 20:30:00,2026-06-06,82,WAR11,TER,42.55
2026-06-06 20:30:00,2026-06-06,82,WAR12,TER,42.43
2026-06-06 20:30:00,2026-06-06,82,WAR20,TER,36.87
2026-06-06 20:30:00,2026-06-06,82,WAR21,TER,41.37
2026-06-06 20:30:00,2026-06-06,82,WAR22,TER,41.5
2026-06-06 20:30:00,2026-06-06,82,WAR30,TER,37.12
2026-06-06 20:30:00,2026-06-06,82,WAR31,TER,44.35
2026-06-06 20:30:00,2026-06-06,82,WAR32,TER,44.6
2026-06-06 20:30:00,2026-06-06,82,WAR40,TER,0.0
2026-06-06 20:30:00,2026-06-06,82,WAR41,TER,0.0
2026-06-06 20:30:00,2026-06-06,82,WAR42,TER,0.0
2026-06-06 20:30:00,2026-06-06,82,CH ZON,HID,1.25
2026-06-06 20:30:00,2026-06-06,82,CH TIQ,HID,1.08
2026-06-06 20:30:00,2026-06-06,82,CH BOT,HID,2.19
2026-06-06 20:30:00,2026-06-06,82,CH CUT,HID,6.24
2026-06-06 20:30:00,2026-06-06,82,CH SRO BA,HID,1.53
2026-06-06 20:30:00,2026-06-06,82,CH SRO AC,HID,3.67
2026-06-06 20:30:00,2026-06-06,82,CH SAI,HID,7.14
2026-06-06 20:30:00,2026-06-06,82,CH CHU,HID,12.94
2026-06-06 20:30:00,2026-06-06,82,CH HAR,HID,0.0
2026-06-06 20:30:00,2026-06-06,82,CH CAH,HID,13.35
2026-06-06 20:30:00,2026-06-06,82,CH HUA,HID,15.86
2026-06-06 20:30:00,2026-06-06,82,CH CHJ2,HID,21.2
2026-06-06 20:30:00,2026-06-06,82,CH YAN,HID,27.6
2026-06-06 20:30:00,2026-06-06,82,CH COR,HID,64.67
2026-06-06 20:30:00,2026-06-06,82,CH SIS,HID,90.15
2026-06-06 20:30:00,2026-06-06,82,CH SJS,HID,49.41
2026-06-06 20:30:00,2026-06-06,82,CH SJE,HID,58.27
2026-06-06 20:30:00,2026-06-06,82,CH MIS,HID,11.0
2026-06-06 20:30:00,2026-06-06,82,CH MIG,HID,2.41
2026-06-06 20:30:00,2026-06-06,82,CH ANG,HID,2.94
2026-06-06 20:30:00,2026-06-06,82,CH CHO,HID,3.54
2026-06-06 20:30:00,2026-06-06,82,CH CRB,HID,3.58
2026-06-06 20:30:00,2026-06-06,82,CH KIL,HID,0.0
2026-06-06 20:30:00,2026-06-06,82,CH LAN,HID,0.0
2026-06-06 20:30:00,2026-06-06,82,CH PUN,HID,0.0
2026-06-06 20:30:00,2026-06-06,82,CH KAN,HID,7.09
2026-06-06 20:30:00,2026-06-06,82,CH SJA,HID,6.9
2026-06-06 20:30:00,2026-06-06,82,AGU01,BIO,0.0
2026-06-06 20:30:00,2026-06-06,82,AGU02,BIO,0.0
2026-06-06 20:30:00,2026-06-06,82,GBE01,BIO,6.44
2026-06-06 20:30:00,2026-06-06,82,IAG01,BIO,0.0
2026-06-06 20:30:00,2026-06-06,82,UNA01,BIO,0.0
2026-06-06 20:30:00,2026-06-06,82,CSF ORU,INT,-0.01
2026-06-06 20:30:00,2026-06-06,82,CSF UYU,INT,-0.17
2026-06-06 20:30:00,2026-06-06,82,CSF YUN,INT,0.0
2026-06-06 20:30:00,2026-06-06,82,CE EDO,INT,21.17
2026-06-06 20:30:00,2026-06-06,82,CE QOL,INT,2.7
2026-06-06 20:30:00,2026-06-06,82,CE SJU,INT,4.0
2026-06-06 20:30:00,2026-06-06,82,CE WAR,INT,1.2
2026-06-06 20:45:00,2026-06-06,83,ALT01,TER,0.0
2026-06-06 20:45:00,2026-06-06,83,ALT02,TER,0.0
2026-06-06 20:45:00,2026-06-06,83,ARJ01,TER,0.0
2026-06-06 20:45:00,2026-06-06,83,ARJ02,TER,0.0
2026-06-06 20:45:00,2026-06-06,83,ARJ03,TER,0.0
2026-06-06 20:45:00,2026-06-06,83,ARJ08,TER,16.72
2026-06-06 20:45:00,2026-06-06,83,ARJ09,TER,0.0
2026-06-06 20:45:00,2026-06-06,83,ARJ11,TER,0.0
2026-06-06 20:45:00,2026-06-06,83,ARJ12,TER,0.0
2026-06-06 20:45:00,2026-06-06,83,ARJ13,TER,0.0
2026-06-06 20:45:00,2026-06-06,83,ARJ14,TER,0.0
2026-06-06 20:45:00,2026-06-06,83,ARJ15,TER,0.0
2026-06-06 20:45:00,2026-06-06,83,BUL01,TER,0.0
2026-06-06 20:45:00,2026-06-06,83,BUL02,TER,0.0
2026-06-06 20:45:00,2026-06-06,83,BUL03,TER,0.0
2026-06-06 20:45:00,2026-06-06,83,CAR01,TER,0.0
2026-06-06 20:45:00,2026-06-06,83,CAR02,TER,0.0
2026-06-06 20:45:00,2026-06-06,83,CAR03,TER,0.0
2026-06-06 20:45:00,2026-06-06,83,ERI01,TER,0.0
2026-06-06 20:45:00,2026-06-06,83,ERI02,TER,0.0
2026-06-06 20:45:00,2026-06-06,83,ERI03,TER,0.0
2026-06-06 20:45:00,2026-06-06,83,ERI04,TER,0.0
2026-06-06 20:45:00,2026-06-06,83,ERI30,TER,36.87
2026-06-06 20:45:00,2026-06-06,83,ERI31,TER,45.48
2026-06-06 20:45:00,2026-06-06,83,ERI32,TER,45.22
2026-06-06 20:45:00,2026-06-06,83,ERI40,TER,0.01
2026-06-06 20:45:00,2026-06-06,83,ERI41,TER,0.0
2026-06-06 20:45:00,2026-06-06,83,ERI42,TER,0.0
2026-06-06 20:45:00,2026-06-06,83,ERI50,TER,37.71
2026-06-06 20:45:00,2026-06-06,83,ERI51,TER,45.18
2026-06-06 20:45:00,2026-06-06,83,ERI52,TER,44.96
2026-06-06 20:45:00,2026-06-06,83,GCH01,TER,0.0
2026-06-06 20:45:00,2026-06-06,83,GCH02,TER,0.0
2026-06-06 20:45:00,2026-06-06,83,GCH04,TER,0.0
2026-06-06 20:45:00,2026-06-06,83,GCH06,TER,0.0
2026-06-06 20:45:00,2026-06-06,83,GCH09,TER,0.0
2026-06-06 20:45:00,2026-06-06,83,GCH10,TER,50.09
2026-06-06 20:45:00,2026-06-06,83,GCH11,TER,0.0
2026-06-06 20:45:00,2026-06-06,83,GCH12,TER,36.65
2026-06-06 20:45:00,2026-06-06,83,MOS,TER,0.0
2026-06-06 20:45:00,2026-06-06,83,SCZ01,TER,0.0
2026-06-06 20:45:00,2026-06-06,83,SCZ02,TER,0.0
2026-06-06 20:45:00,2026-06-06,83,SUR10,TER,34.9
2026-06-06 20:45:00,2026-06-06,83,SUR11,TER,40.88
2026-06-06 20:45:00,2026-06-06,83,SUR12,TER,40.77
2026-06-06 20:45:00,2026-06-06,83,SUR20,TER,0.0
2026-06-06 20:45:00,2026-06-06,83,SUR21,TER,0.0
2026-06-06 20:45:00,2026-06-06,83,SUR22,TER,0.0
2026-06-06 20:45:00,2026-06-06,83,SUR30,TER,37.21
2026-06-06 20:45:00,2026-06-06,83,SUR31,TER,43.17
2026-06-06 20:45:00,2026-06-06,83,SUR32,TER,43.22
2026-06-06 20:45:00,2026-06-06,83,SUR40,TER,35.7
2026-06-06 20:45:00,2026-06-06,83,SUR41,TER,44.0
2026-06-06 20:45:00,2026-06-06,83,SUR42,TER,44.16
2026-06-06 20:45:00,2026-06-06,83,VHE01,TER,0.0
2026-06-06 20:45:00,2026-06-06,83,VHE02,TER,0.0
2026-06-06 20:45:00,2026-06-06,83,VHE03,TER,0.0
2026-06-06 20:45:00,2026-06-06,83,VHE04,TER,0.0
2026-06-06 20:45:00,2026-06-06,83,VHE05,TER,0.0
2026-06-06 20:45:00,2026-06-06,83,VHE06,TER,0.0
2026-06-06 20:45:00,2026-06-06,83,VHE07,TER,0.0
2026-06-06 20:45:00,2026-06-06,83,VHE08,TER,0.0
2026-06-06 20:45:00,2026-06-06,83,WAR05,TER,41.95
2026-06-06 20:45:00,2026-06-06,83,WAR10,TER,35.57
2026-06-06 20:45:00,2026-06-06,83,WAR11,TER,42.73
2026-06-06 20:45:00,2026-06-06,83,WAR12,TER,42.68
2026-06-06 20:45:00,2026-06-06,83,WAR20,TER,37.06
2026-06-06 20:45:00,2026-06-06,83,WAR21,TER,41.48
2026-06-06 20:45:00,2026-06-06,83,WAR22,TER,41.67
2026-06-06 20:45:00,2026-06-06,83,WAR30,TER,37.39
2026-06-06 20:45:00,2026-06-06,83,WAR31,TER,44.53
2026-06-06 20:45:00,2026-06-06,83,WAR32,TER,44.75
2026-06-06 20:45:00,2026-06-06,83,WAR40,TER,0.0
2026-06-06 20:45:00,2026-06-06,83,WAR41,TER,0.0
2026-06-06 20:45:00,2026-06-06,83,WAR42,TER,0.0
2026-06-06 20:45:00,2026-06-06,83,CH ZON,HID,1.25
2026-06-06 20:45:00,2026-06-06,83,CH TIQ,HID,0.0
2026-06-06 20:45:00,2026-06-06,83,CH BOT,HID,2.22
2026-06-06 20:45:00,2026-06-06,83,CH CUT,HID,6.24
2026-06-06 20:45:00,2026-06-06,83,CH SRO BA,HID,1.53
2026-06-06 20:45:00,2026-06-06,83,CH SRO AC,HID,3.68
2026-06-06 20:45:00,2026-06-06,83,CH SAI,HID,4.84
2026-06-06 20:45:00,2026-06-06,83,CH CHU,HID,12.95
2026-06-06 20:45:00,2026-06-06,83,CH HAR,HID,0.0
2026-06-06 20:45:00,2026-06-06,83,CH CAH,HID,10.34
2026-06-06 20:45:00,2026-06-06,83,CH HUA,HID,15.87
2026-06-06 20:45:00,2026-06-06,83,CH CHJ2,HID,21.2
2026-06-06 20:45:00,2026-06-06,83,CH YAN,HID,27.8
2026-06-06 20:45:00,2026-06-06,83,CH COR,HID,63.87
2026-06-06 20:45:00,2026-06-06,83,CH SIS,HID,90.12
2026-06-06 20:45:00,2026-06-06,83,CH SJS,HID,49.69
2026-06-06 20:45:00,2026-06-06,83,CH SJE,HID,58.4
2026-06-06 20:45:00,2026-06-06,83,CH MIS,HID,11.0
2026-06-06 20:45:00,2026-06-06,83,CH MIG,HID,2.41
2026-06-06 20:45:00,2026-06-06,83,CH ANG,HID,2.91
2026-06-06 20:45:00,2026-06-06,83,CH CHO,HID,3.55
2026-06-06 20:45:00,2026-06-06,83,CH CRB,HID,3.61
2026-06-06 20:45:00,2026-06-06,83,CH KIL,HID,0.0
2026-06-06 20:45:00,2026-06-06,83,CH LAN,HID,0.0
2026-06-06 20:45:00,2026-06-06,83,CH PUN,HID,0.0
2026-06-06 20:45:00,2026-06-06,83,CH KAN,HID,7.12
2026-06-06 20:45:00,2026-06-06,83,CH SJA,HID,6.9
2026-06-06 20:45:00,2026-06-06,83,AGU01,BIO,0.0
2026-06-06 20:45:00,2026-06-06,83,AGU02,BIO,0.0
2026-06-06 20:45:00,2026-06-06,83,GBE01,BIO,6.5
2026-06-06 20:45:00,2026-06-06,83,IAG01,BIO,0.0
2026-06-06 20:45:00,2026-06-06,83,UNA01,BIO,0.0
2026-06-06 20:45:00,2026-06-06,83,CSF ORU,INT,-0.01
2026-06-06 20:45:00,2026-06-06,83,CSF UYU,INT,-0.17
2026-06-06 20:45:00,2026-06-06,83,CSF YUN,INT,0.0
2026-06-06 20:45:00,2026-06-06,83,CE EDO,INT,18.64
2026-06-06 20:45:00,2026-06-06,83,CE QOL,INT,1.76
2026-06-06 20:45:00,2026-06-06,83,CE SJU,INT,5.33
2026-06-06 20:45:00,2026-06-06,83,CE WAR,INT,1.92
2026-06-06 21:00:00,2026-06-06,84,ALT01,TER,0.0
2026-06-06 21:00:00,2026-06-06,84,ALT02,TER,0.0
2026-06-06 21:00:00,2026-06-06,84,ARJ01,TER,0.0
2026-06-06 21:00:00,2026-06-06,84,ARJ02,TER,0.0
2026-06-06 21:00:00,2026-06-06,84,ARJ03,TER,0.0
2026-06-06 21:00:00,2026-06-06,84,ARJ08,TER,17.08
2026-06-06 21:00:00,2026-06-06,84,ARJ09,TER,0.0
2026-06-06 21:00:00,2026-06-06,84,ARJ11,TER,0.0
2026-06-06 21:00:00,2026-06-06,84,ARJ12,TER,0.0
2026-06-06 21:00:00,2026-06-06,84,ARJ13,TER,0.0
2026-06-06 21:00:00,2026-06-06,84,ARJ14,TER,0.0
2026-06-06 21:00:00,2026-06-06,84,ARJ15,TER,0.0
2026-06-06 21:00:00,2026-06-06,84,BUL01,TER,0.0
2026-06-06 21:00:00,2026-06-06,84,BUL02,TER,0.0
2026-06-06 21:00:00,2026-06-06,84,BUL03,TER,0.0
2026-06-06 21:00:00,2026-06-06,84,CAR01,TER,0.0
2026-06-06 21:00:00,2026-06-06,84,CAR02,TER,0.0
2026-06-06 21:00:00,2026-06-06,84,CAR03,TER,0.0
2026-06-06 21:00:00,2026-06-06,84,ERI01,TER,0.0
2026-06-06 21:00:00,2026-06-06,84,ERI02,TER,0.0
2026-06-06 21:00:00,2026-06-06,84,ERI03,TER,0.0
2026-06-06 21:00:00,2026-06-06,84,ERI04,TER,0.0
2026-06-06 21:00:00,2026-06-06,84,ERI30,TER,36.68
2026-06-06 21:00:00,2026-06-06,84,ERI31,TER,44.71
2026-06-06 21:00:00,2026-06-06,84,ERI32,TER,44.57
2026-06-06 21:00:00,2026-06-06,84,ERI40,TER,-0.02
2026-06-06 21:00:00,2026-06-06,84,ERI41,TER,0.0
2026-06-06 21:00:00,2026-06-06,84,ERI42,TER,0.0
2026-06-06 21:00:00,2026-06-06,84,ERI50,TER,37.59
2026-06-06 21:00:00,2026-06-06,84,ERI51,TER,44.4
2026-06-06 21:00:00,2026-06-06,84,ERI52,TER,44.32
2026-06-06 21:00:00,2026-06-06,84,GCH01,TER,0.0
2026-06-06 21:00:00,2026-06-06,84,GCH02,TER,0.0
2026-06-06 21:00:00,2026-06-06,84,GCH04,TER,0.0
2026-06-06 21:00:00,2026-06-06,84,GCH06,TER,0.0
2026-06-06 21:00:00,2026-06-06,84,GCH09,TER,0.0
2026-06-06 21:00:00,2026-06-06,84,GCH10,TER,49.75
2026-06-06 21:00:00,2026-06-06,84,GCH11,TER,0.0
2026-06-06 21:00:00,2026-06-06,84,GCH12,TER,36.67
2026-06-06 21:00:00,2026-06-06,84,MOS,TER,0.0
2026-06-06 21:00:00,2026-06-06,84,SCZ01,TER,0.0
2026-06-06 21:00:00,2026-06-06,84,SCZ02,TER,0.0
2026-06-06 21:00:00,2026-06-06,84,SUR10,TER,34.9
2026-06-06 21:00:00,2026-06-06,84,SUR11,TER,40.15
2026-06-06 21:00:00,2026-06-06,84,SUR12,TER,39.97
2026-06-06 21:00:00,2026-06-06,84,SUR20,TER,0.0
2026-06-06 21:00:00,2026-06-06,84,SUR21,TER,0.0
2026-06-06 21:00:00,2026-06-06,84,SUR22,TER,0.0
2026-06-06 21:00:00,2026-06-06,84,SUR30,TER,37.21
2026-06-06 21:00:00,2026-06-06,84,SUR31,TER,43.1
2026-06-06 21:00:00,2026-06-06,84,SUR32,TER,43.19
2026-06-06 21:00:00,2026-06-06,84,SUR40,TER,35.58
2026-06-06 21:00:00,2026-06-06,84,SUR41,TER,43.3
2026-06-06 21:00:00,2026-06-06,84,SUR42,TER,43.18
2026-06-06 21:00:00,2026-06-06,84,VHE01,TER,0.0
2026-06-06 21:00:00,2026-06-06,84,VHE02,TER,0.0
2026-06-06 21:00:00,2026-06-06,84,VHE03,TER,0.0
2026-06-06 21:00:00,2026-06-06,84,VHE04,TER,0.0
2026-06-06 21:00:00,2026-06-06,84,VHE05,TER,0.0
2026-06-06 21:00:00,2026-06-06,84,VHE06,TER,0.0
2026-06-06 21:00:00,2026-06-06,84,VHE07,TER,0.0
2026-06-06 21:00:00,2026-06-06,84,VHE08,TER,0.0
2026-06-06 21:00:00,2026-06-06,84,WAR05,TER,41.56
2026-06-06 21:00:00,2026-06-06,84,WAR10,TER,35.2
2026-06-06 21:00:00,2026-06-06,84,WAR11,TER,42.27
2026-06-06 21:00:00,2026-06-06,84,WAR12,TER,42.33
2026-06-06 21:00:00,2026-06-06,84,WAR20,TER,36.95
2026-06-06 21:00:00,2026-06-06,84,WAR21,TER,40.84
2026-06-06 21:00:00,2026-06-06,84,WAR22,TER,41.22
2026-06-06 21:00:00,2026-06-06,84,WAR30,TER,37.39
2026-06-06 21:00:00,2026-06-06,84,WAR31,TER,44.23
2026-06-06 21:00:00,2026-06-06,84,WAR32,TER,44.4
2026-06-06 21:00:00,2026-06-06,84,WAR40,TER,0.0
2026-06-06 21:00:00,2026-06-06,84,WAR41,TER,0.0
2026-06-06 21:00:00,2026-06-06,84,WAR42,TER,0.0
2026-06-06 21:00:00,2026-06-06,84,CH ZON,HID,1.1
2026-06-06 21:00:00,2026-06-06,84,CH TIQ,HID,0.0
2026-06-06 21:00:00,2026-06-06,84,CH BOT,HID,2.16
2026-06-06 21:00:00,2026-06-06,84,CH CUT,HID,6.31
2026-06-06 21:00:00,2026-06-06,84,CH SRO BA,HID,1.47
2026-06-06 21:00:00,2026-06-06,84,CH SRO AC,HID,3.6
2026-06-06 21:00:00,2026-06-06,84,CH SAI,HID,4.57
2026-06-06 21:00:00,2026-06-06,84,CH CHU,HID,12.7
2026-06-06 21:00:00,2026-06-06,84,CH HAR,HID,0.0
2026-06-06 21:00:00,2026-06-06,84,CH CAH,HID,12.88
2026-06-06 21:00:00,2026-06-06,84,CH HUA,HID,15.63
2026-06-06 21:00:00,2026-06-06,84,CH CHJ2,HID,20.9
2026-06-06 21:00:00,2026-06-06,84,CH YAN,HID,27.3
2026-06-06 21:00:00,2026-06-06,84,CH COR,HID,63.98
2026-06-06 21:00:00,2026-06-06,84,CH SIS,HID,90.17
2026-06-06 21:00:00,2026-06-06,84,CH SJS,HID,48.91
2026-06-06 21:00:00,2026-06-06,84,CH SJE,HID,57.5
2026-06-06 21:00:00,2026-06-06,84,CH MIS,HID,11.0
2026-06-06 21:00:00,2026-06-06,84,CH MIG,HID,2.41
2026-06-06 21:00:00,2026-06-06,84,CH ANG,HID,2.89
2026-06-06 21:00:00,2026-06-06,84,CH CHO,HID,3.54
2026-06-06 21:00:00,2026-06-06,84,CH CRB,HID,3.55
2026-06-06 21:00:00,2026-06-06,84,CH KIL,HID,0.0
2026-06-06 21:00:00,2026-06-06,84,CH LAN,HID,0.0
2026-06-06 21:00:00,2026-06-06,84,CH PUN,HID,0.0
2026-06-06 21:00:00,2026-06-06,84,CH KAN,HID,7.12
2026-06-06 21:00:00,2026-06-06,84,CH SJA,HID,6.9
2026-06-06 21:00:00,2026-06-06,84,AGU01,BIO,0.0
2026-06-06 21:00:00,2026-06-06,84,AGU02,BIO,0.0
2026-06-06 21:00:00,2026-06-06,84,GBE01,BIO,5.95
2026-06-06 21:00:00,2026-06-06,84,IAG01,BIO,0.0
2026-06-06 21:00:00,2026-06-06,84,UNA01,BIO,0.0
2026-06-06 21:00:00,2026-06-06,84,CSF ORU,INT,-0.01
2026-06-06 21:00:00,2026-06-06,84,CSF UYU,INT,-0.17
2026-06-06 21:00:00,2026-06-06,84,CSF YUN,INT,0.0
2026-06-06 21:00:00,2026-06-06,84,CE EDO,INT,17.49
2026-06-06 21:00:00,2026-06-06,84,CE QOL,INT,2.09
2026-06-06 21:00:00,2026-06-06,84,CE SJU,INT,4.85
2026-06-06 21:00:00,2026-06-06,84,CE WAR,INT,1.82
2026-06-06 21:15:00,2026-06-06,85,ALT01,TER,0.0
2026-06-06 21:15:00,2026-06-06,85,ALT02,TER,0.0
2026-06-06 21:15:00,2026-06-06,85,ARJ01,TER,0.0
2026-06-06 21:15:00,2026-06-06,85,ARJ02,TER,0.0
2026-06-06 21:15:00,2026-06-06,85,ARJ03,TER,0.0
2026-06-06 21:15:00,2026-06-06,85,ARJ08,TER,17.32
2026-06-06 21:15:00,2026-06-06,85,ARJ09,TER,0.0
2026-06-06 21:15:00,2026-06-06,85,ARJ11,TER,0.0
2026-06-06 21:15:00,2026-06-06,85,ARJ12,TER,0.0
2026-06-06 21:15:00,2026-06-06,85,ARJ13,TER,0.0
2026-06-06 21:15:00,2026-06-06,85,ARJ14,TER,0.0
2026-06-06 21:15:00,2026-06-06,85,ARJ15,TER,0.0
2026-06-06 21:15:00,2026-06-06,85,BUL01,TER,0.0
2026-06-06 21:15:00,2026-06-06,85,BUL02,TER,0.0
2026-06-06 21:15:00,2026-06-06,85,BUL03,TER,0.0
2026-06-06 21:15:00,2026-06-06,85,CAR01,TER,0.0
2026-06-06 21:15:00,2026-06-06,85,CAR02,TER,0.0
2026-06-06 21:15:00,2026-06-06,85,CAR03,TER,0.0
2026-06-06 21:15:00,2026-06-06,85,ERI01,TER,0.0
2026-06-06 21:15:00,2026-06-06,85,ERI02,TER,0.0
2026-06-06 21:15:00,2026-06-06,85,ERI03,TER,0.0
2026-06-06 21:15:00,2026-06-06,85,ERI04,TER,0.0
2026-06-06 21:15:00,2026-06-06,85,ERI30,TER,36.38
2026-06-06 21:15:00,2026-06-06,85,ERI31,TER,44.06
2026-06-06 21:15:00,2026-06-06,85,ERI32,TER,44.13
2026-06-06 21:15:00,2026-06-06,85,ERI40,TER,0.01
2026-06-06 21:15:00,2026-06-06,85,ERI41,TER,0.0
2026-06-06 21:15:00,2026-06-06,85,ERI42,TER,0.0
2026-06-06 21:15:00,2026-06-06,85,ERI50,TER,37.33
2026-06-06 21:15:00,2026-06-06,85,ERI51,TER,43.79
2026-06-06 21:15:00,2026-06-06,85,ERI52,TER,43.81
2026-06-06 21:15:00,2026-06-06,85,GCH01,TER,0.0
2026-06-06 21:15:00,2026-06-06,85,GCH02,TER,0.0
2026-06-06 21:15:00,2026-06-06,85,GCH04,TER,0.0
2026-06-06 21:15:00,2026-06-06,85,GCH06,TER,0.0
2026-06-06 21:15:00,2026-06-06,85,GCH09,TER,0.0
2026-06-06 21:15:00,2026-06-06,85,GCH10,TER,50.77
2026-06-06 21:15:00,2026-06-06,85,GCH11,TER,0.0
2026-06-06 21:15:00,2026-06-06,85,GCH12,TER,36.81
2026-06-06 21:15:00,2026-06-06,85,MOS,TER,0.0
2026-06-06 21:15:00,2026-06-06,85,SCZ01,TER,0.0
2026-06-06 21:15:00,2026-06-06,85,SCZ02,TER,0.0
2026-06-06 21:15:00,2026-06-06,85,SUR10,TER,34.94
2026-06-06 21:15:00,2026-06-06,85,SUR11,TER,39.15
2026-06-06 21:15:00,2026-06-06,85,SUR12,TER,39.09
2026-06-06 21:15:00,2026-06-06,85,SUR20,TER,0.0
2026-06-06 21:15:00,2026-06-06,85,SUR21,TER,0.0
2026-06-06 21:15:00,2026-06-06,85,SUR22,TER,0.0
2026-06-06 21:15:00,2026-06-06,85,SUR30,TER,37.13
2026-06-06 21:15:00,2026-06-06,85,SUR31,TER,43.02
2026-06-06 21:15:00,2026-06-06,85,SUR32,TER,43.19
2026-06-06 21:15:00,2026-06-06,85,SUR40,TER,35.58
2026-06-06 21:15:00,2026-06-06,85,SUR41,TER,42.59
2026-06-06 21:15:00,2026-06-06,85,SUR42,TER,42.58
2026-06-06 21:15:00,2026-06-06,85,VHE01,TER,0.0
2026-06-06 21:15:00,2026-06-06,85,VHE02,TER,0.0
2026-06-06 21:15:00,2026-06-06,85,VHE03,TER,0.0
2026-06-06 21:15:00,2026-06-06,85,VHE04,TER,0.0
2026-06-06 21:15:00,2026-06-06,85,VHE05,TER,0.0
2026-06-06 21:15:00,2026-06-06,85,VHE06,TER,0.0
2026-06-06 21:15:00,2026-06-06,85,VHE07,TER,0.0
2026-06-06 21:15:00,2026-06-06,85,VHE08,TER,0.0
2026-06-06 21:15:00,2026-06-06,85,WAR05,TER,40.84
2026-06-06 21:15:00,2026-06-06,85,WAR10,TER,34.86
2026-06-06 21:15:00,2026-06-06,85,WAR11,TER,41.61
2026-06-06 21:15:00,2026-06-06,85,WAR12,TER,41.57
2026-06-06 21:15:00,2026-06-06,85,WAR20,TER,36.53
2026-06-06 21:15:00,2026-06-06,85,WAR21,TER,40.16
2026-06-06 21:15:00,2026-06-06,85,WAR22,TER,40.48
2026-06-06 21:15:00,2026-06-06,85,WAR30,TER,36.9
2026-06-06 21:15:00,2026-06-06,85,WAR31,TER,43.63
2026-06-06 21:15:00,2026-06-06,85,WAR32,TER,43.66
2026-06-06 21:15:00,2026-06-06,85,WAR40,TER,0.0
2026-06-06 21:15:00,2026-06-06,85,WAR41,TER,0.0
2026-06-06 21:15:00,2026-06-06,85,WAR42,TER,0.0
2026-06-06 21:15:00,2026-06-06,85,CH ZON,HID,0.0
2026-06-06 21:15:00,2026-06-06,85,CH TIQ,HID,0.0
2026-06-06 21:15:00,2026-06-06,85,CH BOT,HID,2.13
2026-06-06 21:15:00,2026-06-06,85,CH CUT,HID,6.3
2026-06-06 21:15:00,2026-06-06,85,CH SRO BA,HID,1.37
2026-06-06 21:15:00,2026-06-06,85,CH SRO AC,HID,3.49
2026-06-06 21:15:00,2026-06-06,85,CH SAI,HID,4.5
2026-06-06 21:15:00,2026-06-06,85,CH CHU,HID,12.51
2026-06-06 21:15:00,2026-06-06,85,CH HAR,HID,0.0
2026-06-06 21:15:00,2026-06-06,85,CH CAH,HID,11.0
2026-06-06 21:15:00,2026-06-06,85,CH HUA,HID,15.49
2026-06-06 21:15:00,2026-06-06,85,CH CHJ2,HID,20.2
2026-06-06 21:15:00,2026-06-06,85,CH YAN,HID,26.6
2026-06-06 21:15:00,2026-06-06,85,CH COR,HID,63.27
2026-06-06 21:15:00,2026-06-06,85,CH SIS,HID,89.87
2026-06-06 21:15:00,2026-06-06,85,CH SJS,HID,47.96
2026-06-06 21:15:00,2026-06-06,85,CH SJE,HID,56.12
2026-06-06 21:15:00,2026-06-06,85,CH MIS,HID,11.0
2026-06-06 21:15:00,2026-06-06,85,CH MIG,HID,2.41
2026-06-06 21:15:00,2026-06-06,85,CH ANG,HID,2.86
2026-06-06 21:15:00,2026-06-06,85,CH CHO,HID,3.54
2026-06-06 21:15:00,2026-06-06,85,CH CRB,HID,3.61
2026-06-06 21:15:00,2026-06-06,85,CH KIL,HID,0.0
2026-06-06 21:15:00,2026-06-06,85,CH LAN,HID,0.0
2026-06-06 21:15:00,2026-06-06,85,CH PUN,HID,0.0
2026-06-06 21:15:00,2026-06-06,85,CH KAN,HID,7.08
2026-06-06 21:15:00,2026-06-06,85,CH SJA,HID,6.9
2026-06-06 21:15:00,2026-06-06,85,AGU01,BIO,0.0
2026-06-06 21:15:00,2026-06-06,85,AGU02,BIO,0.0
2026-06-06 21:15:00,2026-06-06,85,GBE01,BIO,5.12
2026-06-06 21:15:00,2026-06-06,85,IAG01,BIO,0.0
2026-06-06 21:15:00,2026-06-06,85,UNA01,BIO,0.0
2026-06-06 21:15:00,2026-06-06,85,CSF ORU,INT,-0.01
2026-06-06 21:15:00,2026-06-06,85,CSF UYU,INT,-0.17
2026-06-06 21:15:00,2026-06-06,85,CSF YUN,INT,0.0
2026-06-06 21:15:00,2026-06-06,85,CE EDO,INT,21.0
2026-06-06 21:15:00,2026-06-06,85,CE QOL,INT,3.39
2026-06-06 21:15:00,2026-06-06,85,CE SJU,INT,4.17
2026-06-06 21:15:00,2026-06-06,85,CE WAR,INT,2.11
2026-06-06 21:30:00,2026-06-06,86,ALT01,TER,0.0
2026-06-06 21:30:00,2026-06-06,86,ALT02,TER,0.0
2026-06-06 21:30:00,2026-06-06,86,ARJ01,TER,0.0
2026-06-06 21:30:00,2026-06-06,86,ARJ02,TER,0.0
2026-06-06 21:30:00,2026-06-06,86,ARJ03,TER,0.0
2026-06-06 21:30:00,2026-06-06,86,ARJ08,TER,17.26
2026-06-06 21:30:00,2026-06-06,86,ARJ09,TER,0.0
2026-06-06 21:30:00,2026-06-06,86,ARJ11,TER,0.0
2026-06-06 21:30:00,2026-06-06,86,ARJ12,TER,0.0
2026-06-06 21:30:00,2026-06-06,86,ARJ13,TER,0.0
2026-06-06 21:30:00,2026-06-06,86,ARJ14,TER,0.0
2026-06-06 21:30:00,2026-06-06,86,ARJ15,TER,0.0
2026-06-06 21:30:00,2026-06-06,86,BUL01,TER,0.0
2026-06-06 21:30:00,2026-06-06,86,BUL02,TER,0.0
2026-06-06 21:30:00,2026-06-06,86,BUL03,TER,0.0
2026-06-06 21:30:00,2026-06-06,86,CAR01,TER,0.0
2026-06-06 21:30:00,2026-06-06,86,CAR02,TER,0.0
2026-06-06 21:30:00,2026-06-06,86,CAR03,TER,0.0
2026-06-06 21:30:00,2026-06-06,86,ERI01,TER,0.0
2026-06-06 21:30:00,2026-06-06,86,ERI02,TER,0.0
2026-06-06 21:30:00,2026-06-06,86,ERI03,TER,0.0
2026-06-06 21:30:00,2026-06-06,86,ERI04,TER,0.0
2026-06-06 21:30:00,2026-06-06,86,ERI30,TER,36.15
2026-06-06 21:30:00,2026-06-06,86,ERI31,TER,43.79
2026-06-06 21:30:00,2026-06-06,86,ERI32,TER,43.82
2026-06-06 21:30:00,2026-06-06,86,ERI40,TER,-0.02
2026-06-06 21:30:00,2026-06-06,86,ERI41,TER,0.0
2026-06-06 21:30:00,2026-06-06,86,ERI42,TER,0.0
2026-06-06 21:30:00,2026-06-06,86,ERI50,TER,36.95
2026-06-06 21:30:00,2026-06-06,86,ERI51,TER,43.46
2026-06-06 21:30:00,2026-06-06,86,ERI52,TER,43.43
2026-06-06 21:30:00,2026-06-06,86,GCH01,TER,0.0
2026-06-06 21:30:00,2026-06-06,86,GCH02,TER,0.0
2026-06-06 21:30:00,2026-06-06,86,GCH04,TER,0.0
2026-06-06 21:30:00,2026-06-06,86,GCH06,TER,0.0
2026-06-06 21:30:00,2026-06-06,86,GCH09,TER,0.0
2026-06-06 21:30:00,2026-06-06,86,GCH10,TER,50.08
2026-06-06 21:30:00,2026-06-06,86,GCH11,TER,0.0
2026-06-06 21:30:00,2026-06-06,86,GCH12,TER,36.76
2026-06-06 21:30:00,2026-06-06,86,MOS,TER,0.0
2026-06-06 21:30:00,2026-06-06,86,SCZ01,TER,0.0
2026-06-06 21:30:00,2026-06-06,86,SCZ02,TER,0.0
2026-06-06 21:30:00,2026-06-06,86,SUR10,TER,34.52
2026-06-06 21:30:00,2026-06-06,86,SUR11,TER,39.17
2026-06-06 21:30:00,2026-06-06,86,SUR12,TER,39.09
2026-06-06 21:30:00,2026-06-06,86,SUR20,TER,0.0
2026-06-06 21:30:00,2026-06-06,86,SUR21,TER,0.0
2026-06-06 21:30:00,2026-06-06,86,SUR22,TER,0.0
2026-06-06 21:30:00,2026-06-06,86,SUR30,TER,37.28
2026-06-06 21:30:00,2026-06-06,86,SUR31,TER,43.02
2026-06-06 21:30:00,2026-06-06,86,SUR32,TER,43.28
2026-06-06 21:30:00,2026-06-06,86,SUR40,TER,35.24
2026-06-06 21:30:00,2026-06-06,86,SUR41,TER,42.25
2026-06-06 21:30:00,2026-06-06,86,SUR42,TER,42.35
2026-06-06 21:30:00,2026-06-06,86,VHE01,TER,0.0
2026-06-06 21:30:00,2026-06-06,86,VHE02,TER,0.0
2026-06-06 21:30:00,2026-06-06,86,VHE03,TER,0.0
2026-06-06 21:30:00,2026-06-06,86,VHE04,TER,0.0
2026-06-06 21:30:00,2026-06-06,86,VHE05,TER,0.0
2026-06-06 21:30:00,2026-06-06,86,VHE06,TER,0.0
2026-06-06 21:30:00,2026-06-06,86,VHE07,TER,0.0
2026-06-06 21:30:00,2026-06-06,86,VHE08,TER,0.0
2026-06-06 21:30:00,2026-06-06,86,WAR05,TER,40.54
2026-06-06 21:30:00,2026-06-06,86,WAR10,TER,34.74
2026-06-06 21:30:00,2026-06-06,86,WAR11,TER,41.46
2026-06-06 21:30:00,2026-06-06,86,WAR12,TER,41.23
2026-06-06 21:30:00,2026-06-06,86,WAR20,TER,36.49
2026-06-06 21:30:00,2026-06-06,86,WAR21,TER,39.89
2026-06-06 21:30:00,2026-06-06,86,WAR22,TER,40.29
2026-06-06 21:30:00,2026-06-06,86,WAR30,TER,36.56
2026-06-06 21:30:00,2026-06-06,86,WAR31,TER,43.27
2026-06-06 21:30:00,2026-06-06,86,WAR32,TER,43.24
2026-06-06 21:30:00,2026-06-06,86,WAR40,TER,0.0
2026-06-06 21:30:00,2026-06-06,86,WAR41,TER,0.0
2026-06-06 21:30:00,2026-06-06,86,WAR42,TER,0.0
2026-06-06 21:30:00,2026-06-06,86,CH ZON,HID,0.0
2026-06-06 21:30:00,2026-06-06,86,CH TIQ,HID,0.0
2026-06-06 21:30:00,2026-06-06,86,CH BOT,HID,2.09
2026-06-06 21:30:00,2026-06-06,86,CH CUT,HID,7.49
2026-06-06 21:30:00,2026-06-06,86,CH SRO BA,HID,1.3
2026-06-06 21:30:00,2026-06-06,86,CH SRO AC,HID,3.46
2026-06-06 21:30:00,2026-06-06,86,CH SAI,HID,4.46
2026-06-06 21:30:00,2026-06-06,86,CH CHU,HID,10.48
2026-06-06 21:30:00,2026-06-06,86,CH HAR,HID,0.0
2026-06-06 21:30:00,2026-06-06,86,CH CAH,HID,11.96
2026-06-06 21:30:00,2026-06-06,86,CH HUA,HID,15.48
2026-06-06 21:30:00,2026-06-06,86,CH CHJ2,HID,19.9
2026-06-06 21:30:00,2026-06-06,86,CH YAN,HID,26.0
2026-06-06 21:30:00,2026-06-06,86,CH COR,HID,58.15
2026-06-06 21:30:00,2026-06-06,86,CH SIS,HID,89.81
2026-06-06 21:30:00,2026-06-06,86,CH SJS,HID,47.05
2026-06-06 21:30:00,2026-06-06,86,CH SJE,HID,55.04
2026-06-06 21:30:00,2026-06-06,86,CH MIS,HID,11.0
2026-06-06 21:30:00,2026-06-06,86,CH MIG,HID,2.41
2026-06-06 21:30:00,2026-06-06,86,CH ANG,HID,2.89
2026-06-06 21:30:00,2026-06-06,86,CH CHO,HID,3.54
2026-06-06 21:30:00,2026-06-06,86,CH CRB,HID,3.59
2026-06-06 21:30:00,2026-06-06,86,CH KIL,HID,0.0
2026-06-06 21:30:00,2026-06-06,86,CH LAN,HID,0.0
2026-06-06 21:30:00,2026-06-06,86,CH PUN,HID,0.0
2026-06-06 21:30:00,2026-06-06,86,CH KAN,HID,7.08
2026-06-06 21:30:00,2026-06-06,86,CH SJA,HID,0.0
2026-06-06 21:30:00,2026-06-06,86,AGU01,BIO,0.0
2026-06-06 21:30:00,2026-06-06,86,AGU02,BIO,0.0
2026-06-06 21:30:00,2026-06-06,86,GBE01,BIO,4.59
2026-06-06 21:30:00,2026-06-06,86,IAG01,BIO,0.0
2026-06-06 21:30:00,2026-06-06,86,UNA01,BIO,0.0
2026-06-06 21:30:00,2026-06-06,86,CSF ORU,INT,-0.01
2026-06-06 21:30:00,2026-06-06,86,CSF UYU,INT,-0.17
2026-06-06 21:30:00,2026-06-06,86,CSF YUN,INT,0.0
2026-06-06 21:30:00,2026-06-06,86,CE EDO,INT,18.67
2026-06-06 21:30:00,2026-06-06,86,CE QOL,INT,1.9
2026-06-06 21:30:00,2026-06-06,86,CE SJU,INT,3.99
2026-06-06 21:30:00,2026-06-06,86,CE WAR,INT,3.14
2026-06-06 21:45:00,2026-06-06,87,ALT01,TER,0.0
2026-06-06 21:45:00,2026-06-06,87,ALT02,TER,0.0
2026-06-06 21:45:00,2026-06-06,87,ARJ01,TER,0.0
2026-06-06 21:45:00,2026-06-06,87,ARJ02,TER,0.0
2026-06-06 21:45:00,2026-06-06,87,ARJ03,TER,0.0
2026-06-06 21:45:00,2026-06-06,87,ARJ08,TER,16.88
2026-06-06 21:45:00,2026-06-06,87,ARJ09,TER,0.0
2026-06-06 21:45:00,2026-06-06,87,ARJ11,TER,0.0
2026-06-06 21:45:00,2026-06-06,87,ARJ12,TER,0.0
2026-06-06 21:45:00,2026-06-06,87,ARJ13,TER,0.0
2026-06-06 21:45:00,2026-06-06,87,ARJ14,TER,0.0
2026-06-06 21:45:00,2026-06-06,87,ARJ15,TER,0.0
2026-06-06 21:45:00,2026-06-06,87,BUL01,TER,0.0
2026-06-06 21:45:00,2026-06-06,87,BUL02,TER,0.0
2026-06-06 21:45:00,2026-06-06,87,BUL03,TER,0.0
2026-06-06 21:45:00,2026-06-06,87,CAR01,TER,0.0
2026-06-06 21:45:00,2026-06-06,87,CAR02,TER,0.0
2026-06-06 21:45:00,2026-06-06,87,CAR03,TER,0.0
2026-06-06 21:45:00,2026-06-06,87,ERI01,TER,0.0
2026-06-06 21:45:00,2026-06-06,87,ERI02,TER,0.0
2026-06-06 21:45:00,2026-06-06,87,ERI03,TER,0.0
2026-06-06 21:45:00,2026-06-06,87,ERI04,TER,0.0
2026-06-06 21:45:00,2026-06-06,87,ERI30,TER,35.92
2026-06-06 21:45:00,2026-06-06,87,ERI31,TER,43.56
2026-06-06 21:45:00,2026-06-06,87,ERI32,TER,43.43
2026-06-06 21:45:00,2026-06-06,87,ERI40,TER,0.01
2026-06-06 21:45:00,2026-06-06,87,ERI41,TER,0.0
2026-06-06 21:45:00,2026-06-06,87,ERI42,TER,0.0
2026-06-06 21:45:00,2026-06-06,87,ERI50,TER,36.87
2026-06-06 21:45:00,2026-06-06,87,ERI51,TER,43.11
2026-06-06 21:45:00,2026-06-06,87,ERI52,TER,43.07
2026-06-06 21:45:00,2026-06-06,87,GCH01,TER,0.0
2026-06-06 21:45:00,2026-06-06,87,GCH02,TER,0.0
2026-06-06 21:45:00,2026-06-06,87,GCH04,TER,0.0
2026-06-06 21:45:00,2026-06-06,87,GCH06,TER,0.0
2026-06-06 21:45:00,2026-06-06,87,GCH09,TER,0.0
2026-06-06 21:45:00,2026-06-06,87,GCH10,TER,50.63
2026-06-06 21:45:00,2026-06-06,87,GCH11,TER,0.0
2026-06-06 21:45:00,2026-06-06,87,GCH12,TER,36.88
2026-06-06 21:45:00,2026-06-06,87,MOS,TER,0.0
2026-06-06 21:45:00,2026-06-06,87,SCZ01,TER,0.0
2026-06-06 21:45:00,2026-06-06,87,SCZ02,TER,0.0
2026-06-06 21:45:00,2026-06-06,87,SUR10,TER,34.37
2026-06-06 21:45:00,2026-06-06,87,SUR11,TER,38.83
2026-06-06 21:45:00,2026-06-06,87,SUR12,TER,38.62
2026-06-06 21:45:00,2026-06-06,87,SUR20,TER,0.0
2026-06-06 21:45:00,2026-06-06,87,SUR21,TER,0.0
2026-06-06 21:45:00,2026-06-06,87,SUR22,TER,0.0
2026-06-06 21:45:00,2026-06-06,87,SUR30,TER,36.98
2026-06-06 21:45:00,2026-06-06,87,SUR31,TER,43.11
2026-06-06 21:45:00,2026-06-06,87,SUR32,TER,43.41
2026-06-06 21:45:00,2026-06-06,87,SUR40,TER,35.05
2026-06-06 21:45:00,2026-06-06,87,SUR41,TER,41.96
2026-06-06 21:45:00,2026-06-06,87,SUR42,TER,41.93
2026-06-06 21:45:00,2026-06-06,87,VHE01,TER,0.0
2026-06-06 21:45:00,2026-06-06,87,VHE02,TER,0.0
2026-06-06 21:45:00,2026-06-06,87,VHE03,TER,0.0
2026-06-06 21:45:00,2026-06-06,87,VHE04,TER,0.0
2026-06-06 21:45:00,2026-06-06,87,VHE05,TER,0.0
2026-06-06 21:45:00,2026-06-06,87,VHE06,TER,0.0
2026-06-06 21:45:00,2026-06-06,87,VHE07,TER,0.0
2026-06-06 21:45:00,2026-06-06,87,VHE08,TER,0.0
2026-06-06 21:45:00,2026-06-06,87,WAR05,TER,40.26
2026-06-06 21:45:00,2026-06-06,87,WAR10,TER,34.48
2026-06-06 21:45:00,2026-06-06,87,WAR11,TER,41.05
2026-06-06 21:45:00,2026-06-06,87,WAR12,TER,41.0
2026-06-06 21:45:00,2026-06-06,87,WAR20,TER,36.19
2026-06-06 21:45:00,2026-06-06,87,WAR21,TER,39.69
2026-06-06 21:45:00,2026-06-06,87,WAR22,TER,39.92
2026-06-06 21:45:00,2026-06-06,87,WAR30,TER,36.52
2026-06-06 21:45:00,2026-06-06,87,WAR31,TER,42.94
2026-06-06 21:45:00,2026-06-06,87,WAR32,TER,42.94
2026-06-06 21:45:00,2026-06-06,87,WAR40,TER,0.0
2026-06-06 21:45:00,2026-06-06,87,WAR41,TER,0.0
2026-06-06 21:45:00,2026-06-06,87,WAR42,TER,0.0
2026-06-06 21:45:00,2026-06-06,87,CH ZON,HID,0.0
2026-06-06 21:45:00,2026-06-06,87,CH TIQ,HID,0.0
2026-06-06 21:45:00,2026-06-06,87,CH BOT,HID,2.26
2026-06-06 21:45:00,2026-06-06,87,CH CUT,HID,6.94
2026-06-06 21:45:00,2026-06-06,87,CH SRO BA,HID,1.39
2026-06-06 21:45:00,2026-06-06,87,CH SRO AC,HID,3.42
2026-06-06 21:45:00,2026-06-06,87,CH SAI,HID,4.44
2026-06-06 21:45:00,2026-06-06,87,CH CHU,HID,7.88
2026-06-06 21:45:00,2026-06-06,87,CH HAR,HID,0.0
2026-06-06 21:45:00,2026-06-06,87,CH CAH,HID,11.95
2026-06-06 21:45:00,2026-06-06,87,CH HUA,HID,15.36
2026-06-06 21:45:00,2026-06-06,87,CH CHJ2,HID,19.7
2026-06-06 21:45:00,2026-06-06,87,CH YAN,HID,25.8
2026-06-06 21:45:00,2026-06-06,87,CH COR,HID,54.95
2026-06-06 21:45:00,2026-06-06,87,CH SIS,HID,78.84
2026-06-06 21:45:00,2026-06-06,87,CH SJS,HID,46.79
2026-06-06 21:45:00,2026-06-06,87,CH SJE,HID,54.67
2026-06-06 21:45:00,2026-06-06,87,CH MIS,HID,11.0
2026-06-06 21:45:00,2026-06-06,87,CH MIG,HID,2.41
2026-06-06 21:45:00,2026-06-06,87,CH ANG,HID,2.88
2026-06-06 21:45:00,2026-06-06,87,CH CHO,HID,3.54
2026-06-06 21:45:00,2026-06-06,87,CH CRB,HID,3.59
2026-06-06 21:45:00,2026-06-06,87,CH KIL,HID,0.0
2026-06-06 21:45:00,2026-06-06,87,CH LAN,HID,0.0
2026-06-06 21:45:00,2026-06-06,87,CH PUN,HID,0.0
2026-06-06 21:45:00,2026-06-06,87,CH KAN,HID,7.08
2026-06-06 21:45:00,2026-06-06,87,CH SJA,HID,0.0
2026-06-06 21:45:00,2026-06-06,87,AGU01,BIO,0.0
2026-06-06 21:45:00,2026-06-06,87,AGU02,BIO,0.0
2026-06-06 21:45:00,2026-06-06,87,GBE01,BIO,5.84
2026-06-06 21:45:00,2026-06-06,87,IAG01,BIO,0.0
2026-06-06 21:45:00,2026-06-06,87,UNA01,BIO,0.0
2026-06-06 21:45:00,2026-06-06,87,CSF ORU,INT,-0.01
2026-06-06 21:45:00,2026-06-06,87,CSF UYU,INT,-0.17
2026-06-06 21:45:00,2026-06-06,87,CSF YUN,INT,0.0
2026-06-06 21:45:00,2026-06-06,87,CE EDO,INT,15.6
2026-06-06 21:45:00,2026-06-06,87,CE QOL,INT,0.27
2026-06-06 21:45:00,2026-06-06,87,CE SJU,INT,3.73
2026-06-06 21:45:00,2026-06-06,87,CE WAR,INT,2.77
2026-06-06 22:00:00,2026-06-06,88,ALT01,TER,0.0
2026-06-06 22:00:00,2026-06-06,88,ALT02,TER,0.0
2026-06-06 22:00:00,2026-06-06,88,ARJ01,TER,0.0
2026-06-06 22:00:00,2026-06-06,88,ARJ02,TER,0.0
2026-06-06 22:00:00,2026-06-06,88,ARJ03,TER,0.0
2026-06-06 22:00:00,2026-06-06,88,ARJ08,TER,17.49
2026-06-06 22:00:00,2026-06-06,88,ARJ09,TER,0.0
2026-06-06 22:00:00,2026-06-06,88,ARJ11,TER,0.0
2026-06-06 22:00:00,2026-06-06,88,ARJ12,TER,0.0
2026-06-06 22:00:00,2026-06-06,88,ARJ13,TER,0.0
2026-06-06 22:00:00,2026-06-06,88,ARJ14,TER,0.0
2026-06-06 22:00:00,2026-06-06,88,ARJ15,TER,0.0
2026-06-06 22:00:00,2026-06-06,88,BUL01,TER,0.0
2026-06-06 22:00:00,2026-06-06,88,BUL02,TER,0.0
2026-06-06 22:00:00,2026-06-06,88,BUL03,TER,0.0
2026-06-06 22:00:00,2026-06-06,88,CAR01,TER,0.0
2026-06-06 22:00:00,2026-06-06,88,CAR02,TER,0.0
2026-06-06 22:00:00,2026-06-06,88,CAR03,TER,0.0
2026-06-06 22:00:00,2026-06-06,88,ERI01,TER,0.0
2026-06-06 22:00:00,2026-06-06,88,ERI02,TER,0.0
2026-06-06 22:00:00,2026-06-06,88,ERI03,TER,0.0
2026-06-06 22:00:00,2026-06-06,88,ERI04,TER,0.0
2026-06-06 22:00:00,2026-06-06,88,ERI30,TER,36.27
2026-06-06 22:00:00,2026-06-06,88,ERI31,TER,44.13
2026-06-06 22:00:00,2026-06-06,88,ERI32,TER,44.13
2026-06-06 22:00:00,2026-06-06,88,ERI40,TER,0.01
2026-06-06 22:00:00,2026-06-06,88,ERI41,TER,0.0
2026-06-06 22:00:00,2026-06-06,88,ERI42,TER,0.0
2026-06-06 22:00:00,2026-06-06,88,ERI50,TER,37.29
2026-06-06 22:00:00,2026-06-06,88,ERI51,TER,43.7
2026-06-06 22:00:00,2026-06-06,88,ERI52,TER,43.61
2026-06-06 22:00:00,2026-06-06,88,GCH01,TER,0.0
2026-06-06 22:00:00,2026-06-06,88,GCH02,TER,0.0
2026-06-06 22:00:00,2026-06-06,88,GCH04,TER,0.0
2026-06-06 22:00:00,2026-06-06,88,GCH06,TER,0.0
2026-06-06 22:00:00,2026-06-06,88,GCH09,TER,0.0
2026-06-06 22:00:00,2026-06-06,88,GCH10,TER,49.7
2026-06-06 22:00:00,2026-06-06,88,GCH11,TER,0.0
2026-06-06 22:00:00,2026-06-06,88,GCH12,TER,36.83
2026-06-06 22:00:00,2026-06-06,88,MOS,TER,0.0
2026-06-06 22:00:00,2026-06-06,88,SCZ01,TER,0.0
2026-06-06 22:00:00,2026-06-06,88,SCZ02,TER,0.0
2026-06-06 22:00:00,2026-06-06,88,SUR10,TER,29.26
2026-06-06 22:00:00,2026-06-06,88,SUR11,TER,27.96
2026-06-06 22:00:00,2026-06-06,88,SUR12,TER,27.86
2026-06-06 22:00:00,2026-06-06,88,SUR20,TER,0.0
2026-06-06 22:00:00,2026-06-06,88,SUR21,TER,0.0
2026-06-06 22:00:00,2026-06-06,88,SUR22,TER,0.0
2026-06-06 22:00:00,2026-06-06,88,SUR30,TER,36.94
2026-06-06 22:00:00,2026-06-06,88,SUR31,TER,43.4
2026-06-06 22:00:00,2026-06-06,88,SUR32,TER,43.26
2026-06-06 22:00:00,2026-06-06,88,SUR40,TER,35.05
2026-06-06 22:00:00,2026-06-06,88,SUR41,TER,42.84
2026-06-06 22:00:00,2026-06-06,88,SUR42,TER,42.84
2026-06-06 22:00:00,2026-06-06,88,VHE01,TER,0.0
2026-06-06 22:00:00,2026-06-06,88,VHE02,TER,0.0
2026-06-06 22:00:00,2026-06-06,88,VHE03,TER,0.0
2026-06-06 22:00:00,2026-06-06,88,VHE04,TER,0.0
2026-06-06 22:00:00,2026-06-06,88,VHE05,TER,0.0
2026-06-06 22:00:00,2026-06-06,88,VHE06,TER,0.0
2026-06-06 22:00:00,2026-06-06,88,VHE07,TER,0.0
2026-06-06 22:00:00,2026-06-06,88,VHE08,TER,0.0
2026-06-06 22:00:00,2026-06-06,88,WAR05,TER,27.01
2026-06-06 22:00:00,2026-06-06,88,WAR10,TER,34.74
2026-06-06 22:00:00,2026-06-06,88,WAR11,TER,41.67
2026-06-06 22:00:00,2026-06-06,88,WAR12,TER,41.6
2026-06-06 22:00:00,2026-06-06,88,WAR20,TER,36.38
2026-06-06 22:00:00,2026-06-06,88,WAR21,TER,40.29
2026-06-06 22:00:00,2026-06-06,88,WAR22,TER,40.55
2026-06-06 22:00:00,2026-06-06,88,WAR30,TER,36.82
2026-06-06 22:00:00,2026-06-06,88,WAR31,TER,43.6
2026-06-06 22:00:00,2026-06-06,88,WAR32,TER,43.75
2026-06-06 22:00:00,2026-06-06,88,WAR40,TER,0.0
2026-06-06 22:00:00,2026-06-06,88,WAR41,TER,0.0
2026-06-06 22:00:00,2026-06-06,88,WAR42,TER,0.0
2026-06-06 22:00:00,2026-06-06,88,CH ZON,HID,0.0
2026-06-06 22:00:00,2026-06-06,88,CH TIQ,HID,0.0
2026-06-06 22:00:00,2026-06-06,88,CH BOT,HID,1.51
2026-06-06 22:00:00,2026-06-06,88,CH CUT,HID,6.7
2026-06-06 22:00:00,2026-06-06,88,CH SRO BA,HID,1.75
2026-06-06 22:00:00,2026-06-06,88,CH SRO AC,HID,3.48
2026-06-06 22:00:00,2026-06-06,88,CH SAI,HID,4.51
2026-06-06 22:00:00,2026-06-06,88,CH CHU,HID,8.01
2026-06-06 22:00:00,2026-06-06,88,CH HAR,HID,0.0
2026-06-06 22:00:00,2026-06-06,88,CH CAH,HID,11.52
2026-06-06 22:00:00,2026-06-06,88,CH HUA,HID,15.48
2026-06-06 22:00:00,2026-06-06,88,CH CHJ2,HID,20.4
2026-06-06 22:00:00,2026-06-06,88,CH YAN,HID,26.3
2026-06-06 22:00:00,2026-06-06,88,CH COR,HID,52.91
2026-06-06 22:00:00,2026-06-06,88,CH SIS,HID,83.34
2026-06-06 22:00:00,2026-06-06,88,CH SJS,HID,48.12
2026-06-06 22:00:00,2026-06-06,88,CH SJE,HID,56.52
2026-06-06 22:00:00,2026-06-06,88,CH MIS,HID,11.0
2026-06-06 22:00:00,2026-06-06,88,CH MIG,HID,2.41
2026-06-06 22:00:00,2026-06-06,88,CH ANG,HID,2.9
2026-06-06 22:00:00,2026-06-06,88,CH CHO,HID,3.54
2026-06-06 22:00:00,2026-06-06,88,CH CRB,HID,3.62
2026-06-06 22:00:00,2026-06-06,88,CH KIL,HID,0.0
2026-06-06 22:00:00,2026-06-06,88,CH LAN,HID,0.0
2026-06-06 22:00:00,2026-06-06,88,CH PUN,HID,0.0
2026-06-06 22:00:00,2026-06-06,88,CH KAN,HID,7.08
2026-06-06 22:00:00,2026-06-06,88,CH SJA,HID,0.0
2026-06-06 22:00:00,2026-06-06,88,AGU01,BIO,0.0
2026-06-06 22:00:00,2026-06-06,88,AGU02,BIO,0.0
2026-06-06 22:00:00,2026-06-06,88,GBE01,BIO,6.65
2026-06-06 22:00:00,2026-06-06,88,IAG01,BIO,0.0
2026-06-06 22:00:00,2026-06-06,88,UNA01,BIO,0.0
2026-06-06 22:00:00,2026-06-06,88,CSF ORU,INT,-0.01
2026-06-06 22:00:00,2026-06-06,88,CSF UYU,INT,-0.17
2026-06-06 22:00:00,2026-06-06,88,CSF YUN,INT,0.0
2026-06-06 22:00:00,2026-06-06,88,CE EDO,INT,12.84
2026-06-06 22:00:00,2026-06-06,88,CE QOL,INT,0.1
2026-06-06 22:00:00,2026-06-06,88,CE SJU,INT,4.25
2026-06-06 22:00:00,2026-06-06,88,CE WAR,INT,1.93
2026-06-06 22:15:00,2026-06-06,89,ALT01,TER,0.0
2026-06-06 22:15:00,2026-06-06,89,ALT02,TER,0.0
2026-06-06 22:15:00,2026-06-06,89,ARJ01,TER,0.0
2026-06-06 22:15:00,2026-06-06,89,ARJ02,TER,0.0
2026-06-06 22:15:00,2026-06-06,89,ARJ03,TER,0.0
2026-06-06 22:15:00,2026-06-06,89,ARJ08,TER,0.04
2026-06-06 22:15:00,2026-06-06,89,ARJ09,TER,0.0
2026-06-06 22:15:00,2026-06-06,89,ARJ11,TER,0.0
2026-06-06 22:15:00,2026-06-06,89,ARJ12,TER,0.0
2026-06-06 22:15:00,2026-06-06,89,ARJ13,TER,0.0
2026-06-06 22:15:00,2026-06-06,89,ARJ14,TER,0.0
2026-06-06 22:15:00,2026-06-06,89,ARJ15,TER,0.0
2026-06-06 22:15:00,2026-06-06,89,BUL01,TER,0.0
2026-06-06 22:15:00,2026-06-06,89,BUL02,TER,0.0
2026-06-06 22:15:00,2026-06-06,89,BUL03,TER,0.0
2026-06-06 22:15:00,2026-06-06,89,CAR01,TER,0.0
2026-06-06 22:15:00,2026-06-06,89,CAR02,TER,0.0
2026-06-06 22:15:00,2026-06-06,89,CAR03,TER,0.0
2026-06-06 22:15:00,2026-06-06,89,ERI01,TER,0.0
2026-06-06 22:15:00,2026-06-06,89,ERI02,TER,0.0
2026-06-06 22:15:00,2026-06-06,89,ERI03,TER,0.0
2026-06-06 22:15:00,2026-06-06,89,ERI04,TER,0.0
2026-06-06 22:15:00,2026-06-06,89,ERI30,TER,36.11
2026-06-06 22:15:00,2026-06-06,89,ERI31,TER,44.09
2026-06-06 22:15:00,2026-06-06,89,ERI32,TER,44.13
2026-06-06 22:15:00,2026-06-06,89,ERI40,TER,0.01
2026-06-06 22:15:00,2026-06-06,89,ERI41,TER,0.0
2026-06-06 22:15:00,2026-06-06,89,ERI42,TER,0.0
2026-06-06 22:15:00,2026-06-06,89,ERI50,TER,37.25
2026-06-06 22:15:00,2026-06-06,89,ERI51,TER,43.71
2026-06-06 22:15:00,2026-06-06,89,ERI52,TER,43.71
2026-06-06 22:15:00,2026-06-06,89,GCH01,TER,0.0
2026-06-06 22:15:00,2026-06-06,89,GCH02,TER,0.0
2026-06-06 22:15:00,2026-06-06,89,GCH04,TER,0.0
2026-06-06 22:15:00,2026-06-06,89,GCH06,TER,0.0
2026-06-06 22:15:00,2026-06-06,89,GCH09,TER,0.0
2026-06-06 22:15:00,2026-06-06,89,GCH10,TER,49.69
2026-06-06 22:15:00,2026-06-06,89,GCH11,TER,0.0
2026-06-06 22:15:00,2026-06-06,89,GCH12,TER,36.7
2026-06-06 22:15:00,2026-06-06,89,MOS,TER,0.0
2026-06-06 22:15:00,2026-06-06,89,SCZ01,TER,0.0
2026-06-06 22:15:00,2026-06-06,89,SCZ02,TER,0.0
2026-06-06 22:15:00,2026-06-06,89,SUR10,TER,29.94
2026-06-06 22:15:00,2026-06-06,89,SUR11,TER,27.67
2026-06-06 22:15:00,2026-06-06,89,SUR12,TER,27.61
2026-06-06 22:15:00,2026-06-06,89,SUR20,TER,0.0
2026-06-06 22:15:00,2026-06-06,89,SUR21,TER,0.0
2026-06-06 22:15:00,2026-06-06,89,SUR22,TER,0.0
2026-06-06 22:15:00,2026-06-06,89,SUR30,TER,37.21
2026-06-06 22:15:00,2026-06-06,89,SUR31,TER,43.14
2026-06-06 22:15:00,2026-06-06,89,SUR32,TER,43.27
2026-06-06 22:15:00,2026-06-06,89,SUR40,TER,35.43
2026-06-06 22:15:00,2026-06-06,89,SUR41,TER,42.74
2026-06-06 22:15:00,2026-06-06,89,SUR42,TER,42.68
2026-06-06 22:15:00,2026-06-06,89,VHE01,TER,0.0
2026-06-06 22:15:00,2026-06-06,89,VHE02,TER,0.0
2026-06-06 22:15:00,2026-06-06,89,VHE03,TER,0.0
2026-06-06 22:15:00,2026-06-06,89,VHE04,TER,0.0
2026-06-06 22:15:00,2026-06-06,89,VHE05,TER,0.0
2026-06-06 22:15:00,2026-06-06,89,VHE06,TER,0.0
2026-06-06 22:15:00,2026-06-06,89,VHE07,TER,0.0
2026-06-06 22:15:00,2026-06-06,89,VHE08,TER,0.0
2026-06-06 22:15:00,2026-06-06,89,WAR05,TER,26.54
2026-06-06 22:15:00,2026-06-06,89,WAR10,TER,34.9
2026-06-06 22:15:00,2026-06-06,89,WAR11,TER,41.51
2026-06-06 22:15:00,2026-06-06,89,WAR12,TER,41.43
2026-06-06 22:15:00,2026-06-06,89,WAR20,TER,36.49
2026-06-06 22:15:00,2026-06-06,89,WAR21,TER,40.17
2026-06-06 22:15:00,2026-06-06,89,WAR22,TER,40.4
2026-06-06 22:15:00,2026-06-06,89,WAR30,TER,37.08
2026-06-06 22:15:00,2026-06-06,89,WAR31,TER,43.57
2026-06-06 22:15:00,2026-06-06,89,WAR32,TER,43.69
2026-06-06 22:15:00,2026-06-06,89,WAR40,TER,0.0
2026-06-06 22:15:00,2026-06-06,89,WAR41,TER,0.0
2026-06-06 22:15:00,2026-06-06,89,WAR42,TER,0.0
2026-06-06 22:15:00,2026-06-06,89,CH ZON,HID,0.0
2026-06-06 22:15:00,2026-06-06,89,CH TIQ,HID,0.0
2026-06-06 22:15:00,2026-06-06,89,CH BOT,HID,1.2
2026-06-06 22:15:00,2026-06-06,89,CH CUT,HID,6.7
2026-06-06 22:15:00,2026-06-06,89,CH SRO BA,HID,1.78
2026-06-06 22:15:00,2026-06-06,89,CH SRO AC,HID,3.44
2026-06-06 22:15:00,2026-06-06,89,CH SAI,HID,4.96
2026-06-06 22:15:00,2026-06-06,89,CH CHU,HID,7.98
2026-06-06 22:15:00,2026-06-06,89,CH HAR,HID,0.0
2026-06-06 22:15:00,2026-06-06,89,CH CAH,HID,11.5
2026-06-06 22:15:00,2026-06-06,89,CH HUA,HID,15.47
2026-06-06 22:15:00,2026-06-06,89,CH CHJ2,HID,0.0
2026-06-06 22:15:00,2026-06-06,89,CH YAN,HID,26.4
2026-06-06 22:15:00,2026-06-06,89,CH COR,HID,63.71
2026-06-06 22:15:00,2026-06-06,89,CH SIS,HID,90.25
2026-06-06 22:15:00,2026-06-06,89,CH SJS,HID,48.02
2026-06-06 22:15:00,2026-06-06,89,CH SJE,HID,56.19
2026-06-06 22:15:00,2026-06-06,89,CH MIS,HID,11.0
2026-06-06 22:15:00,2026-06-06,89,CH MIG,HID,0.0
2026-06-06 22:15:00,2026-06-06,89,CH ANG,HID,2.9
2026-06-06 22:15:00,2026-06-06,89,CH CHO,HID,3.54
2026-06-06 22:15:00,2026-06-06,89,CH CRB,HID,3.61
2026-06-06 22:15:00,2026-06-06,89,CH KIL,HID,0.0
2026-06-06 22:15:00,2026-06-06,89,CH LAN,HID,0.0
2026-06-06 22:15:00,2026-06-06,89,CH PUN,HID,0.0
2026-06-06 22:15:00,2026-06-06,89,CH KAN,HID,7.08
2026-06-06 22:15:00,2026-06-06,89,CH SJA,HID,0.0
2026-06-06 22:15:00,2026-06-06,89,AGU01,BIO,0.0
2026-06-06 22:15:00,2026-06-06,89,AGU02,BIO,0.0
2026-06-06 22:15:00,2026-06-06,89,GBE01,BIO,6.42
2026-06-06 22:15:00,2026-06-06,89,IAG01,BIO,0.0
2026-06-06 22:15:00,2026-06-06,89,UNA01,BIO,0.0
2026-06-06 22:15:00,2026-06-06,89,CSF ORU,INT,-0.01
2026-06-06 22:15:00,2026-06-06,89,CSF UYU,INT,-0.2
2026-06-06 22:15:00,2026-06-06,89,CSF YUN,INT,0.0
2026-06-06 22:15:00,2026-06-06,89,CE EDO,INT,11.82
2026-06-06 22:15:00,2026-06-06,89,CE QOL,INT,0.14
2026-06-06 22:15:00,2026-06-06,89,CE SJU,INT,4.74
2026-06-06 22:15:00,2026-06-06,89,CE WAR,INT,1.61
2026-06-06 22:30:00,2026-06-06,90,ALT01,TER,0.0
2026-06-06 22:30:00,2026-06-06,90,ALT02,TER,0.0
2026-06-06 22:30:00,2026-06-06,90,ARJ01,TER,0.0
2026-06-06 22:30:00,2026-06-06,90,ARJ02,TER,0.0
2026-06-06 22:30:00,2026-06-06,90,ARJ03,TER,0.0
2026-06-06 22:30:00,2026-06-06,90,ARJ08,TER,0.06
2026-06-06 22:30:00,2026-06-06,90,ARJ09,TER,0.0
2026-06-06 22:30:00,2026-06-06,90,ARJ11,TER,0.0
2026-06-06 22:30:00,2026-06-06,90,ARJ12,TER,0.0
2026-06-06 22:30:00,2026-06-06,90,ARJ13,TER,0.0
2026-06-06 22:30:00,2026-06-06,90,ARJ14,TER,0.0
2026-06-06 22:30:00,2026-06-06,90,ARJ15,TER,0.0
2026-06-06 22:30:00,2026-06-06,90,BUL01,TER,0.0
2026-06-06 22:30:00,2026-06-06,90,BUL02,TER,0.0
2026-06-06 22:30:00,2026-06-06,90,BUL03,TER,0.0
2026-06-06 22:30:00,2026-06-06,90,CAR01,TER,0.0
2026-06-06 22:30:00,2026-06-06,90,CAR02,TER,0.0
2026-06-06 22:30:00,2026-06-06,90,CAR03,TER,0.0
2026-06-06 22:30:00,2026-06-06,90,ERI01,TER,0.0
2026-06-06 22:30:00,2026-06-06,90,ERI02,TER,0.0
2026-06-06 22:30:00,2026-06-06,90,ERI03,TER,0.0
2026-06-06 22:30:00,2026-06-06,90,ERI04,TER,0.0
2026-06-06 22:30:00,2026-06-06,90,ERI30,TER,35.96
2026-06-06 22:30:00,2026-06-06,90,ERI31,TER,43.48
2026-06-06 22:30:00,2026-06-06,90,ERI32,TER,43.57
2026-06-06 22:30:00,2026-06-06,90,ERI40,TER,-0.02
2026-06-06 22:30:00,2026-06-06,90,ERI41,TER,0.0
2026-06-06 22:30:00,2026-06-06,90,ERI42,TER,0.0
2026-06-06 22:30:00,2026-06-06,90,ERI50,TER,37.03
2026-06-06 22:30:00,2026-06-06,90,ERI51,TER,43.16
2026-06-06 22:30:00,2026-06-06,90,ERI52,TER,43.14
2026-06-06 22:30:00,2026-06-06,90,GCH01,TER,0.0
2026-06-06 22:30:00,2026-06-06,90,GCH02,TER,0.0
2026-06-06 22:30:00,2026-06-06,90,GCH04,TER,0.0
2026-06-06 22:30:00,2026-06-06,90,GCH06,TER,0.0
2026-06-06 22:30:00,2026-06-06,90,GCH09,TER,0.0
2026-06-06 22:30:00,2026-06-06,90,GCH10,TER,50.39
2026-06-06 22:30:00,2026-06-06,90,GCH11,TER,0.0
2026-06-06 22:30:00,2026-06-06,90,GCH12,TER,36.95
2026-06-06 22:30:00,2026-06-06,90,MOS,TER,0.0
2026-06-06 22:30:00,2026-06-06,90,SCZ01,TER,0.0
2026-06-06 22:30:00,2026-06-06,90,SCZ02,TER,0.0
2026-06-06 22:30:00,2026-06-06,90,SUR10,TER,31.65
2026-06-06 22:30:00,2026-06-06,90,SUR11,TER,31.33
2026-06-06 22:30:00,2026-06-06,90,SUR12,TER,31.19
2026-06-06 22:30:00,2026-06-06,90,SUR20,TER,0.0
2026-06-06 22:30:00,2026-06-06,90,SUR21,TER,0.0
2026-06-06 22:30:00,2026-06-06,90,SUR22,TER,0.0
2026-06-06 22:30:00,2026-06-06,90,SUR30,TER,36.79
2026-06-06 22:30:00,2026-06-06,90,SUR31,TER,43.26
2026-06-06 22:30:00,2026-06-06,90,SUR32,TER,43.47
2026-06-06 22:30:00,2026-06-06,90,SUR40,TER,34.9
2026-06-06 22:30:00,2026-06-06,90,SUR41,TER,42.14
2026-06-06 22:30:00,2026-06-06,90,SUR42,TER,41.98
2026-06-06 22:30:00,2026-06-06,90,VHE01,TER,0.0
2026-06-06 22:30:00,2026-06-06,90,VHE02,TER,0.0
2026-06-06 22:30:00,2026-06-06,90,VHE03,TER,0.0
2026-06-06 22:30:00,2026-06-06,90,VHE04,TER,0.0
2026-06-06 22:30:00,2026-06-06,90,VHE05,TER,0.0
2026-06-06 22:30:00,2026-06-06,90,VHE06,TER,0.0
2026-06-06 22:30:00,2026-06-06,90,VHE07,TER,0.0
2026-06-06 22:30:00,2026-06-06,90,VHE08,TER,0.0
2026-06-06 22:30:00,2026-06-06,90,WAR05,TER,9.0
2026-06-06 22:30:00,2026-06-06,90,WAR10,TER,34.67
2026-06-06 22:30:00,2026-06-06,90,WAR11,TER,41.12
2026-06-06 22:30:00,2026-06-06,90,WAR12,TER,41.08
2026-06-06 22:30:00,2026-06-06,90,WAR20,TER,36.3
2026-06-06 22:30:00,2026-06-06,90,WAR21,TER,39.68
2026-06-06 22:30:00,2026-06-06,90,WAR22,TER,39.92
2026-06-06 22:30:00,2026-06-06,90,WAR30,TER,36.71
2026-06-06 22:30:00,2026-06-06,90,WAR31,TER,42.97
2026-06-06 22:30:00,2026-06-06,90,WAR32,TER,43.01
2026-06-06 22:30:00,2026-06-06,90,WAR40,TER,0.0
2026-06-06 22:30:00,2026-06-06,90,WAR41,TER,0.0
2026-06-06 22:30:00,2026-06-06,90,WAR42,TER,0.0
2026-06-06 22:30:00,2026-06-06,90,CH ZON,HID,0.0
2026-06-06 22:30:00,2026-06-06,90,CH TIQ,HID,0.0
2026-06-06 22:30:00,2026-06-06,90,CH BOT,HID,0.99
2026-06-06 22:30:00,2026-06-06,90,CH CUT,HID,6.68
2026-06-06 22:30:00,2026-06-06,90,CH SRO BA,HID,1.76
2026-06-06 22:30:00,2026-06-06,90,CH SRO AC,HID,3.43
2026-06-06 22:30:00,2026-06-06,90,CH SAI,HID,4.96
2026-06-06 22:30:00,2026-06-06,90,CH CHU,HID,5.97
2026-06-06 22:30:00,2026-06-06,90,CH HAR,HID,0.0
2026-06-06 22:30:00,2026-06-06,90,CH CAH,HID,9.97
2026-06-06 22:30:00,2026-06-06,90,CH HUA,HID,15.46
2026-06-06 22:30:00,2026-06-06,90,CH CHJ2,HID,0.0
2026-06-06 22:30:00,2026-06-06,90,CH YAN,HID,25.5
2026-06-06 22:30:00,2026-06-06,90,CH COR,HID,58.53
2026-06-06 22:30:00,2026-06-06,90,CH SIS,HID,84.75
2026-06-06 22:30:00,2026-06-06,90,CH SJS,HID,48.75
2026-06-06 22:30:00,2026-06-06,90,CH SJE,HID,58.67
2026-06-06 22:30:00,2026-06-06,90,CH MIS,HID,11.0
2026-06-06 22:30:00,2026-06-06,90,CH MIG,HID,0.0
2026-06-06 22:30:00,2026-06-06,90,CH ANG,HID,2.88
2026-06-06 22:30:00,2026-06-06,90,CH CHO,HID,3.54
2026-06-06 22:30:00,2026-06-06,90,CH CRB,HID,3.58
2026-06-06 22:30:00,2026-06-06,90,CH KIL,HID,0.0
2026-06-06 22:30:00,2026-06-06,90,CH LAN,HID,0.0
2026-06-06 22:30:00,2026-06-06,90,CH PUN,HID,0.0
2026-06-06 22:30:00,2026-06-06,90,CH KAN,HID,7.08
2026-06-06 22:30:00,2026-06-06,90,CH SJA,HID,0.0
2026-06-06 22:30:00,2026-06-06,90,AGU01,BIO,0.0
2026-06-06 22:30:00,2026-06-06,90,AGU02,BIO,0.0
2026-06-06 22:30:00,2026-06-06,90,GBE01,BIO,5.64
2026-06-06 22:30:00,2026-06-06,90,IAG01,BIO,0.0
2026-06-06 22:30:00,2026-06-06,90,UNA01,BIO,0.0
2026-06-06 22:30:00,2026-06-06,90,CSF ORU,INT,-0.01
2026-06-06 22:30:00,2026-06-06,90,CSF UYU,INT,-0.19
2026-06-06 22:30:00,2026-06-06,90,CSF YUN,INT,0.0
2026-06-06 22:30:00,2026-06-06,90,CE EDO,INT,14.82
2026-06-06 22:30:00,2026-06-06,90,CE QOL,INT,0.37
2026-06-06 22:30:00,2026-06-06,90,CE SJU,INT,5.35
2026-06-06 22:30:00,2026-06-06,90,CE WAR,INT,1.4
2026-06-06 22:45:00,2026-06-06,91,ALT01,TER,0.0
2026-06-06 22:45:00,2026-06-06,91,ALT02,TER,0.0
2026-06-06 22:45:00,2026-06-06,91,ARJ01,TER,0.0
2026-06-06 22:45:00,2026-06-06,91,ARJ02,TER,0.0
2026-06-06 22:45:00,2026-06-06,91,ARJ03,TER,0.0
2026-06-06 22:45:00,2026-06-06,91,ARJ08,TER,0.03
2026-06-06 22:45:00,2026-06-06,91,ARJ09,TER,0.0
2026-06-06 22:45:00,2026-06-06,91,ARJ11,TER,0.0
2026-06-06 22:45:00,2026-06-06,91,ARJ12,TER,0.0
2026-06-06 22:45:00,2026-06-06,91,ARJ13,TER,0.0
2026-06-06 22:45:00,2026-06-06,91,ARJ14,TER,0.0
2026-06-06 22:45:00,2026-06-06,91,ARJ15,TER,0.0
2026-06-06 22:45:00,2026-06-06,91,BUL01,TER,0.0
2026-06-06 22:45:00,2026-06-06,91,BUL02,TER,0.0
2026-06-06 22:45:00,2026-06-06,91,BUL03,TER,0.0
2026-06-06 22:45:00,2026-06-06,91,CAR01,TER,0.0
2026-06-06 22:45:00,2026-06-06,91,CAR02,TER,0.0
2026-06-06 22:45:00,2026-06-06,91,CAR03,TER,0.0
2026-06-06 22:45:00,2026-06-06,91,ERI01,TER,0.0
2026-06-06 22:45:00,2026-06-06,91,ERI02,TER,0.0
2026-06-06 22:45:00,2026-06-06,91,ERI03,TER,0.0
2026-06-06 22:45:00,2026-06-06,91,ERI04,TER,0.0
2026-06-06 22:45:00,2026-06-06,91,ERI30,TER,36.11
2026-06-06 22:45:00,2026-06-06,91,ERI31,TER,43.8
2026-06-06 22:45:00,2026-06-06,91,ERI32,TER,43.92
2026-06-06 22:45:00,2026-06-06,91,ERI40,TER,0.01
2026-06-06 22:45:00,2026-06-06,91,ERI41,TER,0.0
2026-06-06 22:45:00,2026-06-06,91,ERI42,TER,0.0
2026-06-06 22:45:00,2026-06-06,91,ERI50,TER,37.14
2026-06-06 22:45:00,2026-06-06,91,ERI51,TER,43.48
2026-06-06 22:45:00,2026-06-06,91,ERI52,TER,43.39
2026-06-06 22:45:00,2026-06-06,91,GCH01,TER,0.0
2026-06-06 22:45:00,2026-06-06,91,GCH02,TER,0.0
2026-06-06 22:45:00,2026-06-06,91,GCH04,TER,0.0
2026-06-06 22:45:00,2026-06-06,91,GCH06,TER,0.0
2026-06-06 22:45:00,2026-06-06,91,GCH09,TER,0.0
2026-06-06 22:45:00,2026-06-06,91,GCH10,TER,50.2
2026-06-06 22:45:00,2026-06-06,91,GCH11,TER,0.0
2026-06-06 22:45:00,2026-06-06,91,GCH12,TER,36.85
2026-06-06 22:45:00,2026-06-06,91,MOS,TER,0.0
2026-06-06 22:45:00,2026-06-06,91,SCZ01,TER,0.0
2026-06-06 22:45:00,2026-06-06,91,SCZ02,TER,0.0
2026-06-06 22:45:00,2026-06-06,91,SUR10,TER,32.02
2026-06-06 22:45:00,2026-06-06,91,SUR11,TER,31.5
2026-06-06 22:45:00,2026-06-06,91,SUR12,TER,31.38
2026-06-06 22:45:00,2026-06-06,91,SUR20,TER,0.0
2026-06-06 22:45:00,2026-06-06,91,SUR21,TER,0.0
2026-06-06 22:45:00,2026-06-06,91,SUR22,TER,0.0
2026-06-06 22:45:00,2026-06-06,91,SUR30,TER,37.17
2026-06-06 22:45:00,2026-06-06,91,SUR31,TER,43.24
2026-06-06 22:45:00,2026-06-06,91,SUR32,TER,43.21
2026-06-06 22:45:00,2026-06-06,91,SUR40,TER,35.13
2026-06-06 22:45:00,2026-06-06,91,SUR41,TER,42.37
2026-06-06 22:45:00,2026-06-06,91,SUR42,TER,42.44
2026-06-06 22:45:00,2026-06-06,91,VHE01,TER,0.0
2026-06-06 22:45:00,2026-06-06,91,VHE02,TER,0.0
2026-06-06 22:45:00,2026-06-06,91,VHE03,TER,0.0
2026-06-06 22:45:00,2026-06-06,91,VHE04,TER,0.0
2026-06-06 22:45:00,2026-06-06,91,VHE05,TER,0.0
2026-06-06 22:45:00,2026-06-06,91,VHE06,TER,0.0
2026-06-06 22:45:00,2026-06-06,91,VHE07,TER,0.0
2026-06-06 22:45:00,2026-06-06,91,VHE08,TER,0.0
2026-06-06 22:45:00,2026-06-06,91,WAR05,TER,0.0
2026-06-06 22:45:00,2026-06-06,91,WAR10,TER,34.52
2026-06-06 22:45:00,2026-06-06,91,WAR11,TER,41.44
2026-06-06 22:45:00,2026-06-06,91,WAR12,TER,41.36
2026-06-06 22:45:00,2026-06-06,91,WAR20,TER,36.46
2026-06-06 22:45:00,2026-06-06,91,WAR21,TER,40.04
2026-06-06 22:45:00,2026-06-06,91,WAR22,TER,40.07
2026-06-06 22:45:00,2026-06-06,91,WAR30,TER,36.93
2026-06-06 22:45:00,2026-06-06,91,WAR31,TER,43.26
2026-06-06 22:45:00,2026-06-06,91,WAR32,TER,43.4
2026-06-06 22:45:00,2026-06-06,91,WAR40,TER,0.0
2026-06-06 22:45:00,2026-06-06,91,WAR41,TER,0.0
2026-06-06 22:45:00,2026-06-06,91,WAR42,TER,0.0
2026-06-06 22:45:00,2026-06-06,91,CH ZON,HID,0.0
2026-06-06 22:45:00,2026-06-06,91,CH TIQ,HID,0.0
2026-06-06 22:45:00,2026-06-06,91,CH BOT,HID,0.9
2026-06-06 22:45:00,2026-06-06,91,CH CUT,HID,6.63
2026-06-06 22:45:00,2026-06-06,91,CH SRO BA,HID,1.72
2026-06-06 22:45:00,2026-06-06,91,CH SRO AC,HID,3.39
2026-06-06 22:45:00,2026-06-06,91,CH SAI,HID,4.93
2026-06-06 22:45:00,2026-06-06,91,CH CHU,HID,5.96
2026-06-06 22:45:00,2026-06-06,91,CH HAR,HID,0.0
2026-06-06 22:45:00,2026-06-06,91,CH CAH,HID,9.95
2026-06-06 22:45:00,2026-06-06,91,CH HUA,HID,15.4
2026-06-06 22:45:00,2026-06-06,91,CH CHJ2,HID,0.0
2026-06-06 22:45:00,2026-06-06,91,CH YAN,HID,25.5
2026-06-06 22:45:00,2026-06-06,91,CH COR,HID,46.5
2026-06-06 22:45:00,2026-06-06,91,CH SIS,HID,68.4
2026-06-06 22:45:00,2026-06-06,91,CH SJS,HID,49.47
2026-06-06 22:45:00,2026-06-06,91,CH SJE,HID,60.2
2026-06-06 22:45:00,2026-06-06,91,CH MIS,HID,11.0
2026-06-06 22:45:00,2026-06-06,91,CH MIG,HID,0.0
2026-06-06 22:45:00,2026-06-06,91,CH ANG,HID,2.88
2026-06-06 22:45:00,2026-06-06,91,CH CHO,HID,3.54
2026-06-06 22:45:00,2026-06-06,91,CH CRB,HID,3.59
2026-06-06 22:45:00,2026-06-06,91,CH KIL,HID,0.0
2026-06-06 22:45:00,2026-06-06,91,CH LAN,HID,0.0
2026-06-06 22:45:00,2026-06-06,91,CH PUN,HID,0.0
2026-06-06 22:45:00,2026-06-06,91,CH KAN,HID,7.14
2026-06-06 22:45:00,2026-06-06,91,CH SJA,HID,0.0
2026-06-06 22:45:00,2026-06-06,91,AGU01,BIO,0.0
2026-06-06 22:45:00,2026-06-06,91,AGU02,BIO,0.0
2026-06-06 22:45:00,2026-06-06,91,GBE01,BIO,5.89
2026-06-06 22:45:00,2026-06-06,91,IAG01,BIO,0.0
2026-06-06 22:45:00,2026-06-06,91,UNA01,BIO,0.0
2026-06-06 22:45:00,2026-06-06,91,CSF ORU,INT,-0.01
2026-06-06 22:45:00,2026-06-06,91,CSF UYU,INT,-0.2
2026-06-06 22:45:00,2026-06-06,91,CSF YUN,INT,0.0
2026-06-06 22:45:00,2026-06-06,91,CE EDO,INT,18.63
2026-06-06 22:45:00,2026-06-06,91,CE QOL,INT,1.4
2026-06-06 22:45:00,2026-06-06,91,CE SJU,INT,5.04
2026-06-06 22:45:00,2026-06-06,91,CE WAR,INT,1.98
2026-06-06 23:00:00,2026-06-06,92,ALT01,TER,0.0
2026-06-06 23:00:00,2026-06-06,92,ALT02,TER,0.0
2026-06-06 23:00:00,2026-06-06,92,ARJ01,TER,0.0
2026-06-06 23:00:00,2026-06-06,92,ARJ02,TER,0.0
2026-06-06 23:00:00,2026-06-06,92,ARJ03,TER,0.0
2026-06-06 23:00:00,2026-06-06,92,ARJ08,TER,0.04
2026-06-06 23:00:00,2026-06-06,92,ARJ09,TER,0.0
2026-06-06 23:00:00,2026-06-06,92,ARJ11,TER,0.0
2026-06-06 23:00:00,2026-06-06,92,ARJ12,TER,0.0
2026-06-06 23:00:00,2026-06-06,92,ARJ13,TER,0.0
2026-06-06 23:00:00,2026-06-06,92,ARJ14,TER,0.0
2026-06-06 23:00:00,2026-06-06,92,ARJ15,TER,0.0
2026-06-06 23:00:00,2026-06-06,92,BUL01,TER,0.0
2026-06-06 23:00:00,2026-06-06,92,BUL02,TER,0.0
2026-06-06 23:00:00,2026-06-06,92,BUL03,TER,0.0
2026-06-06 23:00:00,2026-06-06,92,CAR01,TER,0.0
2026-06-06 23:00:00,2026-06-06,92,CAR02,TER,0.0
2026-06-06 23:00:00,2026-06-06,92,CAR03,TER,0.0
2026-06-06 23:00:00,2026-06-06,92,ERI01,TER,0.0
2026-06-06 23:00:00,2026-06-06,92,ERI02,TER,0.0
2026-06-06 23:00:00,2026-06-06,92,ERI03,TER,0.0
2026-06-06 23:00:00,2026-06-06,92,ERI04,TER,0.0
2026-06-06 23:00:00,2026-06-06,92,ERI30,TER,35.43
2026-06-06 23:00:00,2026-06-06,92,ERI31,TER,41.5
2026-06-06 23:00:00,2026-06-06,92,ERI32,TER,41.74
2026-06-06 23:00:00,2026-06-06,92,ERI40,TER,0.01
2026-06-06 23:00:00,2026-06-06,92,ERI41,TER,0.0
2026-06-06 23:00:00,2026-06-06,92,ERI42,TER,0.0
2026-06-06 23:00:00,2026-06-06,92,ERI50,TER,36.53
2026-06-06 23:00:00,2026-06-06,92,ERI51,TER,41.27
2026-06-06 23:00:00,2026-06-06,92,ERI52,TER,41.26
2026-06-06 23:00:00,2026-06-06,92,GCH01,TER,0.0
2026-06-06 23:00:00,2026-06-06,92,GCH02,TER,0.0
2026-06-06 23:00:00,2026-06-06,92,GCH04,TER,0.0
2026-06-06 23:00:00,2026-06-06,92,GCH06,TER,0.0
2026-06-06 23:00:00,2026-06-06,92,GCH09,TER,0.0
2026-06-06 23:00:00,2026-06-06,92,GCH10,TER,49.69
2026-06-06 23:00:00,2026-06-06,92,GCH11,TER,0.0
2026-06-06 23:00:00,2026-06-06,92,GCH12,TER,36.51
2026-06-06 23:00:00,2026-06-06,92,MOS,TER,0.0
2026-06-06 23:00:00,2026-06-06,92,SCZ01,TER,0.0
2026-06-06 23:00:00,2026-06-06,92,SCZ02,TER,0.0
2026-06-06 23:00:00,2026-06-06,92,SUR10,TER,31.68
2026-06-06 23:00:00,2026-06-06,92,SUR11,TER,30.77
2026-06-06 23:00:00,2026-06-06,92,SUR12,TER,30.67
2026-06-06 23:00:00,2026-06-06,92,SUR20,TER,0.0
2026-06-06 23:00:00,2026-06-06,92,SUR21,TER,0.0
2026-06-06 23:00:00,2026-06-06,92,SUR22,TER,0.0
2026-06-06 23:00:00,2026-06-06,92,SUR30,TER,37.17
2026-06-06 23:00:00,2026-06-06,92,SUR31,TER,43.04
2026-06-06 23:00:00,2026-06-06,92,SUR32,TER,43.3
2026-06-06 23:00:00,2026-06-06,92,SUR40,TER,34.48
2026-06-06 23:00:00,2026-06-06,92,SUR41,TER,40.28
2026-06-06 23:00:00,2026-06-06,92,SUR42,TER,40.14
2026-06-06 23:00:00,2026-06-06,92,VHE01,TER,0.0
2026-06-06 23:00:00,2026-06-06,92,VHE02,TER,0.0
2026-06-06 23:00:00,2026-06-06,92,VHE03,TER,0.0
2026-06-06 23:00:00,2026-06-06,92,VHE04,TER,0.0
2026-06-06 23:00:00,2026-06-06,92,VHE05,TER,0.0
2026-06-06 23:00:00,2026-06-06,92,VHE06,TER,0.0
2026-06-06 23:00:00,2026-06-06,92,VHE07,TER,0.0
2026-06-06 23:00:00,2026-06-06,92,VHE08,TER,0.0
2026-06-06 23:00:00,2026-06-06,92,WAR05,TER,0.0
2026-06-06 23:00:00,2026-06-06,92,WAR10,TER,34.06
2026-06-06 23:00:00,2026-06-06,92,WAR11,TER,39.33
2026-06-06 23:00:00,2026-06-06,92,WAR12,TER,39.39
2026-06-06 23:00:00,2026-06-06,92,WAR20,TER,35.7
2026-06-06 23:00:00,2026-06-06,92,WAR21,TER,38.02
2026-06-06 23:00:00,2026-06-06,92,WAR22,TER,38.24
2026-06-06 23:00:00,2026-06-06,92,WAR30,TER,36.22
2026-06-06 23:00:00,2026-06-06,92,WAR31,TER,41.25
2026-06-06 23:00:00,2026-06-06,92,WAR32,TER,41.19
2026-06-06 23:00:00,2026-06-06,92,WAR40,TER,0.0
2026-06-06 23:00:00,2026-06-06,92,WAR41,TER,0.0
2026-06-06 23:00:00,2026-06-06,92,WAR42,TER,0.0
2026-06-06 23:00:00,2026-06-06,92,CH ZON,HID,0.0
2026-06-06 23:00:00,2026-06-06,92,CH TIQ,HID,0.0
2026-06-06 23:00:00,2026-06-06,92,CH BOT,HID,0.85
2026-06-06 23:00:00,2026-06-06,92,CH CUT,HID,6.76
2026-06-06 23:00:00,2026-06-06,92,CH SRO BA,HID,1.65
2026-06-06 23:00:00,2026-06-06,92,CH SRO AC,HID,3.35
2026-06-06 23:00:00,2026-06-06,92,CH SAI,HID,4.9
2026-06-06 23:00:00,2026-06-06,92,CH CHU,HID,6.89
2026-06-06 23:00:00,2026-06-06,92,CH HAR,HID,0.0
2026-06-06 23:00:00,2026-06-06,92,CH CAH,HID,9.82
2026-06-06 23:00:00,2026-06-06,92,CH HUA,HID,15.29
2026-06-06 23:00:00,2026-06-06,92,CH CHJ2,HID,0.0
2026-06-06 23:00:00,2026-06-06,92,CH YAN,HID,25.0
2026-06-06 23:00:00,2026-06-06,92,CH COR,HID,44.74
2026-06-06 23:00:00,2026-06-06,92,CH SIS,HID,63.33
2026-06-06 23:00:00,2026-06-06,92,CH SJS,HID,48.83
2026-06-06 23:00:00,2026-06-06,92,CH SJE,HID,59.37
2026-06-06 23:00:00,2026-06-06,92,CH MIS,HID,11.0
2026-06-06 23:00:00,2026-06-06,92,CH MIG,HID,0.0
2026-06-06 23:00:00,2026-06-06,92,CH ANG,HID,2.86
2026-06-06 23:00:00,2026-06-06,92,CH CHO,HID,3.54
2026-06-06 23:00:00,2026-06-06,92,CH CRB,HID,3.55
2026-06-06 23:00:00,2026-06-06,92,CH KIL,HID,0.0
2026-06-06 23:00:00,2026-06-06,92,CH LAN,HID,0.0
2026-06-06 23:00:00,2026-06-06,92,CH PUN,HID,0.0
2026-06-06 23:00:00,2026-06-06,92,CH KAN,HID,7.05
2026-06-06 23:00:00,2026-06-06,92,CH SJA,HID,0.0
2026-06-06 23:00:00,2026-06-06,92,AGU01,BIO,0.0
2026-06-06 23:00:00,2026-06-06,92,AGU02,BIO,0.0
2026-06-06 23:00:00,2026-06-06,92,GBE01,BIO,5.34
2026-06-06 23:00:00,2026-06-06,92,IAG01,BIO,0.0
2026-06-06 23:00:00,2026-06-06,92,UNA01,BIO,0.0
2026-06-06 23:00:00,2026-06-06,92,CSF ORU,INT,-0.01
2026-06-06 23:00:00,2026-06-06,92,CSF UYU,INT,-0.2
2026-06-06 23:00:00,2026-06-06,92,CSF YUN,INT,0.0
2026-06-06 23:00:00,2026-06-06,92,CE EDO,INT,26.55
2026-06-06 23:00:00,2026-06-06,92,CE QOL,INT,2.59
2026-06-06 23:00:00,2026-06-06,92,CE SJU,INT,4.65
2026-06-06 23:00:00,2026-06-06,92,CE WAR,INT,2.47
2026-06-06 23:15:00,2026-06-06,93,ALT01,TER,0.0
2026-06-06 23:15:00,2026-06-06,93,ALT02,TER,0.0
2026-06-06 23:15:00,2026-06-06,93,ARJ01,TER,0.0
2026-06-06 23:15:00,2026-06-06,93,ARJ02,TER,0.0
2026-06-06 23:15:00,2026-06-06,93,ARJ03,TER,0.0
2026-06-06 23:15:00,2026-06-06,93,ARJ08,TER,0.04
2026-06-06 23:15:00,2026-06-06,93,ARJ09,TER,0.0
2026-06-06 23:15:00,2026-06-06,93,ARJ11,TER,0.0
2026-06-06 23:15:00,2026-06-06,93,ARJ12,TER,0.0
2026-06-06 23:15:00,2026-06-06,93,ARJ13,TER,0.0
2026-06-06 23:15:00,2026-06-06,93,ARJ14,TER,0.0
2026-06-06 23:15:00,2026-06-06,93,ARJ15,TER,0.0
2026-06-06 23:15:00,2026-06-06,93,BUL01,TER,0.0
2026-06-06 23:15:00,2026-06-06,93,BUL02,TER,0.0
2026-06-06 23:15:00,2026-06-06,93,BUL03,TER,0.0
2026-06-06 23:15:00,2026-06-06,93,CAR01,TER,0.0
2026-06-06 23:15:00,2026-06-06,93,CAR02,TER,0.0
2026-06-06 23:15:00,2026-06-06,93,CAR03,TER,0.0
2026-06-06 23:15:00,2026-06-06,93,ERI01,TER,0.0
2026-06-06 23:15:00,2026-06-06,93,ERI02,TER,0.0
2026-06-06 23:15:00,2026-06-06,93,ERI03,TER,0.0
2026-06-06 23:15:00,2026-06-06,93,ERI04,TER,0.0
2026-06-06 23:15:00,2026-06-06,93,ERI30,TER,35.62
2026-06-06 23:15:00,2026-06-06,93,ERI31,TER,42.6
2026-06-06 23:15:00,2026-06-06,93,ERI32,TER,42.56
2026-06-06 23:15:00,2026-06-06,93,ERI40,TER,-0.02
2026-06-06 23:15:00,2026-06-06,93,ERI41,TER,0.0
2026-06-06 23:15:00,2026-06-06,93,ERI42,TER,0.0
2026-06-06 23:15:00,2026-06-06,93,ERI50,TER,36.87
2026-06-06 23:15:00,2026-06-06,93,ERI51,TER,42.23
2026-06-06 23:15:00,2026-06-06,93,ERI52,TER,42.25
2026-06-06 23:15:00,2026-06-06,93,GCH01,TER,0.0
2026-06-06 23:15:00,2026-06-06,93,GCH02,TER,0.0
2026-06-06 23:15:00,2026-06-06,93,GCH04,TER,0.0
2026-06-06 23:15:00,2026-06-06,93,GCH06,TER,0.0
2026-06-06 23:15:00,2026-06-06,93,GCH09,TER,0.0
2026-06-06 23:15:00,2026-06-06,93,GCH10,TER,50.02
2026-06-06 23:15:00,2026-06-06,93,GCH11,TER,0.0
2026-06-06 23:15:00,2026-06-06,93,GCH12,TER,36.97
2026-06-06 23:15:00,2026-06-06,93,MOS,TER,0.0
2026-06-06 23:15:00,2026-06-06,93,SCZ01,TER,0.0
2026-06-06 23:15:00,2026-06-06,93,SCZ02,TER,0.0
2026-06-06 23:15:00,2026-06-06,93,SUR10,TER,31.87
2026-06-06 23:15:00,2026-06-06,93,SUR11,TER,31.58
2026-06-06 23:15:00,2026-06-06,93,SUR12,TER,31.53
2026-06-06 23:15:00,2026-06-06,93,SUR20,TER,0.0
2026-06-06 23:15:00,2026-06-06,93,SUR21,TER,0.0
2026-06-06 23:15:00,2026-06-06,93,SUR22,TER,0.0
2026-06-06 23:15:00,2026-06-06,93,SUR30,TER,37.02
2026-06-06 23:15:00,2026-06-06,93,SUR31,TER,43.22
2026-06-06 23:15:00,2026-06-06,93,SUR32,TER,43.15
2026-06-06 23:15:00,2026-06-06,93,SUR40,TER,34.52
2026-06-06 23:15:00,2026-06-06,93,SUR41,TER,41.12
2026-06-06 23:15:00,2026-06-06,93,SUR42,TER,41.16
2026-06-06 23:15:00,2026-06-06,93,VHE01,TER,0.0
2026-06-06 23:15:00,2026-06-06,93,VHE02,TER,0.0
2026-06-06 23:15:00,2026-06-06,93,VHE03,TER,0.0
2026-06-06 23:15:00,2026-06-06,93,VHE04,TER,0.0
2026-06-06 23:15:00,2026-06-06,93,VHE05,TER,0.0
2026-06-06 23:15:00,2026-06-06,93,VHE06,TER,0.0
2026-06-06 23:15:00,2026-06-06,93,VHE07,TER,0.0
2026-06-06 23:15:00,2026-06-06,93,VHE08,TER,0.0
2026-06-06 23:15:00,2026-06-06,93,WAR05,TER,0.0
2026-06-06 23:15:00,2026-06-06,93,WAR10,TER,34.33
2026-06-06 23:15:00,2026-06-06,93,WAR11,TER,40.14
2026-06-06 23:15:00,2026-06-06,93,WAR12,TER,39.94
2026-06-06 23:15:00,2026-06-06,93,WAR20,TER,36.15
2026-06-06 23:15:00,2026-06-06,93,WAR21,TER,38.56
2026-06-06 23:15:00,2026-06-06,93,WAR22,TER,38.89
2026-06-06 23:15:00,2026-06-06,93,WAR30,TER,36.41
2026-06-06 23:15:00,2026-06-06,93,WAR31,TER,41.89
2026-06-06 23:15:00,2026-06-06,93,WAR32,TER,42.17
2026-06-06 23:15:00,2026-06-06,93,WAR40,TER,0.0
2026-06-06 23:15:00,2026-06-06,93,WAR41,TER,0.0
2026-06-06 23:15:00,2026-06-06,93,WAR42,TER,0.0
2026-06-06 23:15:00,2026-06-06,93,CH ZON,HID,0.0
2026-06-06 23:15:00,2026-06-06,93,CH TIQ,HID,0.0
2026-06-06 23:15:00,2026-06-06,93,CH BOT,HID,0.9
2026-06-06 23:15:00,2026-06-06,93,CH CUT,HID,6.91
2026-06-06 23:15:00,2026-06-06,93,CH SRO BA,HID,1.67
2026-06-06 23:15:00,2026-06-06,93,CH SRO AC,HID,3.45
2026-06-06 23:15:00,2026-06-06,93,CH SAI,HID,4.97
2026-06-06 23:15:00,2026-06-06,93,CH CHU,HID,7.0
2026-06-06 23:15:00,2026-06-06,93,CH HAR,HID,0.0
2026-06-06 23:15:00,2026-06-06,93,CH CAH,HID,9.99
2026-06-06 23:15:00,2026-06-06,93,CH HUA,HID,15.75
2026-06-06 23:15:00,2026-06-06,93,CH CHJ2,HID,0.0
2026-06-06 23:15:00,2026-06-06,93,CH YAN,HID,0.0
2026-06-06 23:15:00,2026-06-06,93,CH COR,HID,37.12
2026-06-06 23:15:00,2026-06-06,93,CH SIS,HID,60.72
2026-06-06 23:15:00,2026-06-06,93,CH SJS,HID,49.68
2026-06-06 23:15:00,2026-06-06,93,CH SJE,HID,60.56
2026-06-06 23:15:00,2026-06-06,93,CH MIS,HID,11.0
2026-06-06 23:15:00,2026-06-06,93,CH MIG,HID,0.0
2026-06-06 23:15:00,2026-06-06,93,CH ANG,HID,2.9
2026-06-06 23:15:00,2026-06-06,93,CH CHO,HID,3.54
2026-06-06 23:15:00,2026-06-06,93,CH CRB,HID,3.61
2026-06-06 23:15:00,2026-06-06,93,CH KIL,HID,0.0
2026-06-06 23:15:00,2026-06-06,93,CH LAN,HID,0.0
2026-06-06 23:15:00,2026-06-06,93,CH PUN,HID,0.0
2026-06-06 23:15:00,2026-06-06,93,CH KAN,HID,0.0
2026-06-06 23:15:00,2026-06-06,93,CH SJA,HID,0.0
2026-06-06 23:15:00,2026-06-06,93,AGU01,BIO,0.0
2026-06-06 23:15:00,2026-06-06,93,AGU02,BIO,0.0
2026-06-06 23:15:00,2026-06-06,93,GBE01,BIO,6.26
2026-06-06 23:15:00,2026-06-06,93,IAG01,BIO,0.0
2026-06-06 23:15:00,2026-06-06,93,UNA01,BIO,0.0
2026-06-06 23:15:00,2026-06-06,93,CSF ORU,INT,-0.01
2026-06-06 23:15:00,2026-06-06,93,CSF UYU,INT,-0.19
2026-06-06 23:15:00,2026-06-06,93,CSF YUN,INT,0.0
2026-06-06 23:15:00,2026-06-06,93,CE EDO,INT,24.6
2026-06-06 23:15:00,2026-06-06,93,CE QOL,INT,1.62
2026-06-06 23:15:00,2026-06-06,93,CE SJU,INT,4.21
2026-06-06 23:15:00,2026-06-06,93,CE WAR,INT,2.46
2026-06-06 23:30:00,2026-06-06,94,ALT01,TER,0.0
2026-06-06 23:30:00,2026-06-06,94,ALT02,TER,0.0
2026-06-06 23:30:00,2026-06-06,94,ARJ01,TER,0.0
2026-06-06 23:30:00,2026-06-06,94,ARJ02,TER,0.0
2026-06-06 23:30:00,2026-06-06,94,ARJ03,TER,0.0
2026-06-06 23:30:00,2026-06-06,94,ARJ08,TER,0.03
2026-06-06 23:30:00,2026-06-06,94,ARJ09,TER,0.0
2026-06-06 23:30:00,2026-06-06,94,ARJ11,TER,0.0
2026-06-06 23:30:00,2026-06-06,94,ARJ12,TER,0.0
2026-06-06 23:30:00,2026-06-06,94,ARJ13,TER,0.0
2026-06-06 23:30:00,2026-06-06,94,ARJ14,TER,0.0
2026-06-06 23:30:00,2026-06-06,94,ARJ15,TER,0.0
2026-06-06 23:30:00,2026-06-06,94,BUL01,TER,0.0
2026-06-06 23:30:00,2026-06-06,94,BUL02,TER,0.0
2026-06-06 23:30:00,2026-06-06,94,BUL03,TER,0.0
2026-06-06 23:30:00,2026-06-06,94,CAR01,TER,0.0
2026-06-06 23:30:00,2026-06-06,94,CAR02,TER,0.0
2026-06-06 23:30:00,2026-06-06,94,CAR03,TER,0.0
2026-06-06 23:30:00,2026-06-06,94,ERI01,TER,0.0
2026-06-06 23:30:00,2026-06-06,94,ERI02,TER,0.0
2026-06-06 23:30:00,2026-06-06,94,ERI03,TER,0.0
2026-06-06 23:30:00,2026-06-06,94,ERI04,TER,0.0
2026-06-06 23:30:00,2026-06-06,94,ERI30,TER,35.7
2026-06-06 23:30:00,2026-06-06,94,ERI31,TER,42.23
2026-06-06 23:30:00,2026-06-06,94,ERI32,TER,42.13
2026-06-06 23:30:00,2026-06-06,94,ERI40,TER,0.01
2026-06-06 23:30:00,2026-06-06,94,ERI41,TER,0.0
2026-06-06 23:30:00,2026-06-06,94,ERI42,TER,0.0
2026-06-06 23:30:00,2026-06-06,94,ERI50,TER,36.65
2026-06-06 23:30:00,2026-06-06,94,ERI51,TER,41.92
2026-06-06 23:30:00,2026-06-06,94,ERI52,TER,41.83
2026-06-06 23:30:00,2026-06-06,94,GCH01,TER,0.0
2026-06-06 23:30:00,2026-06-06,94,GCH02,TER,0.0
2026-06-06 23:30:00,2026-06-06,94,GCH04,TER,0.0
2026-06-06 23:30:00,2026-06-06,94,GCH06,TER,0.0
2026-06-06 23:30:00,2026-06-06,94,GCH09,TER,0.0
2026-06-06 23:30:00,2026-06-06,94,GCH10,TER,50.33
2026-06-06 23:30:00,2026-06-06,94,GCH11,TER,0.0
2026-06-06 23:30:00,2026-06-06,94,GCH12,TER,36.9
2026-06-06 23:30:00,2026-06-06,94,MOS,TER,0.0
2026-06-06 23:30:00,2026-06-06,94,SCZ01,TER,0.0
2026-06-06 23:30:00,2026-06-06,94,SCZ02,TER,0.0
2026-06-06 23:30:00,2026-06-06,94,SUR10,TER,31.8
2026-06-06 23:30:00,2026-06-06,94,SUR11,TER,31.48
2026-06-06 23:30:00,2026-06-06,94,SUR12,TER,31.26
2026-06-06 23:30:00,2026-06-06,94,SUR20,TER,0.0
2026-06-06 23:30:00,2026-06-06,94,SUR21,TER,0.0
2026-06-06 23:30:00,2026-06-06,94,SUR22,TER,0.0
2026-06-06 23:30:00,2026-06-06,94,SUR30,TER,37.17
2026-06-06 23:30:00,2026-06-06,94,SUR31,TER,43.06
2026-06-06 23:30:00,2026-06-06,94,SUR32,TER,43.23
2026-06-06 23:30:00,2026-06-06,94,SUR40,TER,34.45
2026-06-06 23:30:00,2026-06-06,94,SUR41,TER,40.82
2026-06-06 23:30:00,2026-06-06,94,SUR42,TER,40.87
2026-06-06 23:30:00,2026-06-06,94,VHE01,TER,0.0
2026-06-06 23:30:00,2026-06-06,94,VHE02,TER,0.0
2026-06-06 23:30:00,2026-06-06,94,VHE03,TER,0.0
2026-06-06 23:30:00,2026-06-06,94,VHE04,TER,0.0
2026-06-06 23:30:00,2026-06-06,94,VHE05,TER,0.0
2026-06-06 23:30:00,2026-06-06,94,VHE06,TER,0.0
2026-06-06 23:30:00,2026-06-06,94,VHE07,TER,0.0
2026-06-06 23:30:00,2026-06-06,94,VHE08,TER,0.0
2026-06-06 23:30:00,2026-06-06,94,WAR05,TER,0.0
2026-06-06 23:30:00,2026-06-06,94,WAR10,TER,29.61
2026-06-06 23:30:00,2026-06-06,94,WAR11,TER,29.81
2026-06-06 23:30:00,2026-06-06,94,WAR12,TER,29.78
2026-06-06 23:30:00,2026-06-06,94,WAR20,TER,36.08
2026-06-06 23:30:00,2026-06-06,94,WAR21,TER,38.46
2026-06-06 23:30:00,2026-06-06,94,WAR22,TER,38.64
2026-06-06 23:30:00,2026-06-06,94,WAR30,TER,36.22
2026-06-06 23:30:00,2026-06-06,94,WAR31,TER,41.83
2026-06-06 23:30:00,2026-06-06,94,WAR32,TER,41.83
2026-06-06 23:30:00,2026-06-06,94,WAR40,TER,0.0
2026-06-06 23:30:00,2026-06-06,94,WAR41,TER,0.0
2026-06-06 23:30:00,2026-06-06,94,WAR42,TER,0.0
2026-06-06 23:30:00,2026-06-06,94,CH ZON,HID,0.0
2026-06-06 23:30:00,2026-06-06,94,CH TIQ,HID,0.0
2026-06-06 23:30:00,2026-06-06,94,CH BOT,HID,0.89
2026-06-06 23:30:00,2026-06-06,94,CH CUT,HID,6.86
2026-06-06 23:30:00,2026-06-06,94,CH SRO BA,HID,1.67
2026-06-06 23:30:00,2026-06-06,94,CH SRO AC,HID,3.42
2026-06-06 23:30:00,2026-06-06,94,CH SAI,HID,4.95
2026-06-06 23:30:00,2026-06-06,94,CH CHU,HID,7.96
2026-06-06 23:30:00,2026-06-06,94,CH HAR,HID,0.0
2026-06-06 23:30:00,2026-06-06,94,CH CAH,HID,10.01
2026-06-06 23:30:00,2026-06-06,94,CH HUA,HID,16.55
2026-06-06 23:30:00,2026-06-06,94,CH CHJ2,HID,0.0
2026-06-06 23:30:00,2026-06-06,94,CH YAN,HID,0.0
2026-06-06 23:30:00,2026-06-06,94,CH COR,HID,36.91
2026-06-06 23:30:00,2026-06-06,94,CH SIS,HID,56.5
2026-06-06 23:30:00,2026-06-06,94,CH SJS,HID,49.06
2026-06-06 23:30:00,2026-06-06,94,CH SJE,HID,59.85
2026-06-06 23:30:00,2026-06-06,94,CH MIS,HID,11.0
2026-06-06 23:30:00,2026-06-06,94,CH MIG,HID,0.0
2026-06-06 23:30:00,2026-06-06,94,CH ANG,HID,2.89
2026-06-06 23:30:00,2026-06-06,94,CH CHO,HID,3.54
2026-06-06 23:30:00,2026-06-06,94,CH CRB,HID,3.59
2026-06-06 23:30:00,2026-06-06,94,CH KIL,HID,0.0
2026-06-06 23:30:00,2026-06-06,94,CH LAN,HID,0.0
2026-06-06 23:30:00,2026-06-06,94,CH PUN,HID,0.0
2026-06-06 23:30:00,2026-06-06,94,CH KAN,HID,0.0
2026-06-06 23:30:00,2026-06-06,94,CH SJA,HID,0.0
2026-06-06 23:30:00,2026-06-06,94,AGU01,BIO,0.0
2026-06-06 23:30:00,2026-06-06,94,AGU02,BIO,0.0
2026-06-06 23:30:00,2026-06-06,94,GBE01,BIO,5.82
2026-06-06 23:30:00,2026-06-06,94,IAG01,BIO,0.0
2026-06-06 23:30:00,2026-06-06,94,UNA01,BIO,0.0
2026-06-06 23:30:00,2026-06-06,94,CSF ORU,INT,-0.01
2026-06-06 23:30:00,2026-06-06,94,CSF UYU,INT,-0.2
2026-06-06 23:30:00,2026-06-06,94,CSF YUN,INT,0.0
2026-06-06 23:30:00,2026-06-06,94,CE EDO,INT,28.13
2026-06-06 23:30:00,2026-06-06,94,CE QOL,INT,1.02
2026-06-06 23:30:00,2026-06-06,94,CE SJU,INT,4.82
2026-06-06 23:30:00,2026-06-06,94,CE WAR,INT,1.72
2026-06-06 23:45:00,2026-06-06,95,ALT01,TER,0.0
2026-06-06 23:45:00,2026-06-06,95,ALT02,TER,0.0
2026-06-06 23:45:00,2026-06-06,95,ARJ01,TER,0.0
2026-06-06 23:45:00,2026-06-06,95,ARJ02,TER,0.0
2026-06-06 23:45:00,2026-06-06,95,ARJ03,TER,0.0
2026-06-06 23:45:00,2026-06-06,95,ARJ08,TER,0.04
2026-06-06 23:45:00,2026-06-06,95,ARJ09,TER,0.0
2026-06-06 23:45:00,2026-06-06,95,ARJ11,TER,0.0
2026-06-06 23:45:00,2026-06-06,95,ARJ12,TER,0.0
2026-06-06 23:45:00,2026-06-06,95,ARJ13,TER,0.0
2026-06-06 23:45:00,2026-06-06,95,ARJ14,TER,0.0
2026-06-06 23:45:00,2026-06-06,95,ARJ15,TER,0.0
2026-06-06 23:45:00,2026-06-06,95,BUL01,TER,0.0
2026-06-06 23:45:00,2026-06-06,95,BUL02,TER,0.0
2026-06-06 23:45:00,2026-06-06,95,BUL03,TER,0.0
2026-06-06 23:45:00,2026-06-06,95,CAR01,TER,0.0
2026-06-06 23:45:00,2026-06-06,95,CAR02,TER,0.0
2026-06-06 23:45:00,2026-06-06,95,CAR03,TER,0.0
2026-06-06 23:45:00,2026-06-06,95,ERI01,TER,0.0
2026-06-06 23:45:00,2026-06-06,95,ERI02,TER,0.0
2026-06-06 23:45:00,2026-06-06,95,ERI03,TER,0.0
2026-06-06 23:45:00,2026-06-06,95,ERI04,TER,0.0
2026-06-06 23:45:00,2026-06-06,95,ERI30,TER,35.62
2026-06-06 23:45:00,2026-06-06,95,ERI31,TER,42.64
2026-06-06 23:45:00,2026-06-06,95,ERI32,TER,42.66
2026-06-06 23:45:00,2026-06-06,95,ERI40,TER,0.01
2026-06-06 23:45:00,2026-06-06,95,ERI41,TER,0.0
2026-06-06 23:45:00,2026-06-06,95,ERI42,TER,0.0
2026-06-06 23:45:00,2026-06-06,95,ERI50,TER,36.84
2026-06-06 23:45:00,2026-06-06,95,ERI51,TER,42.22
2026-06-06 23:45:00,2026-06-06,95,ERI52,TER,42.23
2026-06-06 23:45:00,2026-06-06,95,GCH01,TER,0.0
2026-06-06 23:45:00,2026-06-06,95,GCH02,TER,0.0
2026-06-06 23:45:00,2026-06-06,95,GCH04,TER,0.0
2026-06-06 23:45:00,2026-06-06,95,GCH06,TER,0.0
2026-06-06 23:45:00,2026-06-06,95,GCH09,TER,0.0
2026-06-06 23:45:00,2026-06-06,95,GCH10,TER,50.44
2026-06-06 23:45:00,2026-06-06,95,GCH11,TER,0.0
2026-06-06 23:45:00,2026-06-06,95,GCH12,TER,36.58
2026-06-06 23:45:00,2026-06-06,95,MOS,TER,0.0
2026-06-06 23:45:00,2026-06-06,95,SCZ01,TER,0.0
2026-06-06 23:45:00,2026-06-06,95,SCZ02,TER,0.0
2026-06-06 23:45:00,2026-06-06,95,SUR10,TER,29.6
2026-06-06 23:45:00,2026-06-06,95,SUR11,TER,24.64
2026-06-06 23:45:00,2026-06-06,95,SUR12,TER,24.73
2026-06-06 23:45:00,2026-06-06,95,SUR20,TER,0.0
2026-06-06 23:45:00,2026-06-06,95,SUR21,TER,0.0
2026-06-06 23:45:00,2026-06-06,95,SUR22,TER,0.0
2026-06-06 23:45:00,2026-06-06,95,SUR30,TER,36.91
2026-06-06 23:45:00,2026-06-06,95,SUR31,TER,43.24
2026-06-06 23:45:00,2026-06-06,95,SUR32,TER,43.38
2026-06-06 23:45:00,2026-06-06,95,SUR40,TER,34.56
2026-06-06 23:45:00,2026-06-06,95,SUR41,TER,41.03
2026-06-06 23:45:00,2026-06-06,95,SUR42,TER,41.14
2026-06-06 23:45:00,2026-06-06,95,VHE01,TER,0.0
2026-06-06 23:45:00,2026-06-06,95,VHE02,TER,0.0
2026-06-06 23:45:00,2026-06-06,95,VHE03,TER,0.0
2026-06-06 23:45:00,2026-06-06,95,VHE04,TER,0.0
2026-06-06 23:45:00,2026-06-06,95,VHE05,TER,0.0
2026-06-06 23:45:00,2026-06-06,95,VHE06,TER,0.0
2026-06-06 23:45:00,2026-06-06,95,VHE07,TER,0.0
2026-06-06 23:45:00,2026-06-06,95,VHE08,TER,0.0
2026-06-06 23:45:00,2026-06-06,95,WAR05,TER,0.0
2026-06-06 23:45:00,2026-06-06,95,WAR10,TER,27.95
2026-06-06 23:45:00,2026-06-06,95,WAR11,TER,24.74
2026-06-06 23:45:00,2026-06-06,95,WAR12,TER,24.58
2026-06-06 23:45:00,2026-06-06,95,WAR20,TER,35.96
2026-06-06 23:45:00,2026-06-06,95,WAR21,TER,38.69
2026-06-06 23:45:00,2026-06-06,95,WAR22,TER,39.0
2026-06-06 23:45:00,2026-06-06,95,WAR30,TER,36.33
2026-06-06 23:45:00,2026-06-06,95,WAR31,TER,41.96
2026-06-06 23:45:00,2026-06-06,95,WAR32,TER,42.19
2026-06-06 23:45:00,2026-06-06,95,WAR40,TER,0.0
2026-06-06 23:45:00,2026-06-06,95,WAR41,TER,0.0
2026-06-06 23:45:00,2026-06-06,95,WAR42,TER,0.0
2026-06-06 23:45:00,2026-06-06,95,CH ZON,HID,0.0
2026-06-06 23:45:00,2026-06-06,95,CH TIQ,HID,0.0
2026-06-06 23:45:00,2026-06-06,95,CH BOT,HID,0.89
2026-06-06 23:45:00,2026-06-06,95,CH CUT,HID,6.8
2026-06-06 23:45:00,2026-06-06,95,CH SRO BA,HID,1.67
2026-06-06 23:45:00,2026-06-06,95,CH SRO AC,HID,3.49
2026-06-06 23:45:00,2026-06-06,95,CH SAI,HID,5.0
2026-06-06 23:45:00,2026-06-06,95,CH CHU,HID,7.99
2026-06-06 23:45:00,2026-06-06,95,CH HAR,HID,0.0
2026-06-06 23:45:00,2026-06-06,95,CH CAH,HID,9.0
2026-06-06 23:45:00,2026-06-06,95,CH HUA,HID,12.99
2026-06-06 23:45:00,2026-06-06,95,CH CHJ2,HID,0.0
2026-06-06 23:45:00,2026-06-06,95,CH YAN,HID,0.0
2026-06-06 23:45:00,2026-06-06,95,CH COR,HID,39.69
2026-06-06 23:45:00,2026-06-06,95,CH SIS,HID,54.57
2026-06-06 23:45:00,2026-06-06,95,CH SJS,HID,49.47
2026-06-06 23:45:00,2026-06-06,95,CH SJE,HID,60.34
2026-06-06 23:45:00,2026-06-06,95,CH MIS,HID,11.0
2026-06-06 23:45:00,2026-06-06,95,CH MIG,HID,0.0
2026-06-06 23:45:00,2026-06-06,95,CH ANG,HID,2.89
2026-06-06 23:45:00,2026-06-06,95,CH CHO,HID,3.54
2026-06-06 23:45:00,2026-06-06,95,CH CRB,HID,3.6
2026-06-06 23:45:00,2026-06-06,95,CH KIL,HID,0.0
2026-06-06 23:45:00,2026-06-06,95,CH LAN,HID,0.0
2026-06-06 23:45:00,2026-06-06,95,CH PUN,HID,0.0
2026-06-06 23:45:00,2026-06-06,95,CH KAN,HID,0.0
2026-06-06 23:45:00,2026-06-06,95,CH SJA,HID,0.0
2026-06-06 23:45:00,2026-06-06,95,AGU01,BIO,0.0
2026-06-06 23:45:00,2026-06-06,95,AGU02,BIO,0.0
2026-06-06 23:45:00,2026-06-06,95,GBE01,BIO,6.4
2026-06-06 23:45:00,2026-06-06,95,IAG01,BIO,0.0
2026-06-06 23:45:00,2026-06-06,95,UNA01,BIO,0.0
2026-06-06 23:45:00,2026-06-06,95,CSF ORU,INT,-0.01
2026-06-06 23:45:00,2026-06-06,95,CSF UYU,INT,-0.19
2026-06-06 23:45:00,2026-06-06,95,CSF YUN,INT,0.0
2026-06-06 23:45:00,2026-06-06,95,CE EDO,INT,28.07
2026-06-06 23:45:00,2026-06-06,95,CE QOL,INT,1.57
2026-06-06 23:45:00,2026-06-06,95,CE SJU,INT,4.84
2026-06-06 23:45:00,2026-06-06,95,CE WAR,INT,1.23
